filename,num_sections,section_names,sections_json,error
Midnight Coffee Cup.mp3,10,Chorus(A) 0.0-21.9s | Chorus(A) 21.9-119.1s | Chorus(A) 119.1-136.5s | Bridge(B) 136.5-149.3s | Bridge(C) 149.3-154.0s | Chorus(A) 154.0-200.4s | Verse(D) 200.4-202.5s | Verse(E) 202.5-205.1s | Chorus(A) 205.1-230.2s | Outro(D) 230.2-237.2s,"[{""start"": 0.0, ""end"": 21.92, ""duration"": 21.92, ""letter"": ""A"", ""name"": ""Chorus""}, {""start"": 21.92, ""end"": 119.07, ""duration"": 97.15, ""letter"": ""A"", ""name"": ""Chorus""}, {""start"": 119.07, ""end"": 136.53, ""duration"": 17.46, ""letter"": ""A"", ""name"": ""Chorus""}, {""start"": 136.53, ""end"": 149.35, ""duration"": 12.82, ""letter"": ""B"", ""name"": ""Bridge""}, {""start"": 149.35, ""end"": 153.99, ""duration"": 4.64, ""letter"": ""C"", ""name"": ""Bridge""}, {""start"": 153.99, ""end"": 200.43, ""duration"": 46.44, ""letter"": ""A"", ""name"": ""Chorus""}, {""start"": 200.43, ""end"": 202.48, ""duration"": 2.04, ""letter"": ""D"", ""name"": ""Verse""}, {""start"": 202.48, ""end"": 205.08, ""duration"": 2.6, ""letter"": ""E"", ""name"": ""Verse""}, {""start"": 205.08, ""end"": 230.16, ""duration"": 25.08, ""letter"": ""A"", ""name"": ""Chorus""}, {""start"": 230.16, ""end"": 237.22, ""duration"": 7.06, ""letter"": ""D"", ""name"": ""Outro""}]",
Midnight Coffee Cup_job3_track2.mp3,10,Chorus(A) 0.0-19.5s | Chorus(A) 19.5-69.1s | Bridge(B) 69.1-72.1s | Chorus(A) 72.1-179.6s | Bridge(C) 179.6-181.5s | Chorus(A) 181.5-211.9s | Bridge(D) 211.9-216.8s | Chorus(A) 216.8-240.7s | Verse(E) 240.7-243.2s | Outro(F) 243.2-251.9s,"[{""start"": 0.0, ""end"": 19.5, ""duration"": 19.5, ""letter"": ""A"", ""name"": ""Chorus""}, {""start"": 19.5, ""end"": 69.1, ""duration"": 49.6, ""letter"": ""A"", ""name"": ""Chorus""}, {""start"": 69.1, ""end"": 72.07, ""duration"": 2.97, ""letter"": ""B"", ""name"": ""Bridge""}, {""start"": 72.07, ""end"": 179.63, ""duration"": 107.55, ""letter"": ""A"", ""name"": ""Chorus""}, {""start"": 179.63, ""end"": 181.49, ""duration"": 1.86, ""letter"": ""C"", ""name"": ""Bridge""}, {""start"": 181.49, ""end"": 211.95, ""duration"": 30.46, ""letter"": ""A"", ""name"": ""Chorus""}, {""start"": 211.95, ""end"": 216.78, ""duration"": 4.83, ""letter"": ""D"", ""name"": ""Bridge""}, {""start"": 216.78, ""end"": 240.74, ""duration"": 23.96, ""letter"": ""A"", ""name"": ""Chorus""}, {""start"": 240.74, ""end"": 243.16, ""duration"": 2.41, ""letter"": ""E"", ""name"": ""Verse""}, {""start"": 243.16, ""end"": 251.89, ""duration"": 8.73, ""letter"": ""F"", ""name"": ""Outro""}]",
Midnight Coffee Glow.mp3,10,Chorus(A) 0.0-8.5s | Verse(B) 8.5-10.6s | Chorus(A) 10.6-54.6s | Verse(B) 54.6-56.7s | Chorus(A) 56.7-83.0s | Verse(C) 83.0-84.9s | Chorus(A) 84.9-126.5s | Verse(C) 126.5-128.7s | Chorus(A) 128.7-176.3s | Outro(D) 176.3-186.9s,"[{""start"": 0.0, ""end"": 8.54, ""duration"": 8.54, ""letter"": ""A"", ""name"": ""Chorus""}, {""start"": 8.54, ""end"": 10.59, ""duration"": 2.04, ""letter"": ""B"", ""name"": ""Verse""}, {""start"": 10.59, ""end"": 54.61, ""duration"": 44.03, ""letter"": ""A"", ""name"": ""Chorus""}, {""start"": 54.61, ""end"": 56.66, ""duration"": 2.04, ""letter"": ""B"", ""name"": ""Verse""}, {""start"": 56.66, ""end"": 83.03, ""duration"": 26.38, ""letter"": ""A"", ""name"": ""Chorus""}, {""start"": 83.03, ""end"": 84.89, ""duration"": 1.86, ""letter"": ""C"", ""name"": ""Verse""}, {""start"": 84.89, ""end"": 126.5, ""duration"": 41.61, ""letter"": ""A"", ""name"": ""Chorus""}, {""start"": 126.5, ""end"": 128.73, ""duration"": 2.23, ""letter"": ""C"", ""name"": ""Verse""}, {""start"": 128.73, ""end"": 176.29, ""duration"": 47.55, ""letter"": ""A"", ""name"": ""Chorus""}, {""start"": 176.29, ""end"": 186.87, ""duration"": 10.59, ""letter"": ""D"", ""name"": ""Outro""}]",
Midnight Coffee Glow_job10_track2.mp3,10,Chorus(A) 0.0-20.1s | Verse(B) 20.1-22.7s | Chorus(A) 22.7-43.6s | Chorus(A) 43.6-68.5s | Chorus(A) 68.5-79.7s | Bridge(C) 79.7-82.3s | Chorus(A) 82.3-114.4s | Chorus(A) 114.4-156.4s | Verse(D) 156.4-159.4s | Outro(E) 159.4-164.6s,"[{""start"": 0.0, ""end"": 20.06, ""duration"": 20.06, ""letter"": ""A"", ""name"": ""Chorus""}, {""start"": 20.06, ""end"": 22.66, ""duration"": 2.6, ""letter"": ""B"", ""name"": ""Verse""}, {""start"": 22.66, ""end"": 43.65, ""duration"": 20.99, ""letter"": ""A"", ""name"": ""Chorus""}, {""start"": 43.65, ""end"": 68.55, ""duration"": 24.89, ""letter"": ""A"", ""name"": ""Chorus""}, {""start"": 68.55, ""end"": 79.69, ""duration"": 11.15, ""letter"": ""A"", ""name"": ""Chorus""}, {""start"": 79.69, ""end"": 82.29, ""duration"": 2.6, ""letter"": ""C"", ""name"": ""Bridge""}, {""start"": 82.29, ""end"": 114.43, ""duration"": 32.14, ""letter"": ""A"", ""name"": ""Chorus""}, {""start"": 114.43, ""end"": 156.41, ""duration"": 41.98, ""letter"": ""A"", ""name"": ""Chorus""}, {""start"": 156.41, ""end"": 159.38, ""duration"": 2.97, ""letter"": ""D"", ""name"": ""Verse""}, {""start"": 159.38, ""end"": 164.58, ""duration"": 5.2, ""letter"": ""E"", ""name"": ""Outro""}]",
Midnight Coffee Glow_job37_track1.mp3,10,Chorus(A) 0.0-11.2s | Verse(B) 11.2-13.8s | Chorus(A) 13.8-39.8s | Chorus(A) 39.8-72.8s | Bridge(C) 72.8-74.5s | Chorus(A) 74.5-102.2s | Bridge(D) 102.2-107.5s | Chorus(A) 107.5-133.2s | Verse(E) 133.2-136.7s | Outro(F) 136.7-139.7s,"[{""start"": 0.0, ""end"": 11.15, ""duration"": 11.15, ""letter"": ""A"", ""name"": ""Chorus""}, {""start"": 11.15, ""end"": 13.75, ""duration"": 2.6, ""letter"": ""B"", ""name"": ""Verse""}, {""start"": 13.75, ""end"": 39.75, ""duration"": 26.01, ""letter"": ""A"", ""name"": ""Chorus""}, {""start"": 39.75, ""end"": 72.82, ""duration"": 33.07, ""letter"": ""A"", ""name"": ""Chorus""}, {""start"": 72.82, ""end"": 74.49, ""duration"": 1.67, ""letter"": ""C"", ""name"": ""Bridge""}, {""start"": 74.49, ""end"": 102.17, ""duration"": 27.68, ""letter"": ""A"", ""name"": ""Chorus""}, {""start"": 102.17, ""end"": 107.55, ""duration"": 5.39, ""letter"": ""D"", ""name"": ""Bridge""}, {""start"": 107.55, ""end"": 133.19, ""duration"": 25.63, ""letter"": ""A"", ""name"": ""Chorus""}, {""start"": 133.19, ""end"": 136.72, ""duration"": 3.53, ""letter"": ""E"", ""name"": ""Verse""}, {""start"": 136.72, ""end"": 139.69, ""duration"": 2.97, ""letter"": ""F"", ""name"": ""Outro""}]",
Midnight Coffee Glow_job37_track2.mp3,10,Chorus(A) 0.0-50.3s | Verse(B) 50.3-53.3s | Chorus(A) 53.3-65.4s | Bridge(C) 65.4-72.8s | Chorus(A) 72.8-92.0s | Chorus(A) 92.0-101.8s | Chorus(A) 101.8-119.1s | Verse(B) 119.1-122.0s | Chorus(A) 122.0-141.4s | Chorus(A) 141.4-179.8s,"[{""start"": 0.0, ""end"": 50.34, ""duration"": 50.34, ""letter"": ""A"", ""name"": ""Chorus""}, {""start"": 50.34, ""end"": 53.31, ""duration"": 2.97, ""letter"": ""B"", ""name"": ""Verse""}, {""start"": 53.31, ""end"": 65.39, ""duration"": 12.07, ""letter"": ""A"", ""name"": ""Chorus""}, {""start"": 65.39, ""end"": 72.82, ""duration"": 7.43, ""letter"": ""C"", ""name"": ""Bridge""}, {""start"": 72.82, ""end"": 91.95, ""duration"": 19.13, ""letter"": ""A"", ""name"": ""Chorus""}, {""start"": 91.95, ""end"": 101.8, ""duration"": 9.85, ""letter"": ""A"", ""name"": ""Chorus""}, {""start"": 101.8, ""end"": 119.07, ""duration"": 17.28, ""letter"": ""A"", ""name"": ""Chorus""}, {""start"": 119.07, ""end"": 122.04, ""duration"": 2.97, ""letter"": ""B"", ""name"": ""Verse""}, {""start"": 122.04, ""end"": 141.36, ""duration"": 19.32, ""letter"": ""A"", ""name"": ""Chorus""}, {""start"": 141.36, ""end"": 179.82, ""duration"": 38.45, ""letter"": ""A"", ""name"": ""Chorus""}]",
Midnight Coffee Steam.mp3,10,Chorus(A) 0.0-74.3s | Bridge(B) 74.3-75.6s | Chorus(A) 75.6-162.9s | Bridge(C) 162.9-165.9s | Chorus(A) 165.9-196.0s | Verse(D) 196.0-197.5s | Chorus(A) 197.5-216.2s | Verse(E) 216.2-217.9s | Chorus(A) 217.9-222.7s | Outro(F) 222.7-229.8s,"[{""start"": 0.0, ""end"": 74.3, ""duration"": 74.3, ""letter"": ""A"", ""name"": ""Chorus""}, {""start"": 74.3, ""end"": 75.6, ""duration"": 1.3, ""letter"": ""B"", ""name"": ""Bridge""}, {""start"": 75.6, ""end"": 162.91, ""duration"": 87.31, ""letter"": ""A"", ""name"": ""Chorus""}, {""start"": 162.91, ""end"": 165.88, ""duration"": 2.97, ""letter"": ""C"", ""name"": ""Bridge""}, {""start"": 165.88, ""end"": 195.98, ""duration"": 30.09, ""letter"": ""A"", ""name"": ""Chorus""}, {""start"": 195.98, ""end"": 197.46, ""duration"": 1.49, ""letter"": ""D"", ""name"": ""Verse""}, {""start"": 197.46, ""end"": 216.22, ""duration"": 18.76, ""letter"": ""A"", ""name"": ""Chorus""}, {""start"": 216.22, ""end"": 217.9, ""duration"": 1.67, ""letter"": ""E"", ""name"": ""Verse""}, {""start"": 217.9, ""end"": 222.73, ""duration"": 4.83, ""letter"": ""A"", ""name"": ""Chorus""}, {""start"": 222.73, ""end"": 229.78, ""duration"": 7.06, ""letter"": ""F"", ""name"": ""Outro""}]",
Midnight Coffee Steam_job32_track2.mp3,10,Chorus(A) 0.0-13.6s | Chorus(A) 13.6-72.3s | Chorus(A) 72.3-116.7s | Bridge(B) 116.7-120.7s | Chorus(A) 120.7-122.6s | Bridge(C) 122.6-123.9s | Chorus(A) 123.9-131.2s | Chorus(A) 131.2-154.0s | Chorus(A) 154.0-180.0s | Outro(D) 180.0-184.8s,"[{""start"": 0.0, ""end"": 13.56, ""duration"": 13.56, ""letter"": ""A"", ""name"": ""Chorus""}, {""start"": 13.56, ""end"": 72.26, ""duration"": 58.7, ""letter"": ""A"", ""name"": ""Chorus""}, {""start"": 72.26, ""end"": 116.66, ""duration"": 44.4, ""letter"": ""A"", ""name"": ""Chorus""}, {""start"": 116.66, ""end"": 120.74, ""duration"": 4.09, ""letter"": ""B"", ""name"": ""Bridge""}, {""start"": 120.74, ""end"": 122.6, ""duration"": 1.86, ""letter"": ""A"", ""name"": ""Chorus""}, {""start"": 122.6, ""end"": 123.9, ""duration"": 1.3, ""letter"": ""C"", ""name"": ""Bridge""}, {""start"": 123.9, ""end"": 131.15, ""duration"": 7.24, ""letter"": ""A"", ""name"": ""Chorus""}, {""start"": 131.15, ""end"": 153.99, ""duration"": 22.85, ""letter"": ""A"", ""name"": ""Chorus""}, {""start"": 153.99, ""end"": 180.0, ""duration"": 26.01, ""letter"": ""A"", ""name"": ""Chorus""}, {""start"": 180.0, ""end"": 184.83, ""duration"": 4.83, ""letter"": ""D"", ""name"": ""Outro""}]",
Midnight Porcelain.mp3,10,Chorus(A) 0.0-1.1s | Verse(B) 1.1-17.5s | Chorus(A) 17.5-41.4s | Verse(B) 41.4-79.5s | Chorus(A) 79.5-124.1s | Verse(B) 124.1-143.0s | Chorus(A) 143.0-189.1s | Verse(B) 189.1-209.9s | Verse(C) 209.9-230.9s | Outro(D) 230.9-232.4s,"[{""start"": 0.0, ""end"": 1.11, ""duration"": 1.11, ""letter"": ""A"", ""name"": ""Chorus""}, {""start"": 1.11, ""end"": 17.46, ""duration"": 16.35, ""letter"": ""B"", ""name"": ""Verse""}, {""start"": 17.46, ""end"": 41.42, ""duration"": 23.96, ""letter"": ""A"", ""name"": ""Chorus""}, {""start"": 41.42, ""end"": 79.51, ""duration"": 38.08, ""letter"": ""B"", ""name"": ""Verse""}, {""start"": 79.51, ""end"": 124.09, ""duration"": 44.58, ""letter"": ""A"", ""name"": ""Chorus""}, {""start"": 124.09, ""end"": 143.03, ""duration"": 18.95, ""letter"": ""B"", ""name"": ""Verse""}, {""start"": 143.03, ""end"": 189.1, ""duration"": 46.07, ""letter"": ""A"", ""name"": ""Chorus""}, {""start"": 189.1, ""end"": 209.91, ""duration"": 20.81, ""letter"": ""B"", ""name"": ""Verse""}, {""start"": 209.91, ""end"": 230.9, ""duration"": 20.99, ""letter"": ""C"", ""name"": ""Verse""}, {""start"": 230.9, ""end"": 232.39, ""duration"": 1.49, ""letter"": ""D"", ""name"": ""Outro""}]",
Midnight Porcelain_job24_track2.mp3,10,Chorus(A) 0.0-26.4s | Chorus(A) 26.4-47.2s | Chorus(A) 47.2-68.5s | Chorus(A) 68.5-87.9s | Chorus(A) 87.9-146.9s | Bridge(B) 146.9-155.1s | Chorus(A) 155.1-169.2s | Chorus(A) 169.2-177.4s | Chorus(A) 177.4-202.7s | Outro(C) 202.7-209.0s,"[{""start"": 0.0, ""end"": 26.38, ""duration"": 26.38, ""letter"": ""A"", ""name"": ""Chorus""}, {""start"": 26.38, ""end"": 47.18, ""duration"": 20.81, ""letter"": ""A"", ""name"": ""Chorus""}, {""start"": 47.18, ""end"": 68.55, ""duration"": 21.36, ""letter"": ""A"", ""name"": ""Chorus""}, {""start"": 68.55, ""end"": 87.86, ""duration"": 19.32, ""letter"": ""A"", ""name"": ""Chorus""}, {""start"": 87.86, ""end"": 146.94, ""duration"": 59.07, ""letter"": ""A"", ""name"": ""Chorus""}, {""start"": 146.94, ""end"": 155.11, ""duration"": 8.17, ""letter"": ""B"", ""name"": ""Bridge""}, {""start"": 155.11, ""end"": 169.23, ""duration"": 14.12, ""letter"": ""A"", ""name"": ""Chorus""}, {""start"": 169.23, ""end"": 177.4, ""duration"": 8.17, ""letter"": ""A"", ""name"": ""Chorus""}, {""start"": 177.4, ""end"": 202.66, ""duration"": 25.26, ""letter"": ""A"", ""name"": ""Chorus""}, {""start"": 202.66, ""end"": 208.98, ""duration"": 6.32, ""letter"": ""C"", ""name"": ""Outro""}]",
Midnight Porchlight.mp3,10,Chorus(A) 0.0-21.9s | Chorus(A) 21.9-67.4s | Chorus(A) 67.4-93.8s | Chorus(A) 93.8-134.5s | Chorus(A) 134.5-185.2s | Chorus(A) 185.2-195.1s | Bridge(B) 195.1-207.7s | Chorus(A) 207.7-217.0s | Chorus(A) 217.0-252.4s | Outro(C) 252.4-257.6s,"[{""start"": 0.0, ""end"": 21.92, ""duration"": 21.92, ""letter"": ""A"", ""name"": ""Chorus""}, {""start"": 21.92, ""end"": 67.43, ""duration"": 45.51, ""letter"": ""A"", ""name"": ""Chorus""}, {""start"": 67.43, ""end"": 93.81, ""duration"": 26.38, ""letter"": ""A"", ""name"": ""Chorus""}, {""start"": 93.81, ""end"": 134.49, ""duration"": 40.68, ""letter"": ""A"", ""name"": ""Chorus""}, {""start"": 134.49, ""end"": 185.2, ""duration"": 50.71, ""letter"": ""A"", ""name"": ""Chorus""}, {""start"": 185.2, ""end"": 195.05, ""duration"": 9.85, ""letter"": ""A"", ""name"": ""Chorus""}, {""start"": 195.05, ""end"": 207.68, ""duration"": 12.63, ""letter"": ""B"", ""name"": ""Bridge""}, {""start"": 207.68, ""end"": 216.97, ""duration"": 9.29, ""letter"": ""A"", ""name"": ""Chorus""}, {""start"": 216.97, ""end"": 252.45, ""duration"": 35.48, ""letter"": ""A"", ""name"": ""Chorus""}, {""start"": 252.45, ""end"": 257.65, ""duration"": 5.2, ""letter"": ""C"", ""name"": ""Outro""}]",
Midnight Porchlight_job13_track2.mp3,10,Chorus(A) 0.0-5.4s | Verse(B) 5.4-6.9s | Chorus(A) 6.9-86.8s | Bridge(C) 86.8-87.9s | Chorus(A) 87.9-177.2s | Chorus(A) 177.2-220.5s | Bridge(D) 220.5-221.4s | Chorus(A) 221.4-260.2s | Verse(E) 260.2-285.9s | Outro(E) 285.9-293.3s,"[{""start"": 0.0, ""end"": 5.39, ""duration"": 5.39, ""letter"": ""A"", ""name"": ""Chorus""}, {""start"": 5.39, ""end"": 6.87, ""duration"": 1.49, ""letter"": ""B"", ""name"": ""Verse""}, {""start"": 6.87, ""end"": 86.75, ""duration"": 79.88, ""letter"": ""A"", ""name"": ""Chorus""}, {""start"": 86.75, ""end"": 87.86, ""duration"": 1.11, ""letter"": ""C"", ""name"": ""Bridge""}, {""start"": 87.86, ""end"": 177.21, ""duration"": 89.35, ""letter"": ""A"", ""name"": ""Chorus""}, {""start"": 177.21, ""end"": 220.5, ""duration"": 43.28, ""letter"": ""A"", ""name"": ""Chorus""}, {""start"": 220.5, ""end"": 221.43, ""duration"": 0.93, ""letter"": ""D"", ""name"": ""Bridge""}, {""start"": 221.43, ""end"": 260.25, ""duration"": 38.82, ""letter"": ""A"", ""name"": ""Chorus""}, {""start"": 260.25, ""end"": 285.88, ""duration"": 25.63, ""letter"": ""E"", ""name"": ""Verse""}, {""start"": 285.88, ""end"": 293.31, ""duration"": 7.43, ""letter"": ""E"", ""name"": ""Outro""}]",
Midnight Quiet City Slow.mp3,10,Chorus(A) 0.0-109.6s | Bridge(B) 109.6-113.5s | Chorus(A) 113.5-119.8s | Bridge(C) 119.8-123.3s | Chorus(A) 123.3-162.7s | Chorus(A) 162.7-182.0s | Chorus(A) 182.0-219.6s | Bridge(D) 219.6-223.7s | Chorus(A) 223.7-278.3s | Outro(E) 278.3-286.3s,"[{""start"": 0.0, ""end"": 109.6, ""duration"": 109.6, ""letter"": ""A"", ""name"": ""Chorus""}, {""start"": 109.6, ""end"": 113.5, ""duration"": 3.9, ""letter"": ""B"", ""name"": ""Bridge""}, {""start"": 113.5, ""end"": 119.81, ""duration"": 6.32, ""letter"": ""A"", ""name"": ""Chorus""}, {""start"": 119.81, ""end"": 123.34, ""duration"": 3.53, ""letter"": ""C"", ""name"": ""Bridge""}, {""start"": 123.34, ""end"": 162.73, ""duration"": 39.38, ""letter"": ""A"", ""name"": ""Chorus""}, {""start"": 162.73, ""end"": 182.04, ""duration"": 19.32, ""letter"": ""A"", ""name"": ""Chorus""}, {""start"": 182.04, ""end"": 219.57, ""duration"": 37.52, ""letter"": ""A"", ""name"": ""Chorus""}, {""start"": 219.57, ""end"": 223.65, ""duration"": 4.09, ""letter"": ""D"", ""name"": ""Bridge""}, {""start"": 223.65, ""end"": 278.27, ""duration"": 54.61, ""letter"": ""A"", ""name"": ""Chorus""}, {""start"": 278.27, ""end"": 286.26, ""duration"": 7.99, ""letter"": ""E"", ""name"": ""Outro""}]",
Midnight Quiet City Slow_job36_track2.mp3,10,Chorus(A) 0.0-15.2s | Chorus(A) 15.2-63.9s | Bridge(B) 63.9-69.7s | Chorus(A) 69.7-89.7s | Chorus(A) 89.7-133.9s | Bridge(C) 133.9-135.8s | Chorus(A) 135.8-141.0s | Bridge(D) 141.0-144.9s | Chorus(A) 144.9-174.4s | Outro(E) 174.4-176.7s,"[{""start"": 0.0, ""end"": 15.23, ""duration"": 15.23, ""letter"": ""A"", ""name"": ""Chorus""}, {""start"": 15.23, ""end"": 63.9, ""duration"": 48.67, ""letter"": ""A"", ""name"": ""Chorus""}, {""start"": 63.9, ""end"": 69.66, ""duration"": 5.76, ""letter"": ""B"", ""name"": ""Bridge""}, {""start"": 69.66, ""end"": 89.72, ""duration"": 20.06, ""letter"": ""A"", ""name"": ""Chorus""}, {""start"": 89.72, ""end"": 133.93, ""duration"": 44.21, ""letter"": ""A"", ""name"": ""Chorus""}, {""start"": 133.93, ""end"": 135.79, ""duration"": 1.86, ""letter"": ""C"", ""name"": ""Bridge""}, {""start"": 135.79, ""end"": 140.99, ""duration"": 5.2, ""letter"": ""A"", ""name"": ""Chorus""}, {""start"": 140.99, ""end"": 144.89, ""duration"": 3.9, ""letter"": ""D"", ""name"": ""Bridge""}, {""start"": 144.89, ""end"": 174.43, ""duration"": 29.54, ""letter"": ""A"", ""name"": ""Chorus""}, {""start"": 174.43, ""end"": 176.66, ""duration"": 2.23, ""letter"": ""E"", ""name"": ""Outro""}]",
Midnight Sidewalk.mp3,10,Intro(A) 0.0-2.0s | Verse(B) 2.0-5.9s | Verse(C) 5.9-19.7s | Chorus(D) 19.7-109.0s | Bridge(E) 109.0-112.6s | Chorus(D) 112.6-173.7s | Bridge(F) 173.7-175.7s | Chorus(D) 175.7-219.4s | Verse(G) 219.4-222.9s | Outro(C) 222.9-232.9s,"[{""start"": 0.0, ""end"": 2.04, ""duration"": 2.04, ""letter"": ""A"", ""name"": ""Intro""}, {""start"": 2.04, ""end"": 5.94, ""duration"": 3.9, ""letter"": ""B"", ""name"": ""Verse""}, {""start"": 5.94, ""end"": 19.69, ""duration"": 13.75, ""letter"": ""C"", ""name"": ""Verse""}, {""start"": 19.69, ""end"": 109.04, ""duration"": 89.35, ""letter"": ""D"", ""name"": ""Chorus""}, {""start"": 109.04, ""end"": 112.57, ""duration"": 3.53, ""letter"": ""E"", ""name"": ""Bridge""}, {""start"": 112.57, ""end"": 173.69, ""duration"": 61.11, ""letter"": ""D"", ""name"": ""Chorus""}, {""start"": 173.69, ""end"": 175.73, ""duration"": 2.04, ""letter"": ""F"", ""name"": ""Bridge""}, {""start"": 175.73, ""end"": 219.38, ""duration"": 43.65, ""letter"": ""D"", ""name"": ""Chorus""}, {""start"": 219.38, ""end"": 222.91, ""duration"": 3.53, ""letter"": ""G"", ""name"": ""Verse""}, {""start"": 222.91, ""end"": 232.94, ""duration"": 10.03, ""letter"": ""C"", ""name"": ""Outro""}]",
Midnight Sidewalk_job42_track2.mp3,10,Chorus(A) 0.0-53.9s | Chorus(A) 53.9-128.6s | Chorus(A) 128.6-139.9s | Bridge(B) 139.9-143.0s | Chorus(A) 143.0-189.3s | Bridge(C) 189.3-196.3s | Chorus(A) 196.3-209.9s | Bridge(D) 209.9-234.8s | Chorus(A) 234.8-253.0s | Chorus(A) 253.0-259.9s,"[{""start"": 0.0, ""end"": 53.87, ""duration"": 53.87, ""letter"": ""A"", ""name"": ""Chorus""}, {""start"": 53.87, ""end"": 128.55, ""duration"": 74.68, ""letter"": ""A"", ""name"": ""Chorus""}, {""start"": 128.55, ""end"": 139.88, ""duration"": 11.33, ""letter"": ""A"", ""name"": ""Chorus""}, {""start"": 139.88, ""end"": 143.03, ""duration"": 3.16, ""letter"": ""B"", ""name"": ""Bridge""}, {""start"": 143.03, ""end"": 189.29, ""duration"": 46.25, ""letter"": ""A"", ""name"": ""Chorus""}, {""start"": 189.29, ""end"": 196.35, ""duration"": 7.06, ""letter"": ""C"", ""name"": ""Bridge""}, {""start"": 196.35, ""end"": 209.91, ""duration"": 13.56, ""letter"": ""A"", ""name"": ""Chorus""}, {""start"": 209.91, ""end"": 234.8, ""duration"": 24.89, ""letter"": ""D"", ""name"": ""Bridge""}, {""start"": 234.8, ""end"": 253.0, ""duration"": 18.2, ""letter"": ""A"", ""name"": ""Chorus""}, {""start"": 253.0, ""end"": 259.88, ""duration"": 6.87, ""letter"": ""A"", ""name"": ""Chorus""}]",
Midnight Window Glow.mp3,10,Chorus(A) 0.0-24.7s | Chorus(A) 24.7-68.7s | Verse(B) 68.7-72.3s | Chorus(A) 72.3-79.1s | Bridge(C) 79.1-84.2s | Chorus(A) 84.2-122.0s | Verse(B) 122.0-152.5s | Chorus(A) 152.5-178.0s | Chorus(A) 178.0-205.1s | Outro(D) 205.1-209.3s,"[{""start"": 0.0, ""end"": 24.71, ""duration"": 24.71, ""letter"": ""A"", ""name"": ""Chorus""}, {""start"": 24.71, ""end"": 68.73, ""duration"": 44.03, ""letter"": ""A"", ""name"": ""Chorus""}, {""start"": 68.73, ""end"": 72.26, ""duration"": 3.53, ""letter"": ""B"", ""name"": ""Verse""}, {""start"": 72.26, ""end"": 79.13, ""duration"": 6.87, ""letter"": ""A"", ""name"": ""Chorus""}, {""start"": 79.13, ""end"": 84.15, ""duration"": 5.02, ""letter"": ""C"", ""name"": ""Bridge""}, {""start"": 84.15, ""end"": 122.04, ""duration"": 37.89, ""letter"": ""A"", ""name"": ""Chorus""}, {""start"": 122.04, ""end"": 152.51, ""duration"": 30.46, ""letter"": ""B"", ""name"": ""Verse""}, {""start"": 152.51, ""end"": 177.96, ""duration"": 25.45, ""letter"": ""A"", ""name"": ""Chorus""}, {""start"": 177.96, ""end"": 205.08, ""duration"": 27.12, ""letter"": ""A"", ""name"": ""Chorus""}, {""start"": 205.08, ""end"": 209.35, ""duration"": 4.27, ""letter"": ""D"", ""name"": ""Outro""}]",
Midnight Window Glow_job12_track1.mp3,10,Chorus(A) 0.0-33.1s | Chorus(A) 33.1-52.4s | Chorus(A) 52.4-56.5s | Chorus(A) 56.5-104.4s | Chorus(A) 104.4-110.7s | Chorus(A) 110.7-151.8s | Chorus(A) 151.8-157.9s | Bridge(B) 157.9-159.0s | Chorus(A) 159.0-191.9s | Outro(C) 191.9-198.6s,"[{""start"": 0.0, ""end"": 33.07, ""duration"": 33.07, ""letter"": ""A"", ""name"": ""Chorus""}, {""start"": 33.07, ""end"": 52.38, ""duration"": 19.32, ""letter"": ""A"", ""name"": ""Chorus""}, {""start"": 52.38, ""end"": 56.47, ""duration"": 4.09, ""letter"": ""A"", ""name"": ""Chorus""}, {""start"": 56.47, ""end"": 104.4, ""duration"": 47.93, ""letter"": ""A"", ""name"": ""Chorus""}, {""start"": 104.4, ""end"": 110.71, ""duration"": 6.32, ""letter"": ""A"", ""name"": ""Chorus""}, {""start"": 110.71, ""end"": 151.77, ""duration"": 41.05, ""letter"": ""A"", ""name"": ""Chorus""}, {""start"": 151.77, ""end"": 157.9, ""duration"": 6.13, ""letter"": ""A"", ""name"": ""Chorus""}, {""start"": 157.9, ""end"": 159.01, ""duration"": 1.11, ""letter"": ""B"", ""name"": ""Bridge""}, {""start"": 159.01, ""end"": 191.89, ""duration"": 32.88, ""letter"": ""A"", ""name"": ""Chorus""}, {""start"": 191.89, ""end"": 198.58, ""duration"": 6.69, ""letter"": ""C"", ""name"": ""Outro""}]",
Midnight Window Glow_job12_track2.mp3,10,Chorus(A) 0.0-24.5s | Chorus(A) 24.5-72.6s | Bridge(B) 72.6-75.0s | Chorus(A) 75.0-112.4s | Chorus(A) 112.4-165.9s | Bridge(C) 165.9-168.9s | Bridge(D) 168.9-171.8s | Chorus(A) 171.8-213.4s | Verse(E) 213.4-219.0s | Outro(F) 219.0-224.8s,"[{""start"": 0.0, ""end"": 24.52, ""duration"": 24.52, ""letter"": ""A"", ""name"": ""Chorus""}, {""start"": 24.52, ""end"": 72.63, ""duration"": 48.11, ""letter"": ""A"", ""name"": ""Chorus""}, {""start"": 72.63, ""end"": 75.05, ""duration"": 2.41, ""letter"": ""B"", ""name"": ""Bridge""}, {""start"": 75.05, ""end"": 112.38, ""duration"": 37.34, ""letter"": ""A"", ""name"": ""Chorus""}, {""start"": 112.38, ""end"": 165.88, ""duration"": 53.5, ""letter"": ""A"", ""name"": ""Chorus""}, {""start"": 165.88, ""end"": 168.86, ""duration"": 2.97, ""letter"": ""C"", ""name"": ""Bridge""}, {""start"": 168.86, ""end"": 171.83, ""duration"": 2.97, ""letter"": ""D"", ""name"": ""Bridge""}, {""start"": 171.83, ""end"": 213.44, ""duration"": 41.61, ""letter"": ""A"", ""name"": ""Chorus""}, {""start"": 213.44, ""end"": 219.01, ""duration"": 5.57, ""letter"": ""E"", ""name"": ""Verse""}, {""start"": 219.01, ""end"": 224.77, ""duration"": 5.76, ""letter"": ""F"", ""name"": ""Outro""}]",
Midnight Window Glow_job14_track1.mp3,10,Chorus(A) 0.0-2.2s | Chorus(A) 2.2-73.2s | Verse(B) 73.2-75.0s | Chorus(A) 75.0-118.9s | Bridge(C) 118.9-120.4s | Verse(B) 120.4-123.5s | Chorus(A) 123.5-147.9s | Bridge(D) 147.9-153.1s | Chorus(A) 153.1-192.6s | Chorus(A) 192.6-214.9s,"[{""start"": 0.0, ""end"": 2.23, ""duration"": 2.23, ""letter"": ""A"", ""name"": ""Chorus""}, {""start"": 2.23, ""end"": 73.19, ""duration"": 70.96, ""letter"": ""A"", ""name"": ""Chorus""}, {""start"": 73.19, ""end"": 75.05, ""duration"": 1.86, ""letter"": ""B"", ""name"": ""Verse""}, {""start"": 75.05, ""end"": 118.89, ""duration"": 43.84, ""letter"": ""A"", ""name"": ""Chorus""}, {""start"": 118.89, ""end"": 120.37, ""duration"": 1.49, ""letter"": ""C"", ""name"": ""Bridge""}, {""start"": 120.37, ""end"": 123.53, ""duration"": 3.16, ""letter"": ""B"", ""name"": ""Verse""}, {""start"": 123.53, ""end"": 147.86, ""duration"": 24.33, ""letter"": ""A"", ""name"": ""Chorus""}, {""start"": 147.86, ""end"": 153.07, ""duration"": 5.2, ""letter"": ""D"", ""name"": ""Bridge""}, {""start"": 153.07, ""end"": 192.63, ""duration"": 39.57, ""letter"": ""A"", ""name"": ""Chorus""}, {""start"": 192.63, ""end"": 214.92, ""duration"": 22.29, ""letter"": ""A"", ""name"": ""Chorus""}]",
Midnight Window Glow_job14_track2.mp3,10,Chorus(A) 0.0-17.8s | Chorus(A) 17.8-33.1s | Chorus(A) 33.1-114.8s | Verse(B) 114.8-121.3s | Chorus(A) 121.3-141.0s | Verse(B) 141.0-146.2s | Chorus(A) 146.2-166.8s | Bridge(C) 166.8-169.0s | Chorus(A) 169.0-198.9s | Outro(D) 198.9-203.8s,"[{""start"": 0.0, ""end"": 17.83, ""duration"": 17.83, ""letter"": ""A"", ""name"": ""Chorus""}, {""start"": 17.83, ""end"": 33.07, ""duration"": 15.23, ""letter"": ""A"", ""name"": ""Chorus""}, {""start"": 33.07, ""end"": 114.8, ""duration"": 81.73, ""letter"": ""A"", ""name"": ""Chorus""}, {""start"": 114.8, ""end"": 121.3, ""duration"": 6.5, ""letter"": ""B"", ""name"": ""Verse""}, {""start"": 121.3, ""end"": 140.99, ""duration"": 19.69, ""letter"": ""A"", ""name"": ""Chorus""}, {""start"": 140.99, ""end"": 146.19, ""duration"": 5.2, ""letter"": ""B"", ""name"": ""Verse""}, {""start"": 146.19, ""end"": 166.81, ""duration"": 20.62, ""letter"": ""A"", ""name"": ""Chorus""}, {""start"": 166.81, ""end"": 169.04, ""duration"": 2.23, ""letter"": ""C"", ""name"": ""Bridge""}, {""start"": 169.04, ""end"": 198.95, ""duration"": 29.91, ""letter"": ""A"", ""name"": ""Chorus""}, {""start"": 198.95, ""end"": 203.78, ""duration"": 4.83, ""letter"": ""D"", ""name"": ""Outro""}]",
Midnight Window Glow_job19_track1.mp3,10,Intro(A) 0.0-24.5s | Chorus(B) 24.5-145.1s | Chorus(B) 145.1-193.9s | Verse(A) 193.9-198.0s | Chorus(B) 198.0-230.3s | Bridge(C) 230.3-231.5s | Chorus(B) 231.5-248.0s | Chorus(B) 248.0-268.8s | Chorus(B) 268.8-275.9s | Outro(D) 275.9-279.9s,"[{""start"": 0.0, ""end"": 24.52, ""duration"": 24.52, ""letter"": ""A"", ""name"": ""Intro""}, {""start"": 24.52, ""end"": 145.08, ""duration"": 120.56, ""letter"": ""B"", ""name"": ""Chorus""}, {""start"": 145.08, ""end"": 193.93, ""duration"": 48.85, ""letter"": ""B"", ""name"": ""Chorus""}, {""start"": 193.93, ""end"": 198.02, ""duration"": 4.09, ""letter"": ""A"", ""name"": ""Verse""}, {""start"": 198.02, ""end"": 230.34, ""duration"": 32.32, ""letter"": ""B"", ""name"": ""Chorus""}, {""start"": 230.34, ""end"": 231.46, ""duration"": 1.11, ""letter"": ""C"", ""name"": ""Bridge""}, {""start"": 231.46, ""end"": 247.99, ""duration"": 16.53, ""letter"": ""B"", ""name"": ""Chorus""}, {""start"": 247.99, ""end"": 268.79, ""duration"": 20.81, ""letter"": ""B"", ""name"": ""Chorus""}, {""start"": 268.79, ""end"": 275.85, ""duration"": 7.06, ""letter"": ""B"", ""name"": ""Chorus""}, {""start"": 275.85, ""end"": 279.94, ""duration"": 4.09, ""letter"": ""D"", ""name"": ""Outro""}]",
Midnight Window Glow_job19_track2.mp3,10,Chorus(A) 0.0-9.1s | Verse(B) 9.1-11.2s | Chorus(A) 11.2-17.1s | Verse(C) 17.1-91.8s | Bridge(D) 91.8-96.8s | Verse(C) 96.8-162.7s | Bridge(E) 162.7-175.0s | Verse(C) 175.0-204.3s | Chorus(A) 204.3-207.9s | Outro(F) 207.9-214.9s,"[{""start"": 0.0, ""end"": 9.1, ""duration"": 9.1, ""letter"": ""A"", ""name"": ""Chorus""}, {""start"": 9.1, ""end"": 11.15, ""duration"": 2.04, ""letter"": ""B"", ""name"": ""Verse""}, {""start"": 11.15, ""end"": 17.09, ""duration"": 5.94, ""letter"": ""A"", ""name"": ""Chorus""}, {""start"": 17.09, ""end"": 91.77, ""duration"": 74.68, ""letter"": ""C"", ""name"": ""Verse""}, {""start"": 91.77, ""end"": 96.78, ""duration"": 5.02, ""letter"": ""D"", ""name"": ""Bridge""}, {""start"": 96.78, ""end"": 162.73, ""duration"": 65.94, ""letter"": ""C"", ""name"": ""Verse""}, {""start"": 162.73, ""end"": 174.99, ""duration"": 12.26, ""letter"": ""E"", ""name"": ""Bridge""}, {""start"": 174.99, ""end"": 204.34, ""duration"": 29.35, ""letter"": ""C"", ""name"": ""Verse""}, {""start"": 204.34, ""end"": 207.87, ""duration"": 3.53, ""letter"": ""A"", ""name"": ""Chorus""}, {""start"": 207.87, ""end"": 214.92, ""duration"": 7.06, ""letter"": ""F"", ""name"": ""Outro""}]",
Midnight Window Glow_job23_track1.mp3,10,Intro(A) 0.0-2.6s | Verse(B) 2.6-4.8s | Chorus(C) 4.8-55.2s | Chorus(C) 55.2-201.4s | Bridge(D) 201.4-207.1s | Chorus(C) 207.1-238.1s | Verse(E) 238.1-242.0s | Verse(F) 242.0-243.9s | Chorus(C) 243.9-260.1s | Outro(G) 260.1-269.4s,"[{""start"": 0.0, ""end"": 2.6, ""duration"": 2.6, ""letter"": ""A"", ""name"": ""Intro""}, {""start"": 2.6, ""end"": 4.83, ""duration"": 2.23, ""letter"": ""B"", ""name"": ""Verse""}, {""start"": 4.83, ""end"": 55.17, ""duration"": 50.34, ""letter"": ""C"", ""name"": ""Chorus""}, {""start"": 55.17, ""end"": 201.36, ""duration"": 146.19, ""letter"": ""C"", ""name"": ""Chorus""}, {""start"": 201.36, ""end"": 207.12, ""duration"": 5.76, ""letter"": ""D"", ""name"": ""Bridge""}, {""start"": 207.12, ""end"": 238.14, ""duration"": 31.02, ""letter"": ""C"", ""name"": ""Chorus""}, {""start"": 238.14, ""end"": 242.04, ""duration"": 3.9, ""letter"": ""E"", ""name"": ""Verse""}, {""start"": 242.04, ""end"": 243.9, ""duration"": 1.86, ""letter"": ""F"", ""name"": ""Verse""}, {""start"": 243.9, ""end"": 260.06, ""duration"": 16.16, ""letter"": ""C"", ""name"": ""Chorus""}, {""start"": 260.06, ""end"": 269.35, ""duration"": 9.29, ""letter"": ""G"", ""name"": ""Outro""}]",
Midnight Window Glow_job23_track2.mp3,10,Intro(A) 0.0-5.0s | Verse(B) 5.0-22.3s | Chorus(C) 22.3-89.0s | Bridge(D) 89.0-91.4s | Chorus(C) 91.4-139.5s | Chorus(C) 139.5-165.3s | Bridge(E) 165.3-170.3s | Verse(B) 170.3-174.6s | Chorus(C) 174.6-222.9s | Outro(F) 222.9-229.8s,"[{""start"": 0.0, ""end"": 5.02, ""duration"": 5.02, ""letter"": ""A"", ""name"": ""Intro""}, {""start"": 5.02, ""end"": 22.29, ""duration"": 17.28, ""letter"": ""B"", ""name"": ""Verse""}, {""start"": 22.29, ""end"": 88.98, ""duration"": 66.69, ""letter"": ""C"", ""name"": ""Chorus""}, {""start"": 88.98, ""end"": 91.39, ""duration"": 2.41, ""letter"": ""D"", ""name"": ""Bridge""}, {""start"": 91.39, ""end"": 139.51, ""duration"": 48.11, ""letter"": ""C"", ""name"": ""Chorus""}, {""start"": 139.51, ""end"": 165.33, ""duration"": 25.82, ""letter"": ""C"", ""name"": ""Chorus""}, {""start"": 165.33, ""end"": 170.34, ""duration"": 5.02, ""letter"": ""E"", ""name"": ""Bridge""}, {""start"": 170.34, ""end"": 174.61, ""duration"": 4.27, ""letter"": ""B"", ""name"": ""Verse""}, {""start"": 174.61, ""end"": 222.91, ""duration"": 48.3, ""letter"": ""C"", ""name"": ""Chorus""}, {""start"": 222.91, ""end"": 229.78, ""duration"": 6.87, ""letter"": ""F"", ""name"": ""Outro""}]",
Midnight Window Glow_job25_track1.mp3,10,Chorus(A) 0.0-31.6s | Chorus(A) 31.6-153.6s | Bridge(B) 153.6-157.9s | Chorus(A) 157.9-184.7s | Chorus(A) 184.7-228.3s | Bridge(C) 228.3-235.5s | Verse(D) 235.5-236.5s | Chorus(A) 236.5-264.3s | Verse(E) 264.3-266.9s | Outro(F) 266.9-269.9s,"[{""start"": 0.0, ""end"": 31.58, ""duration"": 31.58, ""letter"": ""A"", ""name"": ""Chorus""}, {""start"": 31.58, ""end"": 153.62, ""duration"": 122.04, ""letter"": ""A"", ""name"": ""Chorus""}, {""start"": 153.62, ""end"": 157.9, ""duration"": 4.27, ""letter"": ""B"", ""name"": ""Bridge""}, {""start"": 157.9, ""end"": 184.65, ""duration"": 26.75, ""letter"": ""A"", ""name"": ""Chorus""}, {""start"": 184.65, ""end"": 228.3, ""duration"": 43.65, ""letter"": ""A"", ""name"": ""Chorus""}, {""start"": 228.3, ""end"": 235.54, ""duration"": 7.24, ""letter"": ""C"", ""name"": ""Bridge""}, {""start"": 235.54, ""end"": 236.47, ""duration"": 0.93, ""letter"": ""D"", ""name"": ""Verse""}, {""start"": 236.47, ""end"": 264.34, ""duration"": 27.86, ""letter"": ""A"", ""name"": ""Chorus""}, {""start"": 264.34, ""end"": 266.94, ""duration"": 2.6, ""letter"": ""E"", ""name"": ""Verse""}, {""start"": 266.94, ""end"": 269.91, ""duration"": 2.97, ""letter"": ""F"", ""name"": ""Outro""}]",
Midnight Window Glow_job25_track2.mp3,10,Intro(A) 0.0-2.8s | Chorus(B) 2.8-65.6s | Verse(C) 65.6-69.1s | Chorus(B) 69.1-183.9s | Bridge(D) 183.9-185.2s | Chorus(B) 185.2-197.1s | Bridge(E) 197.1-214.9s | Chorus(B) 214.9-247.6s | Bridge(F) 247.6-250.4s | Chorus(B) 250.4-299.8s,"[{""start"": 0.0, ""end"": 2.79, ""duration"": 2.79, ""letter"": ""A"", ""name"": ""Intro""}, {""start"": 2.79, ""end"": 65.57, ""duration"": 62.79, ""letter"": ""B"", ""name"": ""Chorus""}, {""start"": 65.57, ""end"": 69.1, ""duration"": 3.53, ""letter"": ""C"", ""name"": ""Verse""}, {""start"": 69.1, ""end"": 183.9, ""duration"": 114.8, ""letter"": ""B"", ""name"": ""Chorus""}, {""start"": 183.9, ""end"": 185.2, ""duration"": 1.3, ""letter"": ""D"", ""name"": ""Bridge""}, {""start"": 185.2, ""end"": 197.09, ""duration"": 11.89, ""letter"": ""B"", ""name"": ""Chorus""}, {""start"": 197.09, ""end"": 214.92, ""duration"": 17.83, ""letter"": ""E"", ""name"": ""Bridge""}, {""start"": 214.92, ""end"": 247.62, ""duration"": 32.69, ""letter"": ""B"", ""name"": ""Chorus""}, {""start"": 247.62, ""end"": 250.4, ""duration"": 2.79, ""letter"": ""F"", ""name"": ""Bridge""}, {""start"": 250.4, ""end"": 299.82, ""duration"": 49.41, ""letter"": ""B"", ""name"": ""Chorus""}]",
Midnight Window Glow_job29_track1.mp3,10,Chorus(A) 0.0-14.9s | Chorus(A) 14.9-41.4s | Bridge(B) 41.4-54.1s | Bridge(C) 54.1-56.7s | Bridge(D) 56.7-64.8s | Chorus(A) 64.8-100.1s | Verse(E) 100.1-106.6s | Chorus(A) 106.6-130.8s | Verse(E) 130.8-135.4s | Outro(F) 135.4-141.7s,"[{""start"": 0.0, ""end"": 14.86, ""duration"": 14.86, ""letter"": ""A"", ""name"": ""Chorus""}, {""start"": 14.86, ""end"": 41.42, ""duration"": 26.56, ""letter"": ""A"", ""name"": ""Chorus""}, {""start"": 41.42, ""end"": 54.06, ""duration"": 12.63, ""letter"": ""B"", ""name"": ""Bridge""}, {""start"": 54.06, ""end"": 56.66, ""duration"": 2.6, ""letter"": ""C"", ""name"": ""Bridge""}, {""start"": 56.66, ""end"": 64.83, ""duration"": 8.17, ""letter"": ""D"", ""name"": ""Bridge""}, {""start"": 64.83, ""end"": 100.12, ""duration"": 35.29, ""letter"": ""A"", ""name"": ""Chorus""}, {""start"": 100.12, ""end"": 106.63, ""duration"": 6.5, ""letter"": ""E"", ""name"": ""Verse""}, {""start"": 106.63, ""end"": 130.77, ""duration"": 24.15, ""letter"": ""A"", ""name"": ""Chorus""}, {""start"": 130.77, ""end"": 135.42, ""duration"": 4.64, ""letter"": ""E"", ""name"": ""Verse""}, {""start"": 135.42, ""end"": 141.73, ""duration"": 6.32, ""letter"": ""F"", ""name"": ""Outro""}]",
Midnight Window Glow_job29_track2.mp3,10,Chorus(A) 0.0-32.7s | Verse(B) 32.7-35.9s | Chorus(A) 35.9-63.5s | Bridge(C) 63.5-65.9s | Chorus(A) 65.9-104.2s | Bridge(D) 104.2-106.6s | Chorus(A) 106.6-111.5s | Chorus(A) 111.5-116.1s | Chorus(A) 116.1-219.0s | Outro(E) 219.0-221.8s,"[{""start"": 0.0, ""end"": 32.69, ""duration"": 32.69, ""letter"": ""A"", ""name"": ""Chorus""}, {""start"": 32.69, ""end"": 35.85, ""duration"": 3.16, ""letter"": ""B"", ""name"": ""Verse""}, {""start"": 35.85, ""end"": 63.53, ""duration"": 27.68, ""letter"": ""A"", ""name"": ""Chorus""}, {""start"": 63.53, ""end"": 65.94, ""duration"": 2.41, ""letter"": ""C"", ""name"": ""Bridge""}, {""start"": 65.94, ""end"": 104.21, ""duration"": 38.27, ""letter"": ""A"", ""name"": ""Chorus""}, {""start"": 104.21, ""end"": 106.63, ""duration"": 2.41, ""letter"": ""D"", ""name"": ""Bridge""}, {""start"": 106.63, ""end"": 111.46, ""duration"": 4.83, ""letter"": ""A"", ""name"": ""Chorus""}, {""start"": 111.46, ""end"": 116.1, ""duration"": 4.64, ""letter"": ""A"", ""name"": ""Chorus""}, {""start"": 116.1, ""end"": 219.01, ""duration"": 102.91, ""letter"": ""A"", ""name"": ""Chorus""}, {""start"": 219.01, ""end"": 221.8, ""duration"": 2.79, ""letter"": ""E"", ""name"": ""Outro""}]",
Midnight Window Glow_job30_track1.mp3,10,Chorus(A) 0.0-28.1s | Chorus(A) 28.1-106.4s | Bridge(B) 106.4-108.7s | Chorus(A) 108.7-189.7s | Chorus(A) 189.7-202.8s | Chorus(A) 202.8-242.2s | Verse(C) 242.2-246.3s | Verse(D) 246.3-247.2s | Chorus(A) 247.2-267.7s | Outro(E) 267.7-272.9s,"[{""start"": 0.0, ""end"": 28.05, ""duration"": 28.05, ""letter"": ""A"", ""name"": ""Chorus""}, {""start"": 28.05, ""end"": 106.44, ""duration"": 78.39, ""letter"": ""A"", ""name"": ""Chorus""}, {""start"": 106.44, ""end"": 108.67, ""duration"": 2.23, ""letter"": ""B"", ""name"": ""Bridge""}, {""start"": 108.67, ""end"": 189.66, ""duration"": 80.99, ""letter"": ""A"", ""name"": ""Chorus""}, {""start"": 189.66, ""end"": 202.85, ""duration"": 13.19, ""letter"": ""A"", ""name"": ""Chorus""}, {""start"": 202.85, ""end"": 242.23, ""duration"": 39.38, ""letter"": ""A"", ""name"": ""Chorus""}, {""start"": 242.23, ""end"": 246.32, ""duration"": 4.09, ""letter"": ""C"", ""name"": ""Verse""}, {""start"": 246.32, ""end"": 247.25, ""duration"": 0.93, ""letter"": ""D"", ""name"": ""Verse""}, {""start"": 247.25, ""end"": 267.68, ""duration"": 20.43, ""letter"": ""A"", ""name"": ""Chorus""}, {""start"": 267.68, ""end"": 272.88, ""duration"": 5.2, ""letter"": ""E"", ""name"": ""Outro""}]",
Midnight Window Glow_job30_track2.mp3,10,Chorus(A) 0.0-18.0s | Verse(B) 18.0-19.3s | Chorus(A) 19.3-123.9s | Bridge(C) 123.9-126.3s | Chorus(A) 126.3-174.4s | Bridge(D) 174.4-177.4s | Bridge(E) 177.4-190.0s | Chorus(A) 190.0-207.5s | Chorus(A) 207.5-231.5s | Outro(F) 231.5-237.0s,"[{""start"": 0.0, ""end"": 18.02, ""duration"": 18.02, ""letter"": ""A"", ""name"": ""Chorus""}, {""start"": 18.02, ""end"": 19.32, ""duration"": 1.3, ""letter"": ""B"", ""name"": ""Verse""}, {""start"": 19.32, ""end"": 123.9, ""duration"": 104.58, ""letter"": ""A"", ""name"": ""Chorus""}, {""start"": 123.9, ""end"": 126.32, ""duration"": 2.41, ""letter"": ""C"", ""name"": ""Bridge""}, {""start"": 126.32, ""end"": 174.43, ""duration"": 48.11, ""letter"": ""A"", ""name"": ""Chorus""}, {""start"": 174.43, ""end"": 177.4, ""duration"": 2.97, ""letter"": ""D"", ""name"": ""Bridge""}, {""start"": 177.4, ""end"": 190.03, ""duration"": 12.63, ""letter"": ""E"", ""name"": ""Bridge""}, {""start"": 190.03, ""end"": 207.49, ""duration"": 17.46, ""letter"": ""A"", ""name"": ""Chorus""}, {""start"": 207.49, ""end"": 231.46, ""duration"": 23.96, ""letter"": ""A"", ""name"": ""Chorus""}, {""start"": 231.46, ""end"": 237.03, ""duration"": 5.57, ""letter"": ""F"", ""name"": ""Outro""}]",
Midnight Window Glow_job31_track1.mp3,10,Chorus(A) 0.0-24.5s | Chorus(A) 24.5-94.2s | Bridge(B) 94.2-96.6s | Chorus(A) 96.6-158.8s | Chorus(A) 158.8-190.2s | Chorus(A) 190.2-217.3s | Chorus(A) 217.3-244.7s | Verse(C) 244.7-251.9s | Verse(D) 251.9-259.1s | Outro(E) 259.1-262.1s,"[{""start"": 0.0, ""end"": 24.52, ""duration"": 24.52, ""letter"": ""A"", ""name"": ""Chorus""}, {""start"": 24.52, ""end"": 94.18, ""duration"": 69.66, ""letter"": ""A"", ""name"": ""Chorus""}, {""start"": 94.18, ""end"": 96.6, ""duration"": 2.41, ""letter"": ""B"", ""name"": ""Bridge""}, {""start"": 96.6, ""end"": 158.82, ""duration"": 62.23, ""letter"": ""A"", ""name"": ""Chorus""}, {""start"": 158.82, ""end"": 190.22, ""duration"": 31.39, ""letter"": ""A"", ""name"": ""Chorus""}, {""start"": 190.22, ""end"": 217.34, ""duration"": 27.12, ""letter"": ""A"", ""name"": ""Chorus""}, {""start"": 217.34, ""end"": 244.65, ""duration"": 27.31, ""letter"": ""A"", ""name"": ""Chorus""}, {""start"": 244.65, ""end"": 251.89, ""duration"": 7.24, ""letter"": ""C"", ""name"": ""Verse""}, {""start"": 251.89, ""end"": 259.13, ""duration"": 7.24, ""letter"": ""D"", ""name"": ""Verse""}, {""start"": 259.13, ""end"": 262.11, ""duration"": 2.97, ""letter"": ""E"", ""name"": ""Outro""}]",
Midnight Window Glow_job31_track2.mp3,10,Intro(A) 0.0-17.6s | Chorus(B) 17.6-145.4s | Bridge(C) 145.4-153.6s | Chorus(B) 153.6-182.2s | Bridge(D) 182.2-183.9s | Chorus(B) 183.9-215.7s | Verse(E) 215.7-217.3s | Chorus(B) 217.3-237.8s | Verse(F) 237.8-241.5s | Chorus(B) 241.5-252.3s,"[{""start"": 0.0, ""end"": 17.65, ""duration"": 17.65, ""letter"": ""A"", ""name"": ""Intro""}, {""start"": 17.65, ""end"": 145.45, ""duration"": 127.8, ""letter"": ""B"", ""name"": ""Chorus""}, {""start"": 145.45, ""end"": 153.62, ""duration"": 8.17, ""letter"": ""C"", ""name"": ""Bridge""}, {""start"": 153.62, ""end"": 182.23, ""duration"": 28.61, ""letter"": ""B"", ""name"": ""Chorus""}, {""start"": 182.23, ""end"": 183.9, ""duration"": 1.67, ""letter"": ""D"", ""name"": ""Bridge""}, {""start"": 183.9, ""end"": 215.67, ""duration"": 31.76, ""letter"": ""B"", ""name"": ""Chorus""}, {""start"": 215.67, ""end"": 217.34, ""duration"": 1.67, ""letter"": ""E"", ""name"": ""Verse""}, {""start"": 217.34, ""end"": 237.77, ""duration"": 20.43, ""letter"": ""B"", ""name"": ""Chorus""}, {""start"": 237.77, ""end"": 241.49, ""duration"": 3.72, ""letter"": ""F"", ""name"": ""Verse""}, {""start"": 241.49, ""end"": 252.26, ""duration"": 10.77, ""letter"": ""B"", ""name"": ""Chorus""}]",
Midnight Window Glow_job33_track1.mp3,10,Intro(A) 0.0-1.9s | Chorus(B) 1.9-67.6s | Chorus(B) 67.6-83.4s | Chorus(B) 83.4-135.1s | Chorus(B) 135.1-169.2s | Bridge(C) 169.2-173.1s | Chorus(B) 173.1-216.2s | Verse(D) 216.2-219.6s | Chorus(B) 219.6-239.1s | Outro(E) 239.1-240.6s,"[{""start"": 0.0, ""end"": 1.86, ""duration"": 1.86, ""letter"": ""A"", ""name"": ""Intro""}, {""start"": 1.86, ""end"": 67.62, ""duration"": 65.76, ""letter"": ""B"", ""name"": ""Chorus""}, {""start"": 67.62, ""end"": 83.41, ""duration"": 15.79, ""letter"": ""B"", ""name"": ""Chorus""}, {""start"": 83.41, ""end"": 135.05, ""duration"": 51.64, ""letter"": ""B"", ""name"": ""Chorus""}, {""start"": 135.05, ""end"": 169.23, ""duration"": 34.18, ""letter"": ""B"", ""name"": ""Chorus""}, {""start"": 169.23, ""end"": 173.13, ""duration"": 3.9, ""letter"": ""C"", ""name"": ""Bridge""}, {""start"": 173.13, ""end"": 216.22, ""duration"": 43.1, ""letter"": ""B"", ""name"": ""Chorus""}, {""start"": 216.22, ""end"": 219.57, ""duration"": 3.34, ""letter"": ""D"", ""name"": ""Verse""}, {""start"": 219.57, ""end"": 239.07, ""duration"": 19.5, ""letter"": ""B"", ""name"": ""Chorus""}, {""start"": 239.07, ""end"": 240.56, ""duration"": 1.49, ""letter"": ""E"", ""name"": ""Outro""}]",
Midnight Window Glow_job33_track2.mp3,10,Chorus(A) 0.0-64.1s | Verse(B) 64.1-65.8s | Chorus(A) 65.8-100.3s | Bridge(C) 100.3-102.7s | Chorus(A) 102.7-142.8s | Verse(B) 142.8-144.7s | Chorus(A) 144.7-175.7s | Bridge(D) 175.7-181.3s | Chorus(A) 181.3-238.0s | Outro(E) 238.0-242.8s,"[{""start"": 0.0, ""end"": 64.09, ""duration"": 64.09, ""letter"": ""A"", ""name"": ""Chorus""}, {""start"": 64.09, ""end"": 65.76, ""duration"": 1.67, ""letter"": ""B"", ""name"": ""Verse""}, {""start"": 65.76, ""end"": 100.31, ""duration"": 34.55, ""letter"": ""A"", ""name"": ""Chorus""}, {""start"": 100.31, ""end"": 102.73, ""duration"": 2.41, ""letter"": ""C"", ""name"": ""Bridge""}, {""start"": 102.73, ""end"": 142.85, ""duration"": 40.12, ""letter"": ""A"", ""name"": ""Chorus""}, {""start"": 142.85, ""end"": 144.71, ""duration"": 1.86, ""letter"": ""B"", ""name"": ""Verse""}, {""start"": 144.71, ""end"": 175.73, ""duration"": 31.02, ""letter"": ""A"", ""name"": ""Chorus""}, {""start"": 175.73, ""end"": 181.3, ""duration"": 5.57, ""letter"": ""D"", ""name"": ""Bridge""}, {""start"": 181.3, ""end"": 237.96, ""duration"": 56.66, ""letter"": ""A"", ""name"": ""Chorus""}, {""start"": 237.96, ""end"": 242.79, ""duration"": 4.83, ""letter"": ""E"", ""name"": ""Outro""}]",
Midnight Window Glow_job35_track1.mp3,10,Intro(A) 0.0-1.5s | Chorus(B) 1.5-61.9s | Bridge(C) 61.9-63.2s | Chorus(B) 63.2-94.2s | Chorus(B) 94.2-122.0s | Verse(D) 122.0-128.7s | Chorus(B) 128.7-163.5s | Verse(D) 163.5-171.1s | Chorus(B) 171.1-238.3s | Outro(E) 238.3-244.5s,"[{""start"": 0.0, ""end"": 1.49, ""duration"": 1.49, ""letter"": ""A"", ""name"": ""Intro""}, {""start"": 1.49, ""end"": 61.86, ""duration"": 60.37, ""letter"": ""B"", ""name"": ""Chorus""}, {""start"": 61.86, ""end"": 63.16, ""duration"": 1.3, ""letter"": ""C"", ""name"": ""Bridge""}, {""start"": 63.16, ""end"": 94.18, ""duration"": 31.02, ""letter"": ""B"", ""name"": ""Chorus""}, {""start"": 94.18, ""end"": 122.04, ""duration"": 27.86, ""letter"": ""B"", ""name"": ""Chorus""}, {""start"": 122.04, ""end"": 128.73, ""duration"": 6.69, ""letter"": ""D"", ""name"": ""Verse""}, {""start"": 128.73, ""end"": 163.47, ""duration"": 34.74, ""letter"": ""B"", ""name"": ""Chorus""}, {""start"": 163.47, ""end"": 171.08, ""duration"": 7.62, ""letter"": ""D"", ""name"": ""Verse""}, {""start"": 171.08, ""end"": 238.33, ""duration"": 67.24, ""letter"": ""B"", ""name"": ""Chorus""}, {""start"": 238.33, ""end"": 244.46, ""duration"": 6.13, ""letter"": ""E"", ""name"": ""Outro""}]",
Midnight Window Glow_job35_track2.mp3,10,Chorus(A) 0.0-17.3s | Chorus(A) 17.3-67.1s | Bridge(B) 67.1-69.8s | Chorus(A) 69.8-124.3s | Chorus(A) 124.3-143.6s | Bridge(C) 143.6-146.8s | Verse(D) 146.8-148.8s | Chorus(A) 148.8-175.4s | Chorus(A) 175.4-198.8s | Outro(D) 198.8-199.7s,"[{""start"": 0.0, ""end"": 17.28, ""duration"": 17.28, ""letter"": ""A"", ""name"": ""Chorus""}, {""start"": 17.28, ""end"": 67.06, ""duration"": 49.78, ""letter"": ""A"", ""name"": ""Chorus""}, {""start"": 67.06, ""end"": 69.85, ""duration"": 2.79, ""letter"": ""B"", ""name"": ""Bridge""}, {""start"": 69.85, ""end"": 124.27, ""duration"": 54.43, ""letter"": ""A"", ""name"": ""Chorus""}, {""start"": 124.27, ""end"": 143.59, ""duration"": 19.32, ""letter"": ""A"", ""name"": ""Chorus""}, {""start"": 143.59, ""end"": 146.75, ""duration"": 3.16, ""letter"": ""C"", ""name"": ""Bridge""}, {""start"": 146.75, ""end"": 148.79, ""duration"": 2.04, ""letter"": ""D"", ""name"": ""Verse""}, {""start"": 148.79, ""end"": 175.36, ""duration"": 26.56, ""letter"": ""A"", ""name"": ""Chorus""}, {""start"": 175.36, ""end"": 198.76, ""duration"": 23.41, ""letter"": ""A"", ""name"": ""Chorus""}, {""start"": 198.76, ""end"": 199.69, ""duration"": 0.93, ""letter"": ""D"", ""name"": ""Outro""}]",
Midnight Window Glow_job41_track1.mp3,10,Chorus(A) 0.0-53.7s | Verse(B) 53.7-58.1s | Chorus(A) 58.1-107.0s | Verse(B) 107.0-112.2s | Chorus(A) 112.2-150.1s | Bridge(C) 150.1-153.4s | Chorus(A) 153.4-172.0s | Verse(B) 172.0-176.3s | Chorus(A) 176.3-201.7s | Outro(D) 201.7-204.5s,"[{""start"": 0.0, ""end"": 53.68, ""duration"": 53.68, ""letter"": ""A"", ""name"": ""Chorus""}, {""start"": 53.68, ""end"": 58.14, ""duration"": 4.46, ""letter"": ""B"", ""name"": ""Verse""}, {""start"": 58.14, ""end"": 107.0, ""duration"": 48.85, ""letter"": ""A"", ""name"": ""Chorus""}, {""start"": 107.0, ""end"": 112.2, ""duration"": 5.2, ""letter"": ""B"", ""name"": ""Verse""}, {""start"": 112.2, ""end"": 150.09, ""duration"": 37.89, ""letter"": ""A"", ""name"": ""Chorus""}, {""start"": 150.09, ""end"": 153.44, ""duration"": 3.34, ""letter"": ""C"", ""name"": ""Bridge""}, {""start"": 153.44, ""end"": 172.01, ""duration"": 18.58, ""letter"": ""A"", ""name"": ""Chorus""}, {""start"": 172.01, ""end"": 176.29, ""duration"": 4.27, ""letter"": ""B"", ""name"": ""Verse""}, {""start"": 176.29, ""end"": 201.73, ""duration"": 25.45, ""letter"": ""A"", ""name"": ""Chorus""}, {""start"": 201.73, ""end"": 204.52, ""duration"": 2.79, ""letter"": ""D"", ""name"": ""Outro""}]",
Midnight Window Glow_job41_track2.mp3,10,Intro(A) 0.0-0.9s | Verse(B) 0.9-2.2s | Chorus(C) 2.2-12.4s | Verse(B) 12.4-14.1s | Chorus(C) 14.1-105.1s | Chorus(C) 105.1-139.3s | Verse(D) 139.3-147.5s | Verse(D) 147.5-158.1s | Chorus(C) 158.1-192.3s | Outro(E) 192.3-199.9s,"[{""start"": 0.0, ""end"": 0.93, ""duration"": 0.93, ""letter"": ""A"", ""name"": ""Intro""}, {""start"": 0.93, ""end"": 2.23, ""duration"": 1.3, ""letter"": ""B"", ""name"": ""Verse""}, {""start"": 2.23, ""end"": 12.45, ""duration"": 10.22, ""letter"": ""C"", ""name"": ""Chorus""}, {""start"": 12.45, ""end"": 14.12, ""duration"": 1.67, ""letter"": ""B"", ""name"": ""Verse""}, {""start"": 14.12, ""end"": 105.14, ""duration"": 91.02, ""letter"": ""C"", ""name"": ""Chorus""}, {""start"": 105.14, ""end"": 139.32, ""duration"": 34.18, ""letter"": ""C"", ""name"": ""Chorus""}, {""start"": 139.32, ""end"": 147.49, ""duration"": 8.17, ""letter"": ""D"", ""name"": ""Verse""}, {""start"": 147.49, ""end"": 158.08, ""duration"": 10.59, ""letter"": ""D"", ""name"": ""Verse""}, {""start"": 158.08, ""end"": 192.26, ""duration"": 34.18, ""letter"": ""C"", ""name"": ""Chorus""}, {""start"": 192.26, ""end"": 199.88, ""duration"": 7.62, ""letter"": ""E"", ""name"": ""Outro""}]",
Midnight Window Glow_job43_track1.mp3,10,Chorus(A) 0.0-17.8s | Verse(B) 17.8-19.7s | Chorus(A) 19.7-55.7s | Chorus(A) 55.7-67.6s | Bridge(C) 67.6-73.6s | Chorus(A) 73.6-166.4s | Chorus(A) 166.4-204.0s | Chorus(A) 204.0-220.1s | Verse(D) 220.1-238.5s | Outro(E) 238.5-239.8s,"[{""start"": 0.0, ""end"": 17.83, ""duration"": 17.83, ""letter"": ""A"", ""name"": ""Chorus""}, {""start"": 17.83, ""end"": 19.69, ""duration"": 1.86, ""letter"": ""B"", ""name"": ""Verse""}, {""start"": 19.69, ""end"": 55.73, ""duration"": 36.04, ""letter"": ""A"", ""name"": ""Chorus""}, {""start"": 55.73, ""end"": 67.62, ""duration"": 11.89, ""letter"": ""A"", ""name"": ""Chorus""}, {""start"": 67.62, ""end"": 73.56, ""duration"": 5.94, ""letter"": ""C"", ""name"": ""Bridge""}, {""start"": 73.56, ""end"": 166.44, ""duration"": 92.88, ""letter"": ""A"", ""name"": ""Chorus""}, {""start"": 166.44, ""end"": 203.96, ""duration"": 37.52, ""letter"": ""A"", ""name"": ""Chorus""}, {""start"": 203.96, ""end"": 220.13, ""duration"": 16.16, ""letter"": ""A"", ""name"": ""Chorus""}, {""start"": 220.13, ""end"": 238.52, ""duration"": 18.39, ""letter"": ""D"", ""name"": ""Verse""}, {""start"": 238.52, ""end"": 239.82, ""duration"": 1.3, ""letter"": ""E"", ""name"": ""Outro""}]",
Midnight Window Glow_job43_track2.mp3,10,Chorus(A) 0.0-2.2s | Verse(B) 2.2-3.3s | Chorus(A) 3.3-57.6s | Bridge(C) 57.6-59.1s | Verse(D) 59.1-89.2s | Verse(E) 89.2-90.5s | Chorus(A) 90.5-130.0s | Verse(E) 130.0-131.3s | Verse(D) 131.3-187.4s | Outro(F) 187.4-189.5s,"[{""start"": 0.0, ""end"": 2.23, ""duration"": 2.23, ""letter"": ""A"", ""name"": ""Chorus""}, {""start"": 2.23, ""end"": 3.34, ""duration"": 1.11, ""letter"": ""B"", ""name"": ""Verse""}, {""start"": 3.34, ""end"": 57.59, ""duration"": 54.24, ""letter"": ""A"", ""name"": ""Chorus""}, {""start"": 57.59, ""end"": 59.07, ""duration"": 1.49, ""letter"": ""C"", ""name"": ""Bridge""}, {""start"": 59.07, ""end"": 89.16, ""duration"": 30.09, ""letter"": ""D"", ""name"": ""Verse""}, {""start"": 89.16, ""end"": 90.46, ""duration"": 1.3, ""letter"": ""E"", ""name"": ""Verse""}, {""start"": 90.46, ""end"": 130.03, ""duration"": 39.57, ""letter"": ""A"", ""name"": ""Chorus""}, {""start"": 130.03, ""end"": 131.33, ""duration"": 1.3, ""letter"": ""E"", ""name"": ""Verse""}, {""start"": 131.33, ""end"": 187.43, ""duration"": 56.1, ""letter"": ""D"", ""name"": ""Verse""}, {""start"": 187.43, ""end"": 189.47, ""duration"": 2.04, ""letter"": ""F"", ""name"": ""Outro""}]",
Midnight Window Glow_job44_track1.mp3,10,Chorus(A) 0.0-19.7s | Verse(B) 19.7-21.7s | Chorus(A) 21.7-73.6s | Verse(B) 73.6-76.2s | Chorus(A) 76.2-123.5s | Bridge(C) 123.5-125.2s | Chorus(A) 125.2-163.8s | Verse(B) 163.8-166.4s | Chorus(A) 166.4-184.1s | Outro(D) 184.1-193.8s,"[{""start"": 0.0, ""end"": 19.69, ""duration"": 19.69, ""letter"": ""A"", ""name"": ""Chorus""}, {""start"": 19.69, ""end"": 21.73, ""duration"": 2.04, ""letter"": ""B"", ""name"": ""Verse""}, {""start"": 21.73, ""end"": 73.56, ""duration"": 51.83, ""letter"": ""A"", ""name"": ""Chorus""}, {""start"": 73.56, ""end"": 76.16, ""duration"": 2.6, ""letter"": ""B"", ""name"": ""Verse""}, {""start"": 76.16, ""end"": 123.53, ""duration"": 47.37, ""letter"": ""A"", ""name"": ""Chorus""}, {""start"": 123.53, ""end"": 125.2, ""duration"": 1.67, ""letter"": ""C"", ""name"": ""Bridge""}, {""start"": 125.2, ""end"": 163.84, ""duration"": 38.64, ""letter"": ""A"", ""name"": ""Chorus""}, {""start"": 163.84, ""end"": 166.44, ""duration"": 2.6, ""letter"": ""B"", ""name"": ""Verse""}, {""start"": 166.44, ""end"": 184.09, ""duration"": 17.65, ""letter"": ""A"", ""name"": ""Chorus""}, {""start"": 184.09, ""end"": 193.75, ""duration"": 9.66, ""letter"": ""D"", ""name"": ""Outro""}]",
Midnight Window Glow_job44_track2.mp3,10,Chorus(A) 0.0-21.9s | Chorus(A) 21.9-60.6s | Chorus(A) 60.6-107.5s | Bridge(B) 107.5-108.5s | Verse(C) 108.5-114.2s | Bridge(D) 114.2-117.6s | Verse(E) 117.6-123.0s | Verse(F) 123.0-128.7s | Verse(C) 128.7-132.8s | Outro(G) 132.8-134.9s,"[{""start"": 0.0, ""end"": 21.92, ""duration"": 21.92, ""letter"": ""A"", ""name"": ""Chorus""}, {""start"": 21.92, ""end"": 60.56, ""duration"": 38.64, ""letter"": ""A"", ""name"": ""Chorus""}, {""start"": 60.56, ""end"": 107.55, ""duration"": 47.0, ""letter"": ""A"", ""name"": ""Chorus""}, {""start"": 107.55, ""end"": 108.48, ""duration"": 0.93, ""letter"": ""B"", ""name"": ""Bridge""}, {""start"": 108.48, ""end"": 114.24, ""duration"": 5.76, ""letter"": ""C"", ""name"": ""Verse""}, {""start"": 114.24, ""end"": 117.59, ""duration"": 3.34, ""letter"": ""D"", ""name"": ""Bridge""}, {""start"": 117.59, ""end"": 122.97, ""duration"": 5.39, ""letter"": ""E"", ""name"": ""Verse""}, {""start"": 122.97, ""end"": 128.73, ""duration"": 5.76, ""letter"": ""F"", ""name"": ""Verse""}, {""start"": 128.73, ""end"": 132.82, ""duration"": 4.09, ""letter"": ""C"", ""name"": ""Verse""}, {""start"": 132.82, ""end"": 134.86, ""duration"": 2.04, ""letter"": ""G"", ""name"": ""Outro""}]",
Midnight Window Glow_job45_track1.mp3,10,Chorus(A) 0.0-28.1s | Verse(B) 28.1-31.8s | Chorus(A) 31.8-89.2s | Verse(B) 89.2-103.3s | Chorus(A) 103.3-128.2s | Chorus(A) 128.2-140.4s | Chorus(A) 140.4-189.1s | Bridge(C) 189.1-190.8s | Chorus(A) 190.8-228.9s | Outro(D) 228.9-238.1s,"[{""start"": 0.0, ""end"": 28.05, ""duration"": 28.05, ""letter"": ""A"", ""name"": ""Chorus""}, {""start"": 28.05, ""end"": 31.76, ""duration"": 3.72, ""letter"": ""B"", ""name"": ""Verse""}, {""start"": 31.76, ""end"": 89.16, ""duration"": 57.4, ""letter"": ""A"", ""name"": ""Chorus""}, {""start"": 89.16, ""end"": 103.28, ""duration"": 14.12, ""letter"": ""B"", ""name"": ""Verse""}, {""start"": 103.28, ""end"": 128.17, ""duration"": 24.89, ""letter"": ""A"", ""name"": ""Chorus""}, {""start"": 128.17, ""end"": 140.43, ""duration"": 12.26, ""letter"": ""A"", ""name"": ""Chorus""}, {""start"": 140.43, ""end"": 189.1, ""duration"": 48.67, ""letter"": ""A"", ""name"": ""Chorus""}, {""start"": 189.1, ""end"": 190.78, ""duration"": 1.67, ""letter"": ""C"", ""name"": ""Bridge""}, {""start"": 190.78, ""end"": 228.86, ""duration"": 38.08, ""letter"": ""A"", ""name"": ""Chorus""}, {""start"": 228.86, ""end"": 238.14, ""duration"": 9.29, ""letter"": ""D"", ""name"": ""Outro""}]",
Midnight Window Glow_job45_track2.mp3,10,Chorus(A) 0.0-9.8s | Chorus(A) 9.8-112.8s | Chorus(A) 112.8-159.2s | Bridge(B) 159.2-164.4s | Bridge(C) 164.4-167.4s | Chorus(A) 167.4-193.9s | Verse(D) 193.9-197.3s | Chorus(A) 197.3-213.2s | Chorus(A) 213.2-217.5s | Outro(E) 217.5-219.8s,"[{""start"": 0.0, ""end"": 9.85, ""duration"": 9.85, ""letter"": ""A"", ""name"": ""Chorus""}, {""start"": 9.85, ""end"": 112.76, ""duration"": 102.91, ""letter"": ""A"", ""name"": ""Chorus""}, {""start"": 112.76, ""end"": 159.2, ""duration"": 46.44, ""letter"": ""A"", ""name"": ""Chorus""}, {""start"": 159.2, ""end"": 164.4, ""duration"": 5.2, ""letter"": ""B"", ""name"": ""Bridge""}, {""start"": 164.4, ""end"": 167.37, ""duration"": 2.97, ""letter"": ""C"", ""name"": ""Bridge""}, {""start"": 167.37, ""end"": 193.93, ""duration"": 26.56, ""letter"": ""A"", ""name"": ""Chorus""}, {""start"": 193.93, ""end"": 197.28, ""duration"": 3.34, ""letter"": ""D"", ""name"": ""Verse""}, {""start"": 197.28, ""end"": 213.25, ""duration"": 15.98, ""letter"": ""A"", ""name"": ""Chorus""}, {""start"": 213.25, ""end"": 217.52, ""duration"": 4.27, ""letter"": ""A"", ""name"": ""Chorus""}, {""start"": 217.52, ""end"": 219.75, ""duration"": 2.23, ""letter"": ""E"", ""name"": ""Outro""}]",
Midnight Window Glow_job46_track1.mp3,10,Intro(A) 0.0-1.7s | Chorus(B) 1.7-66.1s | Bridge(C) 66.1-71.3s | Chorus(B) 71.3-138.2s | Chorus(B) 138.2-150.3s | Bridge(D) 150.3-153.8s | Chorus(B) 153.8-219.4s | Verse(E) 219.4-222.5s | Chorus(B) 222.5-234.8s | Outro(F) 234.8-239.8s,"[{""start"": 0.0, ""end"": 1.67, ""duration"": 1.67, ""letter"": ""A"", ""name"": ""Intro""}, {""start"": 1.67, ""end"": 66.13, ""duration"": 64.46, ""letter"": ""B"", ""name"": ""Chorus""}, {""start"": 66.13, ""end"": 71.33, ""duration"": 5.2, ""letter"": ""C"", ""name"": ""Bridge""}, {""start"": 71.33, ""end"": 138.21, ""duration"": 66.87, ""letter"": ""B"", ""name"": ""Chorus""}, {""start"": 138.21, ""end"": 150.28, ""duration"": 12.07, ""letter"": ""B"", ""name"": ""Chorus""}, {""start"": 150.28, ""end"": 153.81, ""duration"": 3.53, ""letter"": ""D"", ""name"": ""Bridge""}, {""start"": 153.81, ""end"": 219.38, ""duration"": 65.57, ""letter"": ""B"", ""name"": ""Chorus""}, {""start"": 219.38, ""end"": 222.54, ""duration"": 3.16, ""letter"": ""E"", ""name"": ""Verse""}, {""start"": 222.54, ""end"": 234.8, ""duration"": 12.26, ""letter"": ""B"", ""name"": ""Chorus""}, {""start"": 234.8, ""end"": 239.82, ""duration"": 5.02, ""letter"": ""F"", ""name"": ""Outro""}]",
Midnight Window Glow_job46_track2.mp3,10,Chorus(A) 0.0-41.2s | Chorus(A) 41.2-130.0s | Bridge(B) 130.0-133.4s | Chorus(A) 133.4-186.1s | Bridge(C) 186.1-190.8s | Chorus(A) 190.8-206.8s | Verse(D) 206.8-211.0s | Chorus(A) 211.0-225.7s | Verse(E) 225.7-228.9s | Outro(F) 228.9-233.3s,"[{""start"": 0.0, ""end"": 41.24, ""duration"": 41.24, ""letter"": ""A"", ""name"": ""Chorus""}, {""start"": 41.24, ""end"": 130.03, ""duration"": 88.79, ""letter"": ""A"", ""name"": ""Chorus""}, {""start"": 130.03, ""end"": 133.38, ""duration"": 3.34, ""letter"": ""B"", ""name"": ""Bridge""}, {""start"": 133.38, ""end"": 186.13, ""duration"": 52.76, ""letter"": ""A"", ""name"": ""Chorus""}, {""start"": 186.13, ""end"": 190.78, ""duration"": 4.64, ""letter"": ""C"", ""name"": ""Bridge""}, {""start"": 190.78, ""end"": 206.75, ""duration"": 15.98, ""letter"": ""A"", ""name"": ""Chorus""}, {""start"": 206.75, ""end"": 211.02, ""duration"": 4.27, ""letter"": ""D"", ""name"": ""Verse""}, {""start"": 211.02, ""end"": 225.7, ""duration"": 14.68, ""letter"": ""A"", ""name"": ""Chorus""}, {""start"": 225.7, ""end"": 228.86, ""duration"": 3.16, ""letter"": ""E"", ""name"": ""Verse""}, {""start"": 228.86, ""end"": 233.31, ""duration"": 4.46, ""letter"": ""F"", ""name"": ""Outro""}]",
Midnight Window Glow_job47_track1.mp3,10,Chorus(A) 0.0-58.3s | Chorus(A) 58.3-65.6s | Verse(B) 65.6-68.7s | Chorus(A) 68.7-94.2s | Chorus(A) 94.2-148.6s | Verse(B) 148.6-152.5s | Chorus(A) 152.5-177.2s | Chorus(A) 177.2-218.6s | Chorus(A) 218.6-255.6s | Outro(C) 255.6-263.0s,"[{""start"": 0.0, ""end"": 58.33, ""duration"": 58.33, ""letter"": ""A"", ""name"": ""Chorus""}, {""start"": 58.33, ""end"": 65.57, ""duration"": 7.24, ""letter"": ""A"", ""name"": ""Chorus""}, {""start"": 65.57, ""end"": 68.73, ""duration"": 3.16, ""letter"": ""B"", ""name"": ""Verse""}, {""start"": 68.73, ""end"": 94.18, ""duration"": 25.45, ""letter"": ""A"", ""name"": ""Chorus""}, {""start"": 94.18, ""end"": 148.61, ""duration"": 54.43, ""letter"": ""A"", ""name"": ""Chorus""}, {""start"": 148.61, ""end"": 152.51, ""duration"": 3.9, ""letter"": ""B"", ""name"": ""Verse""}, {""start"": 152.51, ""end"": 177.21, ""duration"": 24.71, ""letter"": ""A"", ""name"": ""Chorus""}, {""start"": 177.21, ""end"": 218.64, ""duration"": 41.42, ""letter"": ""A"", ""name"": ""Chorus""}, {""start"": 218.64, ""end"": 255.61, ""duration"": 36.97, ""letter"": ""A"", ""name"": ""Chorus""}, {""start"": 255.61, ""end"": 263.04, ""duration"": 7.43, ""letter"": ""C"", ""name"": ""Outro""}]",
Midnight Window Glow_job47_track2.mp3,10,Chorus(A) 0.0-20.4s | Verse(B) 20.4-23.4s | Chorus(A) 23.4-117.0s | Verse(B) 117.0-120.7s | Verse(C) 120.7-153.1s | Verse(C) 153.1-180.4s | Verse(C) 180.4-205.1s | Bridge(D) 205.1-208.4s | Chorus(A) 208.4-251.9s | Outro(E) 251.9-254.9s,"[{""start"": 0.0, ""end"": 20.43, ""duration"": 20.43, ""letter"": ""A"", ""name"": ""Chorus""}, {""start"": 20.43, ""end"": 23.41, ""duration"": 2.97, ""letter"": ""B"", ""name"": ""Verse""}, {""start"": 23.41, ""end"": 117.03, ""duration"": 93.62, ""letter"": ""A"", ""name"": ""Chorus""}, {""start"": 117.03, ""end"": 120.74, ""duration"": 3.72, ""letter"": ""B"", ""name"": ""Verse""}, {""start"": 120.74, ""end"": 153.07, ""duration"": 32.32, ""letter"": ""C"", ""name"": ""Verse""}, {""start"": 153.07, ""end"": 180.37, ""duration"": 27.31, ""letter"": ""C"", ""name"": ""Verse""}, {""start"": 180.37, ""end"": 205.08, ""duration"": 24.71, ""letter"": ""C"", ""name"": ""Verse""}, {""start"": 205.08, ""end"": 208.42, ""duration"": 3.34, ""letter"": ""D"", ""name"": ""Bridge""}, {""start"": 208.42, ""end"": 251.89, ""duration"": 43.47, ""letter"": ""A"", ""name"": ""Chorus""}, {""start"": 251.89, ""end"": 254.86, ""duration"": 2.97, ""letter"": ""E"", ""name"": ""Outro""}]",
Midnight Window Glow_job48_track1.mp3,10,Intro(A) 0.0-16.0s | Chorus(B) 16.0-45.3s | Chorus(B) 45.3-69.1s | Chorus(B) 69.1-83.2s | Chorus(B) 83.2-153.2s | Chorus(B) 153.2-163.3s | Bridge(C) 163.3-166.1s | Chorus(B) 166.1-191.9s | Chorus(B) 191.9-209.9s | Outro(D) 209.9-214.7s,"[{""start"": 0.0, ""end"": 15.98, ""duration"": 15.98, ""letter"": ""A"", ""name"": ""Intro""}, {""start"": 15.98, ""end"": 45.33, ""duration"": 29.35, ""letter"": ""B"", ""name"": ""Chorus""}, {""start"": 45.33, ""end"": 69.1, ""duration"": 23.78, ""letter"": ""B"", ""name"": ""Chorus""}, {""start"": 69.1, ""end"": 83.22, ""duration"": 14.12, ""letter"": ""B"", ""name"": ""Chorus""}, {""start"": 83.22, ""end"": 153.25, ""duration"": 70.03, ""letter"": ""B"", ""name"": ""Chorus""}, {""start"": 153.25, ""end"": 163.28, ""duration"": 10.03, ""letter"": ""B"", ""name"": ""Chorus""}, {""start"": 163.28, ""end"": 166.07, ""duration"": 2.79, ""letter"": ""C"", ""name"": ""Bridge""}, {""start"": 166.07, ""end"": 191.89, ""duration"": 25.82, ""letter"": ""B"", ""name"": ""Chorus""}, {""start"": 191.89, ""end"": 209.91, ""duration"": 18.02, ""letter"": ""B"", ""name"": ""Chorus""}, {""start"": 209.91, ""end"": 214.74, ""duration"": 4.83, ""letter"": ""D"", ""name"": ""Outro""}]",
Midnight Window Glow_job48_track2.mp3,10,Intro(A) 0.0-12.3s | Verse(B) 12.3-17.3s | Verse(C) 17.3-22.9s | Chorus(D) 22.9-42.5s | Chorus(D) 42.5-167.2s | Bridge(E) 167.2-170.0s | Chorus(D) 170.0-183.3s | Bridge(F) 183.3-188.9s | Chorus(D) 188.9-243.5s | Outro(G) 243.5-244.8s,"[{""start"": 0.0, ""end"": 12.26, ""duration"": 12.26, ""letter"": ""A"", ""name"": ""Intro""}, {""start"": 12.26, ""end"": 17.28, ""duration"": 5.02, ""letter"": ""B"", ""name"": ""Verse""}, {""start"": 17.28, ""end"": 22.85, ""duration"": 5.57, ""letter"": ""C"", ""name"": ""Verse""}, {""start"": 22.85, ""end"": 42.54, ""duration"": 19.69, ""letter"": ""D"", ""name"": ""Chorus""}, {""start"": 42.54, ""end"": 167.18, ""duration"": 124.64, ""letter"": ""D"", ""name"": ""Chorus""}, {""start"": 167.18, ""end"": 169.97, ""duration"": 2.79, ""letter"": ""E"", ""name"": ""Bridge""}, {""start"": 169.97, ""end"": 183.34, ""duration"": 13.37, ""letter"": ""D"", ""name"": ""Chorus""}, {""start"": 183.34, ""end"": 188.92, ""duration"": 5.57, ""letter"": ""F"", ""name"": ""Bridge""}, {""start"": 188.92, ""end"": 243.53, ""duration"": 54.61, ""letter"": ""D"", ""name"": ""Chorus""}, {""start"": 243.53, ""end"": 244.83, ""duration"": 1.3, ""letter"": ""G"", ""name"": ""Outro""}]",
Midnight Window Glow_job49_track1.mp3,10,Intro(A) 0.0-1.5s | Chorus(B) 1.5-19.7s | Chorus(B) 19.7-138.8s | Chorus(B) 138.8-155.7s | Verse(C) 155.7-160.9s | Chorus(B) 160.9-189.7s | Bridge(D) 189.7-195.6s | Verse(C) 195.6-197.7s | Chorus(B) 197.7-220.3s | Outro(E) 220.3-224.8s,"[{""start"": 0.0, ""end"": 1.49, ""duration"": 1.49, ""letter"": ""A"", ""name"": ""Intro""}, {""start"": 1.49, ""end"": 19.69, ""duration"": 18.2, ""letter"": ""B"", ""name"": ""Chorus""}, {""start"": 19.69, ""end"": 138.76, ""duration"": 119.07, ""letter"": ""B"", ""name"": ""Chorus""}, {""start"": 138.76, ""end"": 155.67, ""duration"": 16.9, ""letter"": ""B"", ""name"": ""Chorus""}, {""start"": 155.67, ""end"": 160.87, ""duration"": 5.2, ""letter"": ""C"", ""name"": ""Verse""}, {""start"": 160.87, ""end"": 189.66, ""duration"": 28.79, ""letter"": ""B"", ""name"": ""Chorus""}, {""start"": 189.66, ""end"": 195.6, ""duration"": 5.94, ""letter"": ""D"", ""name"": ""Bridge""}, {""start"": 195.6, ""end"": 197.65, ""duration"": 2.04, ""letter"": ""C"", ""name"": ""Verse""}, {""start"": 197.65, ""end"": 220.31, ""duration"": 22.66, ""letter"": ""B"", ""name"": ""Chorus""}, {""start"": 220.31, ""end"": 224.77, ""duration"": 4.46, ""letter"": ""E"", ""name"": ""Outro""}]",
Midnight Window Glow_job49_track2.mp3,10,Chorus(A) 0.0-4.3s | Verse(B) 4.3-5.0s | Chorus(A) 5.0-13.2s | Chorus(A) 13.2-16.9s | Chorus(A) 16.9-109.6s | Verse(C) 109.6-169.0s | Verse(C) 169.0-172.0s | Verse(C) 172.0-180.4s | Chorus(A) 180.4-233.5s | Chorus(A) 233.5-239.8s,"[{""start"": 0.0, ""end"": 4.27, ""duration"": 4.27, ""letter"": ""A"", ""name"": ""Chorus""}, {""start"": 4.27, ""end"": 5.02, ""duration"": 0.74, ""letter"": ""B"", ""name"": ""Verse""}, {""start"": 5.02, ""end"": 13.19, ""duration"": 8.17, ""letter"": ""A"", ""name"": ""Chorus""}, {""start"": 13.19, ""end"": 16.9, ""duration"": 3.72, ""letter"": ""A"", ""name"": ""Chorus""}, {""start"": 16.9, ""end"": 109.6, ""duration"": 92.69, ""letter"": ""A"", ""name"": ""Chorus""}, {""start"": 109.6, ""end"": 169.04, ""duration"": 59.44, ""letter"": ""C"", ""name"": ""Verse""}, {""start"": 169.04, ""end"": 172.01, ""duration"": 2.97, ""letter"": ""C"", ""name"": ""Verse""}, {""start"": 172.01, ""end"": 180.37, ""duration"": 8.36, ""letter"": ""C"", ""name"": ""Verse""}, {""start"": 180.37, ""end"": 233.5, ""duration"": 53.13, ""letter"": ""A"", ""name"": ""Chorus""}, {""start"": 233.5, ""end"": 239.82, ""duration"": 6.32, ""letter"": ""A"", ""name"": ""Chorus""}]",
Midnight Window Glow_job50_track1.mp3,10,Chorus(A) 0.0-12.3s | Chorus(A) 12.3-40.7s | Bridge(B) 40.7-41.6s | Chorus(A) 41.6-80.8s | Bridge(C) 80.8-82.1s | Bridge(D) 82.1-85.8s | Chorus(A) 85.8-98.6s | Chorus(A) 98.6-140.2s | Verse(E) 140.2-143.4s | Outro(F) 143.4-144.7s,"[{""start"": 0.0, ""end"": 12.26, ""duration"": 12.26, ""letter"": ""A"", ""name"": ""Chorus""}, {""start"": 12.26, ""end"": 40.68, ""duration"": 28.42, ""letter"": ""A"", ""name"": ""Chorus""}, {""start"": 40.68, ""end"": 41.61, ""duration"": 0.93, ""letter"": ""B"", ""name"": ""Bridge""}, {""start"": 41.61, ""end"": 80.81, ""duration"": 39.2, ""letter"": ""A"", ""name"": ""Chorus""}, {""start"": 80.81, ""end"": 82.11, ""duration"": 1.3, ""letter"": ""C"", ""name"": ""Bridge""}, {""start"": 82.11, ""end"": 85.82, ""duration"": 3.72, ""letter"": ""D"", ""name"": ""Bridge""}, {""start"": 85.82, ""end"": 98.64, ""duration"": 12.82, ""letter"": ""A"", ""name"": ""Chorus""}, {""start"": 98.64, ""end"": 140.25, ""duration"": 41.61, ""letter"": ""A"", ""name"": ""Chorus""}, {""start"": 140.25, ""end"": 143.41, ""duration"": 3.16, ""letter"": ""E"", ""name"": ""Verse""}, {""start"": 143.41, ""end"": 144.71, ""duration"": 1.3, ""letter"": ""F"", ""name"": ""Outro""}]",
Midnight Window Glow_job50_track2.mp3,10,Chorus(A) 0.0-45.1s | Chorus(A) 45.1-67.1s | Chorus(A) 67.1-96.4s | Chorus(A) 96.4-110.7s | Bridge(B) 110.7-117.6s | Chorus(A) 117.6-137.8s | Bridge(C) 137.8-145.3s | Chorus(A) 145.3-160.7s | Verse(D) 160.7-163.1s | Outro(E) 163.1-164.4s,"[{""start"": 0.0, ""end"": 45.14, ""duration"": 45.14, ""letter"": ""A"", ""name"": ""Chorus""}, {""start"": 45.14, ""end"": 67.06, ""duration"": 21.92, ""letter"": ""A"", ""name"": ""Chorus""}, {""start"": 67.06, ""end"": 96.41, ""duration"": 29.35, ""letter"": ""A"", ""name"": ""Chorus""}, {""start"": 96.41, ""end"": 110.71, ""duration"": 14.3, ""letter"": ""A"", ""name"": ""Chorus""}, {""start"": 110.71, ""end"": 117.59, ""duration"": 6.87, ""letter"": ""B"", ""name"": ""Bridge""}, {""start"": 117.59, ""end"": 137.83, ""duration"": 20.25, ""letter"": ""A"", ""name"": ""Chorus""}, {""start"": 137.83, ""end"": 145.26, ""duration"": 7.43, ""letter"": ""C"", ""name"": ""Bridge""}, {""start"": 145.26, ""end"": 160.68, ""duration"": 15.42, ""letter"": ""A"", ""name"": ""Chorus""}, {""start"": 160.68, ""end"": 163.1, ""duration"": 2.41, ""letter"": ""D"", ""name"": ""Verse""}, {""start"": 163.1, ""end"": 164.4, ""duration"": 1.3, ""letter"": ""E"", ""name"": ""Outro""}]",
Midnight Window Glow_job7_track2.mp3,10,Intro(A) 0.0-1.1s | Chorus(B) 1.1-11.9s | Chorus(B) 11.9-91.8s | Chorus(B) 91.8-101.6s | Chorus(B) 101.6-170.7s | Verse(C) 170.7-190.0s | Chorus(B) 190.0-192.3s | Verse(C) 192.3-206.4s | Chorus(B) 206.4-253.0s | Outro(D) 253.0-257.8s,"[{""start"": 0.0, ""end"": 1.11, ""duration"": 1.11, ""letter"": ""A"", ""name"": ""Intro""}, {""start"": 1.11, ""end"": 11.89, ""duration"": 10.77, ""letter"": ""B"", ""name"": ""Chorus""}, {""start"": 11.89, ""end"": 91.77, ""duration"": 79.88, ""letter"": ""B"", ""name"": ""Chorus""}, {""start"": 91.77, ""end"": 101.61, ""duration"": 9.85, ""letter"": ""B"", ""name"": ""Chorus""}, {""start"": 101.61, ""end"": 170.71, ""duration"": 69.1, ""letter"": ""B"", ""name"": ""Chorus""}, {""start"": 170.71, ""end"": 190.03, ""duration"": 19.32, ""letter"": ""C"", ""name"": ""Verse""}, {""start"": 190.03, ""end"": 192.26, ""duration"": 2.23, ""letter"": ""B"", ""name"": ""Chorus""}, {""start"": 192.26, ""end"": 206.38, ""duration"": 14.12, ""letter"": ""C"", ""name"": ""Verse""}, {""start"": 206.38, ""end"": 253.0, ""duration"": 46.63, ""letter"": ""B"", ""name"": ""Chorus""}, {""start"": 253.0, ""end"": 257.83, ""duration"": 4.83, ""letter"": ""D"", ""name"": ""Outro""}]",
Midnight Window Light.mp3,10,Verse(A) 0.0-18.8s | Chorus(B) 18.8-23.2s | Chorus(B) 23.2-26.9s | Verse(A) 26.9-36.2s | Chorus(B) 36.2-44.2s | Verse(A) 44.2-89.5s | Chorus(B) 89.5-97.3s | Verse(A) 97.3-180.7s | Chorus(B) 180.7-189.8s | Outro(C) 189.8-197.5s,"[{""start"": 0.0, ""end"": 18.76, ""duration"": 18.76, ""letter"": ""A"", ""name"": ""Verse""}, {""start"": 18.76, ""end"": 23.22, ""duration"": 4.46, ""letter"": ""B"", ""name"": ""Chorus""}, {""start"": 23.22, ""end"": 26.94, ""duration"": 3.72, ""letter"": ""B"", ""name"": ""Chorus""}, {""start"": 26.94, ""end"": 36.22, ""duration"": 9.29, ""letter"": ""A"", ""name"": ""Verse""}, {""start"": 36.22, ""end"": 44.21, ""duration"": 7.99, ""letter"": ""B"", ""name"": ""Chorus""}, {""start"": 44.21, ""end"": 89.54, ""duration"": 45.33, ""letter"": ""A"", ""name"": ""Verse""}, {""start"": 89.54, ""end"": 97.34, ""duration"": 7.8, ""letter"": ""B"", ""name"": ""Chorus""}, {""start"": 97.34, ""end"": 180.74, ""duration"": 83.41, ""letter"": ""A"", ""name"": ""Verse""}, {""start"": 180.74, ""end"": 189.85, ""duration"": 9.1, ""letter"": ""B"", ""name"": ""Chorus""}, {""start"": 189.85, ""end"": 197.46, ""duration"": 7.62, ""letter"": ""C"", ""name"": ""Outro""}]",
Midnight Window Light_job17_track1.mp3,10,Chorus(A) 0.0-31.2s | Verse(B) 31.2-32.3s | Chorus(A) 32.3-56.7s | Verse(B) 56.7-57.8s | Chorus(A) 57.8-80.1s | Bridge(C) 80.1-84.9s | Chorus(A) 84.9-142.1s | Chorus(A) 142.1-151.6s | Chorus(A) 151.6-179.1s | Outro(D) 179.1-179.8s,"[{""start"": 0.0, ""end"": 31.21, ""duration"": 31.21, ""letter"": ""A"", ""name"": ""Chorus""}, {""start"": 31.21, ""end"": 32.32, ""duration"": 1.11, ""letter"": ""B"", ""name"": ""Verse""}, {""start"": 32.32, ""end"": 56.66, ""duration"": 24.33, ""letter"": ""A"", ""name"": ""Chorus""}, {""start"": 56.66, ""end"": 57.77, ""duration"": 1.11, ""letter"": ""B"", ""name"": ""Verse""}, {""start"": 57.77, ""end"": 80.06, ""duration"": 22.29, ""letter"": ""A"", ""name"": ""Chorus""}, {""start"": 80.06, ""end"": 84.89, ""duration"": 4.83, ""letter"": ""C"", ""name"": ""Bridge""}, {""start"": 84.89, ""end"": 142.11, ""duration"": 57.21, ""letter"": ""A"", ""name"": ""Chorus""}, {""start"": 142.11, ""end"": 151.58, ""duration"": 9.47, ""letter"": ""A"", ""name"": ""Chorus""}, {""start"": 151.58, ""end"": 179.07, ""duration"": 27.49, ""letter"": ""A"", ""name"": ""Chorus""}, {""start"": 179.07, ""end"": 179.82, ""duration"": 0.74, ""letter"": ""D"", ""name"": ""Outro""}]",
Midnight Window Light_job17_track2.mp3,10,Chorus(A) 0.0-91.4s | Chorus(A) 91.4-116.3s | Chorus(A) 116.3-132.3s | Verse(B) 132.3-136.7s | Chorus(A) 136.7-143.2s | Verse(B) 143.2-147.1s | Chorus(A) 147.1-162.7s | Verse(B) 162.7-167.2s | Chorus(A) 167.2-236.7s | Chorus(A) 236.7-244.7s,"[{""start"": 0.0, ""end"": 91.39, ""duration"": 91.39, ""letter"": ""A"", ""name"": ""Chorus""}, {""start"": 91.39, ""end"": 116.29, ""duration"": 24.89, ""letter"": ""A"", ""name"": ""Chorus""}, {""start"": 116.29, ""end"": 132.26, ""duration"": 15.98, ""letter"": ""A"", ""name"": ""Chorus""}, {""start"": 132.26, ""end"": 136.72, ""duration"": 4.46, ""letter"": ""B"", ""name"": ""Verse""}, {""start"": 136.72, ""end"": 143.22, ""duration"": 6.5, ""letter"": ""A"", ""name"": ""Chorus""}, {""start"": 143.22, ""end"": 147.12, ""duration"": 3.9, ""letter"": ""B"", ""name"": ""Verse""}, {""start"": 147.12, ""end"": 162.73, ""duration"": 15.6, ""letter"": ""A"", ""name"": ""Chorus""}, {""start"": 162.73, ""end"": 167.18, ""duration"": 4.46, ""letter"": ""B"", ""name"": ""Verse""}, {""start"": 167.18, ""end"": 236.66, ""duration"": 69.47, ""letter"": ""A"", ""name"": ""Chorus""}, {""start"": 236.66, ""end"": 244.65, ""duration"": 7.99, ""letter"": ""A"", ""name"": ""Chorus""}]",
Midnight Window Light_job18_track1.mp3,10,Chorus(A) 0.0-52.2s | Verse(B) 52.2-53.7s | Chorus(A) 53.7-121.5s | Verse(B) 121.5-122.8s | Chorus(A) 122.8-156.6s | Bridge(C) 156.6-158.8s | Chorus(A) 158.8-169.0s | Bridge(D) 169.0-170.9s | Chorus(A) 170.9-241.3s | Chorus(A) 241.3-244.8s,"[{""start"": 0.0, ""end"": 52.2, ""duration"": 52.2, ""letter"": ""A"", ""name"": ""Chorus""}, {""start"": 52.2, ""end"": 53.68, ""duration"": 1.49, ""letter"": ""B"", ""name"": ""Verse""}, {""start"": 53.68, ""end"": 121.49, ""duration"": 67.8, ""letter"": ""A"", ""name"": ""Chorus""}, {""start"": 121.49, ""end"": 122.79, ""duration"": 1.3, ""letter"": ""B"", ""name"": ""Verse""}, {""start"": 122.79, ""end"": 156.6, ""duration"": 33.81, ""letter"": ""A"", ""name"": ""Chorus""}, {""start"": 156.6, ""end"": 158.82, ""duration"": 2.23, ""letter"": ""C"", ""name"": ""Bridge""}, {""start"": 158.82, ""end"": 169.04, ""duration"": 10.22, ""letter"": ""A"", ""name"": ""Chorus""}, {""start"": 169.04, ""end"": 170.9, ""duration"": 1.86, ""letter"": ""D"", ""name"": ""Bridge""}, {""start"": 170.9, ""end"": 241.3, ""duration"": 70.4, ""letter"": ""A"", ""name"": ""Chorus""}, {""start"": 241.3, ""end"": 244.83, ""duration"": 3.53, ""letter"": ""A"", ""name"": ""Chorus""}]",
Midnight Window Light_job18_track2.mp3,10,Chorus(A) 0.0-24.0s | Chorus(A) 24.0-39.4s | Verse(B) 39.4-40.1s | Chorus(A) 40.1-79.9s | Chorus(A) 79.9-106.6s | Chorus(A) 106.6-146.6s | Chorus(A) 146.6-163.7s | Chorus(A) 163.7-217.0s | Chorus(A) 217.0-220.9s | Outro(C) 220.9-223.8s,"[{""start"": 0.0, ""end"": 23.96, ""duration"": 23.96, ""letter"": ""A"", ""name"": ""Chorus""}, {""start"": 23.96, ""end"": 39.38, ""duration"": 15.42, ""letter"": ""A"", ""name"": ""Chorus""}, {""start"": 39.38, ""end"": 40.12, ""duration"": 0.74, ""letter"": ""B"", ""name"": ""Verse""}, {""start"": 40.12, ""end"": 79.88, ""duration"": 39.75, ""letter"": ""A"", ""name"": ""Chorus""}, {""start"": 79.88, ""end"": 106.63, ""duration"": 26.75, ""letter"": ""A"", ""name"": ""Chorus""}, {""start"": 106.63, ""end"": 146.56, ""duration"": 39.94, ""letter"": ""A"", ""name"": ""Chorus""}, {""start"": 146.56, ""end"": 163.65, ""duration"": 17.09, ""letter"": ""A"", ""name"": ""Chorus""}, {""start"": 163.65, ""end"": 216.97, ""duration"": 53.31, ""letter"": ""A"", ""name"": ""Chorus""}, {""start"": 216.97, ""end"": 220.87, ""duration"": 3.9, ""letter"": ""A"", ""name"": ""Chorus""}, {""start"": 220.87, ""end"": 223.84, ""duration"": 2.97, ""letter"": ""C"", ""name"": ""Outro""}]",
Midnight Window Light_job21_track1.mp3,10,Chorus(A) 0.0-16.4s | Chorus(A) 16.4-93.8s | Chorus(A) 93.8-110.2s | Chorus(A) 110.2-122.0s | Chorus(A) 122.0-131.2s | Chorus(A) 131.2-181.1s | Verse(B) 181.1-182.4s | Chorus(A) 182.4-190.0s | Verse(C) 190.0-192.3s | Outro(D) 192.3-198.4s,"[{""start"": 0.0, ""end"": 16.35, ""duration"": 16.35, ""letter"": ""A"", ""name"": ""Chorus""}, {""start"": 16.35, ""end"": 93.81, ""duration"": 77.46, ""letter"": ""A"", ""name"": ""Chorus""}, {""start"": 93.81, ""end"": 110.16, ""duration"": 16.35, ""letter"": ""A"", ""name"": ""Chorus""}, {""start"": 110.16, ""end"": 122.04, ""duration"": 11.89, ""letter"": ""A"", ""name"": ""Chorus""}, {""start"": 122.04, ""end"": 131.15, ""duration"": 9.1, ""letter"": ""A"", ""name"": ""Chorus""}, {""start"": 131.15, ""end"": 181.12, ""duration"": 49.97, ""letter"": ""A"", ""name"": ""Chorus""}, {""start"": 181.12, ""end"": 182.42, ""duration"": 1.3, ""letter"": ""B"", ""name"": ""Verse""}, {""start"": 182.42, ""end"": 190.03, ""duration"": 7.62, ""letter"": ""A"", ""name"": ""Chorus""}, {""start"": 190.03, ""end"": 192.26, ""duration"": 2.23, ""letter"": ""C"", ""name"": ""Verse""}, {""start"": 192.26, ""end"": 198.39, ""duration"": 6.13, ""letter"": ""D"", ""name"": ""Outro""}]",
Midnight Window Light_job21_track2.mp3,10,Chorus(A) 0.0-21.0s | Chorus(A) 21.0-122.4s | Chorus(A) 122.4-143.0s | Bridge(B) 143.0-145.6s | Chorus(A) 145.6-162.7s | Bridge(C) 162.7-163.8s | Chorus(A) 163.8-182.6s | Verse(D) 182.6-184.5s | Chorus(A) 184.5-193.0s | Outro(E) 193.0-201.9s,"[{""start"": 0.0, ""end"": 20.99, ""duration"": 20.99, ""letter"": ""A"", ""name"": ""Chorus""}, {""start"": 20.99, ""end"": 122.42, ""duration"": 101.42, ""letter"": ""A"", ""name"": ""Chorus""}, {""start"": 122.42, ""end"": 143.03, ""duration"": 20.62, ""letter"": ""A"", ""name"": ""Chorus""}, {""start"": 143.03, ""end"": 145.64, ""duration"": 2.6, ""letter"": ""B"", ""name"": ""Bridge""}, {""start"": 145.64, ""end"": 162.73, ""duration"": 17.09, ""letter"": ""A"", ""name"": ""Chorus""}, {""start"": 162.73, ""end"": 163.84, ""duration"": 1.11, ""letter"": ""C"", ""name"": ""Bridge""}, {""start"": 163.84, ""end"": 182.6, ""duration"": 18.76, ""letter"": ""A"", ""name"": ""Chorus""}, {""start"": 182.6, ""end"": 184.46, ""duration"": 1.86, ""letter"": ""D"", ""name"": ""Verse""}, {""start"": 184.46, ""end"": 193.0, ""duration"": 8.54, ""letter"": ""A"", ""name"": ""Chorus""}, {""start"": 193.0, ""end"": 201.92, ""duration"": 8.92, ""letter"": ""E"", ""name"": ""Outro""}]",
Midnight Window Light_job22_track1.mp3,10,Chorus(A) 0.0-28.1s | Verse(B) 28.1-30.5s | Chorus(A) 30.5-51.5s | Bridge(C) 51.5-54.1s | Chorus(A) 54.1-87.1s | Chorus(A) 87.1-141.4s | Bridge(D) 141.4-154.6s | Chorus(A) 154.6-165.7s | Chorus(A) 165.7-193.2s | Outro(E) 193.2-194.7s,"[{""start"": 0.0, ""end"": 28.05, ""duration"": 28.05, ""letter"": ""A"", ""name"": ""Chorus""}, {""start"": 28.05, ""end"": 30.46, ""duration"": 2.41, ""letter"": ""B"", ""name"": ""Verse""}, {""start"": 30.46, ""end"": 51.46, ""duration"": 20.99, ""letter"": ""A"", ""name"": ""Chorus""}, {""start"": 51.46, ""end"": 54.06, ""duration"": 2.6, ""letter"": ""C"", ""name"": ""Bridge""}, {""start"": 54.06, ""end"": 87.12, ""duration"": 33.07, ""letter"": ""A"", ""name"": ""Chorus""}, {""start"": 87.12, ""end"": 141.36, ""duration"": 54.24, ""letter"": ""A"", ""name"": ""Chorus""}, {""start"": 141.36, ""end"": 154.55, ""duration"": 13.19, ""letter"": ""D"", ""name"": ""Bridge""}, {""start"": 154.55, ""end"": 165.7, ""duration"": 11.15, ""letter"": ""A"", ""name"": ""Chorus""}, {""start"": 165.7, ""end"": 193.19, ""duration"": 27.49, ""letter"": ""A"", ""name"": ""Chorus""}, {""start"": 193.19, ""end"": 194.68, ""duration"": 1.49, ""letter"": ""E"", ""name"": ""Outro""}]",
Midnight Window Light_job22_track2.mp3,10,Chorus(A) 0.0-50.2s | Bridge(B) 50.2-53.9s | Chorus(A) 53.9-89.7s | Bridge(C) 89.7-93.4s | Chorus(A) 93.4-124.6s | Bridge(D) 124.6-128.6s | Chorus(A) 128.6-159.6s | Verse(E) 159.6-160.9s | Verse(F) 160.9-162.3s | Chorus(A) 162.3-167.0s,"[{""start"": 0.0, ""end"": 50.16, ""duration"": 50.16, ""letter"": ""A"", ""name"": ""Chorus""}, {""start"": 50.16, ""end"": 53.87, ""duration"": 3.72, ""letter"": ""B"", ""name"": ""Bridge""}, {""start"": 53.87, ""end"": 89.72, ""duration"": 35.85, ""letter"": ""A"", ""name"": ""Chorus""}, {""start"": 89.72, ""end"": 93.44, ""duration"": 3.72, ""letter"": ""C"", ""name"": ""Bridge""}, {""start"": 93.44, ""end"": 124.64, ""duration"": 31.21, ""letter"": ""A"", ""name"": ""Chorus""}, {""start"": 124.64, ""end"": 128.55, ""duration"": 3.9, ""letter"": ""D"", ""name"": ""Bridge""}, {""start"": 128.55, ""end"": 159.57, ""duration"": 31.02, ""letter"": ""A"", ""name"": ""Chorus""}, {""start"": 159.57, ""end"": 160.87, ""duration"": 1.3, ""letter"": ""E"", ""name"": ""Verse""}, {""start"": 160.87, ""end"": 162.35, ""duration"": 1.49, ""letter"": ""F"", ""name"": ""Verse""}, {""start"": 162.35, ""end"": 167.0, ""duration"": 4.64, ""letter"": ""A"", ""name"": ""Chorus""}]",
Midnight Window Light_job27_track1.mp3,10,Chorus(A) 0.0-67.4s | Bridge(B) 67.4-70.2s | Chorus(A) 70.2-81.0s | Bridge(C) 81.0-84.0s | Chorus(A) 84.0-123.7s | Chorus(A) 123.7-145.1s | Chorus(A) 145.1-189.1s | Chorus(A) 189.1-196.5s | Chorus(A) 196.5-209.9s | Outro(D) 209.9-214.7s,"[{""start"": 0.0, ""end"": 67.43, ""duration"": 67.43, ""letter"": ""A"", ""name"": ""Chorus""}, {""start"": 67.43, ""end"": 70.22, ""duration"": 2.79, ""letter"": ""B"", ""name"": ""Bridge""}, {""start"": 70.22, ""end"": 80.99, ""duration"": 10.77, ""letter"": ""A"", ""name"": ""Chorus""}, {""start"": 80.99, ""end"": 83.96, ""duration"": 2.97, ""letter"": ""C"", ""name"": ""Bridge""}, {""start"": 83.96, ""end"": 123.72, ""duration"": 39.75, ""letter"": ""A"", ""name"": ""Chorus""}, {""start"": 123.72, ""end"": 145.08, ""duration"": 21.36, ""letter"": ""A"", ""name"": ""Chorus""}, {""start"": 145.08, ""end"": 189.1, ""duration"": 44.03, ""letter"": ""A"", ""name"": ""Chorus""}, {""start"": 189.1, ""end"": 196.53, ""duration"": 7.43, ""letter"": ""A"", ""name"": ""Chorus""}, {""start"": 196.53, ""end"": 209.91, ""duration"": 13.37, ""letter"": ""A"", ""name"": ""Chorus""}, {""start"": 209.91, ""end"": 214.74, ""duration"": 4.83, ""letter"": ""D"", ""name"": ""Outro""}]",
Midnight Window Light_job27_track2.mp3,10,Chorus(A) 0.0-17.6s | Chorus(A) 17.6-49.0s | Verse(B) 49.0-52.2s | Chorus(A) 52.2-99.8s | Chorus(A) 99.8-166.6s | Bridge(C) 166.6-170.2s | Chorus(A) 170.2-193.2s | Bridge(D) 193.2-197.1s | Chorus(A) 197.1-244.5s | Outro(E) 244.5-253.6s,"[{""start"": 0.0, ""end"": 17.65, ""duration"": 17.65, ""letter"": ""A"", ""name"": ""Chorus""}, {""start"": 17.65, ""end"": 49.04, ""duration"": 31.39, ""letter"": ""A"", ""name"": ""Chorus""}, {""start"": 49.04, ""end"": 52.2, ""duration"": 3.16, ""letter"": ""B"", ""name"": ""Verse""}, {""start"": 52.2, ""end"": 99.75, ""duration"": 47.55, ""letter"": ""A"", ""name"": ""Chorus""}, {""start"": 99.75, ""end"": 166.63, ""duration"": 66.87, ""letter"": ""A"", ""name"": ""Chorus""}, {""start"": 166.63, ""end"": 170.16, ""duration"": 3.53, ""letter"": ""C"", ""name"": ""Bridge""}, {""start"": 170.16, ""end"": 193.19, ""duration"": 23.03, ""letter"": ""A"", ""name"": ""Chorus""}, {""start"": 193.19, ""end"": 197.09, ""duration"": 3.9, ""letter"": ""D"", ""name"": ""Bridge""}, {""start"": 197.09, ""end"": 244.46, ""duration"": 47.37, ""letter"": ""A"", ""name"": ""Chorus""}, {""start"": 244.46, ""end"": 253.56, ""duration"": 9.1, ""letter"": ""E"", ""name"": ""Outro""}]",
Midnight Window Light_job28_track1.mp3,10,Chorus(A) 0.0-27.9s | Chorus(A) 27.9-52.9s | Chorus(A) 52.9-72.1s | Chorus(A) 72.1-83.4s | Chorus(A) 83.4-98.5s | Chorus(A) 98.5-188.0s | Chorus(A) 188.0-218.1s | Verse(B) 218.1-221.8s | Chorus(A) 221.8-237.6s | Outro(C) 237.6-243.3s,"[{""start"": 0.0, ""end"": 27.86, ""duration"": 27.86, ""letter"": ""A"", ""name"": ""Chorus""}, {""start"": 27.86, ""end"": 52.94, ""duration"": 25.08, ""letter"": ""A"", ""name"": ""Chorus""}, {""start"": 52.94, ""end"": 72.07, ""duration"": 19.13, ""letter"": ""A"", ""name"": ""Chorus""}, {""start"": 72.07, ""end"": 83.41, ""duration"": 11.33, ""letter"": ""A"", ""name"": ""Chorus""}, {""start"": 83.41, ""end"": 98.45, ""duration"": 15.05, ""letter"": ""A"", ""name"": ""Chorus""}, {""start"": 98.45, ""end"": 187.99, ""duration"": 89.54, ""letter"": ""A"", ""name"": ""Chorus""}, {""start"": 187.99, ""end"": 218.08, ""duration"": 30.09, ""letter"": ""A"", ""name"": ""Chorus""}, {""start"": 218.08, ""end"": 221.8, ""duration"": 3.72, ""letter"": ""B"", ""name"": ""Verse""}, {""start"": 221.8, ""end"": 237.59, ""duration"": 15.79, ""letter"": ""A"", ""name"": ""Chorus""}, {""start"": 237.59, ""end"": 243.35, ""duration"": 5.76, ""letter"": ""C"", ""name"": ""Outro""}]",
Midnight Window Light_job28_track2.mp3,10,Chorus(A) 0.0-48.7s | Verse(B) 48.7-52.4s | Chorus(A) 52.4-118.9s | Bridge(C) 118.9-120.4s | Chorus(A) 120.4-172.4s | Verse(B) 172.4-176.5s | Chorus(A) 176.5-235.7s | Verse(D) 235.7-239.4s | Verse(E) 239.4-243.0s | Outro(F) 243.0-244.3s,"[{""start"": 0.0, ""end"": 48.67, ""duration"": 48.67, ""letter"": ""A"", ""name"": ""Chorus""}, {""start"": 48.67, ""end"": 52.38, ""duration"": 3.72, ""letter"": ""B"", ""name"": ""Verse""}, {""start"": 52.38, ""end"": 118.89, ""duration"": 66.5, ""letter"": ""A"", ""name"": ""Chorus""}, {""start"": 118.89, ""end"": 120.37, ""duration"": 1.49, ""letter"": ""C"", ""name"": ""Bridge""}, {""start"": 120.37, ""end"": 172.38, ""duration"": 52.01, ""letter"": ""A"", ""name"": ""Chorus""}, {""start"": 172.38, ""end"": 176.47, ""duration"": 4.09, ""letter"": ""B"", ""name"": ""Verse""}, {""start"": 176.47, ""end"": 235.73, ""duration"": 59.26, ""letter"": ""A"", ""name"": ""Chorus""}, {""start"": 235.73, ""end"": 239.44, ""duration"": 3.72, ""letter"": ""D"", ""name"": ""Verse""}, {""start"": 239.44, ""end"": 242.97, ""duration"": 3.53, ""letter"": ""E"", ""name"": ""Verse""}, {""start"": 242.97, ""end"": 244.27, ""duration"": 1.3, ""letter"": ""F"", ""name"": ""Outro""}]",
Midnight Window Light_job34_track1.mp3,10,Chorus(A) 0.0-11.3s | Chorus(A) 11.3-65.6s | Chorus(A) 65.6-71.7s | Chorus(A) 71.7-95.5s | Chorus(A) 95.5-143.4s | Bridge(B) 143.4-149.5s | Bridge(C) 149.5-151.2s | Chorus(A) 151.2-180.7s | Verse(D) 180.7-191.5s | Chorus(A) 191.5-204.2s,"[{""start"": 0.0, ""end"": 11.33, ""duration"": 11.33, ""letter"": ""A"", ""name"": ""Chorus""}, {""start"": 11.33, ""end"": 65.57, ""duration"": 54.24, ""letter"": ""A"", ""name"": ""Chorus""}, {""start"": 65.57, ""end"": 71.7, ""duration"": 6.13, ""letter"": ""A"", ""name"": ""Chorus""}, {""start"": 71.7, ""end"": 95.48, ""duration"": 23.78, ""letter"": ""A"", ""name"": ""Chorus""}, {""start"": 95.48, ""end"": 143.41, ""duration"": 47.93, ""letter"": ""A"", ""name"": ""Chorus""}, {""start"": 143.41, ""end"": 149.54, ""duration"": 6.13, ""letter"": ""B"", ""name"": ""Bridge""}, {""start"": 149.54, ""end"": 151.21, ""duration"": 1.67, ""letter"": ""C"", ""name"": ""Bridge""}, {""start"": 151.21, ""end"": 180.74, ""duration"": 29.54, ""letter"": ""A"", ""name"": ""Chorus""}, {""start"": 180.74, ""end"": 191.52, ""duration"": 10.77, ""letter"": ""D"", ""name"": ""Verse""}, {""start"": 191.52, ""end"": 204.15, ""duration"": 12.63, ""letter"": ""A"", ""name"": ""Chorus""}]",
Midnight Window Light_job34_track2.mp3,10,Chorus(A) 0.0-45.3s | Verse(B) 45.3-46.8s | Chorus(A) 46.8-135.2s | Bridge(C) 135.2-139.1s | Chorus(A) 139.1-158.3s | Chorus(A) 158.3-172.8s | Verse(D) 172.8-174.6s | Chorus(A) 174.6-177.8s | Verse(D) 177.8-180.4s | Outro(E) 180.4-184.8s,"[{""start"": 0.0, ""end"": 45.33, ""duration"": 45.33, ""letter"": ""A"", ""name"": ""Chorus""}, {""start"": 45.33, ""end"": 46.81, ""duration"": 1.49, ""letter"": ""B"", ""name"": ""Verse""}, {""start"": 46.81, ""end"": 135.23, ""duration"": 88.42, ""letter"": ""A"", ""name"": ""Chorus""}, {""start"": 135.23, ""end"": 139.13, ""duration"": 3.9, ""letter"": ""C"", ""name"": ""Bridge""}, {""start"": 139.13, ""end"": 158.27, ""duration"": 19.13, ""letter"": ""A"", ""name"": ""Chorus""}, {""start"": 158.27, ""end"": 172.76, ""duration"": 14.49, ""letter"": ""A"", ""name"": ""Chorus""}, {""start"": 172.76, ""end"": 174.61, ""duration"": 1.86, ""letter"": ""D"", ""name"": ""Verse""}, {""start"": 174.61, ""end"": 177.77, ""duration"": 3.16, ""letter"": ""A"", ""name"": ""Chorus""}, {""start"": 177.77, ""end"": 180.37, ""duration"": 2.6, ""letter"": ""D"", ""name"": ""Verse""}, {""start"": 180.37, ""end"": 184.83, ""duration"": 4.46, ""letter"": ""E"", ""name"": ""Outro""}]",
Midnight Window Light_job5_track2.mp3,10,Chorus(A) 0.0-19.9s | Chorus(A) 19.9-62.8s | Verse(B) 62.8-66.3s | Chorus(A) 66.3-86.9s | Bridge(C) 86.9-89.0s | Chorus(A) 89.0-153.2s | Verse(B) 153.2-156.4s | Chorus(A) 156.4-181.1s | Verse(D) 181.1-183.9s | Outro(E) 183.9-191.2s,"[{""start"": 0.0, ""end"": 19.88, ""duration"": 19.88, ""letter"": ""A"", ""name"": ""Chorus""}, {""start"": 19.88, ""end"": 62.79, ""duration"": 42.91, ""letter"": ""A"", ""name"": ""Chorus""}, {""start"": 62.79, ""end"": 66.32, ""duration"": 3.53, ""letter"": ""B"", ""name"": ""Verse""}, {""start"": 66.32, ""end"": 86.94, ""duration"": 20.62, ""letter"": ""A"", ""name"": ""Chorus""}, {""start"": 86.94, ""end"": 88.98, ""duration"": 2.04, ""letter"": ""C"", ""name"": ""Bridge""}, {""start"": 88.98, ""end"": 153.25, ""duration"": 64.27, ""letter"": ""A"", ""name"": ""Chorus""}, {""start"": 153.25, ""end"": 156.41, ""duration"": 3.16, ""letter"": ""B"", ""name"": ""Verse""}, {""start"": 156.41, ""end"": 181.12, ""duration"": 24.71, ""letter"": ""A"", ""name"": ""Chorus""}, {""start"": 181.12, ""end"": 183.9, ""duration"": 2.79, ""letter"": ""D"", ""name"": ""Verse""}, {""start"": 183.9, ""end"": 191.15, ""duration"": 7.24, ""letter"": ""E"", ""name"": ""Outro""}]",
Midnight Window Seat.mp3,10,Chorus(A) 0.0-38.6s | Verse(B) 38.6-40.1s | Chorus(A) 40.1-89.7s | Bridge(C) 89.7-94.9s | Chorus(A) 94.9-117.4s | Bridge(D) 117.4-121.7s | Chorus(A) 121.7-159.9s | Verse(B) 159.9-161.2s | Chorus(A) 161.2-200.8s | Chorus(A) 200.8-208.1s,"[{""start"": 0.0, ""end"": 38.64, ""duration"": 38.64, ""letter"": ""A"", ""name"": ""Chorus""}, {""start"": 38.64, ""end"": 40.12, ""duration"": 1.49, ""letter"": ""B"", ""name"": ""Verse""}, {""start"": 40.12, ""end"": 89.72, ""duration"": 49.6, ""letter"": ""A"", ""name"": ""Chorus""}, {""start"": 89.72, ""end"": 94.92, ""duration"": 5.2, ""letter"": ""C"", ""name"": ""Bridge""}, {""start"": 94.92, ""end"": 117.4, ""duration"": 22.48, ""letter"": ""A"", ""name"": ""Chorus""}, {""start"": 117.4, ""end"": 121.67, ""duration"": 4.27, ""letter"": ""D"", ""name"": ""Bridge""}, {""start"": 121.67, ""end"": 159.94, ""duration"": 38.27, ""letter"": ""A"", ""name"": ""Chorus""}, {""start"": 159.94, ""end"": 161.24, ""duration"": 1.3, ""letter"": ""B"", ""name"": ""Verse""}, {""start"": 161.24, ""end"": 200.81, ""duration"": 39.57, ""letter"": ""A"", ""name"": ""Chorus""}, {""start"": 200.81, ""end"": 208.05, ""duration"": 7.24, ""letter"": ""A"", ""name"": ""Chorus""}]",
Midnight Window Seat_job1_track2.mp3,10,Chorus(A) 0.0-12.3s | Chorus(A) 12.3-37.5s | Verse(B) 37.5-40.9s | Bridge(C) 40.9-41.8s | Chorus(A) 41.8-62.8s | Chorus(A) 62.8-65.6s | Chorus(A) 65.6-124.3s | Chorus(A) 124.3-147.5s | Verse(B) 147.5-148.8s | Chorus(A) 148.8-150.5s,"[{""start"": 0.0, ""end"": 12.26, ""duration"": 12.26, ""letter"": ""A"", ""name"": ""Chorus""}, {""start"": 12.26, ""end"": 37.52, ""duration"": 25.26, ""letter"": ""A"", ""name"": ""Chorus""}, {""start"": 37.52, ""end"": 40.87, ""duration"": 3.34, ""letter"": ""B"", ""name"": ""Verse""}, {""start"": 40.87, ""end"": 41.8, ""duration"": 0.93, ""letter"": ""C"", ""name"": ""Bridge""}, {""start"": 41.8, ""end"": 62.79, ""duration"": 20.99, ""letter"": ""A"", ""name"": ""Chorus""}, {""start"": 62.79, ""end"": 65.57, ""duration"": 2.79, ""letter"": ""A"", ""name"": ""Chorus""}, {""start"": 65.57, ""end"": 124.27, ""duration"": 58.7, ""letter"": ""A"", ""name"": ""Chorus""}, {""start"": 124.27, ""end"": 147.49, ""duration"": 23.22, ""letter"": ""A"", ""name"": ""Chorus""}, {""start"": 147.49, ""end"": 148.79, ""duration"": 1.3, ""letter"": ""B"", ""name"": ""Verse""}, {""start"": 148.79, ""end"": 150.47, ""duration"": 1.67, ""letter"": ""A"", ""name"": ""Chorus""}]",
Midnight Window Seat_job2_track1.mp3,10,Intro(A) 0.0-4.3s | Chorus(B) 4.3-65.9s | Bridge(C) 65.9-68.9s | Chorus(B) 68.9-130.0s | Chorus(B) 130.0-149.2s | Verse(A) 149.2-162.7s | Verse(D) 162.7-169.4s | Verse(E) 169.4-171.6s | Chorus(B) 171.6-187.1s | Outro(F) 187.1-189.7s,"[{""start"": 0.0, ""end"": 4.27, ""duration"": 4.27, ""letter"": ""A"", ""name"": ""Intro""}, {""start"": 4.27, ""end"": 65.94, ""duration"": 61.67, ""letter"": ""B"", ""name"": ""Chorus""}, {""start"": 65.94, ""end"": 68.92, ""duration"": 2.97, ""letter"": ""C"", ""name"": ""Bridge""}, {""start"": 68.92, ""end"": 130.03, ""duration"": 61.11, ""letter"": ""B"", ""name"": ""Chorus""}, {""start"": 130.03, ""end"": 149.16, ""duration"": 19.13, ""letter"": ""B"", ""name"": ""Chorus""}, {""start"": 149.16, ""end"": 162.73, ""duration"": 13.56, ""letter"": ""A"", ""name"": ""Verse""}, {""start"": 162.73, ""end"": 169.41, ""duration"": 6.69, ""letter"": ""D"", ""name"": ""Verse""}, {""start"": 169.41, ""end"": 171.64, ""duration"": 2.23, ""letter"": ""E"", ""name"": ""Verse""}, {""start"": 171.64, ""end"": 187.06, ""duration"": 15.42, ""letter"": ""B"", ""name"": ""Chorus""}, {""start"": 187.06, ""end"": 189.66, ""duration"": 2.6, ""letter"": ""F"", ""name"": ""Outro""}]",
Midnight Window Seat_job2_track2.mp3,10,Intro(A) 0.0-3.2s | Chorus(B) 3.2-80.6s | Bridge(C) 80.6-81.5s | Chorus(B) 81.5-87.9s | Verse(A) 87.9-91.4s | Chorus(B) 91.4-180.0s | Bridge(D) 180.0-192.6s | Chorus(B) 192.6-204.2s | Verse(E) 204.2-212.1s | Outro(F) 212.1-213.1s,"[{""start"": 0.0, ""end"": 3.16, ""duration"": 3.16, ""letter"": ""A"", ""name"": ""Intro""}, {""start"": 3.16, ""end"": 80.62, ""duration"": 77.46, ""letter"": ""B"", ""name"": ""Chorus""}, {""start"": 80.62, ""end"": 81.55, ""duration"": 0.93, ""letter"": ""C"", ""name"": ""Bridge""}, {""start"": 81.55, ""end"": 87.86, ""duration"": 6.32, ""letter"": ""B"", ""name"": ""Chorus""}, {""start"": 87.86, ""end"": 91.39, ""duration"": 3.53, ""letter"": ""A"", ""name"": ""Verse""}, {""start"": 91.39, ""end"": 180.0, ""duration"": 88.61, ""letter"": ""B"", ""name"": ""Chorus""}, {""start"": 180.0, ""end"": 192.63, ""duration"": 12.63, ""letter"": ""D"", ""name"": ""Bridge""}, {""start"": 192.63, ""end"": 204.15, ""duration"": 11.52, ""letter"": ""B"", ""name"": ""Chorus""}, {""start"": 204.15, ""end"": 212.14, ""duration"": 7.99, ""letter"": ""E"", ""name"": ""Verse""}, {""start"": 212.14, ""end"": 213.07, ""duration"": 0.93, ""letter"": ""F"", ""name"": ""Outro""}]",
Midnight Window Seat_job6_track1.mp3,10,Chorus(A) 0.0-21.6s | Chorus(A) 21.6-77.7s | Bridge(B) 77.7-79.1s | Chorus(A) 79.1-132.4s | Chorus(A) 132.4-176.8s | Bridge(C) 176.8-178.9s | Bridge(D) 178.9-180.4s | Bridge(E) 180.4-244.8s | Verse(F) 244.8-251.9s | Outro(G) 251.9-257.6s,"[{""start"": 0.0, ""end"": 21.55, ""duration"": 21.55, ""letter"": ""A"", ""name"": ""Chorus""}, {""start"": 21.55, ""end"": 77.65, ""duration"": 56.1, ""letter"": ""A"", ""name"": ""Chorus""}, {""start"": 77.65, ""end"": 79.13, ""duration"": 1.49, ""letter"": ""B"", ""name"": ""Bridge""}, {""start"": 79.13, ""end"": 132.45, ""duration"": 53.31, ""letter"": ""A"", ""name"": ""Chorus""}, {""start"": 132.45, ""end"": 176.84, ""duration"": 44.4, ""letter"": ""A"", ""name"": ""Chorus""}, {""start"": 176.84, ""end"": 178.89, ""duration"": 2.04, ""letter"": ""C"", ""name"": ""Bridge""}, {""start"": 178.89, ""end"": 180.37, ""duration"": 1.49, ""letter"": ""D"", ""name"": ""Bridge""}, {""start"": 180.37, ""end"": 244.83, ""duration"": 64.46, ""letter"": ""E"", ""name"": ""Bridge""}, {""start"": 244.83, ""end"": 251.89, ""duration"": 7.06, ""letter"": ""F"", ""name"": ""Verse""}, {""start"": 251.89, ""end"": 257.65, ""duration"": 5.76, ""letter"": ""G"", ""name"": ""Outro""}]",
Midnight Window Seat_job6_track2.mp3,10,Chorus(A) 0.0-65.9s | Chorus(A) 65.9-89.2s | Chorus(A) 89.2-95.8s | Chorus(A) 95.8-133.0s | Chorus(A) 133.0-155.7s | Bridge(B) 155.7-157.0s | Chorus(A) 157.0-175.5s | Bridge(C) 175.5-178.0s | Chorus(A) 178.0-220.9s | Outro(D) 220.9-224.9s,"[{""start"": 0.0, ""end"": 65.94, ""duration"": 65.94, ""letter"": ""A"", ""name"": ""Chorus""}, {""start"": 65.94, ""end"": 89.16, ""duration"": 23.22, ""letter"": ""A"", ""name"": ""Chorus""}, {""start"": 89.16, ""end"": 95.85, ""duration"": 6.69, ""letter"": ""A"", ""name"": ""Chorus""}, {""start"": 95.85, ""end"": 133.0, ""duration"": 37.15, ""letter"": ""A"", ""name"": ""Chorus""}, {""start"": 133.0, ""end"": 155.67, ""duration"": 22.66, ""letter"": ""A"", ""name"": ""Chorus""}, {""start"": 155.67, ""end"": 156.97, ""duration"": 1.3, ""letter"": ""B"", ""name"": ""Bridge""}, {""start"": 156.97, ""end"": 175.54, ""duration"": 18.58, ""letter"": ""A"", ""name"": ""Chorus""}, {""start"": 175.54, ""end"": 177.96, ""duration"": 2.41, ""letter"": ""C"", ""name"": ""Bridge""}, {""start"": 177.96, ""end"": 220.87, ""duration"": 42.91, ""letter"": ""A"", ""name"": ""Chorus""}, {""start"": 220.87, ""end"": 224.95, ""duration"": 4.09, ""letter"": ""D"", ""name"": ""Outro""}]",
Midnight Window Seat_job8_track1.mp3,10,Intro(A) 0.0-2.2s | Verse(B) 2.2-11.2s | Chorus(C) 11.2-152.9s | Bridge(D) 152.9-161.4s | Chorus(C) 161.4-190.2s | Bridge(E) 190.2-191.2s | Bridge(F) 191.2-192.3s | Chorus(C) 192.3-229.0s | Verse(G) 229.0-233.7s | Outro(H) 233.7-234.6s,"[{""start"": 0.0, ""end"": 2.23, ""duration"": 2.23, ""letter"": ""A"", ""name"": ""Intro""}, {""start"": 2.23, ""end"": 11.15, ""duration"": 8.92, ""letter"": ""B"", ""name"": ""Verse""}, {""start"": 11.15, ""end"": 152.88, ""duration"": 141.73, ""letter"": ""C"", ""name"": ""Chorus""}, {""start"": 152.88, ""end"": 161.43, ""duration"": 8.54, ""letter"": ""D"", ""name"": ""Bridge""}, {""start"": 161.43, ""end"": 190.22, ""duration"": 28.79, ""letter"": ""C"", ""name"": ""Chorus""}, {""start"": 190.22, ""end"": 191.15, ""duration"": 0.93, ""letter"": ""E"", ""name"": ""Bridge""}, {""start"": 191.15, ""end"": 192.26, ""duration"": 1.11, ""letter"": ""F"", ""name"": ""Bridge""}, {""start"": 192.26, ""end"": 229.04, ""duration"": 36.78, ""letter"": ""C"", ""name"": ""Chorus""}, {""start"": 229.04, ""end"": 233.69, ""duration"": 4.64, ""letter"": ""G"", ""name"": ""Verse""}, {""start"": 233.69, ""end"": 234.61, ""duration"": 0.93, ""letter"": ""H"", ""name"": ""Outro""}]",
Midnight Window Seat_job8_track2.mp3,10,Intro(A) 0.0-6.9s | Chorus(B) 6.9-92.3s | Bridge(C) 92.3-94.5s | Chorus(B) 94.5-170.7s | Bridge(D) 170.7-177.2s | Chorus(B) 177.2-201.2s | Bridge(E) 201.2-205.6s | Chorus(B) 205.6-228.7s | Verse(F) 228.7-234.6s | Outro(G) 234.6-238.0s,"[{""start"": 0.0, ""end"": 6.87, ""duration"": 6.87, ""letter"": ""A"", ""name"": ""Intro""}, {""start"": 6.87, ""end"": 92.32, ""duration"": 85.45, ""letter"": ""B"", ""name"": ""Chorus""}, {""start"": 92.32, ""end"": 94.55, ""duration"": 2.23, ""letter"": ""C"", ""name"": ""Bridge""}, {""start"": 94.55, ""end"": 170.71, ""duration"": 76.16, ""letter"": ""B"", ""name"": ""Chorus""}, {""start"": 170.71, ""end"": 177.21, ""duration"": 6.5, ""letter"": ""D"", ""name"": ""Bridge""}, {""start"": 177.21, ""end"": 201.18, ""duration"": 23.96, ""letter"": ""B"", ""name"": ""Chorus""}, {""start"": 201.18, ""end"": 205.64, ""duration"": 4.46, ""letter"": ""E"", ""name"": ""Bridge""}, {""start"": 205.64, ""end"": 228.67, ""duration"": 23.03, ""letter"": ""B"", ""name"": ""Chorus""}, {""start"": 228.67, ""end"": 234.61, ""duration"": 5.94, ""letter"": ""F"", ""name"": ""Verse""}, {""start"": 234.61, ""end"": 237.96, ""duration"": 3.34, ""letter"": ""G"", ""name"": ""Outro""}]",
Midnight Windowlight.mp3,10,Chorus(A) 0.0-75.2s | Bridge(B) 75.2-78.4s | Chorus(A) 78.4-90.1s | Bridge(C) 90.1-104.0s | Chorus(A) 104.0-148.4s | Chorus(A) 148.4-152.7s | Bridge(D) 152.7-155.8s | Chorus(A) 155.8-178.5s | Verse(E) 178.5-180.9s | Outro(F) 180.9-183.0s,"[{""start"": 0.0, ""end"": 75.23, ""duration"": 75.23, ""letter"": ""A"", ""name"": ""Chorus""}, {""start"": 75.23, ""end"": 78.39, ""duration"": 3.16, ""letter"": ""B"", ""name"": ""Bridge""}, {""start"": 78.39, ""end"": 90.09, ""duration"": 11.7, ""letter"": ""A"", ""name"": ""Chorus""}, {""start"": 90.09, ""end"": 104.03, ""duration"": 13.93, ""letter"": ""C"", ""name"": ""Bridge""}, {""start"": 104.03, ""end"": 148.42, ""duration"": 44.4, ""letter"": ""A"", ""name"": ""Chorus""}, {""start"": 148.42, ""end"": 152.69, ""duration"": 4.27, ""letter"": ""A"", ""name"": ""Chorus""}, {""start"": 152.69, ""end"": 155.85, ""duration"": 3.16, ""letter"": ""D"", ""name"": ""Bridge""}, {""start"": 155.85, ""end"": 178.52, ""duration"": 22.66, ""letter"": ""A"", ""name"": ""Chorus""}, {""start"": 178.52, ""end"": 180.93, ""duration"": 2.41, ""letter"": ""E"", ""name"": ""Verse""}, {""start"": 180.93, ""end"": 182.97, ""duration"": 2.04, ""letter"": ""F"", ""name"": ""Outro""}]",
Midnight Windowlight_job4_track2.mp3,10,Intro(A) 0.0-1.5s | Chorus(B) 1.5-108.1s | Bridge(C) 108.1-112.2s | Chorus(B) 112.2-120.4s | Bridge(D) 120.4-121.5s | Chorus(B) 121.5-204.7s | Chorus(B) 204.7-240.0s | Verse(E) 240.0-244.1s | Chorus(B) 244.1-251.0s | Outro(F) 251.0-252.8s,"[{""start"": 0.0, ""end"": 1.49, ""duration"": 1.49, ""letter"": ""A"", ""name"": ""Intro""}, {""start"": 1.49, ""end"": 108.11, ""duration"": 106.63, ""letter"": ""B"", ""name"": ""Chorus""}, {""start"": 108.11, ""end"": 112.2, ""duration"": 4.09, ""letter"": ""C"", ""name"": ""Bridge""}, {""start"": 112.2, ""end"": 120.37, ""duration"": 8.17, ""letter"": ""B"", ""name"": ""Chorus""}, {""start"": 120.37, ""end"": 121.49, ""duration"": 1.11, ""letter"": ""D"", ""name"": ""Bridge""}, {""start"": 121.49, ""end"": 204.71, ""duration"": 83.22, ""letter"": ""B"", ""name"": ""Chorus""}, {""start"": 204.71, ""end"": 240.0, ""duration"": 35.29, ""letter"": ""B"", ""name"": ""Chorus""}, {""start"": 240.0, ""end"": 244.09, ""duration"": 4.09, ""letter"": ""E"", ""name"": ""Verse""}, {""start"": 244.09, ""end"": 250.96, ""duration"": 6.87, ""letter"": ""B"", ""name"": ""Chorus""}, {""start"": 250.96, ""end"": 252.82, ""duration"": 1.86, ""letter"": ""F"", ""name"": ""Outro""}]",
Midnight Windows.mp3,10,Chorus(A) 0.0-47.2s | Chorus(A) 47.2-54.1s | Bridge(B) 54.1-55.5s | Chorus(A) 55.5-62.2s | Bridge(C) 62.2-63.0s | Chorus(A) 63.0-69.7s | Bridge(D) 69.7-71.3s | Chorus(A) 71.3-109.4s | Verse(E) 109.4-113.3s | Outro(F) 113.3-118.9s,"[{""start"": 0.0, ""end"": 47.18, ""duration"": 47.18, ""letter"": ""A"", ""name"": ""Chorus""}, {""start"": 47.18, ""end"": 54.06, ""duration"": 6.87, ""letter"": ""A"", ""name"": ""Chorus""}, {""start"": 54.06, ""end"": 55.54, ""duration"": 1.49, ""letter"": ""B"", ""name"": ""Bridge""}, {""start"": 55.54, ""end"": 62.23, ""duration"": 6.69, ""letter"": ""A"", ""name"": ""Chorus""}, {""start"": 62.23, ""end"": 62.97, ""duration"": 0.74, ""letter"": ""C"", ""name"": ""Bridge""}, {""start"": 62.97, ""end"": 69.66, ""duration"": 6.69, ""letter"": ""A"", ""name"": ""Chorus""}, {""start"": 69.66, ""end"": 71.33, ""duration"": 1.67, ""letter"": ""D"", ""name"": ""Bridge""}, {""start"": 71.33, ""end"": 109.41, ""duration"": 38.08, ""letter"": ""A"", ""name"": ""Chorus""}, {""start"": 109.41, ""end"": 113.31, ""duration"": 3.9, ""letter"": ""E"", ""name"": ""Verse""}, {""start"": 113.31, ""end"": 118.89, ""duration"": 5.57, ""letter"": ""F"", ""name"": ""Outro""}]",
Midnight Windows_job16_track1.mp3,10,Chorus(A) 0.0-63.7s | Chorus(A) 63.7-90.1s | Chorus(A) 90.1-181.3s | Bridge(B) 181.3-184.3s | Chorus(A) 184.3-208.2s | Bridge(C) 208.2-212.1s | Chorus(A) 212.1-236.1s | Verse(D) 236.1-239.8s | Chorus(A) 239.8-244.8s | Outro(E) 244.8-248.0s,"[{""start"": 0.0, ""end"": 63.72, ""duration"": 63.72, ""letter"": ""A"", ""name"": ""Chorus""}, {""start"": 63.72, ""end"": 90.09, ""duration"": 26.38, ""letter"": ""A"", ""name"": ""Chorus""}, {""start"": 90.09, ""end"": 181.3, ""duration"": 91.21, ""letter"": ""A"", ""name"": ""Chorus""}, {""start"": 181.3, ""end"": 184.27, ""duration"": 2.97, ""letter"": ""B"", ""name"": ""Bridge""}, {""start"": 184.27, ""end"": 208.24, ""duration"": 23.96, ""letter"": ""A"", ""name"": ""Chorus""}, {""start"": 208.24, ""end"": 212.14, ""duration"": 3.9, ""letter"": ""C"", ""name"": ""Bridge""}, {""start"": 212.14, ""end"": 236.1, ""duration"": 23.96, ""letter"": ""A"", ""name"": ""Chorus""}, {""start"": 236.1, ""end"": 239.82, ""duration"": 3.72, ""letter"": ""D"", ""name"": ""Verse""}, {""start"": 239.82, ""end"": 244.83, ""duration"": 5.02, ""letter"": ""A"", ""name"": ""Chorus""}, {""start"": 244.83, ""end"": 247.99, ""duration"": 3.16, ""letter"": ""E"", ""name"": ""Outro""}]",
Midnight Windows_job16_track2.mp3,10,Chorus(A) 0.0-48.5s | Chorus(A) 48.5-153.1s | Verse(B) 153.1-155.8s | Chorus(A) 155.8-235.5s | Verse(B) 235.5-238.0s | Verse(C) 238.0-243.3s | Chorus(A) 243.3-269.4s | Verse(D) 269.4-273.4s | Verse(E) 273.4-277.1s | Outro(F) 277.1-278.6s,"[{""start"": 0.0, ""end"": 48.48, ""duration"": 48.48, ""letter"": ""A"", ""name"": ""Chorus""}, {""start"": 48.48, ""end"": 153.07, ""duration"": 104.58, ""letter"": ""A"", ""name"": ""Chorus""}, {""start"": 153.07, ""end"": 155.85, ""duration"": 2.79, ""letter"": ""B"", ""name"": ""Verse""}, {""start"": 155.85, ""end"": 235.54, ""duration"": 79.69, ""letter"": ""A"", ""name"": ""Chorus""}, {""start"": 235.54, ""end"": 237.96, ""duration"": 2.41, ""letter"": ""B"", ""name"": ""Verse""}, {""start"": 237.96, ""end"": 243.35, ""duration"": 5.39, ""letter"": ""C"", ""name"": ""Verse""}, {""start"": 243.35, ""end"": 269.35, ""duration"": 26.01, ""letter"": ""A"", ""name"": ""Chorus""}, {""start"": 269.35, ""end"": 273.44, ""duration"": 4.09, ""letter"": ""D"", ""name"": ""Verse""}, {""start"": 273.44, ""end"": 277.15, ""duration"": 3.72, ""letter"": ""E"", ""name"": ""Verse""}, {""start"": 277.15, ""end"": 278.64, ""duration"": 1.49, ""letter"": ""F"", ""name"": ""Outro""}]",
Midnight Windows_job38_track1.mp3,10,Chorus(A) 0.0-38.1s | Verse(B) 38.1-40.5s | Chorus(A) 40.5-58.9s | Chorus(A) 58.9-69.8s | Bridge(C) 69.8-74.3s | Chorus(A) 74.3-118.5s | Bridge(D) 118.5-121.1s | Chorus(A) 121.1-172.6s | Chorus(A) 172.6-199.7s | Outro(E) 199.7-201.4s,"[{""start"": 0.0, ""end"": 38.08, ""duration"": 38.08, ""letter"": ""A"", ""name"": ""Chorus""}, {""start"": 38.08, ""end"": 40.5, ""duration"": 2.41, ""letter"": ""B"", ""name"": ""Verse""}, {""start"": 40.5, ""end"": 58.89, ""duration"": 18.39, ""letter"": ""A"", ""name"": ""Chorus""}, {""start"": 58.89, ""end"": 69.85, ""duration"": 10.96, ""letter"": ""A"", ""name"": ""Chorus""}, {""start"": 69.85, ""end"": 74.3, ""duration"": 4.46, ""letter"": ""C"", ""name"": ""Bridge""}, {""start"": 74.3, ""end"": 118.51, ""duration"": 44.21, ""letter"": ""A"", ""name"": ""Chorus""}, {""start"": 118.51, ""end"": 121.12, ""duration"": 2.6, ""letter"": ""D"", ""name"": ""Bridge""}, {""start"": 121.12, ""end"": 172.57, ""duration"": 51.46, ""letter"": ""A"", ""name"": ""Chorus""}, {""start"": 172.57, ""end"": 199.69, ""duration"": 27.12, ""letter"": ""A"", ""name"": ""Chorus""}, {""start"": 199.69, ""end"": 201.36, ""duration"": 1.67, ""letter"": ""E"", ""name"": ""Outro""}]",
Midnight Windows_job38_track2.mp3,10,Chorus(A) 0.0-101.6s | Bridge(B) 101.6-104.2s | Chorus(A) 104.2-115.0s | Bridge(C) 115.0-119.8s | Chorus(A) 119.8-158.4s | Chorus(A) 158.4-173.7s | Chorus(A) 173.7-222.9s | Verse(D) 222.9-226.1s | Verse(E) 226.1-233.1s | Outro(F) 233.1-234.6s,"[{""start"": 0.0, ""end"": 101.61, ""duration"": 101.61, ""letter"": ""A"", ""name"": ""Chorus""}, {""start"": 101.61, ""end"": 104.21, ""duration"": 2.6, ""letter"": ""B"", ""name"": ""Bridge""}, {""start"": 104.21, ""end"": 114.99, ""duration"": 10.77, ""letter"": ""A"", ""name"": ""Chorus""}, {""start"": 114.99, ""end"": 119.81, ""duration"": 4.83, ""letter"": ""C"", ""name"": ""Bridge""}, {""start"": 119.81, ""end"": 158.45, ""duration"": 38.64, ""letter"": ""A"", ""name"": ""Chorus""}, {""start"": 158.45, ""end"": 173.69, ""duration"": 15.23, ""letter"": ""A"", ""name"": ""Chorus""}, {""start"": 173.69, ""end"": 222.91, ""duration"": 49.23, ""letter"": ""A"", ""name"": ""Chorus""}, {""start"": 222.91, ""end"": 226.07, ""duration"": 3.16, ""letter"": ""D"", ""name"": ""Verse""}, {""start"": 226.07, ""end"": 233.13, ""duration"": 7.06, ""letter"": ""E"", ""name"": ""Verse""}, {""start"": 233.13, ""end"": 234.61, ""duration"": 1.49, ""letter"": ""F"", ""name"": ""Outro""}]",
Midnight Windows_job9_track2.mp3,10,Chorus(A) 0.0-8.7s | Chorus(A) 8.7-17.8s | Chorus(A) 17.8-84.2s | Chorus(A) 84.2-85.5s | Bridge(B) 85.5-88.4s | Chorus(A) 88.4-95.1s | Chorus(A) 95.1-101.6s | Bridge(C) 101.6-109.2s | Chorus(A) 109.2-123.5s | Chorus(A) 123.5-126.3s,"[{""start"": 0.0, ""end"": 8.73, ""duration"": 8.73, ""letter"": ""A"", ""name"": ""Chorus""}, {""start"": 8.73, ""end"": 17.83, ""duration"": 9.1, ""letter"": ""A"", ""name"": ""Chorus""}, {""start"": 17.83, ""end"": 84.15, ""duration"": 66.32, ""letter"": ""A"", ""name"": ""Chorus""}, {""start"": 84.15, ""end"": 85.45, ""duration"": 1.3, ""letter"": ""A"", ""name"": ""Chorus""}, {""start"": 85.45, ""end"": 88.42, ""duration"": 2.97, ""letter"": ""B"", ""name"": ""Bridge""}, {""start"": 88.42, ""end"": 95.11, ""duration"": 6.69, ""letter"": ""A"", ""name"": ""Chorus""}, {""start"": 95.11, ""end"": 101.61, ""duration"": 6.5, ""letter"": ""A"", ""name"": ""Chorus""}, {""start"": 101.61, ""end"": 109.23, ""duration"": 7.62, ""letter"": ""C"", ""name"": ""Bridge""}, {""start"": 109.23, ""end"": 123.53, ""duration"": 14.3, ""letter"": ""A"", ""name"": ""Chorus""}, {""start"": 123.53, ""end"": 126.32, ""duration"": 2.79, ""letter"": ""A"", ""name"": ""Chorus""}]",
Moon Cups Of Coffee.mp3,10,Chorus(A) 0.0-66.9s | Chorus(A) 66.9-93.8s | Chorus(A) 93.8-143.4s | Bridge(B) 143.4-145.8s | Bridge(C) 145.8-147.9s | Chorus(A) 147.9-169.0s | Chorus(A) 169.0-211.8s | Verse(D) 211.8-214.4s | Verse(E) 214.4-218.3s | Chorus(A) 218.3-243.0s,"[{""start"": 0.0, ""end"": 66.87, ""duration"": 66.87, ""letter"": ""A"", ""name"": ""Chorus""}, {""start"": 66.87, ""end"": 93.81, ""duration"": 26.94, ""letter"": ""A"", ""name"": ""Chorus""}, {""start"": 93.81, ""end"": 143.41, ""duration"": 49.6, ""letter"": ""A"", ""name"": ""Chorus""}, {""start"": 143.41, ""end"": 145.82, ""duration"": 2.41, ""letter"": ""B"", ""name"": ""Bridge""}, {""start"": 145.82, ""end"": 147.86, ""duration"": 2.04, ""letter"": ""C"", ""name"": ""Bridge""}, {""start"": 147.86, ""end"": 169.04, ""duration"": 21.18, ""letter"": ""A"", ""name"": ""Chorus""}, {""start"": 169.04, ""end"": 211.77, ""duration"": 42.72, ""letter"": ""A"", ""name"": ""Chorus""}, {""start"": 211.77, ""end"": 214.37, ""duration"": 2.6, ""letter"": ""D"", ""name"": ""Verse""}, {""start"": 214.37, ""end"": 218.27, ""duration"": 3.9, ""letter"": ""E"", ""name"": ""Verse""}, {""start"": 218.27, ""end"": 242.97, ""duration"": 24.71, ""letter"": ""A"", ""name"": ""Chorus""}]",
Moon Cups Of Coffee_job11_track2.mp3,10,Chorus(A) 0.0-2.0s | Verse(B) 2.0-4.5s | Verse(C) 4.5-5.8s | Verse(B) 5.8-15.4s | Chorus(A) 15.4-190.0s | Bridge(D) 190.0-199.7s | Verse(E) 199.7-208.1s | Verse(F) 208.1-217.3s | Verse(G) 217.3-223.5s | Outro(H) 223.5-229.8s,"[{""start"": 0.0, ""end"": 2.04, ""duration"": 2.04, ""letter"": ""A"", ""name"": ""Chorus""}, {""start"": 2.04, ""end"": 4.46, ""duration"": 2.41, ""letter"": ""B"", ""name"": ""Verse""}, {""start"": 4.46, ""end"": 5.76, ""duration"": 1.3, ""letter"": ""C"", ""name"": ""Verse""}, {""start"": 5.76, ""end"": 15.42, ""duration"": 9.66, ""letter"": ""B"", ""name"": ""Verse""}, {""start"": 15.42, ""end"": 190.03, ""duration"": 174.61, ""letter"": ""A"", ""name"": ""Chorus""}, {""start"": 190.03, ""end"": 199.69, ""duration"": 9.66, ""letter"": ""D"", ""name"": ""Bridge""}, {""start"": 199.69, ""end"": 208.05, ""duration"": 8.36, ""letter"": ""E"", ""name"": ""Verse""}, {""start"": 208.05, ""end"": 217.34, ""duration"": 9.29, ""letter"": ""F"", ""name"": ""Verse""}, {""start"": 217.34, ""end"": 223.47, ""duration"": 6.13, ""letter"": ""G"", ""name"": ""Verse""}, {""start"": 223.47, ""end"": 229.78, ""duration"": 6.32, ""letter"": ""H"", ""name"": ""Outro""}]",
Moon In My Coffee.mp3,10,Chorus(A) 0.0-30.3s | Verse(B) 30.3-33.8s | Chorus(A) 33.8-82.5s | Chorus(A) 82.5-151.8s | Verse(B) 151.8-155.3s | Verse(C) 155.3-159.4s | Verse(B) 159.4-163.5s | Bridge(D) 163.5-184.3s | Verse(E) 184.3-191.5s | Outro(C) 191.5-199.9s,"[{""start"": 0.0, ""end"": 30.28, ""duration"": 30.28, ""letter"": ""A"", ""name"": ""Chorus""}, {""start"": 30.28, ""end"": 33.81, ""duration"": 3.53, ""letter"": ""B"", ""name"": ""Verse""}, {""start"": 33.81, ""end"": 82.48, ""duration"": 48.67, ""letter"": ""A"", ""name"": ""Chorus""}, {""start"": 82.48, ""end"": 151.77, ""duration"": 69.29, ""letter"": ""A"", ""name"": ""Chorus""}, {""start"": 151.77, ""end"": 155.3, ""duration"": 3.53, ""letter"": ""B"", ""name"": ""Verse""}, {""start"": 155.3, ""end"": 159.38, ""duration"": 4.09, ""letter"": ""C"", ""name"": ""Verse""}, {""start"": 159.38, ""end"": 163.47, ""duration"": 4.09, ""letter"": ""B"", ""name"": ""Verse""}, {""start"": 163.47, ""end"": 184.27, ""duration"": 20.81, ""letter"": ""D"", ""name"": ""Bridge""}, {""start"": 184.27, ""end"": 191.52, ""duration"": 7.24, ""letter"": ""E"", ""name"": ""Verse""}, {""start"": 191.52, ""end"": 199.88, ""duration"": 8.36, ""letter"": ""C"", ""name"": ""Outro""}]",
Moon In My Coffee_job26_track2.mp3,10,Chorus(A) 0.0-20.6s | Verse(B) 20.6-21.9s | Chorus(A) 21.9-134.7s | Bridge(C) 134.7-136.2s | Chorus(A) 136.2-176.3s | Verse(B) 176.3-177.8s | Bridge(D) 177.8-183.0s | Chorus(A) 183.0-252.4s | Verse(E) 252.4-257.8s | Chorus(A) 257.8-264.7s,"[{""start"": 0.0, ""end"": 20.62, ""duration"": 20.62, ""letter"": ""A"", ""name"": ""Chorus""}, {""start"": 20.62, ""end"": 21.92, ""duration"": 1.3, ""letter"": ""B"", ""name"": ""Verse""}, {""start"": 21.92, ""end"": 134.68, ""duration"": 112.76, ""letter"": ""A"", ""name"": ""Chorus""}, {""start"": 134.68, ""end"": 136.16, ""duration"": 1.49, ""letter"": ""C"", ""name"": ""Bridge""}, {""start"": 136.16, ""end"": 176.29, ""duration"": 40.12, ""letter"": ""A"", ""name"": ""Chorus""}, {""start"": 176.29, ""end"": 177.77, ""duration"": 1.49, ""letter"": ""B"", ""name"": ""Verse""}, {""start"": 177.77, ""end"": 182.97, ""duration"": 5.2, ""letter"": ""D"", ""name"": ""Bridge""}, {""start"": 182.97, ""end"": 252.45, ""duration"": 69.47, ""letter"": ""A"", ""name"": ""Chorus""}, {""start"": 252.45, ""end"": 257.83, ""duration"": 5.39, ""letter"": ""E"", ""name"": ""Verse""}, {""start"": 257.83, ""end"": 264.71, ""duration"": 6.87, ""letter"": ""A"", ""name"": ""Chorus""}]",
Moon In My Coffee_job39_track1.mp3,10,Chorus(A) 0.0-31.0s | Chorus(A) 31.0-143.8s | Bridge(B) 143.8-146.8s | Chorus(A) 146.8-170.7s | Bridge(C) 170.7-176.1s | Chorus(A) 176.1-194.5s | Chorus(A) 194.5-215.3s | Chorus(A) 215.3-244.3s | Chorus(A) 244.3-250.2s | Outro(D) 250.2-253.9s,"[{""start"": 0.0, ""end"": 31.02, ""duration"": 31.02, ""letter"": ""A"", ""name"": ""Chorus""}, {""start"": 31.02, ""end"": 143.78, ""duration"": 112.76, ""letter"": ""A"", ""name"": ""Chorus""}, {""start"": 143.78, ""end"": 146.75, ""duration"": 2.97, ""letter"": ""B"", ""name"": ""Bridge""}, {""start"": 146.75, ""end"": 170.71, ""duration"": 23.96, ""letter"": ""A"", ""name"": ""Chorus""}, {""start"": 170.71, ""end"": 176.1, ""duration"": 5.39, ""letter"": ""C"", ""name"": ""Bridge""}, {""start"": 176.1, ""end"": 194.49, ""duration"": 18.39, ""letter"": ""A"", ""name"": ""Chorus""}, {""start"": 194.49, ""end"": 215.3, ""duration"": 20.81, ""letter"": ""A"", ""name"": ""Chorus""}, {""start"": 215.3, ""end"": 244.27, ""duration"": 28.98, ""letter"": ""A"", ""name"": ""Chorus""}, {""start"": 244.27, ""end"": 250.22, ""duration"": 5.94, ""letter"": ""A"", ""name"": ""Chorus""}, {""start"": 250.22, ""end"": 253.93, ""duration"": 3.72, ""letter"": ""D"", ""name"": ""Outro""}]",
Moon In My Coffee_job39_track2.mp3,10,Chorus(A) 0.0-24.0s | Chorus(A) 24.0-124.8s | Bridge(B) 124.8-128.9s | Chorus(A) 128.9-201.9s | Bridge(C) 201.9-203.0s | Bridge(D) 203.0-209.0s | Chorus(A) 209.0-223.1s | Bridge(E) 223.1-225.5s | Chorus(A) 225.5-273.2s | Outro(F) 273.2-278.4s,"[{""start"": 0.0, ""end"": 23.96, ""duration"": 23.96, ""letter"": ""A"", ""name"": ""Chorus""}, {""start"": 23.96, ""end"": 124.83, ""duration"": 100.87, ""letter"": ""A"", ""name"": ""Chorus""}, {""start"": 124.83, ""end"": 128.92, ""duration"": 4.09, ""letter"": ""B"", ""name"": ""Bridge""}, {""start"": 128.92, ""end"": 201.92, ""duration"": 73.0, ""letter"": ""A"", ""name"": ""Chorus""}, {""start"": 201.92, ""end"": 203.04, ""duration"": 1.11, ""letter"": ""C"", ""name"": ""Bridge""}, {""start"": 203.04, ""end"": 208.98, ""duration"": 5.94, ""letter"": ""D"", ""name"": ""Bridge""}, {""start"": 208.98, ""end"": 223.1, ""duration"": 14.12, ""letter"": ""A"", ""name"": ""Chorus""}, {""start"": 223.1, ""end"": 225.51, ""duration"": 2.41, ""letter"": ""E"", ""name"": ""Bridge""}, {""start"": 225.51, ""end"": 273.25, ""duration"": 47.74, ""letter"": ""A"", ""name"": ""Chorus""}, {""start"": 273.25, ""end"": 278.45, ""duration"": 5.2, ""letter"": ""F"", ""name"": ""Outro""}]",
Moon in My Coffee_job40_track1.mp3,10,Intro(A) 0.0-2.0s | Chorus(B) 2.0-12.6s | Chorus(B) 12.6-30.5s | Chorus(B) 30.5-55.5s | Chorus(B) 55.5-204.5s | Bridge(C) 204.5-214.7s | Chorus(B) 214.7-235.0s | Verse(D) 235.0-237.2s | Verse(E) 237.2-243.3s | Outro(F) 243.3-248.6s,"[{""start"": 0.0, ""end"": 2.04, ""duration"": 2.04, ""letter"": ""A"", ""name"": ""Intro""}, {""start"": 2.04, ""end"": 12.63, ""duration"": 10.59, ""letter"": ""B"", ""name"": ""Chorus""}, {""start"": 12.63, ""end"": 30.46, ""duration"": 17.83, ""letter"": ""B"", ""name"": ""Chorus""}, {""start"": 30.46, ""end"": 55.54, ""duration"": 25.08, ""letter"": ""B"", ""name"": ""Chorus""}, {""start"": 55.54, ""end"": 204.52, ""duration"": 148.98, ""letter"": ""B"", ""name"": ""Chorus""}, {""start"": 204.52, ""end"": 214.74, ""duration"": 10.22, ""letter"": ""C"", ""name"": ""Bridge""}, {""start"": 214.74, ""end"": 234.99, ""duration"": 20.25, ""letter"": ""B"", ""name"": ""Chorus""}, {""start"": 234.99, ""end"": 237.22, ""duration"": 2.23, ""letter"": ""D"", ""name"": ""Verse""}, {""start"": 237.22, ""end"": 243.35, ""duration"": 6.13, ""letter"": ""E"", ""name"": ""Verse""}, {""start"": 243.35, ""end"": 248.55, ""duration"": 5.2, ""letter"": ""F"", ""name"": ""Outro""}]",
Moon in My Coffee_job40_track2.mp3,10,Intro(A) 0.0-1.3s | Chorus(B) 1.3-84.2s | Chorus(B) 84.2-86.2s | Chorus(B) 86.2-94.0s | Chorus(B) 94.0-170.9s | Bridge(C) 170.9-176.1s | Bridge(D) 176.1-177.2s | Chorus(B) 177.2-227.9s | Verse(E) 227.9-232.8s | Outro(F) 232.8-239.8s,"[{""start"": 0.0, ""end"": 1.3, ""duration"": 1.3, ""letter"": ""A"", ""name"": ""Intro""}, {""start"": 1.3, ""end"": 84.15, ""duration"": 82.85, ""letter"": ""B"", ""name"": ""Chorus""}, {""start"": 84.15, ""end"": 86.19, ""duration"": 2.04, ""letter"": ""B"", ""name"": ""Chorus""}, {""start"": 86.19, ""end"": 93.99, ""duration"": 7.8, ""letter"": ""B"", ""name"": ""Chorus""}, {""start"": 93.99, ""end"": 170.9, ""duration"": 76.9, ""letter"": ""B"", ""name"": ""Chorus""}, {""start"": 170.9, ""end"": 176.1, ""duration"": 5.2, ""letter"": ""C"", ""name"": ""Bridge""}, {""start"": 176.1, ""end"": 177.21, ""duration"": 1.11, ""letter"": ""D"", ""name"": ""Bridge""}, {""start"": 177.21, ""end"": 227.93, ""duration"": 50.71, ""letter"": ""B"", ""name"": ""Chorus""}, {""start"": 227.93, ""end"": 232.76, ""duration"": 4.83, ""letter"": ""E"", ""name"": ""Verse""}, {""start"": 232.76, ""end"": 239.82, ""duration"": 7.06, ""letter"": ""F"", ""name"": ""Outro""}]",
Moonlight In My Glass.mp3,10,Chorus(A) 0.0-15.8s | Verse(B) 15.8-16.7s | Chorus(A) 16.7-71.3s | Bridge(C) 71.3-73.4s | Chorus(A) 73.4-128.0s | Bridge(D) 128.0-138.8s | Bridge(E) 138.8-142.5s | Chorus(A) 142.5-175.4s | Chorus(A) 175.4-186.9s | Outro(F) 186.9-192.6s,"[{""start"": 0.0, ""end"": 15.79, ""duration"": 15.79, ""letter"": ""A"", ""name"": ""Chorus""}, {""start"": 15.79, ""end"": 16.72, ""duration"": 0.93, ""letter"": ""B"", ""name"": ""Verse""}, {""start"": 16.72, ""end"": 71.33, ""duration"": 54.61, ""letter"": ""A"", ""name"": ""Chorus""}, {""start"": 71.33, ""end"": 73.38, ""duration"": 2.04, ""letter"": ""C"", ""name"": ""Bridge""}, {""start"": 73.38, ""end"": 127.99, ""duration"": 54.61, ""letter"": ""A"", ""name"": ""Chorus""}, {""start"": 127.99, ""end"": 138.76, ""duration"": 10.77, ""letter"": ""D"", ""name"": ""Bridge""}, {""start"": 138.76, ""end"": 142.48, ""duration"": 3.72, ""letter"": ""E"", ""name"": ""Bridge""}, {""start"": 142.48, ""end"": 175.36, ""duration"": 32.88, ""letter"": ""A"", ""name"": ""Chorus""}, {""start"": 175.36, ""end"": 186.87, ""duration"": 11.52, ""letter"": ""A"", ""name"": ""Chorus""}, {""start"": 186.87, ""end"": 192.63, ""duration"": 5.76, ""letter"": ""F"", ""name"": ""Outro""}]",
Moonlight In My Glass_job20_track2.mp3,10,Chorus(A) 0.0-9.8s | Verse(B) 9.8-11.9s | Chorus(A) 11.9-16.4s | Verse(C) 16.4-18.9s | Chorus(A) 18.9-27.1s | Verse(C) 27.1-37.0s | Chorus(A) 37.0-65.0s | Chorus(A) 65.0-166.8s | Verse(C) 166.8-178.5s | Chorus(A) 178.5-184.8s,"[{""start"": 0.0, ""end"": 9.85, ""duration"": 9.85, ""letter"": ""A"", ""name"": ""Chorus""}, {""start"": 9.85, ""end"": 11.89, ""duration"": 2.04, ""letter"": ""B"", ""name"": ""Verse""}, {""start"": 11.89, ""end"": 16.35, ""duration"": 4.46, ""letter"": ""A"", ""name"": ""Chorus""}, {""start"": 16.35, ""end"": 18.95, ""duration"": 2.6, ""letter"": ""C"", ""name"": ""Verse""}, {""start"": 18.95, ""end"": 27.12, ""duration"": 8.17, ""letter"": ""A"", ""name"": ""Chorus""}, {""start"": 27.12, ""end"": 36.97, ""duration"": 9.85, ""letter"": ""C"", ""name"": ""Verse""}, {""start"": 36.97, ""end"": 65.02, ""duration"": 28.05, ""letter"": ""A"", ""name"": ""Chorus""}, {""start"": 65.02, ""end"": 166.81, ""duration"": 101.8, ""letter"": ""A"", ""name"": ""Chorus""}, {""start"": 166.81, ""end"": 178.52, ""duration"": 11.7, ""letter"": ""C"", ""name"": ""Verse""}, {""start"": 178.52, ""end"": 184.83, ""duration"": 6.32, ""letter"": ""A"", ""name"": ""Chorus""}]",
Moonlight in Slow Motion.mp3,10,Chorus(A) 0.0-58.0s | Chorus(A) 58.0-76.2s | Chorus(A) 76.2-81.5s | Chorus(A) 81.5-133.9s | Chorus(A) 133.9-157.5s | Chorus(A) 157.5-184.1s | Bridge(B) 184.1-187.6s | Bridge(C) 187.6-188.9s | Chorus(A) 188.9-271.4s | Outro(D) 271.4-273.6s,"[{""start"": 0.0, ""end"": 57.96, ""duration"": 57.96, ""letter"": ""A"", ""name"": ""Chorus""}, {""start"": 57.96, ""end"": 76.16, ""duration"": 18.2, ""letter"": ""A"", ""name"": ""Chorus""}, {""start"": 76.16, ""end"": 81.55, ""duration"": 5.39, ""letter"": ""A"", ""name"": ""Chorus""}, {""start"": 81.55, ""end"": 133.93, ""duration"": 52.38, ""letter"": ""A"", ""name"": ""Chorus""}, {""start"": 133.93, ""end"": 157.52, ""duration"": 23.59, ""letter"": ""A"", ""name"": ""Chorus""}, {""start"": 157.52, ""end"": 184.09, ""duration"": 26.56, ""letter"": ""A"", ""name"": ""Chorus""}, {""start"": 184.09, ""end"": 187.62, ""duration"": 3.53, ""letter"": ""B"", ""name"": ""Bridge""}, {""start"": 187.62, ""end"": 188.92, ""duration"": 1.3, ""letter"": ""C"", ""name"": ""Bridge""}, {""start"": 188.92, ""end"": 271.39, ""duration"": 82.48, ""letter"": ""A"", ""name"": ""Chorus""}, {""start"": 271.39, ""end"": 273.62, ""duration"": 2.23, ""letter"": ""D"", ""name"": ""Outro""}]",
Moonlight in Slow Motion_job15_track2.mp3,10,Chorus(A) 0.0-16.9s | Chorus(A) 16.9-26.2s | Verse(B) 26.2-27.7s | Chorus(A) 27.7-139.7s | Chorus(A) 139.7-161.1s | Bridge(C) 161.1-175.9s | Chorus(A) 175.9-202.8s | Verse(D) 202.8-204.5s | Chorus(A) 204.5-226.3s | Outro(E) 226.3-230.0s,"[{""start"": 0.0, ""end"": 16.9, ""duration"": 16.9, ""letter"": ""A"", ""name"": ""Chorus""}, {""start"": 16.9, ""end"": 26.19, ""duration"": 9.29, ""letter"": ""A"", ""name"": ""Chorus""}, {""start"": 26.19, ""end"": 27.68, ""duration"": 1.49, ""letter"": ""B"", ""name"": ""Verse""}, {""start"": 27.68, ""end"": 139.69, ""duration"": 112.01, ""letter"": ""A"", ""name"": ""Chorus""}, {""start"": 139.69, ""end"": 161.05, ""duration"": 21.36, ""letter"": ""A"", ""name"": ""Chorus""}, {""start"": 161.05, ""end"": 175.91, ""duration"": 14.86, ""letter"": ""C"", ""name"": ""Bridge""}, {""start"": 175.91, ""end"": 202.85, ""duration"": 26.94, ""letter"": ""A"", ""name"": ""Chorus""}, {""start"": 202.85, ""end"": 204.52, ""duration"": 1.67, ""letter"": ""D"", ""name"": ""Verse""}, {""start"": 204.52, ""end"": 226.26, ""duration"": 21.73, ""letter"": ""A"", ""name"": ""Chorus""}, {""start"": 226.26, ""end"": 229.97, ""duration"": 3.72, ""letter"": ""E"", ""name"": ""Outro""}]",
