genre,subgenre,prompt,tags,mv,pair_group
electronic,techno,"techno electronic, hypnotic atmosphere, featuring four-on-the-floor kick over a modular synthesizer bassline","electronic, synth, bass",chirp-v5,electronic
electronic,house,"house electronic, hypnotic atmosphere, featuring four-on-the-floor kick over a modular synthesizer bassline","electronic, techno, dance",chirp-v5,electronic
electronic,ambient,"ambient electronic, hypnotic atmosphere, featuring four-on-the-floor kick over a modular synthesizer bassline","electronic, ambient, atmospheric",chirp-v5,electronic
electronic,drum and bass,"drum and bass electronic, hypnotic atmosphere, featuring four-on-the-floor kick over a modular synthesizer bassline","electronic, synthwave, retro",chirp-v5,electronic
electronic,dubstep,"dubstep electronic, hypnotic atmosphere, featuring four-on-the-floor kick over a modular synthesizer bassline","electronic, drum and bass, breakbeat",chirp-v5,electronic
electronic,trance,"trance electronic, hypnotic atmosphere, featuring four-on-the-floor kick over a modular synthesizer bassline","electronic, synth, bass",chirp-v5,electronic
electronic,IDM,"IDM electronic, hypnotic atmosphere, featuring four-on-the-floor kick over a modular synthesizer bassline","electronic, techno, dance",chirp-v5,electronic
electronic,synthwave,"synthwave electronic, hypnotic atmosphere, featuring four-on-the-floor kick over a modular synthesizer bassline","electronic, ambient, atmospheric",chirp-v5,electronic
electronic,electro,"electro electronic, hypnotic atmosphere, featuring four-on-the-floor kick over a modular synthesizer bassline","electronic, synthwave, retro",chirp-v5,electronic
electronic,minimal techno,"minimal techno electronic, hypnotic atmosphere, featuring four-on-the-floor kick over a modular synthesizer bassline","electronic, drum and bass, breakbeat",chirp-v5,electronic
electronic,techno,"techno electronic, euphoric atmosphere, featuring four-on-the-floor kick over a modular synthesizer bassline","electronic, synth, bass",chirp-v5,electronic
electronic,house,"house electronic, euphoric atmosphere, featuring four-on-the-floor kick over a modular synthesizer bassline","electronic, techno, dance",chirp-v5,electronic
electronic,ambient,"ambient electronic, euphoric atmosphere, featuring four-on-the-floor kick over a modular synthesizer bassline","electronic, ambient, atmospheric",chirp-v5,electronic
electronic,drum and bass,"drum and bass electronic, euphoric atmosphere, featuring four-on-the-floor kick over a modular synthesizer bassline","electronic, synthwave, retro",chirp-v5,electronic
electronic,dubstep,"dubstep electronic, euphoric atmosphere, featuring four-on-the-floor kick over a modular synthesizer bassline","electronic, drum and bass, breakbeat",chirp-v5,electronic
electronic,trance,"trance electronic, euphoric atmosphere, featuring four-on-the-floor kick over a modular synthesizer bassline","electronic, synth, bass",chirp-v5,electronic
electronic,IDM,"IDM electronic, euphoric atmosphere, featuring four-on-the-floor kick over a modular synthesizer bassline","electronic, techno, dance",chirp-v5,electronic
electronic,synthwave,"synthwave electronic, euphoric atmosphere, featuring four-on-the-floor kick over a modular synthesizer bassline","electronic, ambient, atmospheric",chirp-v5,electronic
electronic,electro,"electro electronic, euphoric atmosphere, featuring four-on-the-floor kick over a modular synthesizer bassline","electronic, synthwave, retro",chirp-v5,electronic
electronic,minimal techno,"minimal techno electronic, euphoric atmosphere, featuring four-on-the-floor kick over a modular synthesizer bassline","electronic, drum and bass, breakbeat",chirp-v5,electronic
electronic,techno,"techno electronic, dark atmosphere, featuring four-on-the-floor kick over a modular synthesizer bassline","electronic, synth, bass",chirp-v5,electronic
electronic,house,"house electronic, dark atmosphere, featuring four-on-the-floor kick over a modular synthesizer bassline","electronic, techno, dance",chirp-v5,electronic
electronic,ambient,"ambient electronic, dark atmosphere, featuring four-on-the-floor kick over a modular synthesizer bassline","electronic, ambient, atmospheric",chirp-v5,electronic
electronic,drum and bass,"drum and bass electronic, dark atmosphere, featuring four-on-the-floor kick over a modular synthesizer bassline","electronic, synthwave, retro",chirp-v5,electronic
electronic,dubstep,"dubstep electronic, dark atmosphere, featuring four-on-the-floor kick over a modular synthesizer bassline","electronic, drum and bass, breakbeat",chirp-v5,electronic
electronic,trance,"trance electronic, dark atmosphere, featuring four-on-the-floor kick over a modular synthesizer bassline","electronic, synth, bass",chirp-v5,electronic
electronic,IDM,"IDM electronic, dark atmosphere, featuring four-on-the-floor kick over a modular synthesizer bassline","electronic, techno, dance",chirp-v5,electronic
electronic,synthwave,"synthwave electronic, dark atmosphere, featuring four-on-the-floor kick over a modular synthesizer bassline","electronic, ambient, atmospheric",chirp-v5,electronic
electronic,electro,"electro electronic, dark atmosphere, featuring four-on-the-floor kick over a modular synthesizer bassline","electronic, synthwave, retro",chirp-v5,electronic
electronic,minimal techno,"minimal techno electronic, dark atmosphere, featuring four-on-the-floor kick over a modular synthesizer bassline","electronic, drum and bass, breakbeat",chirp-v5,electronic
electronic,techno,"techno electronic, pulsating atmosphere, featuring four-on-the-floor kick over a modular synthesizer bassline","electronic, synth, bass",chirp-v5,electronic
electronic,house,"house electronic, pulsating atmosphere, featuring four-on-the-floor kick over a modular synthesizer bassline","electronic, techno, dance",chirp-v5,electronic
electronic,ambient,"ambient electronic, pulsating atmosphere, featuring four-on-the-floor kick over a modular synthesizer bassline","electronic, ambient, atmospheric",chirp-v5,electronic
electronic,drum and bass,"drum and bass electronic, pulsating atmosphere, featuring four-on-the-floor kick over a modular synthesizer bassline","electronic, synthwave, retro",chirp-v5,electronic
electronic,dubstep,"dubstep electronic, pulsating atmosphere, featuring four-on-the-floor kick over a modular synthesizer bassline","electronic, drum and bass, breakbeat",chirp-v5,electronic
electronic,trance,"trance electronic, pulsating atmosphere, featuring four-on-the-floor kick over a modular synthesizer bassline","electronic, synth, bass",chirp-v5,electronic
electronic,IDM,"IDM electronic, pulsating atmosphere, featuring four-on-the-floor kick over a modular synthesizer bassline","electronic, techno, dance",chirp-v5,electronic
electronic,synthwave,"synthwave electronic, pulsating atmosphere, featuring four-on-the-floor kick over a modular synthesizer bassline","electronic, ambient, atmospheric",chirp-v5,electronic
electronic,electro,"electro electronic, pulsating atmosphere, featuring four-on-the-floor kick over a modular synthesizer bassline","electronic, synthwave, retro",chirp-v5,electronic
electronic,minimal techno,"minimal techno electronic, pulsating atmosphere, featuring four-on-the-floor kick over a modular synthesizer bassline","electronic, drum and bass, breakbeat",chirp-v5,electronic
electronic,techno,"techno electronic, meditative atmosphere, featuring four-on-the-floor kick over a modular synthesizer bassline","electronic, synth, bass",chirp-v5,electronic
electronic,house,"house electronic, meditative atmosphere, featuring four-on-the-floor kick over a modular synthesizer bassline","electronic, techno, dance",chirp-v5,electronic
electronic,ambient,"ambient electronic, meditative atmosphere, featuring four-on-the-floor kick over a modular synthesizer bassline","electronic, ambient, atmospheric",chirp-v5,electronic
electronic,drum and bass,"drum and bass electronic, meditative atmosphere, featuring four-on-the-floor kick over a modular synthesizer bassline","electronic, synthwave, retro",chirp-v5,electronic
electronic,dubstep,"dubstep electronic, meditative atmosphere, featuring four-on-the-floor kick over a modular synthesizer bassline","electronic, drum and bass, breakbeat",chirp-v5,electronic
electronic,trance,"trance electronic, meditative atmosphere, featuring four-on-the-floor kick over a modular synthesizer bassline","electronic, synth, bass",chirp-v5,electronic
electronic,IDM,"IDM electronic, meditative atmosphere, featuring four-on-the-floor kick over a modular synthesizer bassline","electronic, techno, dance",chirp-v5,electronic
electronic,synthwave,"synthwave electronic, meditative atmosphere, featuring four-on-the-floor kick over a modular synthesizer bassline","electronic, ambient, atmospheric",chirp-v5,electronic
electronic,electro,"electro electronic, meditative atmosphere, featuring four-on-the-floor kick over a modular synthesizer bassline","electronic, synthwave, retro",chirp-v5,electronic
electronic,minimal techno,"minimal techno electronic, meditative atmosphere, featuring four-on-the-floor kick over a modular synthesizer bassline","electronic, drum and bass, breakbeat",chirp-v5,electronic
electronic,techno,"techno electronic, intense atmosphere, featuring four-on-the-floor kick over a modular synthesizer bassline","electronic, synth, bass",chirp-v5,electronic
electronic,house,"house electronic, intense atmosphere, featuring four-on-the-floor kick over a modular synthesizer bassline","electronic, techno, dance",chirp-v5,electronic
electronic,ambient,"ambient electronic, intense atmosphere, featuring four-on-the-floor kick over a modular synthesizer bassline","electronic, ambient, atmospheric",chirp-v5,electronic
electronic,drum and bass,"drum and bass electronic, intense atmosphere, featuring four-on-the-floor kick over a modular synthesizer bassline","electronic, synthwave, retro",chirp-v5,electronic
electronic,dubstep,"dubstep electronic, intense atmosphere, featuring four-on-the-floor kick over a modular synthesizer bassline","electronic, drum and bass, breakbeat",chirp-v5,electronic
electronic,trance,"trance electronic, intense atmosphere, featuring four-on-the-floor kick over a modular synthesizer bassline","electronic, synth, bass",chirp-v5,electronic
electronic,IDM,"IDM electronic, intense atmosphere, featuring four-on-the-floor kick over a modular synthesizer bassline","electronic, techno, dance",chirp-v5,electronic
electronic,synthwave,"synthwave electronic, intense atmosphere, featuring four-on-the-floor kick over a modular synthesizer bassline","electronic, ambient, atmospheric",chirp-v5,electronic
electronic,electro,"electro electronic, intense atmosphere, featuring four-on-the-floor kick over a modular synthesizer bassline","electronic, synthwave, retro",chirp-v5,electronic
electronic,minimal techno,"minimal techno electronic, intense atmosphere, featuring four-on-the-floor kick over a modular synthesizer bassline","electronic, drum and bass, breakbeat",chirp-v5,electronic
electronic,techno,"techno electronic, otherworldly atmosphere, featuring four-on-the-floor kick over a modular synthesizer bassline","electronic, synth, bass",chirp-v5,electronic
electronic,house,"house electronic, otherworldly atmosphere, featuring four-on-the-floor kick over a modular synthesizer bassline","electronic, techno, dance",chirp-v5,electronic
electronic,ambient,"ambient electronic, otherworldly atmosphere, featuring four-on-the-floor kick over a modular synthesizer bassline","electronic, ambient, atmospheric",chirp-v5,electronic
electronic,drum and bass,"drum and bass electronic, otherworldly atmosphere, featuring four-on-the-floor kick over a modular synthesizer bassline","electronic, synthwave, retro",chirp-v5,electronic
electronic,dubstep,"dubstep electronic, otherworldly atmosphere, featuring four-on-the-floor kick over a modular synthesizer bassline","electronic, drum and bass, breakbeat",chirp-v5,electronic
electronic,trance,"trance electronic, otherworldly atmosphere, featuring four-on-the-floor kick over a modular synthesizer bassline","electronic, synth, bass",chirp-v5,electronic
electronic,IDM,"IDM electronic, otherworldly atmosphere, featuring four-on-the-floor kick over a modular synthesizer bassline","electronic, techno, dance",chirp-v5,electronic
electronic,synthwave,"synthwave electronic, otherworldly atmosphere, featuring four-on-the-floor kick over a modular synthesizer bassline","electronic, ambient, atmospheric",chirp-v5,electronic
electronic,electro,"electro electronic, otherworldly atmosphere, featuring four-on-the-floor kick over a modular synthesizer bassline","electronic, synthwave, retro",chirp-v5,electronic
electronic,minimal techno,"minimal techno electronic, otherworldly atmosphere, featuring four-on-the-floor kick over a modular synthesizer bassline","electronic, drum and bass, breakbeat",chirp-v5,electronic
electronic,techno,"techno electronic, driving atmosphere, featuring four-on-the-floor kick over a modular synthesizer bassline","electronic, synth, bass",chirp-v5,electronic
electronic,house,"house electronic, driving atmosphere, featuring four-on-the-floor kick over a modular synthesizer bassline","electronic, techno, dance",chirp-v5,electronic
electronic,ambient,"ambient electronic, driving atmosphere, featuring four-on-the-floor kick over a modular synthesizer bassline","electronic, ambient, atmospheric",chirp-v5,electronic
electronic,drum and bass,"drum and bass electronic, driving atmosphere, featuring four-on-the-floor kick over a modular synthesizer bassline","electronic, synthwave, retro",chirp-v5,electronic
electronic,dubstep,"dubstep electronic, driving atmosphere, featuring four-on-the-floor kick over a modular synthesizer bassline","electronic, drum and bass, breakbeat",chirp-v5,electronic
electronic,trance,"trance electronic, driving atmosphere, featuring four-on-the-floor kick over a modular synthesizer bassline","electronic, synth, bass",chirp-v5,electronic
electronic,IDM,"IDM electronic, driving atmosphere, featuring four-on-the-floor kick over a modular synthesizer bassline","electronic, techno, dance",chirp-v5,electronic
electronic,synthwave,"synthwave electronic, driving atmosphere, featuring four-on-the-floor kick over a modular synthesizer bassline","electronic, ambient, atmospheric",chirp-v5,electronic
electronic,electro,"electro electronic, driving atmosphere, featuring four-on-the-floor kick over a modular synthesizer bassline","electronic, synthwave, retro",chirp-v5,electronic
electronic,minimal techno,"minimal techno electronic, driving atmosphere, featuring four-on-the-floor kick over a modular synthesizer bassline","electronic, drum and bass, breakbeat",chirp-v5,electronic
electronic,techno,"techno electronic, ominous atmosphere, featuring four-on-the-floor kick over a modular synthesizer bassline","electronic, synth, bass",chirp-v5,electronic
electronic,house,"house electronic, ominous atmosphere, featuring four-on-the-floor kick over a modular synthesizer bassline","electronic, techno, dance",chirp-v5,electronic
electronic,ambient,"ambient electronic, ominous atmosphere, featuring four-on-the-floor kick over a modular synthesizer bassline","electronic, ambient, atmospheric",chirp-v5,electronic
electronic,drum and bass,"drum and bass electronic, ominous atmosphere, featuring four-on-the-floor kick over a modular synthesizer bassline","electronic, synthwave, retro",chirp-v5,electronic
electronic,dubstep,"dubstep electronic, ominous atmosphere, featuring four-on-the-floor kick over a modular synthesizer bassline","electronic, drum and bass, breakbeat",chirp-v5,electronic
electronic,trance,"trance electronic, ominous atmosphere, featuring four-on-the-floor kick over a modular synthesizer bassline","electronic, synth, bass",chirp-v5,electronic
electronic,IDM,"IDM electronic, ominous atmosphere, featuring four-on-the-floor kick over a modular synthesizer bassline","electronic, techno, dance",chirp-v5,electronic
electronic,synthwave,"synthwave electronic, ominous atmosphere, featuring four-on-the-floor kick over a modular synthesizer bassline","electronic, ambient, atmospheric",chirp-v5,electronic
electronic,electro,"electro electronic, ominous atmosphere, featuring four-on-the-floor kick over a modular synthesizer bassline","electronic, synthwave, retro",chirp-v5,electronic
electronic,minimal techno,"minimal techno electronic, ominous atmosphere, featuring four-on-the-floor kick over a modular synthesizer bassline","electronic, drum and bass, breakbeat",chirp-v5,electronic
electronic,techno,"techno electronic, transcendent atmosphere, featuring four-on-the-floor kick over a modular synthesizer bassline","electronic, synth, bass",chirp-v5,electronic
electronic,house,"house electronic, transcendent atmosphere, featuring four-on-the-floor kick over a modular synthesizer bassline","electronic, techno, dance",chirp-v5,electronic
electronic,ambient,"ambient electronic, transcendent atmosphere, featuring four-on-the-floor kick over a modular synthesizer bassline","electronic, ambient, atmospheric",chirp-v5,electronic
electronic,drum and bass,"drum and bass electronic, transcendent atmosphere, featuring four-on-the-floor kick over a modular synthesizer bassline","electronic, synthwave, retro",chirp-v5,electronic
electronic,dubstep,"dubstep electronic, transcendent atmosphere, featuring four-on-the-floor kick over a modular synthesizer bassline","electronic, drum and bass, breakbeat",chirp-v5,electronic
electronic,trance,"trance electronic, transcendent atmosphere, featuring four-on-the-floor kick over a modular synthesizer bassline","electronic, synth, bass",chirp-v5,electronic
electronic,IDM,"IDM electronic, transcendent atmosphere, featuring four-on-the-floor kick over a modular synthesizer bassline","electronic, techno, dance",chirp-v5,electronic
electronic,synthwave,"synthwave electronic, transcendent atmosphere, featuring four-on-the-floor kick over a modular synthesizer bassline","electronic, ambient, atmospheric",chirp-v5,electronic
electronic,electro,"electro electronic, transcendent atmosphere, featuring four-on-the-floor kick over a modular synthesizer bassline","electronic, synthwave, retro",chirp-v5,electronic
electronic,minimal techno,"minimal techno electronic, transcendent atmosphere, featuring four-on-the-floor kick over a modular synthesizer bassline","electronic, drum and bass, breakbeat",chirp-v5,electronic
electronic,techno,"techno electronic, hypnotic atmosphere, featuring atmospheric pads and sequenced melodic arpeggios","electronic, synth, bass",chirp-v5,electronic
electronic,house,"house electronic, hypnotic atmosphere, featuring atmospheric pads and sequenced melodic arpeggios","electronic, techno, dance",chirp-v5,electronic
electronic,ambient,"ambient electronic, hypnotic atmosphere, featuring atmospheric pads and sequenced melodic arpeggios","electronic, ambient, atmospheric",chirp-v5,electronic
electronic,drum and bass,"drum and bass electronic, hypnotic atmosphere, featuring atmospheric pads and sequenced melodic arpeggios","electronic, synthwave, retro",chirp-v5,electronic
electronic,dubstep,"dubstep electronic, hypnotic atmosphere, featuring atmospheric pads and sequenced melodic arpeggios","electronic, drum and bass, breakbeat",chirp-v5,electronic
electronic,trance,"trance electronic, hypnotic atmosphere, featuring atmospheric pads and sequenced melodic arpeggios","electronic, synth, bass",chirp-v5,electronic
electronic,IDM,"IDM electronic, hypnotic atmosphere, featuring atmospheric pads and sequenced melodic arpeggios","electronic, techno, dance",chirp-v5,electronic
electronic,synthwave,"synthwave electronic, hypnotic atmosphere, featuring atmospheric pads and sequenced melodic arpeggios","electronic, ambient, atmospheric",chirp-v5,electronic
electronic,electro,"electro electronic, hypnotic atmosphere, featuring atmospheric pads and sequenced melodic arpeggios","electronic, synthwave, retro",chirp-v5,electronic
electronic,minimal techno,"minimal techno electronic, hypnotic atmosphere, featuring atmospheric pads and sequenced melodic arpeggios","electronic, drum and bass, breakbeat",chirp-v5,electronic
electronic,techno,"techno electronic, euphoric atmosphere, featuring atmospheric pads and sequenced melodic arpeggios","electronic, synth, bass",chirp-v5,electronic
electronic,house,"house electronic, euphoric atmosphere, featuring atmospheric pads and sequenced melodic arpeggios","electronic, techno, dance",chirp-v5,electronic
electronic,ambient,"ambient electronic, euphoric atmosphere, featuring atmospheric pads and sequenced melodic arpeggios","electronic, ambient, atmospheric",chirp-v5,electronic
electronic,drum and bass,"drum and bass electronic, euphoric atmosphere, featuring atmospheric pads and sequenced melodic arpeggios","electronic, synthwave, retro",chirp-v5,electronic
electronic,dubstep,"dubstep electronic, euphoric atmosphere, featuring atmospheric pads and sequenced melodic arpeggios","electronic, drum and bass, breakbeat",chirp-v5,electronic
electronic,trance,"trance electronic, euphoric atmosphere, featuring atmospheric pads and sequenced melodic arpeggios","electronic, synth, bass",chirp-v5,electronic
electronic,IDM,"IDM electronic, euphoric atmosphere, featuring atmospheric pads and sequenced melodic arpeggios","electronic, techno, dance",chirp-v5,electronic
electronic,synthwave,"synthwave electronic, euphoric atmosphere, featuring atmospheric pads and sequenced melodic arpeggios","electronic, ambient, atmospheric",chirp-v5,electronic
electronic,electro,"electro electronic, euphoric atmosphere, featuring atmospheric pads and sequenced melodic arpeggios","electronic, synthwave, retro",chirp-v5,electronic
electronic,minimal techno,"minimal techno electronic, euphoric atmosphere, featuring atmospheric pads and sequenced melodic arpeggios","electronic, drum and bass, breakbeat",chirp-v5,electronic
electronic,techno,"techno electronic, dark atmosphere, featuring atmospheric pads and sequenced melodic arpeggios","electronic, synth, bass",chirp-v5,electronic
electronic,house,"house electronic, dark atmosphere, featuring atmospheric pads and sequenced melodic arpeggios","electronic, techno, dance",chirp-v5,electronic
electronic,ambient,"ambient electronic, dark atmosphere, featuring atmospheric pads and sequenced melodic arpeggios","electronic, ambient, atmospheric",chirp-v5,electronic
electronic,drum and bass,"drum and bass electronic, dark atmosphere, featuring atmospheric pads and sequenced melodic arpeggios","electronic, synthwave, retro",chirp-v5,electronic
electronic,dubstep,"dubstep electronic, dark atmosphere, featuring atmospheric pads and sequenced melodic arpeggios","electronic, drum and bass, breakbeat",chirp-v5,electronic
electronic,trance,"trance electronic, dark atmosphere, featuring atmospheric pads and sequenced melodic arpeggios","electronic, synth, bass",chirp-v5,electronic
electronic,IDM,"IDM electronic, dark atmosphere, featuring atmospheric pads and sequenced melodic arpeggios","electronic, techno, dance",chirp-v5,electronic
electronic,synthwave,"synthwave electronic, dark atmosphere, featuring atmospheric pads and sequenced melodic arpeggios","electronic, ambient, atmospheric",chirp-v5,electronic
electronic,electro,"electro electronic, dark atmosphere, featuring atmospheric pads and sequenced melodic arpeggios","electronic, synthwave, retro",chirp-v5,electronic
electronic,minimal techno,"minimal techno electronic, dark atmosphere, featuring atmospheric pads and sequenced melodic arpeggios","electronic, drum and bass, breakbeat",chirp-v5,electronic
electronic,techno,"techno electronic, pulsating atmosphere, featuring atmospheric pads and sequenced melodic arpeggios","electronic, synth, bass",chirp-v5,electronic
electronic,house,"house electronic, pulsating atmosphere, featuring atmospheric pads and sequenced melodic arpeggios","electronic, techno, dance",chirp-v5,electronic
electronic,ambient,"ambient electronic, pulsating atmosphere, featuring atmospheric pads and sequenced melodic arpeggios","electronic, ambient, atmospheric",chirp-v5,electronic
electronic,drum and bass,"drum and bass electronic, pulsating atmosphere, featuring atmospheric pads and sequenced melodic arpeggios","electronic, synthwave, retro",chirp-v5,electronic
electronic,dubstep,"dubstep electronic, pulsating atmosphere, featuring atmospheric pads and sequenced melodic arpeggios","electronic, drum and bass, breakbeat",chirp-v5,electronic
electronic,trance,"trance electronic, pulsating atmosphere, featuring atmospheric pads and sequenced melodic arpeggios","electronic, synth, bass",chirp-v5,electronic
electronic,IDM,"IDM electronic, pulsating atmosphere, featuring atmospheric pads and sequenced melodic arpeggios","electronic, techno, dance",chirp-v5,electronic
electronic,synthwave,"synthwave electronic, pulsating atmosphere, featuring atmospheric pads and sequenced melodic arpeggios","electronic, ambient, atmospheric",chirp-v5,electronic
electronic,electro,"electro electronic, pulsating atmosphere, featuring atmospheric pads and sequenced melodic arpeggios","electronic, synthwave, retro",chirp-v5,electronic
electronic,minimal techno,"minimal techno electronic, pulsating atmosphere, featuring atmospheric pads and sequenced melodic arpeggios","electronic, drum and bass, breakbeat",chirp-v5,electronic
electronic,techno,"techno electronic, meditative atmosphere, featuring atmospheric pads and sequenced melodic arpeggios","electronic, synth, bass",chirp-v5,electronic
electronic,house,"house electronic, meditative atmosphere, featuring atmospheric pads and sequenced melodic arpeggios","electronic, techno, dance",chirp-v5,electronic
electronic,ambient,"ambient electronic, meditative atmosphere, featuring atmospheric pads and sequenced melodic arpeggios","electronic, ambient, atmospheric",chirp-v5,electronic
electronic,drum and bass,"drum and bass electronic, meditative atmosphere, featuring atmospheric pads and sequenced melodic arpeggios","electronic, synthwave, retro",chirp-v5,electronic
electronic,dubstep,"dubstep electronic, meditative atmosphere, featuring atmospheric pads and sequenced melodic arpeggios","electronic, drum and bass, breakbeat",chirp-v5,electronic
electronic,trance,"trance electronic, meditative atmosphere, featuring atmospheric pads and sequenced melodic arpeggios","electronic, synth, bass",chirp-v5,electronic
electronic,IDM,"IDM electronic, meditative atmosphere, featuring atmospheric pads and sequenced melodic arpeggios","electronic, techno, dance",chirp-v5,electronic
electronic,synthwave,"synthwave electronic, meditative atmosphere, featuring atmospheric pads and sequenced melodic arpeggios","electronic, ambient, atmospheric",chirp-v5,electronic
electronic,electro,"electro electronic, meditative atmosphere, featuring atmospheric pads and sequenced melodic arpeggios","electronic, synthwave, retro",chirp-v5,electronic
electronic,minimal techno,"minimal techno electronic, meditative atmosphere, featuring atmospheric pads and sequenced melodic arpeggios","electronic, drum and bass, breakbeat",chirp-v5,electronic
electronic,techno,"techno electronic, intense atmosphere, featuring atmospheric pads and sequenced melodic arpeggios","electronic, synth, bass",chirp-v5,electronic
electronic,house,"house electronic, intense atmosphere, featuring atmospheric pads and sequenced melodic arpeggios","electronic, techno, dance",chirp-v5,electronic
electronic,ambient,"ambient electronic, intense atmosphere, featuring atmospheric pads and sequenced melodic arpeggios","electronic, ambient, atmospheric",chirp-v5,electronic
electronic,drum and bass,"drum and bass electronic, intense atmosphere, featuring atmospheric pads and sequenced melodic arpeggios","electronic, synthwave, retro",chirp-v5,electronic
electronic,dubstep,"dubstep electronic, intense atmosphere, featuring atmospheric pads and sequenced melodic arpeggios","electronic, drum and bass, breakbeat",chirp-v5,electronic
electronic,trance,"trance electronic, intense atmosphere, featuring atmospheric pads and sequenced melodic arpeggios","electronic, synth, bass",chirp-v5,electronic
electronic,IDM,"IDM electronic, intense atmosphere, featuring atmospheric pads and sequenced melodic arpeggios","electronic, techno, dance",chirp-v5,electronic
electronic,synthwave,"synthwave electronic, intense atmosphere, featuring atmospheric pads and sequenced melodic arpeggios","electronic, ambient, atmospheric",chirp-v5,electronic
electronic,electro,"electro electronic, intense atmosphere, featuring atmospheric pads and sequenced melodic arpeggios","electronic, synthwave, retro",chirp-v5,electronic
electronic,minimal techno,"minimal techno electronic, intense atmosphere, featuring atmospheric pads and sequenced melodic arpeggios","electronic, drum and bass, breakbeat",chirp-v5,electronic
electronic,techno,"techno electronic, otherworldly atmosphere, featuring atmospheric pads and sequenced melodic arpeggios","electronic, synth, bass",chirp-v5,electronic
electronic,house,"house electronic, otherworldly atmosphere, featuring atmospheric pads and sequenced melodic arpeggios","electronic, techno, dance",chirp-v5,electronic
electronic,ambient,"ambient electronic, otherworldly atmosphere, featuring atmospheric pads and sequenced melodic arpeggios","electronic, ambient, atmospheric",chirp-v5,electronic
electronic,drum and bass,"drum and bass electronic, otherworldly atmosphere, featuring atmospheric pads and sequenced melodic arpeggios","electronic, synthwave, retro",chirp-v5,electronic
electronic,dubstep,"dubstep electronic, otherworldly atmosphere, featuring atmospheric pads and sequenced melodic arpeggios","electronic, drum and bass, breakbeat",chirp-v5,electronic
electronic,trance,"trance electronic, otherworldly atmosphere, featuring atmospheric pads and sequenced melodic arpeggios","electronic, synth, bass",chirp-v5,electronic
electronic,IDM,"IDM electronic, otherworldly atmosphere, featuring atmospheric pads and sequenced melodic arpeggios","electronic, techno, dance",chirp-v5,electronic
electronic,synthwave,"synthwave electronic, otherworldly atmosphere, featuring atmospheric pads and sequenced melodic arpeggios","electronic, ambient, atmospheric",chirp-v5,electronic
electronic,electro,"electro electronic, otherworldly atmosphere, featuring atmospheric pads and sequenced melodic arpeggios","electronic, synthwave, retro",chirp-v5,electronic
electronic,minimal techno,"minimal techno electronic, otherworldly atmosphere, featuring atmospheric pads and sequenced melodic arpeggios","electronic, drum and bass, breakbeat",chirp-v5,electronic
electronic,techno,"techno electronic, driving atmosphere, featuring atmospheric pads and sequenced melodic arpeggios","electronic, synth, bass",chirp-v5,electronic
electronic,house,"house electronic, driving atmosphere, featuring atmospheric pads and sequenced melodic arpeggios","electronic, techno, dance",chirp-v5,electronic
electronic,ambient,"ambient electronic, driving atmosphere, featuring atmospheric pads and sequenced melodic arpeggios","electronic, ambient, atmospheric",chirp-v5,electronic
electronic,drum and bass,"drum and bass electronic, driving atmosphere, featuring atmospheric pads and sequenced melodic arpeggios","electronic, synthwave, retro",chirp-v5,electronic
electronic,dubstep,"dubstep electronic, driving atmosphere, featuring atmospheric pads and sequenced melodic arpeggios","electronic, drum and bass, breakbeat",chirp-v5,electronic
electronic,trance,"trance electronic, driving atmosphere, featuring atmospheric pads and sequenced melodic arpeggios","electronic, synth, bass",chirp-v5,electronic
electronic,IDM,"IDM electronic, driving atmosphere, featuring atmospheric pads and sequenced melodic arpeggios","electronic, techno, dance",chirp-v5,electronic
electronic,synthwave,"synthwave electronic, driving atmosphere, featuring atmospheric pads and sequenced melodic arpeggios","electronic, ambient, atmospheric",chirp-v5,electronic
electronic,electro,"electro electronic, driving atmosphere, featuring atmospheric pads and sequenced melodic arpeggios","electronic, synthwave, retro",chirp-v5,electronic
electronic,minimal techno,"minimal techno electronic, driving atmosphere, featuring atmospheric pads and sequenced melodic arpeggios","electronic, drum and bass, breakbeat",chirp-v5,electronic
electronic,techno,"techno electronic, ominous atmosphere, featuring atmospheric pads and sequenced melodic arpeggios","electronic, synth, bass",chirp-v5,electronic
electronic,house,"house electronic, ominous atmosphere, featuring atmospheric pads and sequenced melodic arpeggios","electronic, techno, dance",chirp-v5,electronic
electronic,ambient,"ambient electronic, ominous atmosphere, featuring atmospheric pads and sequenced melodic arpeggios","electronic, ambient, atmospheric",chirp-v5,electronic
electronic,drum and bass,"drum and bass electronic, ominous atmosphere, featuring atmospheric pads and sequenced melodic arpeggios","electronic, synthwave, retro",chirp-v5,electronic
electronic,dubstep,"dubstep electronic, ominous atmosphere, featuring atmospheric pads and sequenced melodic arpeggios","electronic, drum and bass, breakbeat",chirp-v5,electronic
electronic,trance,"trance electronic, ominous atmosphere, featuring atmospheric pads and sequenced melodic arpeggios","electronic, synth, bass",chirp-v5,electronic
electronic,IDM,"IDM electronic, ominous atmosphere, featuring atmospheric pads and sequenced melodic arpeggios","electronic, techno, dance",chirp-v5,electronic
electronic,synthwave,"synthwave electronic, ominous atmosphere, featuring atmospheric pads and sequenced melodic arpeggios","electronic, ambient, atmospheric",chirp-v5,electronic
electronic,electro,"electro electronic, ominous atmosphere, featuring atmospheric pads and sequenced melodic arpeggios","electronic, synthwave, retro",chirp-v5,electronic
electronic,minimal techno,"minimal techno electronic, ominous atmosphere, featuring atmospheric pads and sequenced melodic arpeggios","electronic, drum and bass, breakbeat",chirp-v5,electronic
electronic,techno,"techno electronic, transcendent atmosphere, featuring atmospheric pads and sequenced melodic arpeggios","electronic, synth, bass",chirp-v5,electronic
electronic,house,"house electronic, transcendent atmosphere, featuring atmospheric pads and sequenced melodic arpeggios","electronic, techno, dance",chirp-v5,electronic
electronic,ambient,"ambient electronic, transcendent atmosphere, featuring atmospheric pads and sequenced melodic arpeggios","electronic, ambient, atmospheric",chirp-v5,electronic
electronic,drum and bass,"drum and bass electronic, transcendent atmosphere, featuring atmospheric pads and sequenced melodic arpeggios","electronic, synthwave, retro",chirp-v5,electronic
electronic,dubstep,"dubstep electronic, transcendent atmosphere, featuring atmospheric pads and sequenced melodic arpeggios","electronic, drum and bass, breakbeat",chirp-v5,electronic
electronic,trance,"trance electronic, transcendent atmosphere, featuring atmospheric pads and sequenced melodic arpeggios","electronic, synth, bass",chirp-v5,electronic
electronic,IDM,"IDM electronic, transcendent atmosphere, featuring atmospheric pads and sequenced melodic arpeggios","electronic, techno, dance",chirp-v5,electronic
electronic,synthwave,"synthwave electronic, transcendent atmosphere, featuring atmospheric pads and sequenced melodic arpeggios","electronic, ambient, atmospheric",chirp-v5,electronic
electronic,electro,"electro electronic, transcendent atmosphere, featuring atmospheric pads and sequenced melodic arpeggios","electronic, synthwave, retro",chirp-v5,electronic
electronic,minimal techno,"minimal techno electronic, transcendent atmosphere, featuring atmospheric pads and sequenced melodic arpeggios","electronic, drum and bass, breakbeat",chirp-v5,electronic
electronic,techno,"techno electronic, hypnotic atmosphere, featuring heavy sub-bass wobble with stuttering high-hat patterns","electronic, synth, bass",chirp-v5,electronic
electronic,house,"house electronic, hypnotic atmosphere, featuring heavy sub-bass wobble with stuttering high-hat patterns","electronic, techno, dance",chirp-v5,electronic
electronic,ambient,"ambient electronic, hypnotic atmosphere, featuring heavy sub-bass wobble with stuttering high-hat patterns","electronic, ambient, atmospheric",chirp-v5,electronic
electronic,drum and bass,"drum and bass electronic, hypnotic atmosphere, featuring heavy sub-bass wobble with stuttering high-hat patterns","electronic, synthwave, retro",chirp-v5,electronic
electronic,dubstep,"dubstep electronic, hypnotic atmosphere, featuring heavy sub-bass wobble with stuttering high-hat patterns","electronic, drum and bass, breakbeat",chirp-v5,electronic
electronic,trance,"trance electronic, hypnotic atmosphere, featuring heavy sub-bass wobble with stuttering high-hat patterns","electronic, synth, bass",chirp-v5,electronic
electronic,IDM,"IDM electronic, hypnotic atmosphere, featuring heavy sub-bass wobble with stuttering high-hat patterns","electronic, techno, dance",chirp-v5,electronic
electronic,synthwave,"synthwave electronic, hypnotic atmosphere, featuring heavy sub-bass wobble with stuttering high-hat patterns","electronic, ambient, atmospheric",chirp-v5,electronic
electronic,electro,"electro electronic, hypnotic atmosphere, featuring heavy sub-bass wobble with stuttering high-hat patterns","electronic, synthwave, retro",chirp-v5,electronic
electronic,minimal techno,"minimal techno electronic, hypnotic atmosphere, featuring heavy sub-bass wobble with stuttering high-hat patterns","electronic, drum and bass, breakbeat",chirp-v5,electronic
electronic,techno,"techno electronic, euphoric atmosphere, featuring heavy sub-bass wobble with stuttering high-hat patterns","electronic, synth, bass",chirp-v5,electronic
electronic,house,"house electronic, euphoric atmosphere, featuring heavy sub-bass wobble with stuttering high-hat patterns","electronic, techno, dance",chirp-v5,electronic
electronic,ambient,"ambient electronic, euphoric atmosphere, featuring heavy sub-bass wobble with stuttering high-hat patterns","electronic, ambient, atmospheric",chirp-v5,electronic
electronic,drum and bass,"drum and bass electronic, euphoric atmosphere, featuring heavy sub-bass wobble with stuttering high-hat patterns","electronic, synthwave, retro",chirp-v5,electronic
electronic,dubstep,"dubstep electronic, euphoric atmosphere, featuring heavy sub-bass wobble with stuttering high-hat patterns","electronic, drum and bass, breakbeat",chirp-v5,electronic
electronic,trance,"trance electronic, euphoric atmosphere, featuring heavy sub-bass wobble with stuttering high-hat patterns","electronic, synth, bass",chirp-v5,electronic
electronic,IDM,"IDM electronic, euphoric atmosphere, featuring heavy sub-bass wobble with stuttering high-hat patterns","electronic, techno, dance",chirp-v5,electronic
electronic,synthwave,"synthwave electronic, euphoric atmosphere, featuring heavy sub-bass wobble with stuttering high-hat patterns","electronic, ambient, atmospheric",chirp-v5,electronic
electronic,electro,"electro electronic, euphoric atmosphere, featuring heavy sub-bass wobble with stuttering high-hat patterns","electronic, synthwave, retro",chirp-v5,electronic
electronic,minimal techno,"minimal techno electronic, euphoric atmosphere, featuring heavy sub-bass wobble with stuttering high-hat patterns","electronic, drum and bass, breakbeat",chirp-v5,electronic
electronic,techno,"techno electronic, dark atmosphere, featuring heavy sub-bass wobble with stuttering high-hat patterns","electronic, synth, bass",chirp-v5,electronic
electronic,house,"house electronic, dark atmosphere, featuring heavy sub-bass wobble with stuttering high-hat patterns","electronic, techno, dance",chirp-v5,electronic
electronic,ambient,"ambient electronic, dark atmosphere, featuring heavy sub-bass wobble with stuttering high-hat patterns","electronic, ambient, atmospheric",chirp-v5,electronic
electronic,drum and bass,"drum and bass electronic, dark atmosphere, featuring heavy sub-bass wobble with stuttering high-hat patterns","electronic, synthwave, retro",chirp-v5,electronic
electronic,dubstep,"dubstep electronic, dark atmosphere, featuring heavy sub-bass wobble with stuttering high-hat patterns","electronic, drum and bass, breakbeat",chirp-v5,electronic
electronic,trance,"trance electronic, dark atmosphere, featuring heavy sub-bass wobble with stuttering high-hat patterns","electronic, synth, bass",chirp-v5,electronic
electronic,IDM,"IDM electronic, dark atmosphere, featuring heavy sub-bass wobble with stuttering high-hat patterns","electronic, techno, dance",chirp-v5,electronic
electronic,synthwave,"synthwave electronic, dark atmosphere, featuring heavy sub-bass wobble with stuttering high-hat patterns","electronic, ambient, atmospheric",chirp-v5,electronic
electronic,electro,"electro electronic, dark atmosphere, featuring heavy sub-bass wobble with stuttering high-hat patterns","electronic, synthwave, retro",chirp-v5,electronic
electronic,minimal techno,"minimal techno electronic, dark atmosphere, featuring heavy sub-bass wobble with stuttering high-hat patterns","electronic, drum and bass, breakbeat",chirp-v5,electronic
electronic,techno,"techno electronic, pulsating atmosphere, featuring heavy sub-bass wobble with stuttering high-hat patterns","electronic, synth, bass",chirp-v5,electronic
electronic,house,"house electronic, pulsating atmosphere, featuring heavy sub-bass wobble with stuttering high-hat patterns","electronic, techno, dance",chirp-v5,electronic
electronic,ambient,"ambient electronic, pulsating atmosphere, featuring heavy sub-bass wobble with stuttering high-hat patterns","electronic, ambient, atmospheric",chirp-v5,electronic
electronic,drum and bass,"drum and bass electronic, pulsating atmosphere, featuring heavy sub-bass wobble with stuttering high-hat patterns","electronic, synthwave, retro",chirp-v5,electronic
electronic,dubstep,"dubstep electronic, pulsating atmosphere, featuring heavy sub-bass wobble with stuttering high-hat patterns","electronic, drum and bass, breakbeat",chirp-v5,electronic
electronic,trance,"trance electronic, pulsating atmosphere, featuring heavy sub-bass wobble with stuttering high-hat patterns","electronic, synth, bass",chirp-v5,electronic
electronic,IDM,"IDM electronic, pulsating atmosphere, featuring heavy sub-bass wobble with stuttering high-hat patterns","electronic, techno, dance",chirp-v5,electronic
electronic,synthwave,"synthwave electronic, pulsating atmosphere, featuring heavy sub-bass wobble with stuttering high-hat patterns","electronic, ambient, atmospheric",chirp-v5,electronic
electronic,electro,"electro electronic, pulsating atmosphere, featuring heavy sub-bass wobble with stuttering high-hat patterns","electronic, synthwave, retro",chirp-v5,electronic
electronic,minimal techno,"minimal techno electronic, pulsating atmosphere, featuring heavy sub-bass wobble with stuttering high-hat patterns","electronic, drum and bass, breakbeat",chirp-v5,electronic
electronic,techno,"techno electronic, meditative atmosphere, featuring heavy sub-bass wobble with stuttering high-hat patterns","electronic, synth, bass",chirp-v5,electronic
electronic,house,"house electronic, meditative atmosphere, featuring heavy sub-bass wobble with stuttering high-hat patterns","electronic, techno, dance",chirp-v5,electronic
electronic,ambient,"ambient electronic, meditative atmosphere, featuring heavy sub-bass wobble with stuttering high-hat patterns","electronic, ambient, atmospheric",chirp-v5,electronic
electronic,drum and bass,"drum and bass electronic, meditative atmosphere, featuring heavy sub-bass wobble with stuttering high-hat patterns","electronic, synthwave, retro",chirp-v5,electronic
electronic,dubstep,"dubstep electronic, meditative atmosphere, featuring heavy sub-bass wobble with stuttering high-hat patterns","electronic, drum and bass, breakbeat",chirp-v5,electronic
electronic,trance,"trance electronic, meditative atmosphere, featuring heavy sub-bass wobble with stuttering high-hat patterns","electronic, synth, bass",chirp-v5,electronic
electronic,IDM,"IDM electronic, meditative atmosphere, featuring heavy sub-bass wobble with stuttering high-hat patterns","electronic, techno, dance",chirp-v5,electronic
electronic,synthwave,"synthwave electronic, meditative atmosphere, featuring heavy sub-bass wobble with stuttering high-hat patterns","electronic, ambient, atmospheric",chirp-v5,electronic
electronic,electro,"electro electronic, meditative atmosphere, featuring heavy sub-bass wobble with stuttering high-hat patterns","electronic, synthwave, retro",chirp-v5,electronic
electronic,minimal techno,"minimal techno electronic, meditative atmosphere, featuring heavy sub-bass wobble with stuttering high-hat patterns","electronic, drum and bass, breakbeat",chirp-v5,electronic
electronic,techno,"techno electronic, intense atmosphere, featuring heavy sub-bass wobble with stuttering high-hat patterns","electronic, synth, bass",chirp-v5,electronic
electronic,house,"house electronic, intense atmosphere, featuring heavy sub-bass wobble with stuttering high-hat patterns","electronic, techno, dance",chirp-v5,electronic
electronic,ambient,"ambient electronic, intense atmosphere, featuring heavy sub-bass wobble with stuttering high-hat patterns","electronic, ambient, atmospheric",chirp-v5,electronic
electronic,drum and bass,"drum and bass electronic, intense atmosphere, featuring heavy sub-bass wobble with stuttering high-hat patterns","electronic, synthwave, retro",chirp-v5,electronic
electronic,dubstep,"dubstep electronic, intense atmosphere, featuring heavy sub-bass wobble with stuttering high-hat patterns","electronic, drum and bass, breakbeat",chirp-v5,electronic
electronic,trance,"trance electronic, intense atmosphere, featuring heavy sub-bass wobble with stuttering high-hat patterns","electronic, synth, bass",chirp-v5,electronic
electronic,IDM,"IDM electronic, intense atmosphere, featuring heavy sub-bass wobble with stuttering high-hat patterns","electronic, techno, dance",chirp-v5,electronic
electronic,synthwave,"synthwave electronic, intense atmosphere, featuring heavy sub-bass wobble with stuttering high-hat patterns","electronic, ambient, atmospheric",chirp-v5,electronic
electronic,electro,"electro electronic, intense atmosphere, featuring heavy sub-bass wobble with stuttering high-hat patterns","electronic, synthwave, retro",chirp-v5,electronic
electronic,minimal techno,"minimal techno electronic, intense atmosphere, featuring heavy sub-bass wobble with stuttering high-hat patterns","electronic, drum and bass, breakbeat",chirp-v5,electronic
electronic,techno,"techno electronic, otherworldly atmosphere, featuring heavy sub-bass wobble with stuttering high-hat patterns","electronic, synth, bass",chirp-v5,electronic
electronic,house,"house electronic, otherworldly atmosphere, featuring heavy sub-bass wobble with stuttering high-hat patterns","electronic, techno, dance",chirp-v5,electronic
electronic,ambient,"ambient electronic, otherworldly atmosphere, featuring heavy sub-bass wobble with stuttering high-hat patterns","electronic, ambient, atmospheric",chirp-v5,electronic
electronic,drum and bass,"drum and bass electronic, otherworldly atmosphere, featuring heavy sub-bass wobble with stuttering high-hat patterns","electronic, synthwave, retro",chirp-v5,electronic
electronic,dubstep,"dubstep electronic, otherworldly atmosphere, featuring heavy sub-bass wobble with stuttering high-hat patterns","electronic, drum and bass, breakbeat",chirp-v5,electronic
electronic,trance,"trance electronic, otherworldly atmosphere, featuring heavy sub-bass wobble with stuttering high-hat patterns","electronic, synth, bass",chirp-v5,electronic
electronic,IDM,"IDM electronic, otherworldly atmosphere, featuring heavy sub-bass wobble with stuttering high-hat patterns","electronic, techno, dance",chirp-v5,electronic
electronic,synthwave,"synthwave electronic, otherworldly atmosphere, featuring heavy sub-bass wobble with stuttering high-hat patterns","electronic, ambient, atmospheric",chirp-v5,electronic
electronic,electro,"electro electronic, otherworldly atmosphere, featuring heavy sub-bass wobble with stuttering high-hat patterns","electronic, synthwave, retro",chirp-v5,electronic
electronic,minimal techno,"minimal techno electronic, otherworldly atmosphere, featuring heavy sub-bass wobble with stuttering high-hat patterns","electronic, drum and bass, breakbeat",chirp-v5,electronic
electronic,techno,"techno electronic, driving atmosphere, featuring heavy sub-bass wobble with stuttering high-hat patterns","electronic, synth, bass",chirp-v5,electronic
electronic,house,"house electronic, driving atmosphere, featuring heavy sub-bass wobble with stuttering high-hat patterns","electronic, techno, dance",chirp-v5,electronic
electronic,ambient,"ambient electronic, driving atmosphere, featuring heavy sub-bass wobble with stuttering high-hat patterns","electronic, ambient, atmospheric",chirp-v5,electronic
electronic,drum and bass,"drum and bass electronic, driving atmosphere, featuring heavy sub-bass wobble with stuttering high-hat patterns","electronic, synthwave, retro",chirp-v5,electronic
electronic,dubstep,"dubstep electronic, driving atmosphere, featuring heavy sub-bass wobble with stuttering high-hat patterns","electronic, drum and bass, breakbeat",chirp-v5,electronic
electronic,trance,"trance electronic, driving atmosphere, featuring heavy sub-bass wobble with stuttering high-hat patterns","electronic, synth, bass",chirp-v5,electronic
electronic,IDM,"IDM electronic, driving atmosphere, featuring heavy sub-bass wobble with stuttering high-hat patterns","electronic, techno, dance",chirp-v5,electronic
electronic,synthwave,"synthwave electronic, driving atmosphere, featuring heavy sub-bass wobble with stuttering high-hat patterns","electronic, ambient, atmospheric",chirp-v5,electronic
electronic,electro,"electro electronic, driving atmosphere, featuring heavy sub-bass wobble with stuttering high-hat patterns","electronic, synthwave, retro",chirp-v5,electronic
electronic,minimal techno,"minimal techno electronic, driving atmosphere, featuring heavy sub-bass wobble with stuttering high-hat patterns","electronic, drum and bass, breakbeat",chirp-v5,electronic
electronic,techno,"techno electronic, ominous atmosphere, featuring heavy sub-bass wobble with stuttering high-hat patterns","electronic, synth, bass",chirp-v5,electronic
electronic,house,"house electronic, ominous atmosphere, featuring heavy sub-bass wobble with stuttering high-hat patterns","electronic, techno, dance",chirp-v5,electronic
electronic,ambient,"ambient electronic, ominous atmosphere, featuring heavy sub-bass wobble with stuttering high-hat patterns","electronic, ambient, atmospheric",chirp-v5,electronic
electronic,drum and bass,"drum and bass electronic, ominous atmosphere, featuring heavy sub-bass wobble with stuttering high-hat patterns","electronic, synthwave, retro",chirp-v5,electronic
electronic,dubstep,"dubstep electronic, ominous atmosphere, featuring heavy sub-bass wobble with stuttering high-hat patterns","electronic, drum and bass, breakbeat",chirp-v5,electronic
electronic,trance,"trance electronic, ominous atmosphere, featuring heavy sub-bass wobble with stuttering high-hat patterns","electronic, synth, bass",chirp-v5,electronic
electronic,IDM,"IDM electronic, ominous atmosphere, featuring heavy sub-bass wobble with stuttering high-hat patterns","electronic, techno, dance",chirp-v5,electronic
electronic,synthwave,"synthwave electronic, ominous atmosphere, featuring heavy sub-bass wobble with stuttering high-hat patterns","electronic, ambient, atmospheric",chirp-v5,electronic
electronic,electro,"electro electronic, ominous atmosphere, featuring heavy sub-bass wobble with stuttering high-hat patterns","electronic, synthwave, retro",chirp-v5,electronic
electronic,minimal techno,"minimal techno electronic, ominous atmosphere, featuring heavy sub-bass wobble with stuttering high-hat patterns","electronic, drum and bass, breakbeat",chirp-v5,electronic
electronic,techno,"techno electronic, transcendent atmosphere, featuring heavy sub-bass wobble with stuttering high-hat patterns","electronic, synth, bass",chirp-v5,electronic
electronic,house,"house electronic, transcendent atmosphere, featuring heavy sub-bass wobble with stuttering high-hat patterns","electronic, techno, dance",chirp-v5,electronic
electronic,ambient,"ambient electronic, transcendent atmosphere, featuring heavy sub-bass wobble with stuttering high-hat patterns","electronic, ambient, atmospheric",chirp-v5,electronic
electronic,drum and bass,"drum and bass electronic, transcendent atmosphere, featuring heavy sub-bass wobble with stuttering high-hat patterns","electronic, synthwave, retro",chirp-v5,electronic
electronic,dubstep,"dubstep electronic, transcendent atmosphere, featuring heavy sub-bass wobble with stuttering high-hat patterns","electronic, drum and bass, breakbeat",chirp-v5,electronic
electronic,trance,"trance electronic, transcendent atmosphere, featuring heavy sub-bass wobble with stuttering high-hat patterns","electronic, synth, bass",chirp-v5,electronic
electronic,IDM,"IDM electronic, transcendent atmosphere, featuring heavy sub-bass wobble with stuttering high-hat patterns","electronic, techno, dance",chirp-v5,electronic
electronic,synthwave,"synthwave electronic, transcendent atmosphere, featuring heavy sub-bass wobble with stuttering high-hat patterns","electronic, ambient, atmospheric",chirp-v5,electronic
electronic,electro,"electro electronic, transcendent atmosphere, featuring heavy sub-bass wobble with stuttering high-hat patterns","electronic, synthwave, retro",chirp-v5,electronic
electronic,minimal techno,"minimal techno electronic, transcendent atmosphere, featuring heavy sub-bass wobble with stuttering high-hat patterns","electronic, drum and bass, breakbeat",chirp-v5,electronic
electronic,techno,"techno electronic, hypnotic atmosphere, featuring analog acid line with rapid 16th-note triplets","electronic, synth, bass",chirp-v5,electronic
electronic,house,"house electronic, hypnotic atmosphere, featuring analog acid line with rapid 16th-note triplets","electronic, techno, dance",chirp-v5,electronic
electronic,ambient,"ambient electronic, hypnotic atmosphere, featuring analog acid line with rapid 16th-note triplets","electronic, ambient, atmospheric",chirp-v5,electronic
electronic,drum and bass,"drum and bass electronic, hypnotic atmosphere, featuring analog acid line with rapid 16th-note triplets","electronic, synthwave, retro",chirp-v5,electronic
electronic,dubstep,"dubstep electronic, hypnotic atmosphere, featuring analog acid line with rapid 16th-note triplets","electronic, drum and bass, breakbeat",chirp-v5,electronic
electronic,trance,"trance electronic, hypnotic atmosphere, featuring analog acid line with rapid 16th-note triplets","electronic, synth, bass",chirp-v5,electronic
electronic,IDM,"IDM electronic, hypnotic atmosphere, featuring analog acid line with rapid 16th-note triplets","electronic, techno, dance",chirp-v5,electronic
electronic,synthwave,"synthwave electronic, hypnotic atmosphere, featuring analog acid line with rapid 16th-note triplets","electronic, ambient, atmospheric",chirp-v5,electronic
electronic,electro,"electro electronic, hypnotic atmosphere, featuring analog acid line with rapid 16th-note triplets","electronic, synthwave, retro",chirp-v5,electronic
electronic,minimal techno,"minimal techno electronic, hypnotic atmosphere, featuring analog acid line with rapid 16th-note triplets","electronic, drum and bass, breakbeat",chirp-v5,electronic
electronic,techno,"techno electronic, euphoric atmosphere, featuring analog acid line with rapid 16th-note triplets","electronic, synth, bass",chirp-v5,electronic
electronic,house,"house electronic, euphoric atmosphere, featuring analog acid line with rapid 16th-note triplets","electronic, techno, dance",chirp-v5,electronic
electronic,ambient,"ambient electronic, euphoric atmosphere, featuring analog acid line with rapid 16th-note triplets","electronic, ambient, atmospheric",chirp-v5,electronic
electronic,drum and bass,"drum and bass electronic, euphoric atmosphere, featuring analog acid line with rapid 16th-note triplets","electronic, synthwave, retro",chirp-v5,electronic
electronic,dubstep,"dubstep electronic, euphoric atmosphere, featuring analog acid line with rapid 16th-note triplets","electronic, drum and bass, breakbeat",chirp-v5,electronic
electronic,trance,"trance electronic, euphoric atmosphere, featuring analog acid line with rapid 16th-note triplets","electronic, synth, bass",chirp-v5,electronic
electronic,IDM,"IDM electronic, euphoric atmosphere, featuring analog acid line with rapid 16th-note triplets","electronic, techno, dance",chirp-v5,electronic
electronic,synthwave,"synthwave electronic, euphoric atmosphere, featuring analog acid line with rapid 16th-note triplets","electronic, ambient, atmospheric",chirp-v5,electronic
electronic,electro,"electro electronic, euphoric atmosphere, featuring analog acid line with rapid 16th-note triplets","electronic, synthwave, retro",chirp-v5,electronic
electronic,minimal techno,"minimal techno electronic, euphoric atmosphere, featuring analog acid line with rapid 16th-note triplets","electronic, drum and bass, breakbeat",chirp-v5,electronic
electronic,techno,"techno electronic, dark atmosphere, featuring analog acid line with rapid 16th-note triplets","electronic, synth, bass",chirp-v5,electronic
electronic,house,"house electronic, dark atmosphere, featuring analog acid line with rapid 16th-note triplets","electronic, techno, dance",chirp-v5,electronic
electronic,ambient,"ambient electronic, dark atmosphere, featuring analog acid line with rapid 16th-note triplets","electronic, ambient, atmospheric",chirp-v5,electronic
electronic,drum and bass,"drum and bass electronic, dark atmosphere, featuring analog acid line with rapid 16th-note triplets","electronic, synthwave, retro",chirp-v5,electronic
electronic,dubstep,"dubstep electronic, dark atmosphere, featuring analog acid line with rapid 16th-note triplets","electronic, drum and bass, breakbeat",chirp-v5,electronic
electronic,trance,"trance electronic, dark atmosphere, featuring analog acid line with rapid 16th-note triplets","electronic, synth, bass",chirp-v5,electronic
electronic,IDM,"IDM electronic, dark atmosphere, featuring analog acid line with rapid 16th-note triplets","electronic, techno, dance",chirp-v5,electronic
electronic,synthwave,"synthwave electronic, dark atmosphere, featuring analog acid line with rapid 16th-note triplets","electronic, ambient, atmospheric",chirp-v5,electronic
electronic,electro,"electro electronic, dark atmosphere, featuring analog acid line with rapid 16th-note triplets","electronic, synthwave, retro",chirp-v5,electronic
electronic,minimal techno,"minimal techno electronic, dark atmosphere, featuring analog acid line with rapid 16th-note triplets","electronic, drum and bass, breakbeat",chirp-v5,electronic
electronic,techno,"techno electronic, pulsating atmosphere, featuring analog acid line with rapid 16th-note triplets","electronic, synth, bass",chirp-v5,electronic
electronic,house,"house electronic, pulsating atmosphere, featuring analog acid line with rapid 16th-note triplets","electronic, techno, dance",chirp-v5,electronic
electronic,ambient,"ambient electronic, pulsating atmosphere, featuring analog acid line with rapid 16th-note triplets","electronic, ambient, atmospheric",chirp-v5,electronic
electronic,drum and bass,"drum and bass electronic, pulsating atmosphere, featuring analog acid line with rapid 16th-note triplets","electronic, synthwave, retro",chirp-v5,electronic
electronic,dubstep,"dubstep electronic, pulsating atmosphere, featuring analog acid line with rapid 16th-note triplets","electronic, drum and bass, breakbeat",chirp-v5,electronic
electronic,trance,"trance electronic, pulsating atmosphere, featuring analog acid line with rapid 16th-note triplets","electronic, synth, bass",chirp-v5,electronic
electronic,IDM,"IDM electronic, pulsating atmosphere, featuring analog acid line with rapid 16th-note triplets","electronic, techno, dance",chirp-v5,electronic
electronic,synthwave,"synthwave electronic, pulsating atmosphere, featuring analog acid line with rapid 16th-note triplets","electronic, ambient, atmospheric",chirp-v5,electronic
electronic,electro,"electro electronic, pulsating atmosphere, featuring analog acid line with rapid 16th-note triplets","electronic, synthwave, retro",chirp-v5,electronic
electronic,minimal techno,"minimal techno electronic, pulsating atmosphere, featuring analog acid line with rapid 16th-note triplets","electronic, drum and bass, breakbeat",chirp-v5,electronic
electronic,techno,"techno electronic, meditative atmosphere, featuring analog acid line with rapid 16th-note triplets","electronic, synth, bass",chirp-v5,electronic
electronic,house,"house electronic, meditative atmosphere, featuring analog acid line with rapid 16th-note triplets","electronic, techno, dance",chirp-v5,electronic
electronic,ambient,"ambient electronic, meditative atmosphere, featuring analog acid line with rapid 16th-note triplets","electronic, ambient, atmospheric",chirp-v5,electronic
electronic,drum and bass,"drum and bass electronic, meditative atmosphere, featuring analog acid line with rapid 16th-note triplets","electronic, synthwave, retro",chirp-v5,electronic
electronic,dubstep,"dubstep electronic, meditative atmosphere, featuring analog acid line with rapid 16th-note triplets","electronic, drum and bass, breakbeat",chirp-v5,electronic
electronic,trance,"trance electronic, meditative atmosphere, featuring analog acid line with rapid 16th-note triplets","electronic, synth, bass",chirp-v5,electronic
electronic,IDM,"IDM electronic, meditative atmosphere, featuring analog acid line with rapid 16th-note triplets","electronic, techno, dance",chirp-v5,electronic
electronic,synthwave,"synthwave electronic, meditative atmosphere, featuring analog acid line with rapid 16th-note triplets","electronic, ambient, atmospheric",chirp-v5,electronic
electronic,electro,"electro electronic, meditative atmosphere, featuring analog acid line with rapid 16th-note triplets","electronic, synthwave, retro",chirp-v5,electronic
electronic,minimal techno,"minimal techno electronic, meditative atmosphere, featuring analog acid line with rapid 16th-note triplets","electronic, drum and bass, breakbeat",chirp-v5,electronic
electronic,techno,"techno electronic, intense atmosphere, featuring analog acid line with rapid 16th-note triplets","electronic, synth, bass",chirp-v5,electronic
electronic,house,"house electronic, intense atmosphere, featuring analog acid line with rapid 16th-note triplets","electronic, techno, dance",chirp-v5,electronic
electronic,ambient,"ambient electronic, intense atmosphere, featuring analog acid line with rapid 16th-note triplets","electronic, ambient, atmospheric",chirp-v5,electronic
electronic,drum and bass,"drum and bass electronic, intense atmosphere, featuring analog acid line with rapid 16th-note triplets","electronic, synthwave, retro",chirp-v5,electronic
electronic,dubstep,"dubstep electronic, intense atmosphere, featuring analog acid line with rapid 16th-note triplets","electronic, drum and bass, breakbeat",chirp-v5,electronic
electronic,trance,"trance electronic, intense atmosphere, featuring analog acid line with rapid 16th-note triplets","electronic, synth, bass",chirp-v5,electronic
electronic,IDM,"IDM electronic, intense atmosphere, featuring analog acid line with rapid 16th-note triplets","electronic, techno, dance",chirp-v5,electronic
electronic,synthwave,"synthwave electronic, intense atmosphere, featuring analog acid line with rapid 16th-note triplets","electronic, ambient, atmospheric",chirp-v5,electronic
electronic,electro,"electro electronic, intense atmosphere, featuring analog acid line with rapid 16th-note triplets","electronic, synthwave, retro",chirp-v5,electronic
electronic,minimal techno,"minimal techno electronic, intense atmosphere, featuring analog acid line with rapid 16th-note triplets","electronic, drum and bass, breakbeat",chirp-v5,electronic
electronic,techno,"techno electronic, otherworldly atmosphere, featuring analog acid line with rapid 16th-note triplets","electronic, synth, bass",chirp-v5,electronic
electronic,house,"house electronic, otherworldly atmosphere, featuring analog acid line with rapid 16th-note triplets","electronic, techno, dance",chirp-v5,electronic
electronic,ambient,"ambient electronic, otherworldly atmosphere, featuring analog acid line with rapid 16th-note triplets","electronic, ambient, atmospheric",chirp-v5,electronic
electronic,drum and bass,"drum and bass electronic, otherworldly atmosphere, featuring analog acid line with rapid 16th-note triplets","electronic, synthwave, retro",chirp-v5,electronic
electronic,dubstep,"dubstep electronic, otherworldly atmosphere, featuring analog acid line with rapid 16th-note triplets","electronic, drum and bass, breakbeat",chirp-v5,electronic
electronic,trance,"trance electronic, otherworldly atmosphere, featuring analog acid line with rapid 16th-note triplets","electronic, synth, bass",chirp-v5,electronic
electronic,IDM,"IDM electronic, otherworldly atmosphere, featuring analog acid line with rapid 16th-note triplets","electronic, techno, dance",chirp-v5,electronic
electronic,synthwave,"synthwave electronic, otherworldly atmosphere, featuring analog acid line with rapid 16th-note triplets","electronic, ambient, atmospheric",chirp-v5,electronic
electronic,electro,"electro electronic, otherworldly atmosphere, featuring analog acid line with rapid 16th-note triplets","electronic, synthwave, retro",chirp-v5,electronic
electronic,minimal techno,"minimal techno electronic, otherworldly atmosphere, featuring analog acid line with rapid 16th-note triplets","electronic, drum and bass, breakbeat",chirp-v5,electronic
electronic,techno,"techno electronic, driving atmosphere, featuring analog acid line with rapid 16th-note triplets","electronic, synth, bass",chirp-v5,electronic
electronic,house,"house electronic, driving atmosphere, featuring analog acid line with rapid 16th-note triplets","electronic, techno, dance",chirp-v5,electronic
electronic,ambient,"ambient electronic, driving atmosphere, featuring analog acid line with rapid 16th-note triplets","electronic, ambient, atmospheric",chirp-v5,electronic
electronic,drum and bass,"drum and bass electronic, driving atmosphere, featuring analog acid line with rapid 16th-note triplets","electronic, synthwave, retro",chirp-v5,electronic
electronic,dubstep,"dubstep electronic, driving atmosphere, featuring analog acid line with rapid 16th-note triplets","electronic, drum and bass, breakbeat",chirp-v5,electronic
electronic,trance,"trance electronic, driving atmosphere, featuring analog acid line with rapid 16th-note triplets","electronic, synth, bass",chirp-v5,electronic
electronic,IDM,"IDM electronic, driving atmosphere, featuring analog acid line with rapid 16th-note triplets","electronic, techno, dance",chirp-v5,electronic
electronic,synthwave,"synthwave electronic, driving atmosphere, featuring analog acid line with rapid 16th-note triplets","electronic, ambient, atmospheric",chirp-v5,electronic
electronic,electro,"electro electronic, driving atmosphere, featuring analog acid line with rapid 16th-note triplets","electronic, synthwave, retro",chirp-v5,electronic
electronic,minimal techno,"minimal techno electronic, driving atmosphere, featuring analog acid line with rapid 16th-note triplets","electronic, drum and bass, breakbeat",chirp-v5,electronic
electronic,techno,"techno electronic, ominous atmosphere, featuring analog acid line with rapid 16th-note triplets","electronic, synth, bass",chirp-v5,electronic
electronic,house,"house electronic, ominous atmosphere, featuring analog acid line with rapid 16th-note triplets","electronic, techno, dance",chirp-v5,electronic
electronic,ambient,"ambient electronic, ominous atmosphere, featuring analog acid line with rapid 16th-note triplets","electronic, ambient, atmospheric",chirp-v5,electronic
electronic,drum and bass,"drum and bass electronic, ominous atmosphere, featuring analog acid line with rapid 16th-note triplets","electronic, synthwave, retro",chirp-v5,electronic
electronic,dubstep,"dubstep electronic, ominous atmosphere, featuring analog acid line with rapid 16th-note triplets","electronic, drum and bass, breakbeat",chirp-v5,electronic
electronic,trance,"trance electronic, ominous atmosphere, featuring analog acid line with rapid 16th-note triplets","electronic, synth, bass",chirp-v5,electronic
electronic,IDM,"IDM electronic, ominous atmosphere, featuring analog acid line with rapid 16th-note triplets","electronic, techno, dance",chirp-v5,electronic
electronic,synthwave,"synthwave electronic, ominous atmosphere, featuring analog acid line with rapid 16th-note triplets","electronic, ambient, atmospheric",chirp-v5,electronic
electronic,electro,"electro electronic, ominous atmosphere, featuring analog acid line with rapid 16th-note triplets","electronic, synthwave, retro",chirp-v5,electronic
electronic,minimal techno,"minimal techno electronic, ominous atmosphere, featuring analog acid line with rapid 16th-note triplets","electronic, drum and bass, breakbeat",chirp-v5,electronic
electronic,techno,"techno electronic, transcendent atmosphere, featuring analog acid line with rapid 16th-note triplets","electronic, synth, bass",chirp-v5,electronic
electronic,house,"house electronic, transcendent atmosphere, featuring analog acid line with rapid 16th-note triplets","electronic, techno, dance",chirp-v5,electronic
electronic,ambient,"ambient electronic, transcendent atmosphere, featuring analog acid line with rapid 16th-note triplets","electronic, ambient, atmospheric",chirp-v5,electronic
electronic,drum and bass,"drum and bass electronic, transcendent atmosphere, featuring analog acid line with rapid 16th-note triplets","electronic, synthwave, retro",chirp-v5,electronic
electronic,dubstep,"dubstep electronic, transcendent atmosphere, featuring analog acid line with rapid 16th-note triplets","electronic, drum and bass, breakbeat",chirp-v5,electronic
electronic,trance,"trance electronic, transcendent atmosphere, featuring analog acid line with rapid 16th-note triplets","electronic, synth, bass",chirp-v5,electronic
electronic,IDM,"IDM electronic, transcendent atmosphere, featuring analog acid line with rapid 16th-note triplets","electronic, techno, dance",chirp-v5,electronic
electronic,synthwave,"synthwave electronic, transcendent atmosphere, featuring analog acid line with rapid 16th-note triplets","electronic, ambient, atmospheric",chirp-v5,electronic
electronic,electro,"electro electronic, transcendent atmosphere, featuring analog acid line with rapid 16th-note triplets","electronic, synthwave, retro",chirp-v5,electronic
electronic,minimal techno,"minimal techno electronic, transcendent atmosphere, featuring analog acid line with rapid 16th-note triplets","electronic, drum and bass, breakbeat",chirp-v5,electronic
electronic,techno,"techno electronic, hypnotic atmosphere, featuring glitchy chopped samples with granular synthesis textures","electronic, synth, bass",chirp-v5,electronic
electronic,house,"house electronic, hypnotic atmosphere, featuring glitchy chopped samples with granular synthesis textures","electronic, techno, dance",chirp-v5,electronic
electronic,ambient,"ambient electronic, hypnotic atmosphere, featuring glitchy chopped samples with granular synthesis textures","electronic, ambient, atmospheric",chirp-v5,electronic
electronic,drum and bass,"drum and bass electronic, hypnotic atmosphere, featuring glitchy chopped samples with granular synthesis textures","electronic, synthwave, retro",chirp-v5,electronic
electronic,dubstep,"dubstep electronic, hypnotic atmosphere, featuring glitchy chopped samples with granular synthesis textures","electronic, drum and bass, breakbeat",chirp-v5,electronic
electronic,trance,"trance electronic, hypnotic atmosphere, featuring glitchy chopped samples with granular synthesis textures","electronic, synth, bass",chirp-v5,electronic
electronic,IDM,"IDM electronic, hypnotic atmosphere, featuring glitchy chopped samples with granular synthesis textures","electronic, techno, dance",chirp-v5,electronic
electronic,synthwave,"synthwave electronic, hypnotic atmosphere, featuring glitchy chopped samples with granular synthesis textures","electronic, ambient, atmospheric",chirp-v5,electronic
electronic,electro,"electro electronic, hypnotic atmosphere, featuring glitchy chopped samples with granular synthesis textures","electronic, synthwave, retro",chirp-v5,electronic
electronic,minimal techno,"minimal techno electronic, hypnotic atmosphere, featuring glitchy chopped samples with granular synthesis textures","electronic, drum and bass, breakbeat",chirp-v5,electronic
electronic,techno,"techno electronic, euphoric atmosphere, featuring glitchy chopped samples with granular synthesis textures","electronic, synth, bass",chirp-v5,electronic
electronic,house,"house electronic, euphoric atmosphere, featuring glitchy chopped samples with granular synthesis textures","electronic, techno, dance",chirp-v5,electronic
electronic,ambient,"ambient electronic, euphoric atmosphere, featuring glitchy chopped samples with granular synthesis textures","electronic, ambient, atmospheric",chirp-v5,electronic
electronic,drum and bass,"drum and bass electronic, euphoric atmosphere, featuring glitchy chopped samples with granular synthesis textures","electronic, synthwave, retro",chirp-v5,electronic
electronic,dubstep,"dubstep electronic, euphoric atmosphere, featuring glitchy chopped samples with granular synthesis textures","electronic, drum and bass, breakbeat",chirp-v5,electronic
electronic,trance,"trance electronic, euphoric atmosphere, featuring glitchy chopped samples with granular synthesis textures","electronic, synth, bass",chirp-v5,electronic
electronic,IDM,"IDM electronic, euphoric atmosphere, featuring glitchy chopped samples with granular synthesis textures","electronic, techno, dance",chirp-v5,electronic
electronic,synthwave,"synthwave electronic, euphoric atmosphere, featuring glitchy chopped samples with granular synthesis textures","electronic, ambient, atmospheric",chirp-v5,electronic
electronic,electro,"electro electronic, euphoric atmosphere, featuring glitchy chopped samples with granular synthesis textures","electronic, synthwave, retro",chirp-v5,electronic
electronic,minimal techno,"minimal techno electronic, euphoric atmosphere, featuring glitchy chopped samples with granular synthesis textures","electronic, drum and bass, breakbeat",chirp-v5,electronic
electronic,techno,"techno electronic, dark atmosphere, featuring glitchy chopped samples with granular synthesis textures","electronic, synth, bass",chirp-v5,electronic
electronic,house,"house electronic, dark atmosphere, featuring glitchy chopped samples with granular synthesis textures","electronic, techno, dance",chirp-v5,electronic
electronic,ambient,"ambient electronic, dark atmosphere, featuring glitchy chopped samples with granular synthesis textures","electronic, ambient, atmospheric",chirp-v5,electronic
electronic,drum and bass,"drum and bass electronic, dark atmosphere, featuring glitchy chopped samples with granular synthesis textures","electronic, synthwave, retro",chirp-v5,electronic
electronic,dubstep,"dubstep electronic, dark atmosphere, featuring glitchy chopped samples with granular synthesis textures","electronic, drum and bass, breakbeat",chirp-v5,electronic
electronic,trance,"trance electronic, dark atmosphere, featuring glitchy chopped samples with granular synthesis textures","electronic, synth, bass",chirp-v5,electronic
electronic,IDM,"IDM electronic, dark atmosphere, featuring glitchy chopped samples with granular synthesis textures","electronic, techno, dance",chirp-v5,electronic
electronic,synthwave,"synthwave electronic, dark atmosphere, featuring glitchy chopped samples with granular synthesis textures","electronic, ambient, atmospheric",chirp-v5,electronic
electronic,electro,"electro electronic, dark atmosphere, featuring glitchy chopped samples with granular synthesis textures","electronic, synthwave, retro",chirp-v5,electronic
electronic,minimal techno,"minimal techno electronic, dark atmosphere, featuring glitchy chopped samples with granular synthesis textures","electronic, drum and bass, breakbeat",chirp-v5,electronic
electronic,techno,"techno electronic, pulsating atmosphere, featuring glitchy chopped samples with granular synthesis textures","electronic, synth, bass",chirp-v5,electronic
electronic,house,"house electronic, pulsating atmosphere, featuring glitchy chopped samples with granular synthesis textures","electronic, techno, dance",chirp-v5,electronic
electronic,ambient,"ambient electronic, pulsating atmosphere, featuring glitchy chopped samples with granular synthesis textures","electronic, ambient, atmospheric",chirp-v5,electronic
electronic,drum and bass,"drum and bass electronic, pulsating atmosphere, featuring glitchy chopped samples with granular synthesis textures","electronic, synthwave, retro",chirp-v5,electronic
electronic,dubstep,"dubstep electronic, pulsating atmosphere, featuring glitchy chopped samples with granular synthesis textures","electronic, drum and bass, breakbeat",chirp-v5,electronic
electronic,trance,"trance electronic, pulsating atmosphere, featuring glitchy chopped samples with granular synthesis textures","electronic, synth, bass",chirp-v5,electronic
electronic,IDM,"IDM electronic, pulsating atmosphere, featuring glitchy chopped samples with granular synthesis textures","electronic, techno, dance",chirp-v5,electronic
electronic,synthwave,"synthwave electronic, pulsating atmosphere, featuring glitchy chopped samples with granular synthesis textures","electronic, ambient, atmospheric",chirp-v5,electronic
electronic,electro,"electro electronic, pulsating atmosphere, featuring glitchy chopped samples with granular synthesis textures","electronic, synthwave, retro",chirp-v5,electronic
electronic,minimal techno,"minimal techno electronic, pulsating atmosphere, featuring glitchy chopped samples with granular synthesis textures","electronic, drum and bass, breakbeat",chirp-v5,electronic
electronic,techno,"techno electronic, meditative atmosphere, featuring glitchy chopped samples with granular synthesis textures","electronic, synth, bass",chirp-v5,electronic
electronic,house,"house electronic, meditative atmosphere, featuring glitchy chopped samples with granular synthesis textures","electronic, techno, dance",chirp-v5,electronic
electronic,ambient,"ambient electronic, meditative atmosphere, featuring glitchy chopped samples with granular synthesis textures","electronic, ambient, atmospheric",chirp-v5,electronic
electronic,drum and bass,"drum and bass electronic, meditative atmosphere, featuring glitchy chopped samples with granular synthesis textures","electronic, synthwave, retro",chirp-v5,electronic
electronic,dubstep,"dubstep electronic, meditative atmosphere, featuring glitchy chopped samples with granular synthesis textures","electronic, drum and bass, breakbeat",chirp-v5,electronic
electronic,trance,"trance electronic, meditative atmosphere, featuring glitchy chopped samples with granular synthesis textures","electronic, synth, bass",chirp-v5,electronic
electronic,IDM,"IDM electronic, meditative atmosphere, featuring glitchy chopped samples with granular synthesis textures","electronic, techno, dance",chirp-v5,electronic
electronic,synthwave,"synthwave electronic, meditative atmosphere, featuring glitchy chopped samples with granular synthesis textures","electronic, ambient, atmospheric",chirp-v5,electronic
electronic,electro,"electro electronic, meditative atmosphere, featuring glitchy chopped samples with granular synthesis textures","electronic, synthwave, retro",chirp-v5,electronic
electronic,minimal techno,"minimal techno electronic, meditative atmosphere, featuring glitchy chopped samples with granular synthesis textures","electronic, drum and bass, breakbeat",chirp-v5,electronic
electronic,techno,"techno electronic, intense atmosphere, featuring glitchy chopped samples with granular synthesis textures","electronic, synth, bass",chirp-v5,electronic
electronic,house,"house electronic, intense atmosphere, featuring glitchy chopped samples with granular synthesis textures","electronic, techno, dance",chirp-v5,electronic
electronic,ambient,"ambient electronic, intense atmosphere, featuring glitchy chopped samples with granular synthesis textures","electronic, ambient, atmospheric",chirp-v5,electronic
electronic,drum and bass,"drum and bass electronic, intense atmosphere, featuring glitchy chopped samples with granular synthesis textures","electronic, synthwave, retro",chirp-v5,electronic
electronic,dubstep,"dubstep electronic, intense atmosphere, featuring glitchy chopped samples with granular synthesis textures","electronic, drum and bass, breakbeat",chirp-v5,electronic
electronic,trance,"trance electronic, intense atmosphere, featuring glitchy chopped samples with granular synthesis textures","electronic, synth, bass",chirp-v5,electronic
electronic,IDM,"IDM electronic, intense atmosphere, featuring glitchy chopped samples with granular synthesis textures","electronic, techno, dance",chirp-v5,electronic
electronic,synthwave,"synthwave electronic, intense atmosphere, featuring glitchy chopped samples with granular synthesis textures","electronic, ambient, atmospheric",chirp-v5,electronic
electronic,electro,"electro electronic, intense atmosphere, featuring glitchy chopped samples with granular synthesis textures","electronic, synthwave, retro",chirp-v5,electronic
electronic,minimal techno,"minimal techno electronic, intense atmosphere, featuring glitchy chopped samples with granular synthesis textures","electronic, drum and bass, breakbeat",chirp-v5,electronic
electronic,techno,"techno electronic, otherworldly atmosphere, featuring glitchy chopped samples with granular synthesis textures","electronic, synth, bass",chirp-v5,electronic
electronic,house,"house electronic, otherworldly atmosphere, featuring glitchy chopped samples with granular synthesis textures","electronic, techno, dance",chirp-v5,electronic
electronic,ambient,"ambient electronic, otherworldly atmosphere, featuring glitchy chopped samples with granular synthesis textures","electronic, ambient, atmospheric",chirp-v5,electronic
electronic,drum and bass,"drum and bass electronic, otherworldly atmosphere, featuring glitchy chopped samples with granular synthesis textures","electronic, synthwave, retro",chirp-v5,electronic
electronic,dubstep,"dubstep electronic, otherworldly atmosphere, featuring glitchy chopped samples with granular synthesis textures","electronic, drum and bass, breakbeat",chirp-v5,electronic
electronic,trance,"trance electronic, otherworldly atmosphere, featuring glitchy chopped samples with granular synthesis textures","electronic, synth, bass",chirp-v5,electronic
electronic,IDM,"IDM electronic, otherworldly atmosphere, featuring glitchy chopped samples with granular synthesis textures","electronic, techno, dance",chirp-v5,electronic
electronic,synthwave,"synthwave electronic, otherworldly atmosphere, featuring glitchy chopped samples with granular synthesis textures","electronic, ambient, atmospheric",chirp-v5,electronic
electronic,electro,"electro electronic, otherworldly atmosphere, featuring glitchy chopped samples with granular synthesis textures","electronic, synthwave, retro",chirp-v5,electronic
electronic,minimal techno,"minimal techno electronic, otherworldly atmosphere, featuring glitchy chopped samples with granular synthesis textures","electronic, drum and bass, breakbeat",chirp-v5,electronic
electronic,techno,"techno electronic, driving atmosphere, featuring glitchy chopped samples with granular synthesis textures","electronic, synth, bass",chirp-v5,electronic
electronic,house,"house electronic, driving atmosphere, featuring glitchy chopped samples with granular synthesis textures","electronic, techno, dance",chirp-v5,electronic
electronic,ambient,"ambient electronic, driving atmosphere, featuring glitchy chopped samples with granular synthesis textures","electronic, ambient, atmospheric",chirp-v5,electronic
electronic,drum and bass,"drum and bass electronic, driving atmosphere, featuring glitchy chopped samples with granular synthesis textures","electronic, synthwave, retro",chirp-v5,electronic
electronic,dubstep,"dubstep electronic, driving atmosphere, featuring glitchy chopped samples with granular synthesis textures","electronic, drum and bass, breakbeat",chirp-v5,electronic
electronic,trance,"trance electronic, driving atmosphere, featuring glitchy chopped samples with granular synthesis textures","electronic, synth, bass",chirp-v5,electronic
electronic,IDM,"IDM electronic, driving atmosphere, featuring glitchy chopped samples with granular synthesis textures","electronic, techno, dance",chirp-v5,electronic
electronic,synthwave,"synthwave electronic, driving atmosphere, featuring glitchy chopped samples with granular synthesis textures","electronic, ambient, atmospheric",chirp-v5,electronic
electronic,electro,"electro electronic, driving atmosphere, featuring glitchy chopped samples with granular synthesis textures","electronic, synthwave, retro",chirp-v5,electronic
electronic,minimal techno,"minimal techno electronic, driving atmosphere, featuring glitchy chopped samples with granular synthesis textures","electronic, drum and bass, breakbeat",chirp-v5,electronic
electronic,techno,"techno electronic, ominous atmosphere, featuring glitchy chopped samples with granular synthesis textures","electronic, synth, bass",chirp-v5,electronic
electronic,house,"house electronic, ominous atmosphere, featuring glitchy chopped samples with granular synthesis textures","electronic, techno, dance",chirp-v5,electronic
electronic,ambient,"ambient electronic, ominous atmosphere, featuring glitchy chopped samples with granular synthesis textures","electronic, ambient, atmospheric",chirp-v5,electronic
electronic,drum and bass,"drum and bass electronic, ominous atmosphere, featuring glitchy chopped samples with granular synthesis textures","electronic, synthwave, retro",chirp-v5,electronic
electronic,dubstep,"dubstep electronic, ominous atmosphere, featuring glitchy chopped samples with granular synthesis textures","electronic, drum and bass, breakbeat",chirp-v5,electronic
electronic,trance,"trance electronic, ominous atmosphere, featuring glitchy chopped samples with granular synthesis textures","electronic, synth, bass",chirp-v5,electronic
electronic,IDM,"IDM electronic, ominous atmosphere, featuring glitchy chopped samples with granular synthesis textures","electronic, techno, dance",chirp-v5,electronic
electronic,synthwave,"synthwave electronic, ominous atmosphere, featuring glitchy chopped samples with granular synthesis textures","electronic, ambient, atmospheric",chirp-v5,electronic
electronic,electro,"electro electronic, ominous atmosphere, featuring glitchy chopped samples with granular synthesis textures","electronic, synthwave, retro",chirp-v5,electronic
electronic,minimal techno,"minimal techno electronic, ominous atmosphere, featuring glitchy chopped samples with granular synthesis textures","electronic, drum and bass, breakbeat",chirp-v5,electronic
electronic,techno,"techno electronic, transcendent atmosphere, featuring glitchy chopped samples with granular synthesis textures","electronic, synth, bass",chirp-v5,electronic
electronic,house,"house electronic, transcendent atmosphere, featuring glitchy chopped samples with granular synthesis textures","electronic, techno, dance",chirp-v5,electronic
electronic,ambient,"ambient electronic, transcendent atmosphere, featuring glitchy chopped samples with granular synthesis textures","electronic, ambient, atmospheric",chirp-v5,electronic
electronic,drum and bass,"drum and bass electronic, transcendent atmosphere, featuring glitchy chopped samples with granular synthesis textures","electronic, synthwave, retro",chirp-v5,electronic
electronic,dubstep,"dubstep electronic, transcendent atmosphere, featuring glitchy chopped samples with granular synthesis textures","electronic, drum and bass, breakbeat",chirp-v5,electronic
electronic,trance,"trance electronic, transcendent atmosphere, featuring glitchy chopped samples with granular synthesis textures","electronic, synth, bass",chirp-v5,electronic
electronic,IDM,"IDM electronic, transcendent atmosphere, featuring glitchy chopped samples with granular synthesis textures","electronic, techno, dance",chirp-v5,electronic
electronic,synthwave,"synthwave electronic, transcendent atmosphere, featuring glitchy chopped samples with granular synthesis textures","electronic, ambient, atmospheric",chirp-v5,electronic
electronic,electro,"electro electronic, transcendent atmosphere, featuring glitchy chopped samples with granular synthesis textures","electronic, synthwave, retro",chirp-v5,electronic
electronic,minimal techno,"minimal techno electronic, transcendent atmosphere, featuring glitchy chopped samples with granular synthesis textures","electronic, drum and bass, breakbeat",chirp-v5,electronic
electronic,techno,"techno electronic, hypnotic atmosphere, featuring sweeping filter cutoff and resonant synth stab","electronic, synth, bass",chirp-v5,electronic
electronic,house,"house electronic, hypnotic atmosphere, featuring sweeping filter cutoff and resonant synth stab","electronic, techno, dance",chirp-v5,electronic
electronic,ambient,"ambient electronic, hypnotic atmosphere, featuring sweeping filter cutoff and resonant synth stab","electronic, ambient, atmospheric",chirp-v5,electronic
electronic,drum and bass,"drum and bass electronic, hypnotic atmosphere, featuring sweeping filter cutoff and resonant synth stab","electronic, synthwave, retro",chirp-v5,electronic
electronic,dubstep,"dubstep electronic, hypnotic atmosphere, featuring sweeping filter cutoff and resonant synth stab","electronic, drum and bass, breakbeat",chirp-v5,electronic
electronic,trance,"trance electronic, hypnotic atmosphere, featuring sweeping filter cutoff and resonant synth stab","electronic, synth, bass",chirp-v5,electronic
electronic,IDM,"IDM electronic, hypnotic atmosphere, featuring sweeping filter cutoff and resonant synth stab","electronic, techno, dance",chirp-v5,electronic
electronic,synthwave,"synthwave electronic, hypnotic atmosphere, featuring sweeping filter cutoff and resonant synth stab","electronic, ambient, atmospheric",chirp-v5,electronic
electronic,electro,"electro electronic, hypnotic atmosphere, featuring sweeping filter cutoff and resonant synth stab","electronic, synthwave, retro",chirp-v5,electronic
electronic,minimal techno,"minimal techno electronic, hypnotic atmosphere, featuring sweeping filter cutoff and resonant synth stab","electronic, drum and bass, breakbeat",chirp-v5,electronic
electronic,techno,"techno electronic, euphoric atmosphere, featuring sweeping filter cutoff and resonant synth stab","electronic, synth, bass",chirp-v5,electronic
electronic,house,"house electronic, euphoric atmosphere, featuring sweeping filter cutoff and resonant synth stab","electronic, techno, dance",chirp-v5,electronic
electronic,ambient,"ambient electronic, euphoric atmosphere, featuring sweeping filter cutoff and resonant synth stab","electronic, ambient, atmospheric",chirp-v5,electronic
electronic,drum and bass,"drum and bass electronic, euphoric atmosphere, featuring sweeping filter cutoff and resonant synth stab","electronic, synthwave, retro",chirp-v5,electronic
electronic,dubstep,"dubstep electronic, euphoric atmosphere, featuring sweeping filter cutoff and resonant synth stab","electronic, drum and bass, breakbeat",chirp-v5,electronic
electronic,trance,"trance electronic, euphoric atmosphere, featuring sweeping filter cutoff and resonant synth stab","electronic, synth, bass",chirp-v5,electronic
electronic,IDM,"IDM electronic, euphoric atmosphere, featuring sweeping filter cutoff and resonant synth stab","electronic, techno, dance",chirp-v5,electronic
electronic,synthwave,"synthwave electronic, euphoric atmosphere, featuring sweeping filter cutoff and resonant synth stab","electronic, ambient, atmospheric",chirp-v5,electronic
electronic,electro,"electro electronic, euphoric atmosphere, featuring sweeping filter cutoff and resonant synth stab","electronic, synthwave, retro",chirp-v5,electronic
electronic,minimal techno,"minimal techno electronic, euphoric atmosphere, featuring sweeping filter cutoff and resonant synth stab","electronic, drum and bass, breakbeat",chirp-v5,electronic
electronic,techno,"techno electronic, dark atmosphere, featuring sweeping filter cutoff and resonant synth stab","electronic, synth, bass",chirp-v5,electronic
electronic,house,"house electronic, dark atmosphere, featuring sweeping filter cutoff and resonant synth stab","electronic, techno, dance",chirp-v5,electronic
electronic,ambient,"ambient electronic, dark atmosphere, featuring sweeping filter cutoff and resonant synth stab","electronic, ambient, atmospheric",chirp-v5,electronic
electronic,drum and bass,"drum and bass electronic, dark atmosphere, featuring sweeping filter cutoff and resonant synth stab","electronic, synthwave, retro",chirp-v5,electronic
electronic,dubstep,"dubstep electronic, dark atmosphere, featuring sweeping filter cutoff and resonant synth stab","electronic, drum and bass, breakbeat",chirp-v5,electronic
electronic,trance,"trance electronic, dark atmosphere, featuring sweeping filter cutoff and resonant synth stab","electronic, synth, bass",chirp-v5,electronic
electronic,IDM,"IDM electronic, dark atmosphere, featuring sweeping filter cutoff and resonant synth stab","electronic, techno, dance",chirp-v5,electronic
electronic,synthwave,"synthwave electronic, dark atmosphere, featuring sweeping filter cutoff and resonant synth stab","electronic, ambient, atmospheric",chirp-v5,electronic
electronic,electro,"electro electronic, dark atmosphere, featuring sweeping filter cutoff and resonant synth stab","electronic, synthwave, retro",chirp-v5,electronic
electronic,minimal techno,"minimal techno electronic, dark atmosphere, featuring sweeping filter cutoff and resonant synth stab","electronic, drum and bass, breakbeat",chirp-v5,electronic
electronic,techno,"techno electronic, pulsating atmosphere, featuring sweeping filter cutoff and resonant synth stab","electronic, synth, bass",chirp-v5,electronic
electronic,house,"house electronic, pulsating atmosphere, featuring sweeping filter cutoff and resonant synth stab","electronic, techno, dance",chirp-v5,electronic
electronic,ambient,"ambient electronic, pulsating atmosphere, featuring sweeping filter cutoff and resonant synth stab","electronic, ambient, atmospheric",chirp-v5,electronic
electronic,drum and bass,"drum and bass electronic, pulsating atmosphere, featuring sweeping filter cutoff and resonant synth stab","electronic, synthwave, retro",chirp-v5,electronic
electronic,dubstep,"dubstep electronic, pulsating atmosphere, featuring sweeping filter cutoff and resonant synth stab","electronic, drum and bass, breakbeat",chirp-v5,electronic
electronic,trance,"trance electronic, pulsating atmosphere, featuring sweeping filter cutoff and resonant synth stab","electronic, synth, bass",chirp-v5,electronic
electronic,IDM,"IDM electronic, pulsating atmosphere, featuring sweeping filter cutoff and resonant synth stab","electronic, techno, dance",chirp-v5,electronic
electronic,synthwave,"synthwave electronic, pulsating atmosphere, featuring sweeping filter cutoff and resonant synth stab","electronic, ambient, atmospheric",chirp-v5,electronic
electronic,electro,"electro electronic, pulsating atmosphere, featuring sweeping filter cutoff and resonant synth stab","electronic, synthwave, retro",chirp-v5,electronic
electronic,minimal techno,"minimal techno electronic, pulsating atmosphere, featuring sweeping filter cutoff and resonant synth stab","electronic, drum and bass, breakbeat",chirp-v5,electronic
electronic,techno,"techno electronic, meditative atmosphere, featuring sweeping filter cutoff and resonant synth stab","electronic, synth, bass",chirp-v5,electronic
electronic,house,"house electronic, meditative atmosphere, featuring sweeping filter cutoff and resonant synth stab","electronic, techno, dance",chirp-v5,electronic
electronic,ambient,"ambient electronic, meditative atmosphere, featuring sweeping filter cutoff and resonant synth stab","electronic, ambient, atmospheric",chirp-v5,electronic
electronic,drum and bass,"drum and bass electronic, meditative atmosphere, featuring sweeping filter cutoff and resonant synth stab","electronic, synthwave, retro",chirp-v5,electronic
electronic,dubstep,"dubstep electronic, meditative atmosphere, featuring sweeping filter cutoff and resonant synth stab","electronic, drum and bass, breakbeat",chirp-v5,electronic
electronic,trance,"trance electronic, meditative atmosphere, featuring sweeping filter cutoff and resonant synth stab","electronic, synth, bass",chirp-v5,electronic
electronic,IDM,"IDM electronic, meditative atmosphere, featuring sweeping filter cutoff and resonant synth stab","electronic, techno, dance",chirp-v5,electronic
electronic,synthwave,"synthwave electronic, meditative atmosphere, featuring sweeping filter cutoff and resonant synth stab","electronic, ambient, atmospheric",chirp-v5,electronic
electronic,electro,"electro electronic, meditative atmosphere, featuring sweeping filter cutoff and resonant synth stab","electronic, synthwave, retro",chirp-v5,electronic
electronic,minimal techno,"minimal techno electronic, meditative atmosphere, featuring sweeping filter cutoff and resonant synth stab","electronic, drum and bass, breakbeat",chirp-v5,electronic
electronic,techno,"techno electronic, intense atmosphere, featuring sweeping filter cutoff and resonant synth stab","electronic, synth, bass",chirp-v5,electronic
electronic,house,"house electronic, intense atmosphere, featuring sweeping filter cutoff and resonant synth stab","electronic, techno, dance",chirp-v5,electronic
electronic,ambient,"ambient electronic, intense atmosphere, featuring sweeping filter cutoff and resonant synth stab","electronic, ambient, atmospheric",chirp-v5,electronic
electronic,drum and bass,"drum and bass electronic, intense atmosphere, featuring sweeping filter cutoff and resonant synth stab","electronic, synthwave, retro",chirp-v5,electronic
electronic,dubstep,"dubstep electronic, intense atmosphere, featuring sweeping filter cutoff and resonant synth stab","electronic, drum and bass, breakbeat",chirp-v5,electronic
electronic,trance,"trance electronic, intense atmosphere, featuring sweeping filter cutoff and resonant synth stab","electronic, synth, bass",chirp-v5,electronic
electronic,IDM,"IDM electronic, intense atmosphere, featuring sweeping filter cutoff and resonant synth stab","electronic, techno, dance",chirp-v5,electronic
electronic,synthwave,"synthwave electronic, intense atmosphere, featuring sweeping filter cutoff and resonant synth stab","electronic, ambient, atmospheric",chirp-v5,electronic
electronic,electro,"electro electronic, intense atmosphere, featuring sweeping filter cutoff and resonant synth stab","electronic, synthwave, retro",chirp-v5,electronic
electronic,minimal techno,"minimal techno electronic, intense atmosphere, featuring sweeping filter cutoff and resonant synth stab","electronic, drum and bass, breakbeat",chirp-v5,electronic
electronic,techno,"techno electronic, otherworldly atmosphere, featuring sweeping filter cutoff and resonant synth stab","electronic, synth, bass",chirp-v5,electronic
electronic,house,"house electronic, otherworldly atmosphere, featuring sweeping filter cutoff and resonant synth stab","electronic, techno, dance",chirp-v5,electronic
electronic,ambient,"ambient electronic, otherworldly atmosphere, featuring sweeping filter cutoff and resonant synth stab","electronic, ambient, atmospheric",chirp-v5,electronic
electronic,drum and bass,"drum and bass electronic, otherworldly atmosphere, featuring sweeping filter cutoff and resonant synth stab","electronic, synthwave, retro",chirp-v5,electronic
electronic,dubstep,"dubstep electronic, otherworldly atmosphere, featuring sweeping filter cutoff and resonant synth stab","electronic, drum and bass, breakbeat",chirp-v5,electronic
electronic,trance,"trance electronic, otherworldly atmosphere, featuring sweeping filter cutoff and resonant synth stab","electronic, synth, bass",chirp-v5,electronic
electronic,IDM,"IDM electronic, otherworldly atmosphere, featuring sweeping filter cutoff and resonant synth stab","electronic, techno, dance",chirp-v5,electronic
electronic,synthwave,"synthwave electronic, otherworldly atmosphere, featuring sweeping filter cutoff and resonant synth stab","electronic, ambient, atmospheric",chirp-v5,electronic
electronic,electro,"electro electronic, otherworldly atmosphere, featuring sweeping filter cutoff and resonant synth stab","electronic, synthwave, retro",chirp-v5,electronic
electronic,minimal techno,"minimal techno electronic, otherworldly atmosphere, featuring sweeping filter cutoff and resonant synth stab","electronic, drum and bass, breakbeat",chirp-v5,electronic
electronic,techno,"techno electronic, driving atmosphere, featuring sweeping filter cutoff and resonant synth stab","electronic, synth, bass",chirp-v5,electronic
electronic,house,"house electronic, driving atmosphere, featuring sweeping filter cutoff and resonant synth stab","electronic, techno, dance",chirp-v5,electronic
electronic,ambient,"ambient electronic, driving atmosphere, featuring sweeping filter cutoff and resonant synth stab","electronic, ambient, atmospheric",chirp-v5,electronic
electronic,drum and bass,"drum and bass electronic, driving atmosphere, featuring sweeping filter cutoff and resonant synth stab","electronic, synthwave, retro",chirp-v5,electronic
electronic,dubstep,"dubstep electronic, driving atmosphere, featuring sweeping filter cutoff and resonant synth stab","electronic, drum and bass, breakbeat",chirp-v5,electronic
electronic,trance,"trance electronic, driving atmosphere, featuring sweeping filter cutoff and resonant synth stab","electronic, synth, bass",chirp-v5,electronic
electronic,IDM,"IDM electronic, driving atmosphere, featuring sweeping filter cutoff and resonant synth stab","electronic, techno, dance",chirp-v5,electronic
electronic,synthwave,"synthwave electronic, driving atmosphere, featuring sweeping filter cutoff and resonant synth stab","electronic, ambient, atmospheric",chirp-v5,electronic
electronic,electro,"electro electronic, driving atmosphere, featuring sweeping filter cutoff and resonant synth stab","electronic, synthwave, retro",chirp-v5,electronic
electronic,minimal techno,"minimal techno electronic, driving atmosphere, featuring sweeping filter cutoff and resonant synth stab","electronic, drum and bass, breakbeat",chirp-v5,electronic
electronic,techno,"techno electronic, ominous atmosphere, featuring sweeping filter cutoff and resonant synth stab","electronic, synth, bass",chirp-v5,electronic
electronic,house,"house electronic, ominous atmosphere, featuring sweeping filter cutoff and resonant synth stab","electronic, techno, dance",chirp-v5,electronic
electronic,ambient,"ambient electronic, ominous atmosphere, featuring sweeping filter cutoff and resonant synth stab","electronic, ambient, atmospheric",chirp-v5,electronic
electronic,drum and bass,"drum and bass electronic, ominous atmosphere, featuring sweeping filter cutoff and resonant synth stab","electronic, synthwave, retro",chirp-v5,electronic
electronic,dubstep,"dubstep electronic, ominous atmosphere, featuring sweeping filter cutoff and resonant synth stab","electronic, drum and bass, breakbeat",chirp-v5,electronic
electronic,trance,"trance electronic, ominous atmosphere, featuring sweeping filter cutoff and resonant synth stab","electronic, synth, bass",chirp-v5,electronic
electronic,IDM,"IDM electronic, ominous atmosphere, featuring sweeping filter cutoff and resonant synth stab","electronic, techno, dance",chirp-v5,electronic
electronic,synthwave,"synthwave electronic, ominous atmosphere, featuring sweeping filter cutoff and resonant synth stab","electronic, ambient, atmospheric",chirp-v5,electronic
electronic,electro,"electro electronic, ominous atmosphere, featuring sweeping filter cutoff and resonant synth stab","electronic, synthwave, retro",chirp-v5,electronic
electronic,minimal techno,"minimal techno electronic, ominous atmosphere, featuring sweeping filter cutoff and resonant synth stab","electronic, drum and bass, breakbeat",chirp-v5,electronic
electronic,techno,"techno electronic, transcendent atmosphere, featuring sweeping filter cutoff and resonant synth stab","electronic, synth, bass",chirp-v5,electronic
electronic,house,"house electronic, transcendent atmosphere, featuring sweeping filter cutoff and resonant synth stab","electronic, techno, dance",chirp-v5,electronic
electronic,ambient,"ambient electronic, transcendent atmosphere, featuring sweeping filter cutoff and resonant synth stab","electronic, ambient, atmospheric",chirp-v5,electronic
electronic,drum and bass,"drum and bass electronic, transcendent atmosphere, featuring sweeping filter cutoff and resonant synth stab","electronic, synthwave, retro",chirp-v5,electronic
electronic,dubstep,"dubstep electronic, transcendent atmosphere, featuring sweeping filter cutoff and resonant synth stab","electronic, drum and bass, breakbeat",chirp-v5,electronic
electronic,trance,"trance electronic, transcendent atmosphere, featuring sweeping filter cutoff and resonant synth stab","electronic, synth, bass",chirp-v5,electronic
electronic,IDM,"IDM electronic, transcendent atmosphere, featuring sweeping filter cutoff and resonant synth stab","electronic, techno, dance",chirp-v5,electronic
electronic,synthwave,"synthwave electronic, transcendent atmosphere, featuring sweeping filter cutoff and resonant synth stab","electronic, ambient, atmospheric",chirp-v5,electronic
electronic,electro,"electro electronic, transcendent atmosphere, featuring sweeping filter cutoff and resonant synth stab","electronic, synthwave, retro",chirp-v5,electronic
electronic,minimal techno,"minimal techno electronic, transcendent atmosphere, featuring sweeping filter cutoff and resonant synth stab","electronic, drum and bass, breakbeat",chirp-v5,electronic
electronic,techno,"techno electronic, hypnotic atmosphere, featuring rave-ready breakdown into a punishing drop","electronic, synth, bass",chirp-v5,electronic
electronic,house,"house electronic, hypnotic atmosphere, featuring rave-ready breakdown into a punishing drop","electronic, techno, dance",chirp-v5,electronic
electronic,ambient,"ambient electronic, hypnotic atmosphere, featuring rave-ready breakdown into a punishing drop","electronic, ambient, atmospheric",chirp-v5,electronic
electronic,drum and bass,"drum and bass electronic, hypnotic atmosphere, featuring rave-ready breakdown into a punishing drop","electronic, synthwave, retro",chirp-v5,electronic
electronic,dubstep,"dubstep electronic, hypnotic atmosphere, featuring rave-ready breakdown into a punishing drop","electronic, drum and bass, breakbeat",chirp-v5,electronic
electronic,trance,"trance electronic, hypnotic atmosphere, featuring rave-ready breakdown into a punishing drop","electronic, synth, bass",chirp-v5,electronic
electronic,IDM,"IDM electronic, hypnotic atmosphere, featuring rave-ready breakdown into a punishing drop","electronic, techno, dance",chirp-v5,electronic
electronic,synthwave,"synthwave electronic, hypnotic atmosphere, featuring rave-ready breakdown into a punishing drop","electronic, ambient, atmospheric",chirp-v5,electronic
electronic,electro,"electro electronic, hypnotic atmosphere, featuring rave-ready breakdown into a punishing drop","electronic, synthwave, retro",chirp-v5,electronic
electronic,minimal techno,"minimal techno electronic, hypnotic atmosphere, featuring rave-ready breakdown into a punishing drop","electronic, drum and bass, breakbeat",chirp-v5,electronic
electronic,techno,"techno electronic, euphoric atmosphere, featuring rave-ready breakdown into a punishing drop","electronic, synth, bass",chirp-v5,electronic
electronic,house,"house electronic, euphoric atmosphere, featuring rave-ready breakdown into a punishing drop","electronic, techno, dance",chirp-v5,electronic
electronic,ambient,"ambient electronic, euphoric atmosphere, featuring rave-ready breakdown into a punishing drop","electronic, ambient, atmospheric",chirp-v5,electronic
electronic,drum and bass,"drum and bass electronic, euphoric atmosphere, featuring rave-ready breakdown into a punishing drop","electronic, synthwave, retro",chirp-v5,electronic
electronic,dubstep,"dubstep electronic, euphoric atmosphere, featuring rave-ready breakdown into a punishing drop","electronic, drum and bass, breakbeat",chirp-v5,electronic
electronic,trance,"trance electronic, euphoric atmosphere, featuring rave-ready breakdown into a punishing drop","electronic, synth, bass",chirp-v5,electronic
electronic,IDM,"IDM electronic, euphoric atmosphere, featuring rave-ready breakdown into a punishing drop","electronic, techno, dance",chirp-v5,electronic
electronic,synthwave,"synthwave electronic, euphoric atmosphere, featuring rave-ready breakdown into a punishing drop","electronic, ambient, atmospheric",chirp-v5,electronic
electronic,electro,"electro electronic, euphoric atmosphere, featuring rave-ready breakdown into a punishing drop","electronic, synthwave, retro",chirp-v5,electronic
electronic,minimal techno,"minimal techno electronic, euphoric atmosphere, featuring rave-ready breakdown into a punishing drop","electronic, drum and bass, breakbeat",chirp-v5,electronic
electronic,techno,"techno electronic, dark atmosphere, featuring rave-ready breakdown into a punishing drop","electronic, synth, bass",chirp-v5,electronic
electronic,house,"house electronic, dark atmosphere, featuring rave-ready breakdown into a punishing drop","electronic, techno, dance",chirp-v5,electronic
electronic,ambient,"ambient electronic, dark atmosphere, featuring rave-ready breakdown into a punishing drop","electronic, ambient, atmospheric",chirp-v5,electronic
electronic,drum and bass,"drum and bass electronic, dark atmosphere, featuring rave-ready breakdown into a punishing drop","electronic, synthwave, retro",chirp-v5,electronic
electronic,dubstep,"dubstep electronic, dark atmosphere, featuring rave-ready breakdown into a punishing drop","electronic, drum and bass, breakbeat",chirp-v5,electronic
electronic,trance,"trance electronic, dark atmosphere, featuring rave-ready breakdown into a punishing drop","electronic, synth, bass",chirp-v5,electronic
electronic,IDM,"IDM electronic, dark atmosphere, featuring rave-ready breakdown into a punishing drop","electronic, techno, dance",chirp-v5,electronic
electronic,synthwave,"synthwave electronic, dark atmosphere, featuring rave-ready breakdown into a punishing drop","electronic, ambient, atmospheric",chirp-v5,electronic
electronic,electro,"electro electronic, dark atmosphere, featuring rave-ready breakdown into a punishing drop","electronic, synthwave, retro",chirp-v5,electronic
electronic,minimal techno,"minimal techno electronic, dark atmosphere, featuring rave-ready breakdown into a punishing drop","electronic, drum and bass, breakbeat",chirp-v5,electronic
electronic,techno,"techno electronic, pulsating atmosphere, featuring rave-ready breakdown into a punishing drop","electronic, synth, bass",chirp-v5,electronic
electronic,house,"house electronic, pulsating atmosphere, featuring rave-ready breakdown into a punishing drop","electronic, techno, dance",chirp-v5,electronic
electronic,ambient,"ambient electronic, pulsating atmosphere, featuring rave-ready breakdown into a punishing drop","electronic, ambient, atmospheric",chirp-v5,electronic
electronic,drum and bass,"drum and bass electronic, pulsating atmosphere, featuring rave-ready breakdown into a punishing drop","electronic, synthwave, retro",chirp-v5,electronic
electronic,dubstep,"dubstep electronic, pulsating atmosphere, featuring rave-ready breakdown into a punishing drop","electronic, drum and bass, breakbeat",chirp-v5,electronic
electronic,trance,"trance electronic, pulsating atmosphere, featuring rave-ready breakdown into a punishing drop","electronic, synth, bass",chirp-v5,electronic
electronic,IDM,"IDM electronic, pulsating atmosphere, featuring rave-ready breakdown into a punishing drop","electronic, techno, dance",chirp-v5,electronic
electronic,synthwave,"synthwave electronic, pulsating atmosphere, featuring rave-ready breakdown into a punishing drop","electronic, ambient, atmospheric",chirp-v5,electronic
electronic,electro,"electro electronic, pulsating atmosphere, featuring rave-ready breakdown into a punishing drop","electronic, synthwave, retro",chirp-v5,electronic
electronic,minimal techno,"minimal techno electronic, pulsating atmosphere, featuring rave-ready breakdown into a punishing drop","electronic, drum and bass, breakbeat",chirp-v5,electronic
electronic,techno,"techno electronic, meditative atmosphere, featuring rave-ready breakdown into a punishing drop","electronic, synth, bass",chirp-v5,electronic
electronic,house,"house electronic, meditative atmosphere, featuring rave-ready breakdown into a punishing drop","electronic, techno, dance",chirp-v5,electronic
electronic,ambient,"ambient electronic, meditative atmosphere, featuring rave-ready breakdown into a punishing drop","electronic, ambient, atmospheric",chirp-v5,electronic
electronic,drum and bass,"drum and bass electronic, meditative atmosphere, featuring rave-ready breakdown into a punishing drop","electronic, synthwave, retro",chirp-v5,electronic
electronic,dubstep,"dubstep electronic, meditative atmosphere, featuring rave-ready breakdown into a punishing drop","electronic, drum and bass, breakbeat",chirp-v5,electronic
electronic,trance,"trance electronic, meditative atmosphere, featuring rave-ready breakdown into a punishing drop","electronic, synth, bass",chirp-v5,electronic
electronic,IDM,"IDM electronic, meditative atmosphere, featuring rave-ready breakdown into a punishing drop","electronic, techno, dance",chirp-v5,electronic
electronic,synthwave,"synthwave electronic, meditative atmosphere, featuring rave-ready breakdown into a punishing drop","electronic, ambient, atmospheric",chirp-v5,electronic
electronic,electro,"electro electronic, meditative atmosphere, featuring rave-ready breakdown into a punishing drop","electronic, synthwave, retro",chirp-v5,electronic
electronic,minimal techno,"minimal techno electronic, meditative atmosphere, featuring rave-ready breakdown into a punishing drop","electronic, drum and bass, breakbeat",chirp-v5,electronic
electronic,techno,"techno electronic, intense atmosphere, featuring rave-ready breakdown into a punishing drop","electronic, synth, bass",chirp-v5,electronic
electronic,house,"house electronic, intense atmosphere, featuring rave-ready breakdown into a punishing drop","electronic, techno, dance",chirp-v5,electronic
electronic,ambient,"ambient electronic, intense atmosphere, featuring rave-ready breakdown into a punishing drop","electronic, ambient, atmospheric",chirp-v5,electronic
electronic,drum and bass,"drum and bass electronic, intense atmosphere, featuring rave-ready breakdown into a punishing drop","electronic, synthwave, retro",chirp-v5,electronic
electronic,dubstep,"dubstep electronic, intense atmosphere, featuring rave-ready breakdown into a punishing drop","electronic, drum and bass, breakbeat",chirp-v5,electronic
electronic,trance,"trance electronic, intense atmosphere, featuring rave-ready breakdown into a punishing drop","electronic, synth, bass",chirp-v5,electronic
electronic,IDM,"IDM electronic, intense atmosphere, featuring rave-ready breakdown into a punishing drop","electronic, techno, dance",chirp-v5,electronic
electronic,synthwave,"synthwave electronic, intense atmosphere, featuring rave-ready breakdown into a punishing drop","electronic, ambient, atmospheric",chirp-v5,electronic
electronic,electro,"electro electronic, intense atmosphere, featuring rave-ready breakdown into a punishing drop","electronic, synthwave, retro",chirp-v5,electronic
electronic,minimal techno,"minimal techno electronic, intense atmosphere, featuring rave-ready breakdown into a punishing drop","electronic, drum and bass, breakbeat",chirp-v5,electronic
electronic,techno,"techno electronic, otherworldly atmosphere, featuring rave-ready breakdown into a punishing drop","electronic, synth, bass",chirp-v5,electronic
electronic,house,"house electronic, otherworldly atmosphere, featuring rave-ready breakdown into a punishing drop","electronic, techno, dance",chirp-v5,electronic
electronic,ambient,"ambient electronic, otherworldly atmosphere, featuring rave-ready breakdown into a punishing drop","electronic, ambient, atmospheric",chirp-v5,electronic
electronic,drum and bass,"drum and bass electronic, otherworldly atmosphere, featuring rave-ready breakdown into a punishing drop","electronic, synthwave, retro",chirp-v5,electronic
electronic,dubstep,"dubstep electronic, otherworldly atmosphere, featuring rave-ready breakdown into a punishing drop","electronic, drum and bass, breakbeat",chirp-v5,electronic
electronic,trance,"trance electronic, otherworldly atmosphere, featuring rave-ready breakdown into a punishing drop","electronic, synth, bass",chirp-v5,electronic
electronic,IDM,"IDM electronic, otherworldly atmosphere, featuring rave-ready breakdown into a punishing drop","electronic, techno, dance",chirp-v5,electronic
electronic,synthwave,"synthwave electronic, otherworldly atmosphere, featuring rave-ready breakdown into a punishing drop","electronic, ambient, atmospheric",chirp-v5,electronic
electronic,electro,"electro electronic, otherworldly atmosphere, featuring rave-ready breakdown into a punishing drop","electronic, synthwave, retro",chirp-v5,electronic
electronic,minimal techno,"minimal techno electronic, otherworldly atmosphere, featuring rave-ready breakdown into a punishing drop","electronic, drum and bass, breakbeat",chirp-v5,electronic
electronic,techno,"techno electronic, driving atmosphere, featuring rave-ready breakdown into a punishing drop","electronic, synth, bass",chirp-v5,electronic
electronic,house,"house electronic, driving atmosphere, featuring rave-ready breakdown into a punishing drop","electronic, techno, dance",chirp-v5,electronic
electronic,ambient,"ambient electronic, driving atmosphere, featuring rave-ready breakdown into a punishing drop","electronic, ambient, atmospheric",chirp-v5,electronic
electronic,drum and bass,"drum and bass electronic, driving atmosphere, featuring rave-ready breakdown into a punishing drop","electronic, synthwave, retro",chirp-v5,electronic
electronic,dubstep,"dubstep electronic, driving atmosphere, featuring rave-ready breakdown into a punishing drop","electronic, drum and bass, breakbeat",chirp-v5,electronic
electronic,trance,"trance electronic, driving atmosphere, featuring rave-ready breakdown into a punishing drop","electronic, synth, bass",chirp-v5,electronic
electronic,IDM,"IDM electronic, driving atmosphere, featuring rave-ready breakdown into a punishing drop","electronic, techno, dance",chirp-v5,electronic
electronic,synthwave,"synthwave electronic, driving atmosphere, featuring rave-ready breakdown into a punishing drop","electronic, ambient, atmospheric",chirp-v5,electronic
electronic,electro,"electro electronic, driving atmosphere, featuring rave-ready breakdown into a punishing drop","electronic, synthwave, retro",chirp-v5,electronic
electronic,minimal techno,"minimal techno electronic, driving atmosphere, featuring rave-ready breakdown into a punishing drop","electronic, drum and bass, breakbeat",chirp-v5,electronic
electronic,techno,"techno electronic, ominous atmosphere, featuring rave-ready breakdown into a punishing drop","electronic, synth, bass",chirp-v5,electronic
electronic,house,"house electronic, ominous atmosphere, featuring rave-ready breakdown into a punishing drop","electronic, techno, dance",chirp-v5,electronic
electronic,ambient,"ambient electronic, ominous atmosphere, featuring rave-ready breakdown into a punishing drop","electronic, ambient, atmospheric",chirp-v5,electronic
electronic,drum and bass,"drum and bass electronic, ominous atmosphere, featuring rave-ready breakdown into a punishing drop","electronic, synthwave, retro",chirp-v5,electronic
electronic,dubstep,"dubstep electronic, ominous atmosphere, featuring rave-ready breakdown into a punishing drop","electronic, drum and bass, breakbeat",chirp-v5,electronic
electronic,trance,"trance electronic, ominous atmosphere, featuring rave-ready breakdown into a punishing drop","electronic, synth, bass",chirp-v5,electronic
electronic,IDM,"IDM electronic, ominous atmosphere, featuring rave-ready breakdown into a punishing drop","electronic, techno, dance",chirp-v5,electronic
electronic,synthwave,"synthwave electronic, ominous atmosphere, featuring rave-ready breakdown into a punishing drop","electronic, ambient, atmospheric",chirp-v5,electronic
electronic,electro,"electro electronic, ominous atmosphere, featuring rave-ready breakdown into a punishing drop","electronic, synthwave, retro",chirp-v5,electronic
electronic,minimal techno,"minimal techno electronic, ominous atmosphere, featuring rave-ready breakdown into a punishing drop","electronic, drum and bass, breakbeat",chirp-v5,electronic
electronic,techno,"techno electronic, transcendent atmosphere, featuring rave-ready breakdown into a punishing drop","electronic, synth, bass",chirp-v5,electronic
electronic,house,"house electronic, transcendent atmosphere, featuring rave-ready breakdown into a punishing drop","electronic, techno, dance",chirp-v5,electronic
electronic,ambient,"ambient electronic, transcendent atmosphere, featuring rave-ready breakdown into a punishing drop","electronic, ambient, atmospheric",chirp-v5,electronic
electronic,drum and bass,"drum and bass electronic, transcendent atmosphere, featuring rave-ready breakdown into a punishing drop","electronic, synthwave, retro",chirp-v5,electronic
electronic,dubstep,"dubstep electronic, transcendent atmosphere, featuring rave-ready breakdown into a punishing drop","electronic, drum and bass, breakbeat",chirp-v5,electronic
electronic,trance,"trance electronic, transcendent atmosphere, featuring rave-ready breakdown into a punishing drop","electronic, synth, bass",chirp-v5,electronic
electronic,IDM,"IDM electronic, transcendent atmosphere, featuring rave-ready breakdown into a punishing drop","electronic, techno, dance",chirp-v5,electronic
electronic,synthwave,"synthwave electronic, transcendent atmosphere, featuring rave-ready breakdown into a punishing drop","electronic, ambient, atmospheric",chirp-v5,electronic
electronic,electro,"electro electronic, transcendent atmosphere, featuring rave-ready breakdown into a punishing drop","electronic, synthwave, retro",chirp-v5,electronic
electronic,minimal techno,"minimal techno electronic, transcendent atmosphere, featuring rave-ready breakdown into a punishing drop","electronic, drum and bass, breakbeat",chirp-v5,electronic
electronic,techno,"techno electronic, hypnotic atmosphere, featuring lush ambient drone with slowly evolving harmonic layers","electronic, synth, bass",chirp-v5,electronic
electronic,house,"house electronic, hypnotic atmosphere, featuring lush ambient drone with slowly evolving harmonic layers","electronic, techno, dance",chirp-v5,electronic
electronic,ambient,"ambient electronic, hypnotic atmosphere, featuring lush ambient drone with slowly evolving harmonic layers","electronic, ambient, atmospheric",chirp-v5,electronic
electronic,drum and bass,"drum and bass electronic, hypnotic atmosphere, featuring lush ambient drone with slowly evolving harmonic layers","electronic, synthwave, retro",chirp-v5,electronic
electronic,dubstep,"dubstep electronic, hypnotic atmosphere, featuring lush ambient drone with slowly evolving harmonic layers","electronic, drum and bass, breakbeat",chirp-v5,electronic
electronic,trance,"trance electronic, hypnotic atmosphere, featuring lush ambient drone with slowly evolving harmonic layers","electronic, synth, bass",chirp-v5,electronic
electronic,IDM,"IDM electronic, hypnotic atmosphere, featuring lush ambient drone with slowly evolving harmonic layers","electronic, techno, dance",chirp-v5,electronic
electronic,synthwave,"synthwave electronic, hypnotic atmosphere, featuring lush ambient drone with slowly evolving harmonic layers","electronic, ambient, atmospheric",chirp-v5,electronic
electronic,electro,"electro electronic, hypnotic atmosphere, featuring lush ambient drone with slowly evolving harmonic layers","electronic, synthwave, retro",chirp-v5,electronic
electronic,minimal techno,"minimal techno electronic, hypnotic atmosphere, featuring lush ambient drone with slowly evolving harmonic layers","electronic, drum and bass, breakbeat",chirp-v5,electronic
electronic,techno,"techno electronic, euphoric atmosphere, featuring lush ambient drone with slowly evolving harmonic layers","electronic, synth, bass",chirp-v5,electronic
electronic,house,"house electronic, euphoric atmosphere, featuring lush ambient drone with slowly evolving harmonic layers","electronic, techno, dance",chirp-v5,electronic
electronic,ambient,"ambient electronic, euphoric atmosphere, featuring lush ambient drone with slowly evolving harmonic layers","electronic, ambient, atmospheric",chirp-v5,electronic
electronic,drum and bass,"drum and bass electronic, euphoric atmosphere, featuring lush ambient drone with slowly evolving harmonic layers","electronic, synthwave, retro",chirp-v5,electronic
electronic,dubstep,"dubstep electronic, euphoric atmosphere, featuring lush ambient drone with slowly evolving harmonic layers","electronic, drum and bass, breakbeat",chirp-v5,electronic
electronic,trance,"trance electronic, euphoric atmosphere, featuring lush ambient drone with slowly evolving harmonic layers","electronic, synth, bass",chirp-v5,electronic
electronic,IDM,"IDM electronic, euphoric atmosphere, featuring lush ambient drone with slowly evolving harmonic layers","electronic, techno, dance",chirp-v5,electronic
electronic,synthwave,"synthwave electronic, euphoric atmosphere, featuring lush ambient drone with slowly evolving harmonic layers","electronic, ambient, atmospheric",chirp-v5,electronic
electronic,electro,"electro electronic, euphoric atmosphere, featuring lush ambient drone with slowly evolving harmonic layers","electronic, synthwave, retro",chirp-v5,electronic
electronic,minimal techno,"minimal techno electronic, euphoric atmosphere, featuring lush ambient drone with slowly evolving harmonic layers","electronic, drum and bass, breakbeat",chirp-v5,electronic
electronic,techno,"techno electronic, dark atmosphere, featuring lush ambient drone with slowly evolving harmonic layers","electronic, synth, bass",chirp-v5,electronic
electronic,house,"house electronic, dark atmosphere, featuring lush ambient drone with slowly evolving harmonic layers","electronic, techno, dance",chirp-v5,electronic
electronic,ambient,"ambient electronic, dark atmosphere, featuring lush ambient drone with slowly evolving harmonic layers","electronic, ambient, atmospheric",chirp-v5,electronic
electronic,drum and bass,"drum and bass electronic, dark atmosphere, featuring lush ambient drone with slowly evolving harmonic layers","electronic, synthwave, retro",chirp-v5,electronic
electronic,dubstep,"dubstep electronic, dark atmosphere, featuring lush ambient drone with slowly evolving harmonic layers","electronic, drum and bass, breakbeat",chirp-v5,electronic
electronic,trance,"trance electronic, dark atmosphere, featuring lush ambient drone with slowly evolving harmonic layers","electronic, synth, bass",chirp-v5,electronic
electronic,IDM,"IDM electronic, dark atmosphere, featuring lush ambient drone with slowly evolving harmonic layers","electronic, techno, dance",chirp-v5,electronic
electronic,synthwave,"synthwave electronic, dark atmosphere, featuring lush ambient drone with slowly evolving harmonic layers","electronic, ambient, atmospheric",chirp-v5,electronic
electronic,electro,"electro electronic, dark atmosphere, featuring lush ambient drone with slowly evolving harmonic layers","electronic, synthwave, retro",chirp-v5,electronic
electronic,minimal techno,"minimal techno electronic, dark atmosphere, featuring lush ambient drone with slowly evolving harmonic layers","electronic, drum and bass, breakbeat",chirp-v5,electronic
electronic,techno,"techno electronic, pulsating atmosphere, featuring lush ambient drone with slowly evolving harmonic layers","electronic, synth, bass",chirp-v5,electronic
electronic,house,"house electronic, pulsating atmosphere, featuring lush ambient drone with slowly evolving harmonic layers","electronic, techno, dance",chirp-v5,electronic
electronic,ambient,"ambient electronic, pulsating atmosphere, featuring lush ambient drone with slowly evolving harmonic layers","electronic, ambient, atmospheric",chirp-v5,electronic
electronic,drum and bass,"drum and bass electronic, pulsating atmosphere, featuring lush ambient drone with slowly evolving harmonic layers","electronic, synthwave, retro",chirp-v5,electronic
electronic,dubstep,"dubstep electronic, pulsating atmosphere, featuring lush ambient drone with slowly evolving harmonic layers","electronic, drum and bass, breakbeat",chirp-v5,electronic
electronic,trance,"trance electronic, pulsating atmosphere, featuring lush ambient drone with slowly evolving harmonic layers","electronic, synth, bass",chirp-v5,electronic
electronic,IDM,"IDM electronic, pulsating atmosphere, featuring lush ambient drone with slowly evolving harmonic layers","electronic, techno, dance",chirp-v5,electronic
electronic,synthwave,"synthwave electronic, pulsating atmosphere, featuring lush ambient drone with slowly evolving harmonic layers","electronic, ambient, atmospheric",chirp-v5,electronic
electronic,electro,"electro electronic, pulsating atmosphere, featuring lush ambient drone with slowly evolving harmonic layers","electronic, synthwave, retro",chirp-v5,electronic
electronic,minimal techno,"minimal techno electronic, pulsating atmosphere, featuring lush ambient drone with slowly evolving harmonic layers","electronic, drum and bass, breakbeat",chirp-v5,electronic
electronic,techno,"techno electronic, meditative atmosphere, featuring lush ambient drone with slowly evolving harmonic layers","electronic, synth, bass",chirp-v5,electronic
electronic,house,"house electronic, meditative atmosphere, featuring lush ambient drone with slowly evolving harmonic layers","electronic, techno, dance",chirp-v5,electronic
electronic,ambient,"ambient electronic, meditative atmosphere, featuring lush ambient drone with slowly evolving harmonic layers","electronic, ambient, atmospheric",chirp-v5,electronic
electronic,drum and bass,"drum and bass electronic, meditative atmosphere, featuring lush ambient drone with slowly evolving harmonic layers","electronic, synthwave, retro",chirp-v5,electronic
electronic,dubstep,"dubstep electronic, meditative atmosphere, featuring lush ambient drone with slowly evolving harmonic layers","electronic, drum and bass, breakbeat",chirp-v5,electronic
electronic,trance,"trance electronic, meditative atmosphere, featuring lush ambient drone with slowly evolving harmonic layers","electronic, synth, bass",chirp-v5,electronic
electronic,IDM,"IDM electronic, meditative atmosphere, featuring lush ambient drone with slowly evolving harmonic layers","electronic, techno, dance",chirp-v5,electronic
electronic,synthwave,"synthwave electronic, meditative atmosphere, featuring lush ambient drone with slowly evolving harmonic layers","electronic, ambient, atmospheric",chirp-v5,electronic
electronic,electro,"electro electronic, meditative atmosphere, featuring lush ambient drone with slowly evolving harmonic layers","electronic, synthwave, retro",chirp-v5,electronic
electronic,minimal techno,"minimal techno electronic, meditative atmosphere, featuring lush ambient drone with slowly evolving harmonic layers","electronic, drum and bass, breakbeat",chirp-v5,electronic
electronic,techno,"techno electronic, intense atmosphere, featuring lush ambient drone with slowly evolving harmonic layers","electronic, synth, bass",chirp-v5,electronic
electronic,house,"house electronic, intense atmosphere, featuring lush ambient drone with slowly evolving harmonic layers","electronic, techno, dance",chirp-v5,electronic
electronic,ambient,"ambient electronic, intense atmosphere, featuring lush ambient drone with slowly evolving harmonic layers","electronic, ambient, atmospheric",chirp-v5,electronic
electronic,drum and bass,"drum and bass electronic, intense atmosphere, featuring lush ambient drone with slowly evolving harmonic layers","electronic, synthwave, retro",chirp-v5,electronic
electronic,dubstep,"dubstep electronic, intense atmosphere, featuring lush ambient drone with slowly evolving harmonic layers","electronic, drum and bass, breakbeat",chirp-v5,electronic
electronic,trance,"trance electronic, intense atmosphere, featuring lush ambient drone with slowly evolving harmonic layers","electronic, synth, bass",chirp-v5,electronic
electronic,IDM,"IDM electronic, intense atmosphere, featuring lush ambient drone with slowly evolving harmonic layers","electronic, techno, dance",chirp-v5,electronic
electronic,synthwave,"synthwave electronic, intense atmosphere, featuring lush ambient drone with slowly evolving harmonic layers","electronic, ambient, atmospheric",chirp-v5,electronic
electronic,electro,"electro electronic, intense atmosphere, featuring lush ambient drone with slowly evolving harmonic layers","electronic, synthwave, retro",chirp-v5,electronic
electronic,minimal techno,"minimal techno electronic, intense atmosphere, featuring lush ambient drone with slowly evolving harmonic layers","electronic, drum and bass, breakbeat",chirp-v5,electronic
electronic,techno,"techno electronic, otherworldly atmosphere, featuring lush ambient drone with slowly evolving harmonic layers","electronic, synth, bass",chirp-v5,electronic
electronic,house,"house electronic, otherworldly atmosphere, featuring lush ambient drone with slowly evolving harmonic layers","electronic, techno, dance",chirp-v5,electronic
electronic,ambient,"ambient electronic, otherworldly atmosphere, featuring lush ambient drone with slowly evolving harmonic layers","electronic, ambient, atmospheric",chirp-v5,electronic
electronic,drum and bass,"drum and bass electronic, otherworldly atmosphere, featuring lush ambient drone with slowly evolving harmonic layers","electronic, synthwave, retro",chirp-v5,electronic
electronic,dubstep,"dubstep electronic, otherworldly atmosphere, featuring lush ambient drone with slowly evolving harmonic layers","electronic, drum and bass, breakbeat",chirp-v5,electronic
electronic,trance,"trance electronic, otherworldly atmosphere, featuring lush ambient drone with slowly evolving harmonic layers","electronic, synth, bass",chirp-v5,electronic
electronic,IDM,"IDM electronic, otherworldly atmosphere, featuring lush ambient drone with slowly evolving harmonic layers","electronic, techno, dance",chirp-v5,electronic
electronic,synthwave,"synthwave electronic, otherworldly atmosphere, featuring lush ambient drone with slowly evolving harmonic layers","electronic, ambient, atmospheric",chirp-v5,electronic
electronic,electro,"electro electronic, otherworldly atmosphere, featuring lush ambient drone with slowly evolving harmonic layers","electronic, synthwave, retro",chirp-v5,electronic
electronic,minimal techno,"minimal techno electronic, otherworldly atmosphere, featuring lush ambient drone with slowly evolving harmonic layers","electronic, drum and bass, breakbeat",chirp-v5,electronic
electronic,techno,"techno electronic, driving atmosphere, featuring lush ambient drone with slowly evolving harmonic layers","electronic, synth, bass",chirp-v5,electronic
electronic,house,"house electronic, driving atmosphere, featuring lush ambient drone with slowly evolving harmonic layers","electronic, techno, dance",chirp-v5,electronic
electronic,ambient,"ambient electronic, driving atmosphere, featuring lush ambient drone with slowly evolving harmonic layers","electronic, ambient, atmospheric",chirp-v5,electronic
electronic,drum and bass,"drum and bass electronic, driving atmosphere, featuring lush ambient drone with slowly evolving harmonic layers","electronic, synthwave, retro",chirp-v5,electronic
electronic,dubstep,"dubstep electronic, driving atmosphere, featuring lush ambient drone with slowly evolving harmonic layers","electronic, drum and bass, breakbeat",chirp-v5,electronic
electronic,trance,"trance electronic, driving atmosphere, featuring lush ambient drone with slowly evolving harmonic layers","electronic, synth, bass",chirp-v5,electronic
electronic,IDM,"IDM electronic, driving atmosphere, featuring lush ambient drone with slowly evolving harmonic layers","electronic, techno, dance",chirp-v5,electronic
electronic,synthwave,"synthwave electronic, driving atmosphere, featuring lush ambient drone with slowly evolving harmonic layers","electronic, ambient, atmospheric",chirp-v5,electronic
electronic,electro,"electro electronic, driving atmosphere, featuring lush ambient drone with slowly evolving harmonic layers","electronic, synthwave, retro",chirp-v5,electronic
electronic,minimal techno,"minimal techno electronic, driving atmosphere, featuring lush ambient drone with slowly evolving harmonic layers","electronic, drum and bass, breakbeat",chirp-v5,electronic
electronic,techno,"techno electronic, ominous atmosphere, featuring lush ambient drone with slowly evolving harmonic layers","electronic, synth, bass",chirp-v5,electronic
electronic,house,"house electronic, ominous atmosphere, featuring lush ambient drone with slowly evolving harmonic layers","electronic, techno, dance",chirp-v5,electronic
electronic,ambient,"ambient electronic, ominous atmosphere, featuring lush ambient drone with slowly evolving harmonic layers","electronic, ambient, atmospheric",chirp-v5,electronic
electronic,drum and bass,"drum and bass electronic, ominous atmosphere, featuring lush ambient drone with slowly evolving harmonic layers","electronic, synthwave, retro",chirp-v5,electronic
electronic,dubstep,"dubstep electronic, ominous atmosphere, featuring lush ambient drone with slowly evolving harmonic layers","electronic, drum and bass, breakbeat",chirp-v5,electronic
electronic,trance,"trance electronic, ominous atmosphere, featuring lush ambient drone with slowly evolving harmonic layers","electronic, synth, bass",chirp-v5,electronic
electronic,IDM,"IDM electronic, ominous atmosphere, featuring lush ambient drone with slowly evolving harmonic layers","electronic, techno, dance",chirp-v5,electronic
electronic,synthwave,"synthwave electronic, ominous atmosphere, featuring lush ambient drone with slowly evolving harmonic layers","electronic, ambient, atmospheric",chirp-v5,electronic
electronic,electro,"electro electronic, ominous atmosphere, featuring lush ambient drone with slowly evolving harmonic layers","electronic, synthwave, retro",chirp-v5,electronic
electronic,minimal techno,"minimal techno electronic, ominous atmosphere, featuring lush ambient drone with slowly evolving harmonic layers","electronic, drum and bass, breakbeat",chirp-v5,electronic
electronic,techno,"techno electronic, transcendent atmosphere, featuring lush ambient drone with slowly evolving harmonic layers","electronic, synth, bass",chirp-v5,electronic
electronic,house,"house electronic, transcendent atmosphere, featuring lush ambient drone with slowly evolving harmonic layers","electronic, techno, dance",chirp-v5,electronic
electronic,ambient,"ambient electronic, transcendent atmosphere, featuring lush ambient drone with slowly evolving harmonic layers","electronic, ambient, atmospheric",chirp-v5,electronic
electronic,drum and bass,"drum and bass electronic, transcendent atmosphere, featuring lush ambient drone with slowly evolving harmonic layers","electronic, synthwave, retro",chirp-v5,electronic
electronic,dubstep,"dubstep electronic, transcendent atmosphere, featuring lush ambient drone with slowly evolving harmonic layers","electronic, drum and bass, breakbeat",chirp-v5,electronic
electronic,trance,"trance electronic, transcendent atmosphere, featuring lush ambient drone with slowly evolving harmonic layers","electronic, synth, bass",chirp-v5,electronic
electronic,IDM,"IDM electronic, transcendent atmosphere, featuring lush ambient drone with slowly evolving harmonic layers","electronic, techno, dance",chirp-v5,electronic
electronic,synthwave,"synthwave electronic, transcendent atmosphere, featuring lush ambient drone with slowly evolving harmonic layers","electronic, ambient, atmospheric",chirp-v5,electronic
electronic,electro,"electro electronic, transcendent atmosphere, featuring lush ambient drone with slowly evolving harmonic layers","electronic, synthwave, retro",chirp-v5,electronic
electronic,minimal techno,"minimal techno electronic, transcendent atmosphere, featuring lush ambient drone with slowly evolving harmonic layers","electronic, drum and bass, breakbeat",chirp-v5,electronic
electronic,techno,"techno electronic, hypnotic atmosphere, featuring sidechain-compressed chords and crisp clap-driven groove","electronic, synth, bass",chirp-v5,electronic
electronic,house,"house electronic, hypnotic atmosphere, featuring sidechain-compressed chords and crisp clap-driven groove","electronic, techno, dance",chirp-v5,electronic
electronic,ambient,"ambient electronic, hypnotic atmosphere, featuring sidechain-compressed chords and crisp clap-driven groove","electronic, ambient, atmospheric",chirp-v5,electronic
electronic,drum and bass,"drum and bass electronic, hypnotic atmosphere, featuring sidechain-compressed chords and crisp clap-driven groove","electronic, synthwave, retro",chirp-v5,electronic
electronic,dubstep,"dubstep electronic, hypnotic atmosphere, featuring sidechain-compressed chords and crisp clap-driven groove","electronic, drum and bass, breakbeat",chirp-v5,electronic
electronic,trance,"trance electronic, hypnotic atmosphere, featuring sidechain-compressed chords and crisp clap-driven groove","electronic, synth, bass",chirp-v5,electronic
electronic,IDM,"IDM electronic, hypnotic atmosphere, featuring sidechain-compressed chords and crisp clap-driven groove","electronic, techno, dance",chirp-v5,electronic
electronic,synthwave,"synthwave electronic, hypnotic atmosphere, featuring sidechain-compressed chords and crisp clap-driven groove","electronic, ambient, atmospheric",chirp-v5,electronic
electronic,electro,"electro electronic, hypnotic atmosphere, featuring sidechain-compressed chords and crisp clap-driven groove","electronic, synthwave, retro",chirp-v5,electronic
electronic,minimal techno,"minimal techno electronic, hypnotic atmosphere, featuring sidechain-compressed chords and crisp clap-driven groove","electronic, drum and bass, breakbeat",chirp-v5,electronic
electronic,techno,"techno electronic, euphoric atmosphere, featuring sidechain-compressed chords and crisp clap-driven groove","electronic, synth, bass",chirp-v5,electronic
electronic,house,"house electronic, euphoric atmosphere, featuring sidechain-compressed chords and crisp clap-driven groove","electronic, techno, dance",chirp-v5,electronic
electronic,ambient,"ambient electronic, euphoric atmosphere, featuring sidechain-compressed chords and crisp clap-driven groove","electronic, ambient, atmospheric",chirp-v5,electronic
electronic,drum and bass,"drum and bass electronic, euphoric atmosphere, featuring sidechain-compressed chords and crisp clap-driven groove","electronic, synthwave, retro",chirp-v5,electronic
electronic,dubstep,"dubstep electronic, euphoric atmosphere, featuring sidechain-compressed chords and crisp clap-driven groove","electronic, drum and bass, breakbeat",chirp-v5,electronic
electronic,trance,"trance electronic, euphoric atmosphere, featuring sidechain-compressed chords and crisp clap-driven groove","electronic, synth, bass",chirp-v5,electronic
electronic,IDM,"IDM electronic, euphoric atmosphere, featuring sidechain-compressed chords and crisp clap-driven groove","electronic, techno, dance",chirp-v5,electronic
electronic,synthwave,"synthwave electronic, euphoric atmosphere, featuring sidechain-compressed chords and crisp clap-driven groove","electronic, ambient, atmospheric",chirp-v5,electronic
electronic,electro,"electro electronic, euphoric atmosphere, featuring sidechain-compressed chords and crisp clap-driven groove","electronic, synthwave, retro",chirp-v5,electronic
electronic,minimal techno,"minimal techno electronic, euphoric atmosphere, featuring sidechain-compressed chords and crisp clap-driven groove","electronic, drum and bass, breakbeat",chirp-v5,electronic
electronic,techno,"techno electronic, dark atmosphere, featuring sidechain-compressed chords and crisp clap-driven groove","electronic, synth, bass",chirp-v5,electronic
electronic,house,"house electronic, dark atmosphere, featuring sidechain-compressed chords and crisp clap-driven groove","electronic, techno, dance",chirp-v5,electronic
electronic,ambient,"ambient electronic, dark atmosphere, featuring sidechain-compressed chords and crisp clap-driven groove","electronic, ambient, atmospheric",chirp-v5,electronic
electronic,drum and bass,"drum and bass electronic, dark atmosphere, featuring sidechain-compressed chords and crisp clap-driven groove","electronic, synthwave, retro",chirp-v5,electronic
electronic,dubstep,"dubstep electronic, dark atmosphere, featuring sidechain-compressed chords and crisp clap-driven groove","electronic, drum and bass, breakbeat",chirp-v5,electronic
electronic,trance,"trance electronic, dark atmosphere, featuring sidechain-compressed chords and crisp clap-driven groove","electronic, synth, bass",chirp-v5,electronic
electronic,IDM,"IDM electronic, dark atmosphere, featuring sidechain-compressed chords and crisp clap-driven groove","electronic, techno, dance",chirp-v5,electronic
electronic,synthwave,"synthwave electronic, dark atmosphere, featuring sidechain-compressed chords and crisp clap-driven groove","electronic, ambient, atmospheric",chirp-v5,electronic
electronic,electro,"electro electronic, dark atmosphere, featuring sidechain-compressed chords and crisp clap-driven groove","electronic, synthwave, retro",chirp-v5,electronic
electronic,minimal techno,"minimal techno electronic, dark atmosphere, featuring sidechain-compressed chords and crisp clap-driven groove","electronic, drum and bass, breakbeat",chirp-v5,electronic
electronic,techno,"techno electronic, pulsating atmosphere, featuring sidechain-compressed chords and crisp clap-driven groove","electronic, synth, bass",chirp-v5,electronic
electronic,house,"house electronic, pulsating atmosphere, featuring sidechain-compressed chords and crisp clap-driven groove","electronic, techno, dance",chirp-v5,electronic
electronic,ambient,"ambient electronic, pulsating atmosphere, featuring sidechain-compressed chords and crisp clap-driven groove","electronic, ambient, atmospheric",chirp-v5,electronic
electronic,drum and bass,"drum and bass electronic, pulsating atmosphere, featuring sidechain-compressed chords and crisp clap-driven groove","electronic, synthwave, retro",chirp-v5,electronic
electronic,dubstep,"dubstep electronic, pulsating atmosphere, featuring sidechain-compressed chords and crisp clap-driven groove","electronic, drum and bass, breakbeat",chirp-v5,electronic
electronic,trance,"trance electronic, pulsating atmosphere, featuring sidechain-compressed chords and crisp clap-driven groove","electronic, synth, bass",chirp-v5,electronic
electronic,IDM,"IDM electronic, pulsating atmosphere, featuring sidechain-compressed chords and crisp clap-driven groove","electronic, techno, dance",chirp-v5,electronic
electronic,synthwave,"synthwave electronic, pulsating atmosphere, featuring sidechain-compressed chords and crisp clap-driven groove","electronic, ambient, atmospheric",chirp-v5,electronic
electronic,electro,"electro electronic, pulsating atmosphere, featuring sidechain-compressed chords and crisp clap-driven groove","electronic, synthwave, retro",chirp-v5,electronic
electronic,minimal techno,"minimal techno electronic, pulsating atmosphere, featuring sidechain-compressed chords and crisp clap-driven groove","electronic, drum and bass, breakbeat",chirp-v5,electronic
electronic,techno,"techno electronic, meditative atmosphere, featuring sidechain-compressed chords and crisp clap-driven groove","electronic, synth, bass",chirp-v5,electronic
electronic,house,"house electronic, meditative atmosphere, featuring sidechain-compressed chords and crisp clap-driven groove","electronic, techno, dance",chirp-v5,electronic
electronic,ambient,"ambient electronic, meditative atmosphere, featuring sidechain-compressed chords and crisp clap-driven groove","electronic, ambient, atmospheric",chirp-v5,electronic
electronic,drum and bass,"drum and bass electronic, meditative atmosphere, featuring sidechain-compressed chords and crisp clap-driven groove","electronic, synthwave, retro",chirp-v5,electronic
electronic,dubstep,"dubstep electronic, meditative atmosphere, featuring sidechain-compressed chords and crisp clap-driven groove","electronic, drum and bass, breakbeat",chirp-v5,electronic
electronic,trance,"trance electronic, meditative atmosphere, featuring sidechain-compressed chords and crisp clap-driven groove","electronic, synth, bass",chirp-v5,electronic
electronic,IDM,"IDM electronic, meditative atmosphere, featuring sidechain-compressed chords and crisp clap-driven groove","electronic, techno, dance",chirp-v5,electronic
electronic,synthwave,"synthwave electronic, meditative atmosphere, featuring sidechain-compressed chords and crisp clap-driven groove","electronic, ambient, atmospheric",chirp-v5,electronic
electronic,electro,"electro electronic, meditative atmosphere, featuring sidechain-compressed chords and crisp clap-driven groove","electronic, synthwave, retro",chirp-v5,electronic
electronic,minimal techno,"minimal techno electronic, meditative atmosphere, featuring sidechain-compressed chords and crisp clap-driven groove","electronic, drum and bass, breakbeat",chirp-v5,electronic
electronic,techno,"techno electronic, intense atmosphere, featuring sidechain-compressed chords and crisp clap-driven groove","electronic, synth, bass",chirp-v5,electronic
electronic,house,"house electronic, intense atmosphere, featuring sidechain-compressed chords and crisp clap-driven groove","electronic, techno, dance",chirp-v5,electronic
electronic,ambient,"ambient electronic, intense atmosphere, featuring sidechain-compressed chords and crisp clap-driven groove","electronic, ambient, atmospheric",chirp-v5,electronic
electronic,drum and bass,"drum and bass electronic, intense atmosphere, featuring sidechain-compressed chords and crisp clap-driven groove","electronic, synthwave, retro",chirp-v5,electronic
electronic,dubstep,"dubstep electronic, intense atmosphere, featuring sidechain-compressed chords and crisp clap-driven groove","electronic, drum and bass, breakbeat",chirp-v5,electronic
electronic,trance,"trance electronic, intense atmosphere, featuring sidechain-compressed chords and crisp clap-driven groove","electronic, synth, bass",chirp-v5,electronic
electronic,IDM,"IDM electronic, intense atmosphere, featuring sidechain-compressed chords and crisp clap-driven groove","electronic, techno, dance",chirp-v5,electronic
electronic,synthwave,"synthwave electronic, intense atmosphere, featuring sidechain-compressed chords and crisp clap-driven groove","electronic, ambient, atmospheric",chirp-v5,electronic
electronic,electro,"electro electronic, intense atmosphere, featuring sidechain-compressed chords and crisp clap-driven groove","electronic, synthwave, retro",chirp-v5,electronic
electronic,minimal techno,"minimal techno electronic, intense atmosphere, featuring sidechain-compressed chords and crisp clap-driven groove","electronic, drum and bass, breakbeat",chirp-v5,electronic
electronic,techno,"techno electronic, otherworldly atmosphere, featuring sidechain-compressed chords and crisp clap-driven groove","electronic, synth, bass",chirp-v5,electronic
electronic,house,"house electronic, otherworldly atmosphere, featuring sidechain-compressed chords and crisp clap-driven groove","electronic, techno, dance",chirp-v5,electronic
electronic,ambient,"ambient electronic, otherworldly atmosphere, featuring sidechain-compressed chords and crisp clap-driven groove","electronic, ambient, atmospheric",chirp-v5,electronic
electronic,drum and bass,"drum and bass electronic, otherworldly atmosphere, featuring sidechain-compressed chords and crisp clap-driven groove","electronic, synthwave, retro",chirp-v5,electronic
electronic,dubstep,"dubstep electronic, otherworldly atmosphere, featuring sidechain-compressed chords and crisp clap-driven groove","electronic, drum and bass, breakbeat",chirp-v5,electronic
electronic,trance,"trance electronic, otherworldly atmosphere, featuring sidechain-compressed chords and crisp clap-driven groove","electronic, synth, bass",chirp-v5,electronic
electronic,IDM,"IDM electronic, otherworldly atmosphere, featuring sidechain-compressed chords and crisp clap-driven groove","electronic, techno, dance",chirp-v5,electronic
electronic,synthwave,"synthwave electronic, otherworldly atmosphere, featuring sidechain-compressed chords and crisp clap-driven groove","electronic, ambient, atmospheric",chirp-v5,electronic
electronic,electro,"electro electronic, otherworldly atmosphere, featuring sidechain-compressed chords and crisp clap-driven groove","electronic, synthwave, retro",chirp-v5,electronic
electronic,minimal techno,"minimal techno electronic, otherworldly atmosphere, featuring sidechain-compressed chords and crisp clap-driven groove","electronic, drum and bass, breakbeat",chirp-v5,electronic
electronic,techno,"techno electronic, driving atmosphere, featuring sidechain-compressed chords and crisp clap-driven groove","electronic, synth, bass",chirp-v5,electronic
electronic,house,"house electronic, driving atmosphere, featuring sidechain-compressed chords and crisp clap-driven groove","electronic, techno, dance",chirp-v5,electronic
electronic,ambient,"ambient electronic, driving atmosphere, featuring sidechain-compressed chords and crisp clap-driven groove","electronic, ambient, atmospheric",chirp-v5,electronic
electronic,drum and bass,"drum and bass electronic, driving atmosphere, featuring sidechain-compressed chords and crisp clap-driven groove","electronic, synthwave, retro",chirp-v5,electronic
electronic,dubstep,"dubstep electronic, driving atmosphere, featuring sidechain-compressed chords and crisp clap-driven groove","electronic, drum and bass, breakbeat",chirp-v5,electronic
electronic,trance,"trance electronic, driving atmosphere, featuring sidechain-compressed chords and crisp clap-driven groove","electronic, synth, bass",chirp-v5,electronic
electronic,IDM,"IDM electronic, driving atmosphere, featuring sidechain-compressed chords and crisp clap-driven groove","electronic, techno, dance",chirp-v5,electronic
electronic,synthwave,"synthwave electronic, driving atmosphere, featuring sidechain-compressed chords and crisp clap-driven groove","electronic, ambient, atmospheric",chirp-v5,electronic
electronic,electro,"electro electronic, driving atmosphere, featuring sidechain-compressed chords and crisp clap-driven groove","electronic, synthwave, retro",chirp-v5,electronic
electronic,minimal techno,"minimal techno electronic, driving atmosphere, featuring sidechain-compressed chords and crisp clap-driven groove","electronic, drum and bass, breakbeat",chirp-v5,electronic
electronic,techno,"techno electronic, ominous atmosphere, featuring sidechain-compressed chords and crisp clap-driven groove","electronic, synth, bass",chirp-v5,electronic
electronic,house,"house electronic, ominous atmosphere, featuring sidechain-compressed chords and crisp clap-driven groove","electronic, techno, dance",chirp-v5,electronic
electronic,ambient,"ambient electronic, ominous atmosphere, featuring sidechain-compressed chords and crisp clap-driven groove","electronic, ambient, atmospheric",chirp-v5,electronic
electronic,drum and bass,"drum and bass electronic, ominous atmosphere, featuring sidechain-compressed chords and crisp clap-driven groove","electronic, synthwave, retro",chirp-v5,electronic
electronic,dubstep,"dubstep electronic, ominous atmosphere, featuring sidechain-compressed chords and crisp clap-driven groove","electronic, drum and bass, breakbeat",chirp-v5,electronic
electronic,trance,"trance electronic, ominous atmosphere, featuring sidechain-compressed chords and crisp clap-driven groove","electronic, synth, bass",chirp-v5,electronic
electronic,IDM,"IDM electronic, ominous atmosphere, featuring sidechain-compressed chords and crisp clap-driven groove","electronic, techno, dance",chirp-v5,electronic
electronic,synthwave,"synthwave electronic, ominous atmosphere, featuring sidechain-compressed chords and crisp clap-driven groove","electronic, ambient, atmospheric",chirp-v5,electronic
electronic,electro,"electro electronic, ominous atmosphere, featuring sidechain-compressed chords and crisp clap-driven groove","electronic, synthwave, retro",chirp-v5,electronic
electronic,minimal techno,"minimal techno electronic, ominous atmosphere, featuring sidechain-compressed chords and crisp clap-driven groove","electronic, drum and bass, breakbeat",chirp-v5,electronic
electronic,techno,"techno electronic, transcendent atmosphere, featuring sidechain-compressed chords and crisp clap-driven groove","electronic, synth, bass",chirp-v5,electronic
electronic,house,"house electronic, transcendent atmosphere, featuring sidechain-compressed chords and crisp clap-driven groove","electronic, techno, dance",chirp-v5,electronic
electronic,ambient,"ambient electronic, transcendent atmosphere, featuring sidechain-compressed chords and crisp clap-driven groove","electronic, ambient, atmospheric",chirp-v5,electronic
electronic,drum and bass,"drum and bass electronic, transcendent atmosphere, featuring sidechain-compressed chords and crisp clap-driven groove","electronic, synthwave, retro",chirp-v5,electronic
electronic,dubstep,"dubstep electronic, transcendent atmosphere, featuring sidechain-compressed chords and crisp clap-driven groove","electronic, drum and bass, breakbeat",chirp-v5,electronic
electronic,trance,"trance electronic, transcendent atmosphere, featuring sidechain-compressed chords and crisp clap-driven groove","electronic, synth, bass",chirp-v5,electronic
electronic,IDM,"IDM electronic, transcendent atmosphere, featuring sidechain-compressed chords and crisp clap-driven groove","electronic, techno, dance",chirp-v5,electronic
electronic,synthwave,"synthwave electronic, transcendent atmosphere, featuring sidechain-compressed chords and crisp clap-driven groove","electronic, ambient, atmospheric",chirp-v5,electronic
electronic,electro,"electro electronic, transcendent atmosphere, featuring sidechain-compressed chords and crisp clap-driven groove","electronic, synthwave, retro",chirp-v5,electronic
electronic,minimal techno,"minimal techno electronic, transcendent atmosphere, featuring sidechain-compressed chords and crisp clap-driven groove","electronic, drum and bass, breakbeat",chirp-v5,electronic
electronic,techno,"techno electronic, hypnotic atmosphere, featuring vocoder-processed vocals over a motorik electronic beat","electronic, synth, bass",chirp-v5,electronic
electronic,house,"house electronic, hypnotic atmosphere, featuring vocoder-processed vocals over a motorik electronic beat","electronic, techno, dance",chirp-v5,electronic
electronic,ambient,"ambient electronic, hypnotic atmosphere, featuring vocoder-processed vocals over a motorik electronic beat","electronic, ambient, atmospheric",chirp-v5,electronic
electronic,drum and bass,"drum and bass electronic, hypnotic atmosphere, featuring vocoder-processed vocals over a motorik electronic beat","electronic, synthwave, retro",chirp-v5,electronic
electronic,dubstep,"dubstep electronic, hypnotic atmosphere, featuring vocoder-processed vocals over a motorik electronic beat","electronic, drum and bass, breakbeat",chirp-v5,electronic
electronic,trance,"trance electronic, hypnotic atmosphere, featuring vocoder-processed vocals over a motorik electronic beat","electronic, synth, bass",chirp-v5,electronic
electronic,IDM,"IDM electronic, hypnotic atmosphere, featuring vocoder-processed vocals over a motorik electronic beat","electronic, techno, dance",chirp-v5,electronic
electronic,synthwave,"synthwave electronic, hypnotic atmosphere, featuring vocoder-processed vocals over a motorik electronic beat","electronic, ambient, atmospheric",chirp-v5,electronic
electronic,electro,"electro electronic, hypnotic atmosphere, featuring vocoder-processed vocals over a motorik electronic beat","electronic, synthwave, retro",chirp-v5,electronic
electronic,minimal techno,"minimal techno electronic, hypnotic atmosphere, featuring vocoder-processed vocals over a motorik electronic beat","electronic, drum and bass, breakbeat",chirp-v5,electronic
electronic,techno,"techno electronic, euphoric atmosphere, featuring vocoder-processed vocals over a motorik electronic beat","electronic, synth, bass",chirp-v5,electronic
electronic,house,"house electronic, euphoric atmosphere, featuring vocoder-processed vocals over a motorik electronic beat","electronic, techno, dance",chirp-v5,electronic
electronic,ambient,"ambient electronic, euphoric atmosphere, featuring vocoder-processed vocals over a motorik electronic beat","electronic, ambient, atmospheric",chirp-v5,electronic
electronic,drum and bass,"drum and bass electronic, euphoric atmosphere, featuring vocoder-processed vocals over a motorik electronic beat","electronic, synthwave, retro",chirp-v5,electronic
electronic,dubstep,"dubstep electronic, euphoric atmosphere, featuring vocoder-processed vocals over a motorik electronic beat","electronic, drum and bass, breakbeat",chirp-v5,electronic
electronic,trance,"trance electronic, euphoric atmosphere, featuring vocoder-processed vocals over a motorik electronic beat","electronic, synth, bass",chirp-v5,electronic
electronic,IDM,"IDM electronic, euphoric atmosphere, featuring vocoder-processed vocals over a motorik electronic beat","electronic, techno, dance",chirp-v5,electronic
electronic,synthwave,"synthwave electronic, euphoric atmosphere, featuring vocoder-processed vocals over a motorik electronic beat","electronic, ambient, atmospheric",chirp-v5,electronic
electronic,electro,"electro electronic, euphoric atmosphere, featuring vocoder-processed vocals over a motorik electronic beat","electronic, synthwave, retro",chirp-v5,electronic
electronic,minimal techno,"minimal techno electronic, euphoric atmosphere, featuring vocoder-processed vocals over a motorik electronic beat","electronic, drum and bass, breakbeat",chirp-v5,electronic
electronic,techno,"techno electronic, dark atmosphere, featuring vocoder-processed vocals over a motorik electronic beat","electronic, synth, bass",chirp-v5,electronic
electronic,house,"house electronic, dark atmosphere, featuring vocoder-processed vocals over a motorik electronic beat","electronic, techno, dance",chirp-v5,electronic
electronic,ambient,"ambient electronic, dark atmosphere, featuring vocoder-processed vocals over a motorik electronic beat","electronic, ambient, atmospheric",chirp-v5,electronic
electronic,drum and bass,"drum and bass electronic, dark atmosphere, featuring vocoder-processed vocals over a motorik electronic beat","electronic, synthwave, retro",chirp-v5,electronic
electronic,dubstep,"dubstep electronic, dark atmosphere, featuring vocoder-processed vocals over a motorik electronic beat","electronic, drum and bass, breakbeat",chirp-v5,electronic
electronic,trance,"trance electronic, dark atmosphere, featuring vocoder-processed vocals over a motorik electronic beat","electronic, synth, bass",chirp-v5,electronic
electronic,IDM,"IDM electronic, dark atmosphere, featuring vocoder-processed vocals over a motorik electronic beat","electronic, techno, dance",chirp-v5,electronic
electronic,synthwave,"synthwave electronic, dark atmosphere, featuring vocoder-processed vocals over a motorik electronic beat","electronic, ambient, atmospheric",chirp-v5,electronic
electronic,electro,"electro electronic, dark atmosphere, featuring vocoder-processed vocals over a motorik electronic beat","electronic, synthwave, retro",chirp-v5,electronic
electronic,minimal techno,"minimal techno electronic, dark atmosphere, featuring vocoder-processed vocals over a motorik electronic beat","electronic, drum and bass, breakbeat",chirp-v5,electronic
electronic,techno,"techno electronic, pulsating atmosphere, featuring vocoder-processed vocals over a motorik electronic beat","electronic, synth, bass",chirp-v5,electronic
electronic,house,"house electronic, pulsating atmosphere, featuring vocoder-processed vocals over a motorik electronic beat","electronic, techno, dance",chirp-v5,electronic
electronic,ambient,"ambient electronic, pulsating atmosphere, featuring vocoder-processed vocals over a motorik electronic beat","electronic, ambient, atmospheric",chirp-v5,electronic
electronic,drum and bass,"drum and bass electronic, pulsating atmosphere, featuring vocoder-processed vocals over a motorik electronic beat","electronic, synthwave, retro",chirp-v5,electronic
electronic,dubstep,"dubstep electronic, pulsating atmosphere, featuring vocoder-processed vocals over a motorik electronic beat","electronic, drum and bass, breakbeat",chirp-v5,electronic
electronic,trance,"trance electronic, pulsating atmosphere, featuring vocoder-processed vocals over a motorik electronic beat","electronic, synth, bass",chirp-v5,electronic
electronic,IDM,"IDM electronic, pulsating atmosphere, featuring vocoder-processed vocals over a motorik electronic beat","electronic, techno, dance",chirp-v5,electronic
electronic,synthwave,"synthwave electronic, pulsating atmosphere, featuring vocoder-processed vocals over a motorik electronic beat","electronic, ambient, atmospheric",chirp-v5,electronic
electronic,electro,"electro electronic, pulsating atmosphere, featuring vocoder-processed vocals over a motorik electronic beat","electronic, synthwave, retro",chirp-v5,electronic
electronic,minimal techno,"minimal techno electronic, pulsating atmosphere, featuring vocoder-processed vocals over a motorik electronic beat","electronic, drum and bass, breakbeat",chirp-v5,electronic
electronic,techno,"techno electronic, meditative atmosphere, featuring vocoder-processed vocals over a motorik electronic beat","electronic, synth, bass",chirp-v5,electronic
electronic,house,"house electronic, meditative atmosphere, featuring vocoder-processed vocals over a motorik electronic beat","electronic, techno, dance",chirp-v5,electronic
electronic,ambient,"ambient electronic, meditative atmosphere, featuring vocoder-processed vocals over a motorik electronic beat","electronic, ambient, atmospheric",chirp-v5,electronic
electronic,drum and bass,"drum and bass electronic, meditative atmosphere, featuring vocoder-processed vocals over a motorik electronic beat","electronic, synthwave, retro",chirp-v5,electronic
electronic,dubstep,"dubstep electronic, meditative atmosphere, featuring vocoder-processed vocals over a motorik electronic beat","electronic, drum and bass, breakbeat",chirp-v5,electronic
electronic,trance,"trance electronic, meditative atmosphere, featuring vocoder-processed vocals over a motorik electronic beat","electronic, synth, bass",chirp-v5,electronic
electronic,IDM,"IDM electronic, meditative atmosphere, featuring vocoder-processed vocals over a motorik electronic beat","electronic, techno, dance",chirp-v5,electronic
electronic,synthwave,"synthwave electronic, meditative atmosphere, featuring vocoder-processed vocals over a motorik electronic beat","electronic, ambient, atmospheric",chirp-v5,electronic
electronic,electro,"electro electronic, meditative atmosphere, featuring vocoder-processed vocals over a motorik electronic beat","electronic, synthwave, retro",chirp-v5,electronic
electronic,minimal techno,"minimal techno electronic, meditative atmosphere, featuring vocoder-processed vocals over a motorik electronic beat","electronic, drum and bass, breakbeat",chirp-v5,electronic
electronic,techno,"techno electronic, intense atmosphere, featuring vocoder-processed vocals over a motorik electronic beat","electronic, synth, bass",chirp-v5,electronic
electronic,house,"house electronic, intense atmosphere, featuring vocoder-processed vocals over a motorik electronic beat","electronic, techno, dance",chirp-v5,electronic
electronic,ambient,"ambient electronic, intense atmosphere, featuring vocoder-processed vocals over a motorik electronic beat","electronic, ambient, atmospheric",chirp-v5,electronic
electronic,drum and bass,"drum and bass electronic, intense atmosphere, featuring vocoder-processed vocals over a motorik electronic beat","electronic, synthwave, retro",chirp-v5,electronic
electronic,dubstep,"dubstep electronic, intense atmosphere, featuring vocoder-processed vocals over a motorik electronic beat","electronic, drum and bass, breakbeat",chirp-v5,electronic
electronic,trance,"trance electronic, intense atmosphere, featuring vocoder-processed vocals over a motorik electronic beat","electronic, synth, bass",chirp-v5,electronic
electronic,IDM,"IDM electronic, intense atmosphere, featuring vocoder-processed vocals over a motorik electronic beat","electronic, techno, dance",chirp-v5,electronic
electronic,synthwave,"synthwave electronic, intense atmosphere, featuring vocoder-processed vocals over a motorik electronic beat","electronic, ambient, atmospheric",chirp-v5,electronic
electronic,electro,"electro electronic, intense atmosphere, featuring vocoder-processed vocals over a motorik electronic beat","electronic, synthwave, retro",chirp-v5,electronic
electronic,minimal techno,"minimal techno electronic, intense atmosphere, featuring vocoder-processed vocals over a motorik electronic beat","electronic, drum and bass, breakbeat",chirp-v5,electronic
electronic,techno,"techno electronic, otherworldly atmosphere, featuring vocoder-processed vocals over a motorik electronic beat","electronic, synth, bass",chirp-v5,electronic
electronic,house,"house electronic, otherworldly atmosphere, featuring vocoder-processed vocals over a motorik electronic beat","electronic, techno, dance",chirp-v5,electronic
electronic,ambient,"ambient electronic, otherworldly atmosphere, featuring vocoder-processed vocals over a motorik electronic beat","electronic, ambient, atmospheric",chirp-v5,electronic
electronic,drum and bass,"drum and bass electronic, otherworldly atmosphere, featuring vocoder-processed vocals over a motorik electronic beat","electronic, synthwave, retro",chirp-v5,electronic
electronic,dubstep,"dubstep electronic, otherworldly atmosphere, featuring vocoder-processed vocals over a motorik electronic beat","electronic, drum and bass, breakbeat",chirp-v5,electronic
electronic,trance,"trance electronic, otherworldly atmosphere, featuring vocoder-processed vocals over a motorik electronic beat","electronic, synth, bass",chirp-v5,electronic
electronic,IDM,"IDM electronic, otherworldly atmosphere, featuring vocoder-processed vocals over a motorik electronic beat","electronic, techno, dance",chirp-v5,electronic
electronic,synthwave,"synthwave electronic, otherworldly atmosphere, featuring vocoder-processed vocals over a motorik electronic beat","electronic, ambient, atmospheric",chirp-v5,electronic
electronic,electro,"electro electronic, otherworldly atmosphere, featuring vocoder-processed vocals over a motorik electronic beat","electronic, synthwave, retro",chirp-v5,electronic
electronic,minimal techno,"minimal techno electronic, otherworldly atmosphere, featuring vocoder-processed vocals over a motorik electronic beat","electronic, drum and bass, breakbeat",chirp-v5,electronic
electronic,techno,"techno electronic, driving atmosphere, featuring vocoder-processed vocals over a motorik electronic beat","electronic, synth, bass",chirp-v5,electronic
electronic,house,"house electronic, driving atmosphere, featuring vocoder-processed vocals over a motorik electronic beat","electronic, techno, dance",chirp-v5,electronic
electronic,ambient,"ambient electronic, driving atmosphere, featuring vocoder-processed vocals over a motorik electronic beat","electronic, ambient, atmospheric",chirp-v5,electronic
electronic,drum and bass,"drum and bass electronic, driving atmosphere, featuring vocoder-processed vocals over a motorik electronic beat","electronic, synthwave, retro",chirp-v5,electronic
electronic,dubstep,"dubstep electronic, driving atmosphere, featuring vocoder-processed vocals over a motorik electronic beat","electronic, drum and bass, breakbeat",chirp-v5,electronic
electronic,trance,"trance electronic, driving atmosphere, featuring vocoder-processed vocals over a motorik electronic beat","electronic, synth, bass",chirp-v5,electronic
electronic,IDM,"IDM electronic, driving atmosphere, featuring vocoder-processed vocals over a motorik electronic beat","electronic, techno, dance",chirp-v5,electronic
electronic,synthwave,"synthwave electronic, driving atmosphere, featuring vocoder-processed vocals over a motorik electronic beat","electronic, ambient, atmospheric",chirp-v5,electronic
electronic,electro,"electro electronic, driving atmosphere, featuring vocoder-processed vocals over a motorik electronic beat","electronic, synthwave, retro",chirp-v5,electronic
electronic,minimal techno,"minimal techno electronic, driving atmosphere, featuring vocoder-processed vocals over a motorik electronic beat","electronic, drum and bass, breakbeat",chirp-v5,electronic
electronic,techno,"techno electronic, ominous atmosphere, featuring vocoder-processed vocals over a motorik electronic beat","electronic, synth, bass",chirp-v5,electronic
electronic,house,"house electronic, ominous atmosphere, featuring vocoder-processed vocals over a motorik electronic beat","electronic, techno, dance",chirp-v5,electronic
electronic,ambient,"ambient electronic, ominous atmosphere, featuring vocoder-processed vocals over a motorik electronic beat","electronic, ambient, atmospheric",chirp-v5,electronic
electronic,drum and bass,"drum and bass electronic, ominous atmosphere, featuring vocoder-processed vocals over a motorik electronic beat","electronic, synthwave, retro",chirp-v5,electronic
electronic,dubstep,"dubstep electronic, ominous atmosphere, featuring vocoder-processed vocals over a motorik electronic beat","electronic, drum and bass, breakbeat",chirp-v5,electronic
electronic,trance,"trance electronic, ominous atmosphere, featuring vocoder-processed vocals over a motorik electronic beat","electronic, synth, bass",chirp-v5,electronic
electronic,IDM,"IDM electronic, ominous atmosphere, featuring vocoder-processed vocals over a motorik electronic beat","electronic, techno, dance",chirp-v5,electronic
electronic,synthwave,"synthwave electronic, ominous atmosphere, featuring vocoder-processed vocals over a motorik electronic beat","electronic, ambient, atmospheric",chirp-v5,electronic
electronic,electro,"electro electronic, ominous atmosphere, featuring vocoder-processed vocals over a motorik electronic beat","electronic, synthwave, retro",chirp-v5,electronic
electronic,minimal techno,"minimal techno electronic, ominous atmosphere, featuring vocoder-processed vocals over a motorik electronic beat","electronic, drum and bass, breakbeat",chirp-v5,electronic
electronic,techno,"techno electronic, transcendent atmosphere, featuring vocoder-processed vocals over a motorik electronic beat","electronic, synth, bass",chirp-v5,electronic
electronic,house,"house electronic, transcendent atmosphere, featuring vocoder-processed vocals over a motorik electronic beat","electronic, techno, dance",chirp-v5,electronic
electronic,ambient,"ambient electronic, transcendent atmosphere, featuring vocoder-processed vocals over a motorik electronic beat","electronic, ambient, atmospheric",chirp-v5,electronic
electronic,drum and bass,"drum and bass electronic, transcendent atmosphere, featuring vocoder-processed vocals over a motorik electronic beat","electronic, synthwave, retro",chirp-v5,electronic
electronic,dubstep,"dubstep electronic, transcendent atmosphere, featuring vocoder-processed vocals over a motorik electronic beat","electronic, drum and bass, breakbeat",chirp-v5,electronic
electronic,trance,"trance electronic, transcendent atmosphere, featuring vocoder-processed vocals over a motorik electronic beat","electronic, synth, bass",chirp-v5,electronic
electronic,IDM,"IDM electronic, transcendent atmosphere, featuring vocoder-processed vocals over a motorik electronic beat","electronic, techno, dance",chirp-v5,electronic
electronic,synthwave,"synthwave electronic, transcendent atmosphere, featuring vocoder-processed vocals over a motorik electronic beat","electronic, ambient, atmospheric",chirp-v5,electronic
electronic,electro,"electro electronic, transcendent atmosphere, featuring vocoder-processed vocals over a motorik electronic beat","electronic, synthwave, retro",chirp-v5,electronic
electronic,minimal techno,"minimal techno electronic, transcendent atmosphere, featuring vocoder-processed vocals over a motorik electronic beat","electronic, drum and bass, breakbeat",chirp-v5,electronic
electronic,techno,"techno electronic, hypnotic atmosphere, featuring four-on-the-floor kick over a modular synthesizer bassline","electronic, synth, bass",chirp-v5,electronic
electronic,house,"house electronic, hypnotic atmosphere, featuring four-on-the-floor kick over a modular synthesizer bassline","electronic, techno, dance",chirp-v5,electronic
electronic,ambient,"ambient electronic, hypnotic atmosphere, featuring four-on-the-floor kick over a modular synthesizer bassline","electronic, ambient, atmospheric",chirp-v5,electronic
electronic,drum and bass,"drum and bass electronic, hypnotic atmosphere, featuring four-on-the-floor kick over a modular synthesizer bassline","electronic, synthwave, retro",chirp-v5,electronic
electronic,dubstep,"dubstep electronic, hypnotic atmosphere, featuring four-on-the-floor kick over a modular synthesizer bassline","electronic, drum and bass, breakbeat",chirp-v5,electronic
electronic,trance,"trance electronic, hypnotic atmosphere, featuring four-on-the-floor kick over a modular synthesizer bassline","electronic, synth, bass",chirp-v5,electronic
electronic,IDM,"IDM electronic, hypnotic atmosphere, featuring four-on-the-floor kick over a modular synthesizer bassline","electronic, techno, dance",chirp-v5,electronic
electronic,synthwave,"synthwave electronic, hypnotic atmosphere, featuring four-on-the-floor kick over a modular synthesizer bassline","electronic, ambient, atmospheric",chirp-v5,electronic
electronic,electro,"electro electronic, hypnotic atmosphere, featuring four-on-the-floor kick over a modular synthesizer bassline","electronic, synthwave, retro",chirp-v5,electronic
electronic,minimal techno,"minimal techno electronic, hypnotic atmosphere, featuring four-on-the-floor kick over a modular synthesizer bassline","electronic, drum and bass, breakbeat",chirp-v5,electronic
electronic,techno,"techno electronic, euphoric atmosphere, featuring four-on-the-floor kick over a modular synthesizer bassline","electronic, synth, bass",chirp-v5,electronic
electronic,house,"house electronic, euphoric atmosphere, featuring four-on-the-floor kick over a modular synthesizer bassline","electronic, techno, dance",chirp-v5,electronic
electronic,ambient,"ambient electronic, euphoric atmosphere, featuring four-on-the-floor kick over a modular synthesizer bassline","electronic, ambient, atmospheric",chirp-v5,electronic
electronic,drum and bass,"drum and bass electronic, euphoric atmosphere, featuring four-on-the-floor kick over a modular synthesizer bassline","electronic, synthwave, retro",chirp-v5,electronic
electronic,dubstep,"dubstep electronic, euphoric atmosphere, featuring four-on-the-floor kick over a modular synthesizer bassline","electronic, drum and bass, breakbeat",chirp-v5,electronic
electronic,trance,"trance electronic, euphoric atmosphere, featuring four-on-the-floor kick over a modular synthesizer bassline","electronic, synth, bass",chirp-v5,electronic
electronic,IDM,"IDM electronic, euphoric atmosphere, featuring four-on-the-floor kick over a modular synthesizer bassline","electronic, techno, dance",chirp-v5,electronic
electronic,synthwave,"synthwave electronic, euphoric atmosphere, featuring four-on-the-floor kick over a modular synthesizer bassline","electronic, ambient, atmospheric",chirp-v5,electronic
electronic,electro,"electro electronic, euphoric atmosphere, featuring four-on-the-floor kick over a modular synthesizer bassline","electronic, synthwave, retro",chirp-v5,electronic
electronic,minimal techno,"minimal techno electronic, euphoric atmosphere, featuring four-on-the-floor kick over a modular synthesizer bassline","electronic, drum and bass, breakbeat",chirp-v5,electronic
electronic,techno,"techno electronic, dark atmosphere, featuring four-on-the-floor kick over a modular synthesizer bassline","electronic, synth, bass",chirp-v5,electronic
electronic,house,"house electronic, dark atmosphere, featuring four-on-the-floor kick over a modular synthesizer bassline","electronic, techno, dance",chirp-v5,electronic
electronic,ambient,"ambient electronic, dark atmosphere, featuring four-on-the-floor kick over a modular synthesizer bassline","electronic, ambient, atmospheric",chirp-v5,electronic
electronic,drum and bass,"drum and bass electronic, dark atmosphere, featuring four-on-the-floor kick over a modular synthesizer bassline","electronic, synthwave, retro",chirp-v5,electronic
electronic,dubstep,"dubstep electronic, dark atmosphere, featuring four-on-the-floor kick over a modular synthesizer bassline","electronic, drum and bass, breakbeat",chirp-v5,electronic
electronic,trance,"trance electronic, dark atmosphere, featuring four-on-the-floor kick over a modular synthesizer bassline","electronic, synth, bass",chirp-v5,electronic
electronic,IDM,"IDM electronic, dark atmosphere, featuring four-on-the-floor kick over a modular synthesizer bassline","electronic, techno, dance",chirp-v5,electronic
electronic,synthwave,"synthwave electronic, dark atmosphere, featuring four-on-the-floor kick over a modular synthesizer bassline","electronic, ambient, atmospheric",chirp-v5,electronic
electronic,electro,"electro electronic, dark atmosphere, featuring four-on-the-floor kick over a modular synthesizer bassline","electronic, synthwave, retro",chirp-v5,electronic
electronic,minimal techno,"minimal techno electronic, dark atmosphere, featuring four-on-the-floor kick over a modular synthesizer bassline","electronic, drum and bass, breakbeat",chirp-v5,electronic
electronic,techno,"techno electronic, pulsating atmosphere, featuring four-on-the-floor kick over a modular synthesizer bassline","electronic, synth, bass",chirp-v5,electronic
electronic,house,"house electronic, pulsating atmosphere, featuring four-on-the-floor kick over a modular synthesizer bassline","electronic, techno, dance",chirp-v5,electronic
electronic,ambient,"ambient electronic, pulsating atmosphere, featuring four-on-the-floor kick over a modular synthesizer bassline","electronic, ambient, atmospheric",chirp-v5,electronic
electronic,drum and bass,"drum and bass electronic, pulsating atmosphere, featuring four-on-the-floor kick over a modular synthesizer bassline","electronic, synthwave, retro",chirp-v5,electronic
electronic,dubstep,"dubstep electronic, pulsating atmosphere, featuring four-on-the-floor kick over a modular synthesizer bassline","electronic, drum and bass, breakbeat",chirp-v5,electronic
electronic,trance,"trance electronic, pulsating atmosphere, featuring four-on-the-floor kick over a modular synthesizer bassline","electronic, synth, bass",chirp-v5,electronic
electronic,IDM,"IDM electronic, pulsating atmosphere, featuring four-on-the-floor kick over a modular synthesizer bassline","electronic, techno, dance",chirp-v5,electronic
electronic,synthwave,"synthwave electronic, pulsating atmosphere, featuring four-on-the-floor kick over a modular synthesizer bassline","electronic, ambient, atmospheric",chirp-v5,electronic
electronic,electro,"electro electronic, pulsating atmosphere, featuring four-on-the-floor kick over a modular synthesizer bassline","electronic, synthwave, retro",chirp-v5,electronic
electronic,minimal techno,"minimal techno electronic, pulsating atmosphere, featuring four-on-the-floor kick over a modular synthesizer bassline","electronic, drum and bass, breakbeat",chirp-v5,electronic
electronic,techno,"techno electronic, meditative atmosphere, featuring four-on-the-floor kick over a modular synthesizer bassline","electronic, synth, bass",chirp-v5,electronic
electronic,house,"house electronic, meditative atmosphere, featuring four-on-the-floor kick over a modular synthesizer bassline","electronic, techno, dance",chirp-v5,electronic
electronic,ambient,"ambient electronic, meditative atmosphere, featuring four-on-the-floor kick over a modular synthesizer bassline","electronic, ambient, atmospheric",chirp-v5,electronic
electronic,drum and bass,"drum and bass electronic, meditative atmosphere, featuring four-on-the-floor kick over a modular synthesizer bassline","electronic, synthwave, retro",chirp-v5,electronic
electronic,dubstep,"dubstep electronic, meditative atmosphere, featuring four-on-the-floor kick over a modular synthesizer bassline","electronic, drum and bass, breakbeat",chirp-v5,electronic
electronic,trance,"trance electronic, meditative atmosphere, featuring four-on-the-floor kick over a modular synthesizer bassline","electronic, synth, bass",chirp-v5,electronic
electronic,IDM,"IDM electronic, meditative atmosphere, featuring four-on-the-floor kick over a modular synthesizer bassline","electronic, techno, dance",chirp-v5,electronic
electronic,synthwave,"synthwave electronic, meditative atmosphere, featuring four-on-the-floor kick over a modular synthesizer bassline","electronic, ambient, atmospheric",chirp-v5,electronic
electronic,electro,"electro electronic, meditative atmosphere, featuring four-on-the-floor kick over a modular synthesizer bassline","electronic, synthwave, retro",chirp-v5,electronic
electronic,minimal techno,"minimal techno electronic, meditative atmosphere, featuring four-on-the-floor kick over a modular synthesizer bassline","electronic, drum and bass, breakbeat",chirp-v5,electronic
electronic,techno,"techno electronic, intense atmosphere, featuring four-on-the-floor kick over a modular synthesizer bassline","electronic, synth, bass",chirp-v5,electronic
electronic,house,"house electronic, intense atmosphere, featuring four-on-the-floor kick over a modular synthesizer bassline","electronic, techno, dance",chirp-v5,electronic
electronic,ambient,"ambient electronic, intense atmosphere, featuring four-on-the-floor kick over a modular synthesizer bassline","electronic, ambient, atmospheric",chirp-v5,electronic
electronic,drum and bass,"drum and bass electronic, intense atmosphere, featuring four-on-the-floor kick over a modular synthesizer bassline","electronic, synthwave, retro",chirp-v5,electronic
electronic,dubstep,"dubstep electronic, intense atmosphere, featuring four-on-the-floor kick over a modular synthesizer bassline","electronic, drum and bass, breakbeat",chirp-v5,electronic
electronic,trance,"trance electronic, intense atmosphere, featuring four-on-the-floor kick over a modular synthesizer bassline","electronic, synth, bass",chirp-v5,electronic
electronic,IDM,"IDM electronic, intense atmosphere, featuring four-on-the-floor kick over a modular synthesizer bassline","electronic, techno, dance",chirp-v5,electronic
electronic,synthwave,"synthwave electronic, intense atmosphere, featuring four-on-the-floor kick over a modular synthesizer bassline","electronic, ambient, atmospheric",chirp-v5,electronic
electronic,electro,"electro electronic, intense atmosphere, featuring four-on-the-floor kick over a modular synthesizer bassline","electronic, synthwave, retro",chirp-v5,electronic
electronic,minimal techno,"minimal techno electronic, intense atmosphere, featuring four-on-the-floor kick over a modular synthesizer bassline","electronic, drum and bass, breakbeat",chirp-v5,electronic
electronic,techno,"techno electronic, otherworldly atmosphere, featuring four-on-the-floor kick over a modular synthesizer bassline","electronic, synth, bass",chirp-v5,electronic
electronic,house,"house electronic, otherworldly atmosphere, featuring four-on-the-floor kick over a modular synthesizer bassline","electronic, techno, dance",chirp-v5,electronic
electronic,ambient,"ambient electronic, otherworldly atmosphere, featuring four-on-the-floor kick over a modular synthesizer bassline","electronic, ambient, atmospheric",chirp-v5,electronic
electronic,drum and bass,"drum and bass electronic, otherworldly atmosphere, featuring four-on-the-floor kick over a modular synthesizer bassline","electronic, synthwave, retro",chirp-v5,electronic
electronic,dubstep,"dubstep electronic, otherworldly atmosphere, featuring four-on-the-floor kick over a modular synthesizer bassline","electronic, drum and bass, breakbeat",chirp-v5,electronic
electronic,trance,"trance electronic, otherworldly atmosphere, featuring four-on-the-floor kick over a modular synthesizer bassline","electronic, synth, bass",chirp-v5,electronic
electronic,IDM,"IDM electronic, otherworldly atmosphere, featuring four-on-the-floor kick over a modular synthesizer bassline","electronic, techno, dance",chirp-v5,electronic
electronic,synthwave,"synthwave electronic, otherworldly atmosphere, featuring four-on-the-floor kick over a modular synthesizer bassline","electronic, ambient, atmospheric",chirp-v5,electronic
electronic,electro,"electro electronic, otherworldly atmosphere, featuring four-on-the-floor kick over a modular synthesizer bassline","electronic, synthwave, retro",chirp-v5,electronic
electronic,minimal techno,"minimal techno electronic, otherworldly atmosphere, featuring four-on-the-floor kick over a modular synthesizer bassline","electronic, drum and bass, breakbeat",chirp-v5,electronic
electronic,techno,"techno electronic, driving atmosphere, featuring four-on-the-floor kick over a modular synthesizer bassline","electronic, synth, bass",chirp-v5,electronic
electronic,house,"house electronic, driving atmosphere, featuring four-on-the-floor kick over a modular synthesizer bassline","electronic, techno, dance",chirp-v5,electronic
electronic,ambient,"ambient electronic, driving atmosphere, featuring four-on-the-floor kick over a modular synthesizer bassline","electronic, ambient, atmospheric",chirp-v5,electronic
electronic,drum and bass,"drum and bass electronic, driving atmosphere, featuring four-on-the-floor kick over a modular synthesizer bassline","electronic, synthwave, retro",chirp-v5,electronic
electronic,dubstep,"dubstep electronic, driving atmosphere, featuring four-on-the-floor kick over a modular synthesizer bassline","electronic, drum and bass, breakbeat",chirp-v5,electronic
electronic,trance,"trance electronic, driving atmosphere, featuring four-on-the-floor kick over a modular synthesizer bassline","electronic, synth, bass",chirp-v5,electronic
electronic,IDM,"IDM electronic, driving atmosphere, featuring four-on-the-floor kick over a modular synthesizer bassline","electronic, techno, dance",chirp-v5,electronic
electronic,synthwave,"synthwave electronic, driving atmosphere, featuring four-on-the-floor kick over a modular synthesizer bassline","electronic, ambient, atmospheric",chirp-v5,electronic
electronic,electro,"electro electronic, driving atmosphere, featuring four-on-the-floor kick over a modular synthesizer bassline","electronic, synthwave, retro",chirp-v5,electronic
electronic,minimal techno,"minimal techno electronic, driving atmosphere, featuring four-on-the-floor kick over a modular synthesizer bassline","electronic, drum and bass, breakbeat",chirp-v5,electronic
electronic,techno,"techno electronic, ominous atmosphere, featuring four-on-the-floor kick over a modular synthesizer bassline","electronic, synth, bass",chirp-v5,electronic
electronic,house,"house electronic, ominous atmosphere, featuring four-on-the-floor kick over a modular synthesizer bassline","electronic, techno, dance",chirp-v5,electronic
electronic,ambient,"ambient electronic, ominous atmosphere, featuring four-on-the-floor kick over a modular synthesizer bassline","electronic, ambient, atmospheric",chirp-v5,electronic
electronic,drum and bass,"drum and bass electronic, ominous atmosphere, featuring four-on-the-floor kick over a modular synthesizer bassline","electronic, synthwave, retro",chirp-v5,electronic
electronic,dubstep,"dubstep electronic, ominous atmosphere, featuring four-on-the-floor kick over a modular synthesizer bassline","electronic, drum and bass, breakbeat",chirp-v5,electronic
electronic,trance,"trance electronic, ominous atmosphere, featuring four-on-the-floor kick over a modular synthesizer bassline","electronic, synth, bass",chirp-v5,electronic
electronic,IDM,"IDM electronic, ominous atmosphere, featuring four-on-the-floor kick over a modular synthesizer bassline","electronic, techno, dance",chirp-v5,electronic
electronic,synthwave,"synthwave electronic, ominous atmosphere, featuring four-on-the-floor kick over a modular synthesizer bassline","electronic, ambient, atmospheric",chirp-v5,electronic
electronic,electro,"electro electronic, ominous atmosphere, featuring four-on-the-floor kick over a modular synthesizer bassline","electronic, synthwave, retro",chirp-v5,electronic
electronic,minimal techno,"minimal techno electronic, ominous atmosphere, featuring four-on-the-floor kick over a modular synthesizer bassline","electronic, drum and bass, breakbeat",chirp-v5,electronic
electronic,techno,"techno electronic, transcendent atmosphere, featuring four-on-the-floor kick over a modular synthesizer bassline","electronic, synth, bass",chirp-v5,electronic
electronic,house,"house electronic, transcendent atmosphere, featuring four-on-the-floor kick over a modular synthesizer bassline","electronic, techno, dance",chirp-v5,electronic
electronic,ambient,"ambient electronic, transcendent atmosphere, featuring four-on-the-floor kick over a modular synthesizer bassline","electronic, ambient, atmospheric",chirp-v5,electronic
electronic,drum and bass,"drum and bass electronic, transcendent atmosphere, featuring four-on-the-floor kick over a modular synthesizer bassline","electronic, synthwave, retro",chirp-v5,electronic
electronic,dubstep,"dubstep electronic, transcendent atmosphere, featuring four-on-the-floor kick over a modular synthesizer bassline","electronic, drum and bass, breakbeat",chirp-v5,electronic
electronic,trance,"trance electronic, transcendent atmosphere, featuring four-on-the-floor kick over a modular synthesizer bassline","electronic, synth, bass",chirp-v5,electronic
electronic,IDM,"IDM electronic, transcendent atmosphere, featuring four-on-the-floor kick over a modular synthesizer bassline","electronic, techno, dance",chirp-v5,electronic
electronic,synthwave,"synthwave electronic, transcendent atmosphere, featuring four-on-the-floor kick over a modular synthesizer bassline","electronic, ambient, atmospheric",chirp-v5,electronic
electronic,electro,"electro electronic, transcendent atmosphere, featuring four-on-the-floor kick over a modular synthesizer bassline","electronic, synthwave, retro",chirp-v5,electronic
electronic,minimal techno,"minimal techno electronic, transcendent atmosphere, featuring four-on-the-floor kick over a modular synthesizer bassline","electronic, drum and bass, breakbeat",chirp-v5,electronic
electronic,techno,"techno electronic, hypnotic atmosphere, featuring atmospheric pads and sequenced melodic arpeggios","electronic, synth, bass",chirp-v5,electronic
electronic,house,"house electronic, hypnotic atmosphere, featuring atmospheric pads and sequenced melodic arpeggios","electronic, techno, dance",chirp-v5,electronic
electronic,ambient,"ambient electronic, hypnotic atmosphere, featuring atmospheric pads and sequenced melodic arpeggios","electronic, ambient, atmospheric",chirp-v5,electronic
electronic,drum and bass,"drum and bass electronic, hypnotic atmosphere, featuring atmospheric pads and sequenced melodic arpeggios","electronic, synthwave, retro",chirp-v5,electronic
electronic,dubstep,"dubstep electronic, hypnotic atmosphere, featuring atmospheric pads and sequenced melodic arpeggios","electronic, drum and bass, breakbeat",chirp-v5,electronic
electronic,trance,"trance electronic, hypnotic atmosphere, featuring atmospheric pads and sequenced melodic arpeggios","electronic, synth, bass",chirp-v5,electronic
electronic,IDM,"IDM electronic, hypnotic atmosphere, featuring atmospheric pads and sequenced melodic arpeggios","electronic, techno, dance",chirp-v5,electronic
electronic,synthwave,"synthwave electronic, hypnotic atmosphere, featuring atmospheric pads and sequenced melodic arpeggios","electronic, ambient, atmospheric",chirp-v5,electronic
electronic,electro,"electro electronic, hypnotic atmosphere, featuring atmospheric pads and sequenced melodic arpeggios","electronic, synthwave, retro",chirp-v5,electronic
electronic,minimal techno,"minimal techno electronic, hypnotic atmosphere, featuring atmospheric pads and sequenced melodic arpeggios","electronic, drum and bass, breakbeat",chirp-v5,electronic
electronic,techno,"techno electronic, euphoric atmosphere, featuring atmospheric pads and sequenced melodic arpeggios","electronic, synth, bass",chirp-v5,electronic
electronic,house,"house electronic, euphoric atmosphere, featuring atmospheric pads and sequenced melodic arpeggios","electronic, techno, dance",chirp-v5,electronic
electronic,ambient,"ambient electronic, euphoric atmosphere, featuring atmospheric pads and sequenced melodic arpeggios","electronic, ambient, atmospheric",chirp-v5,electronic
electronic,drum and bass,"drum and bass electronic, euphoric atmosphere, featuring atmospheric pads and sequenced melodic arpeggios","electronic, synthwave, retro",chirp-v5,electronic
electronic,dubstep,"dubstep electronic, euphoric atmosphere, featuring atmospheric pads and sequenced melodic arpeggios","electronic, drum and bass, breakbeat",chirp-v5,electronic
electronic,trance,"trance electronic, euphoric atmosphere, featuring atmospheric pads and sequenced melodic arpeggios","electronic, synth, bass",chirp-v5,electronic
electronic,IDM,"IDM electronic, euphoric atmosphere, featuring atmospheric pads and sequenced melodic arpeggios","electronic, techno, dance",chirp-v5,electronic
electronic,synthwave,"synthwave electronic, euphoric atmosphere, featuring atmospheric pads and sequenced melodic arpeggios","electronic, ambient, atmospheric",chirp-v5,electronic
electronic,electro,"electro electronic, euphoric atmosphere, featuring atmospheric pads and sequenced melodic arpeggios","electronic, synthwave, retro",chirp-v5,electronic
electronic,minimal techno,"minimal techno electronic, euphoric atmosphere, featuring atmospheric pads and sequenced melodic arpeggios","electronic, drum and bass, breakbeat",chirp-v5,electronic
electronic,techno,"techno electronic, dark atmosphere, featuring atmospheric pads and sequenced melodic arpeggios","electronic, synth, bass",chirp-v5,electronic
electronic,house,"house electronic, dark atmosphere, featuring atmospheric pads and sequenced melodic arpeggios","electronic, techno, dance",chirp-v5,electronic
electronic,ambient,"ambient electronic, dark atmosphere, featuring atmospheric pads and sequenced melodic arpeggios","electronic, ambient, atmospheric",chirp-v5,electronic
electronic,drum and bass,"drum and bass electronic, dark atmosphere, featuring atmospheric pads and sequenced melodic arpeggios","electronic, synthwave, retro",chirp-v5,electronic
electronic,dubstep,"dubstep electronic, dark atmosphere, featuring atmospheric pads and sequenced melodic arpeggios","electronic, drum and bass, breakbeat",chirp-v5,electronic
electronic,trance,"trance electronic, dark atmosphere, featuring atmospheric pads and sequenced melodic arpeggios","electronic, synth, bass",chirp-v5,electronic
electronic,IDM,"IDM electronic, dark atmosphere, featuring atmospheric pads and sequenced melodic arpeggios","electronic, techno, dance",chirp-v5,electronic
electronic,synthwave,"synthwave electronic, dark atmosphere, featuring atmospheric pads and sequenced melodic arpeggios","electronic, ambient, atmospheric",chirp-v5,electronic
electronic,electro,"electro electronic, dark atmosphere, featuring atmospheric pads and sequenced melodic arpeggios","electronic, synthwave, retro",chirp-v5,electronic
electronic,minimal techno,"minimal techno electronic, dark atmosphere, featuring atmospheric pads and sequenced melodic arpeggios","electronic, drum and bass, breakbeat",chirp-v5,electronic
electronic,techno,"techno electronic, pulsating atmosphere, featuring atmospheric pads and sequenced melodic arpeggios","electronic, synth, bass",chirp-v5,electronic
electronic,house,"house electronic, pulsating atmosphere, featuring atmospheric pads and sequenced melodic arpeggios","electronic, techno, dance",chirp-v5,electronic
electronic,ambient,"ambient electronic, pulsating atmosphere, featuring atmospheric pads and sequenced melodic arpeggios","electronic, ambient, atmospheric",chirp-v5,electronic
electronic,drum and bass,"drum and bass electronic, pulsating atmosphere, featuring atmospheric pads and sequenced melodic arpeggios","electronic, synthwave, retro",chirp-v5,electronic
electronic,dubstep,"dubstep electronic, pulsating atmosphere, featuring atmospheric pads and sequenced melodic arpeggios","electronic, drum and bass, breakbeat",chirp-v5,electronic
electronic,trance,"trance electronic, pulsating atmosphere, featuring atmospheric pads and sequenced melodic arpeggios","electronic, synth, bass",chirp-v5,electronic
electronic,IDM,"IDM electronic, pulsating atmosphere, featuring atmospheric pads and sequenced melodic arpeggios","electronic, techno, dance",chirp-v5,electronic
electronic,synthwave,"synthwave electronic, pulsating atmosphere, featuring atmospheric pads and sequenced melodic arpeggios","electronic, ambient, atmospheric",chirp-v5,electronic
electronic,electro,"electro electronic, pulsating atmosphere, featuring atmospheric pads and sequenced melodic arpeggios","electronic, synthwave, retro",chirp-v5,electronic
electronic,minimal techno,"minimal techno electronic, pulsating atmosphere, featuring atmospheric pads and sequenced melodic arpeggios","electronic, drum and bass, breakbeat",chirp-v5,electronic
electronic,techno,"techno electronic, meditative atmosphere, featuring atmospheric pads and sequenced melodic arpeggios","electronic, synth, bass",chirp-v5,electronic
electronic,house,"house electronic, meditative atmosphere, featuring atmospheric pads and sequenced melodic arpeggios","electronic, techno, dance",chirp-v5,electronic
electronic,ambient,"ambient electronic, meditative atmosphere, featuring atmospheric pads and sequenced melodic arpeggios","electronic, ambient, atmospheric",chirp-v5,electronic
electronic,drum and bass,"drum and bass electronic, meditative atmosphere, featuring atmospheric pads and sequenced melodic arpeggios","electronic, synthwave, retro",chirp-v5,electronic
electronic,dubstep,"dubstep electronic, meditative atmosphere, featuring atmospheric pads and sequenced melodic arpeggios","electronic, drum and bass, breakbeat",chirp-v5,electronic
electronic,trance,"trance electronic, meditative atmosphere, featuring atmospheric pads and sequenced melodic arpeggios","electronic, synth, bass",chirp-v5,electronic
electronic,IDM,"IDM electronic, meditative atmosphere, featuring atmospheric pads and sequenced melodic arpeggios","electronic, techno, dance",chirp-v5,electronic
electronic,synthwave,"synthwave electronic, meditative atmosphere, featuring atmospheric pads and sequenced melodic arpeggios","electronic, ambient, atmospheric",chirp-v5,electronic
electronic,electro,"electro electronic, meditative atmosphere, featuring atmospheric pads and sequenced melodic arpeggios","electronic, synthwave, retro",chirp-v5,electronic
electronic,minimal techno,"minimal techno electronic, meditative atmosphere, featuring atmospheric pads and sequenced melodic arpeggios","electronic, drum and bass, breakbeat",chirp-v5,electronic
electronic,techno,"techno electronic, intense atmosphere, featuring atmospheric pads and sequenced melodic arpeggios","electronic, synth, bass",chirp-v5,electronic
electronic,house,"house electronic, intense atmosphere, featuring atmospheric pads and sequenced melodic arpeggios","electronic, techno, dance",chirp-v5,electronic
electronic,ambient,"ambient electronic, intense atmosphere, featuring atmospheric pads and sequenced melodic arpeggios","electronic, ambient, atmospheric",chirp-v5,electronic
electronic,drum and bass,"drum and bass electronic, intense atmosphere, featuring atmospheric pads and sequenced melodic arpeggios","electronic, synthwave, retro",chirp-v5,electronic
electronic,dubstep,"dubstep electronic, intense atmosphere, featuring atmospheric pads and sequenced melodic arpeggios","electronic, drum and bass, breakbeat",chirp-v5,electronic
electronic,trance,"trance electronic, intense atmosphere, featuring atmospheric pads and sequenced melodic arpeggios","electronic, synth, bass",chirp-v5,electronic
electronic,IDM,"IDM electronic, intense atmosphere, featuring atmospheric pads and sequenced melodic arpeggios","electronic, techno, dance",chirp-v5,electronic
electronic,synthwave,"synthwave electronic, intense atmosphere, featuring atmospheric pads and sequenced melodic arpeggios","electronic, ambient, atmospheric",chirp-v5,electronic
electronic,electro,"electro electronic, intense atmosphere, featuring atmospheric pads and sequenced melodic arpeggios","electronic, synthwave, retro",chirp-v5,electronic
electronic,minimal techno,"minimal techno electronic, intense atmosphere, featuring atmospheric pads and sequenced melodic arpeggios","electronic, drum and bass, breakbeat",chirp-v5,electronic
electronic,techno,"techno electronic, otherworldly atmosphere, featuring atmospheric pads and sequenced melodic arpeggios","electronic, synth, bass",chirp-v5,electronic
electronic,house,"house electronic, otherworldly atmosphere, featuring atmospheric pads and sequenced melodic arpeggios","electronic, techno, dance",chirp-v5,electronic
electronic,ambient,"ambient electronic, otherworldly atmosphere, featuring atmospheric pads and sequenced melodic arpeggios","electronic, ambient, atmospheric",chirp-v5,electronic
electronic,drum and bass,"drum and bass electronic, otherworldly atmosphere, featuring atmospheric pads and sequenced melodic arpeggios","electronic, synthwave, retro",chirp-v5,electronic
electronic,dubstep,"dubstep electronic, otherworldly atmosphere, featuring atmospheric pads and sequenced melodic arpeggios","electronic, drum and bass, breakbeat",chirp-v5,electronic
electronic,trance,"trance electronic, otherworldly atmosphere, featuring atmospheric pads and sequenced melodic arpeggios","electronic, synth, bass",chirp-v5,electronic
electronic,IDM,"IDM electronic, otherworldly atmosphere, featuring atmospheric pads and sequenced melodic arpeggios","electronic, techno, dance",chirp-v5,electronic
electronic,synthwave,"synthwave electronic, otherworldly atmosphere, featuring atmospheric pads and sequenced melodic arpeggios","electronic, ambient, atmospheric",chirp-v5,electronic
electronic,electro,"electro electronic, otherworldly atmosphere, featuring atmospheric pads and sequenced melodic arpeggios","electronic, synthwave, retro",chirp-v5,electronic
electronic,minimal techno,"minimal techno electronic, otherworldly atmosphere, featuring atmospheric pads and sequenced melodic arpeggios","electronic, drum and bass, breakbeat",chirp-v5,electronic
electronic,techno,"techno electronic, driving atmosphere, featuring atmospheric pads and sequenced melodic arpeggios","electronic, synth, bass",chirp-v5,electronic
electronic,house,"house electronic, driving atmosphere, featuring atmospheric pads and sequenced melodic arpeggios","electronic, techno, dance",chirp-v5,electronic
electronic,ambient,"ambient electronic, driving atmosphere, featuring atmospheric pads and sequenced melodic arpeggios","electronic, ambient, atmospheric",chirp-v5,electronic
electronic,drum and bass,"drum and bass electronic, driving atmosphere, featuring atmospheric pads and sequenced melodic arpeggios","electronic, synthwave, retro",chirp-v5,electronic
electronic,dubstep,"dubstep electronic, driving atmosphere, featuring atmospheric pads and sequenced melodic arpeggios","electronic, drum and bass, breakbeat",chirp-v5,electronic
electronic,trance,"trance electronic, driving atmosphere, featuring atmospheric pads and sequenced melodic arpeggios","electronic, synth, bass",chirp-v5,electronic
electronic,IDM,"IDM electronic, driving atmosphere, featuring atmospheric pads and sequenced melodic arpeggios","electronic, techno, dance",chirp-v5,electronic
electronic,synthwave,"synthwave electronic, driving atmosphere, featuring atmospheric pads and sequenced melodic arpeggios","electronic, ambient, atmospheric",chirp-v5,electronic
electronic,electro,"electro electronic, driving atmosphere, featuring atmospheric pads and sequenced melodic arpeggios","electronic, synthwave, retro",chirp-v5,electronic
electronic,minimal techno,"minimal techno electronic, driving atmosphere, featuring atmospheric pads and sequenced melodic arpeggios","electronic, drum and bass, breakbeat",chirp-v5,electronic
electronic,techno,"techno electronic, ominous atmosphere, featuring atmospheric pads and sequenced melodic arpeggios","electronic, synth, bass",chirp-v5,electronic
electronic,house,"house electronic, ominous atmosphere, featuring atmospheric pads and sequenced melodic arpeggios","electronic, techno, dance",chirp-v5,electronic
electronic,ambient,"ambient electronic, ominous atmosphere, featuring atmospheric pads and sequenced melodic arpeggios","electronic, ambient, atmospheric",chirp-v5,electronic
electronic,drum and bass,"drum and bass electronic, ominous atmosphere, featuring atmospheric pads and sequenced melodic arpeggios","electronic, synthwave, retro",chirp-v5,electronic
electronic,dubstep,"dubstep electronic, ominous atmosphere, featuring atmospheric pads and sequenced melodic arpeggios","electronic, drum and bass, breakbeat",chirp-v5,electronic
electronic,trance,"trance electronic, ominous atmosphere, featuring atmospheric pads and sequenced melodic arpeggios","electronic, synth, bass",chirp-v5,electronic
electronic,IDM,"IDM electronic, ominous atmosphere, featuring atmospheric pads and sequenced melodic arpeggios","electronic, techno, dance",chirp-v5,electronic
electronic,synthwave,"synthwave electronic, ominous atmosphere, featuring atmospheric pads and sequenced melodic arpeggios","electronic, ambient, atmospheric",chirp-v5,electronic
electronic,electro,"electro electronic, ominous atmosphere, featuring atmospheric pads and sequenced melodic arpeggios","electronic, synthwave, retro",chirp-v5,electronic
electronic,minimal techno,"minimal techno electronic, ominous atmosphere, featuring atmospheric pads and sequenced melodic arpeggios","electronic, drum and bass, breakbeat",chirp-v5,electronic
electronic,techno,"techno electronic, transcendent atmosphere, featuring atmospheric pads and sequenced melodic arpeggios","electronic, synth, bass",chirp-v5,electronic
electronic,house,"house electronic, transcendent atmosphere, featuring atmospheric pads and sequenced melodic arpeggios","electronic, techno, dance",chirp-v5,electronic
electronic,ambient,"ambient electronic, transcendent atmosphere, featuring atmospheric pads and sequenced melodic arpeggios","electronic, ambient, atmospheric",chirp-v5,electronic
electronic,drum and bass,"drum and bass electronic, transcendent atmosphere, featuring atmospheric pads and sequenced melodic arpeggios","electronic, synthwave, retro",chirp-v5,electronic
electronic,dubstep,"dubstep electronic, transcendent atmosphere, featuring atmospheric pads and sequenced melodic arpeggios","electronic, drum and bass, breakbeat",chirp-v5,electronic
electronic,trance,"trance electronic, transcendent atmosphere, featuring atmospheric pads and sequenced melodic arpeggios","electronic, synth, bass",chirp-v5,electronic
electronic,IDM,"IDM electronic, transcendent atmosphere, featuring atmospheric pads and sequenced melodic arpeggios","electronic, techno, dance",chirp-v5,electronic
electronic,synthwave,"synthwave electronic, transcendent atmosphere, featuring atmospheric pads and sequenced melodic arpeggios","electronic, ambient, atmospheric",chirp-v5,electronic
electronic,electro,"electro electronic, transcendent atmosphere, featuring atmospheric pads and sequenced melodic arpeggios","electronic, synthwave, retro",chirp-v5,electronic
electronic,minimal techno,"minimal techno electronic, transcendent atmosphere, featuring atmospheric pads and sequenced melodic arpeggios","electronic, drum and bass, breakbeat",chirp-v5,electronic
electronic,techno,"techno electronic, hypnotic atmosphere, featuring heavy sub-bass wobble with stuttering high-hat patterns","electronic, synth, bass",chirp-v5,electronic
electronic,house,"house electronic, hypnotic atmosphere, featuring heavy sub-bass wobble with stuttering high-hat patterns","electronic, techno, dance",chirp-v5,electronic
electronic,ambient,"ambient electronic, hypnotic atmosphere, featuring heavy sub-bass wobble with stuttering high-hat patterns","electronic, ambient, atmospheric",chirp-v5,electronic
electronic,drum and bass,"drum and bass electronic, hypnotic atmosphere, featuring heavy sub-bass wobble with stuttering high-hat patterns","electronic, synthwave, retro",chirp-v5,electronic
electronic,dubstep,"dubstep electronic, hypnotic atmosphere, featuring heavy sub-bass wobble with stuttering high-hat patterns","electronic, drum and bass, breakbeat",chirp-v5,electronic
electronic,trance,"trance electronic, hypnotic atmosphere, featuring heavy sub-bass wobble with stuttering high-hat patterns","electronic, synth, bass",chirp-v5,electronic
electronic,IDM,"IDM electronic, hypnotic atmosphere, featuring heavy sub-bass wobble with stuttering high-hat patterns","electronic, techno, dance",chirp-v5,electronic
electronic,synthwave,"synthwave electronic, hypnotic atmosphere, featuring heavy sub-bass wobble with stuttering high-hat patterns","electronic, ambient, atmospheric",chirp-v5,electronic
electronic,electro,"electro electronic, hypnotic atmosphere, featuring heavy sub-bass wobble with stuttering high-hat patterns","electronic, synthwave, retro",chirp-v5,electronic
electronic,minimal techno,"minimal techno electronic, hypnotic atmosphere, featuring heavy sub-bass wobble with stuttering high-hat patterns","electronic, drum and bass, breakbeat",chirp-v5,electronic
electronic,techno,"techno electronic, euphoric atmosphere, featuring heavy sub-bass wobble with stuttering high-hat patterns","electronic, synth, bass",chirp-v5,electronic
electronic,house,"house electronic, euphoric atmosphere, featuring heavy sub-bass wobble with stuttering high-hat patterns","electronic, techno, dance",chirp-v5,electronic
electronic,ambient,"ambient electronic, euphoric atmosphere, featuring heavy sub-bass wobble with stuttering high-hat patterns","electronic, ambient, atmospheric",chirp-v5,electronic
electronic,drum and bass,"drum and bass electronic, euphoric atmosphere, featuring heavy sub-bass wobble with stuttering high-hat patterns","electronic, synthwave, retro",chirp-v5,electronic
electronic,dubstep,"dubstep electronic, euphoric atmosphere, featuring heavy sub-bass wobble with stuttering high-hat patterns","electronic, drum and bass, breakbeat",chirp-v5,electronic
electronic,trance,"trance electronic, euphoric atmosphere, featuring heavy sub-bass wobble with stuttering high-hat patterns","electronic, synth, bass",chirp-v5,electronic
electronic,IDM,"IDM electronic, euphoric atmosphere, featuring heavy sub-bass wobble with stuttering high-hat patterns","electronic, techno, dance",chirp-v5,electronic
electronic,synthwave,"synthwave electronic, euphoric atmosphere, featuring heavy sub-bass wobble with stuttering high-hat patterns","electronic, ambient, atmospheric",chirp-v5,electronic
electronic,electro,"electro electronic, euphoric atmosphere, featuring heavy sub-bass wobble with stuttering high-hat patterns","electronic, synthwave, retro",chirp-v5,electronic
electronic,minimal techno,"minimal techno electronic, euphoric atmosphere, featuring heavy sub-bass wobble with stuttering high-hat patterns","electronic, drum and bass, breakbeat",chirp-v5,electronic
electronic,techno,"techno electronic, dark atmosphere, featuring heavy sub-bass wobble with stuttering high-hat patterns","electronic, synth, bass",chirp-v5,electronic
electronic,house,"house electronic, dark atmosphere, featuring heavy sub-bass wobble with stuttering high-hat patterns","electronic, techno, dance",chirp-v5,electronic
electronic,ambient,"ambient electronic, dark atmosphere, featuring heavy sub-bass wobble with stuttering high-hat patterns","electronic, ambient, atmospheric",chirp-v5,electronic
electronic,drum and bass,"drum and bass electronic, dark atmosphere, featuring heavy sub-bass wobble with stuttering high-hat patterns","electronic, synthwave, retro",chirp-v5,electronic
electronic,dubstep,"dubstep electronic, dark atmosphere, featuring heavy sub-bass wobble with stuttering high-hat patterns","electronic, drum and bass, breakbeat",chirp-v5,electronic
electronic,trance,"trance electronic, dark atmosphere, featuring heavy sub-bass wobble with stuttering high-hat patterns","electronic, synth, bass",chirp-v5,electronic
electronic,IDM,"IDM electronic, dark atmosphere, featuring heavy sub-bass wobble with stuttering high-hat patterns","electronic, techno, dance",chirp-v5,electronic
electronic,synthwave,"synthwave electronic, dark atmosphere, featuring heavy sub-bass wobble with stuttering high-hat patterns","electronic, ambient, atmospheric",chirp-v5,electronic
electronic,electro,"electro electronic, dark atmosphere, featuring heavy sub-bass wobble with stuttering high-hat patterns","electronic, synthwave, retro",chirp-v5,electronic
electronic,minimal techno,"minimal techno electronic, dark atmosphere, featuring heavy sub-bass wobble with stuttering high-hat patterns","electronic, drum and bass, breakbeat",chirp-v5,electronic
electronic,techno,"techno electronic, pulsating atmosphere, featuring heavy sub-bass wobble with stuttering high-hat patterns","electronic, synth, bass",chirp-v5,electronic
electronic,house,"house electronic, pulsating atmosphere, featuring heavy sub-bass wobble with stuttering high-hat patterns","electronic, techno, dance",chirp-v5,electronic
electronic,ambient,"ambient electronic, pulsating atmosphere, featuring heavy sub-bass wobble with stuttering high-hat patterns","electronic, ambient, atmospheric",chirp-v5,electronic
electronic,drum and bass,"drum and bass electronic, pulsating atmosphere, featuring heavy sub-bass wobble with stuttering high-hat patterns","electronic, synthwave, retro",chirp-v5,electronic
electronic,dubstep,"dubstep electronic, pulsating atmosphere, featuring heavy sub-bass wobble with stuttering high-hat patterns","electronic, drum and bass, breakbeat",chirp-v5,electronic
electronic,trance,"trance electronic, pulsating atmosphere, featuring heavy sub-bass wobble with stuttering high-hat patterns","electronic, synth, bass",chirp-v5,electronic
electronic,IDM,"IDM electronic, pulsating atmosphere, featuring heavy sub-bass wobble with stuttering high-hat patterns","electronic, techno, dance",chirp-v5,electronic
electronic,synthwave,"synthwave electronic, pulsating atmosphere, featuring heavy sub-bass wobble with stuttering high-hat patterns","electronic, ambient, atmospheric",chirp-v5,electronic
electronic,electro,"electro electronic, pulsating atmosphere, featuring heavy sub-bass wobble with stuttering high-hat patterns","electronic, synthwave, retro",chirp-v5,electronic
electronic,minimal techno,"minimal techno electronic, pulsating atmosphere, featuring heavy sub-bass wobble with stuttering high-hat patterns","electronic, drum and bass, breakbeat",chirp-v5,electronic
electronic,techno,"techno electronic, meditative atmosphere, featuring heavy sub-bass wobble with stuttering high-hat patterns","electronic, synth, bass",chirp-v5,electronic
electronic,house,"house electronic, meditative atmosphere, featuring heavy sub-bass wobble with stuttering high-hat patterns","electronic, techno, dance",chirp-v5,electronic
electronic,ambient,"ambient electronic, meditative atmosphere, featuring heavy sub-bass wobble with stuttering high-hat patterns","electronic, ambient, atmospheric",chirp-v5,electronic
electronic,drum and bass,"drum and bass electronic, meditative atmosphere, featuring heavy sub-bass wobble with stuttering high-hat patterns","electronic, synthwave, retro",chirp-v5,electronic
electronic,dubstep,"dubstep electronic, meditative atmosphere, featuring heavy sub-bass wobble with stuttering high-hat patterns","electronic, drum and bass, breakbeat",chirp-v5,electronic
electronic,trance,"trance electronic, meditative atmosphere, featuring heavy sub-bass wobble with stuttering high-hat patterns","electronic, synth, bass",chirp-v5,electronic
electronic,IDM,"IDM electronic, meditative atmosphere, featuring heavy sub-bass wobble with stuttering high-hat patterns","electronic, techno, dance",chirp-v5,electronic
electronic,synthwave,"synthwave electronic, meditative atmosphere, featuring heavy sub-bass wobble with stuttering high-hat patterns","electronic, ambient, atmospheric",chirp-v5,electronic
electronic,electro,"electro electronic, meditative atmosphere, featuring heavy sub-bass wobble with stuttering high-hat patterns","electronic, synthwave, retro",chirp-v5,electronic
electronic,minimal techno,"minimal techno electronic, meditative atmosphere, featuring heavy sub-bass wobble with stuttering high-hat patterns","electronic, drum and bass, breakbeat",chirp-v5,electronic
hiphop,boom bap,"boom bap hiphop, confident atmosphere, featuring sampled soul loop chopped over hard-hitting 808 bass and snare","hip hop, rap, 808",chirp-v5,hiphop
hiphop,trap,"trap hiphop, confident atmosphere, featuring sampled soul loop chopped over hard-hitting 808 bass and snare","hip hop, trap, bass",chirp-v5,hiphop
hiphop,lo-fi hip hop,"lo-fi hip hop, confident atmosphere, featuring sampled soul loop chopped over hard-hitting 808 bass and snare","hip hop, boom bap, sample",chirp-v5,hiphop
hiphop,conscious hip hop,"conscious hip hop, confident atmosphere, featuring sampled soul loop chopped over hard-hitting 808 bass and snare","hip hop, lo-fi, chill",chirp-v5,hiphop
hiphop,drill,"drill hiphop, confident atmosphere, featuring sampled soul loop chopped over hard-hitting 808 bass and snare","hip hop, conscious, jazz",chirp-v5,hiphop
hiphop,cloud rap,"cloud rap hiphop, confident atmosphere, featuring sampled soul loop chopped over hard-hitting 808 bass and snare","hip hop, rap, 808",chirp-v5,hiphop
hiphop,jazz rap,"jazz rap hiphop, confident atmosphere, featuring sampled soul loop chopped over hard-hitting 808 bass and snare","hip hop, trap, bass",chirp-v5,hiphop
hiphop,hardcore hip hop,"hardcore hip hop, confident atmosphere, featuring sampled soul loop chopped over hard-hitting 808 bass and snare","hip hop, boom bap, sample",chirp-v5,hiphop
hiphop,southern hip hop,"southern hip hop, confident atmosphere, featuring sampled soul loop chopped over hard-hitting 808 bass and snare","hip hop, lo-fi, chill",chirp-v5,hiphop
hiphop,alternative hip hop,"alternative hip hop, confident atmosphere, featuring sampled soul loop chopped over hard-hitting 808 bass and snare","hip hop, conscious, jazz",chirp-v5,hiphop
hiphop,boom bap,"boom bap hiphop, introspective atmosphere, featuring sampled soul loop chopped over hard-hitting 808 bass and snare","hip hop, rap, 808",chirp-v5,hiphop
hiphop,trap,"trap hiphop, introspective atmosphere, featuring sampled soul loop chopped over hard-hitting 808 bass and snare","hip hop, trap, bass",chirp-v5,hiphop
hiphop,lo-fi hip hop,"lo-fi hip hop, introspective atmosphere, featuring sampled soul loop chopped over hard-hitting 808 bass and snare","hip hop, boom bap, sample",chirp-v5,hiphop
hiphop,conscious hip hop,"conscious hip hop, introspective atmosphere, featuring sampled soul loop chopped over hard-hitting 808 bass and snare","hip hop, lo-fi, chill",chirp-v5,hiphop
hiphop,drill,"drill hiphop, introspective atmosphere, featuring sampled soul loop chopped over hard-hitting 808 bass and snare","hip hop, conscious, jazz",chirp-v5,hiphop
hiphop,cloud rap,"cloud rap hiphop, introspective atmosphere, featuring sampled soul loop chopped over hard-hitting 808 bass and snare","hip hop, rap, 808",chirp-v5,hiphop
hiphop,jazz rap,"jazz rap hiphop, introspective atmosphere, featuring sampled soul loop chopped over hard-hitting 808 bass and snare","hip hop, trap, bass",chirp-v5,hiphop
hiphop,hardcore hip hop,"hardcore hip hop, introspective atmosphere, featuring sampled soul loop chopped over hard-hitting 808 bass and snare","hip hop, boom bap, sample",chirp-v5,hiphop
hiphop,southern hip hop,"southern hip hop, introspective atmosphere, featuring sampled soul loop chopped over hard-hitting 808 bass and snare","hip hop, lo-fi, chill",chirp-v5,hiphop
hiphop,alternative hip hop,"alternative hip hop, introspective atmosphere, featuring sampled soul loop chopped over hard-hitting 808 bass and snare","hip hop, conscious, jazz",chirp-v5,hiphop
hiphop,boom bap,"boom bap hiphop, aggressive atmosphere, featuring sampled soul loop chopped over hard-hitting 808 bass and snare","hip hop, rap, 808",chirp-v5,hiphop
hiphop,trap,"trap hiphop, aggressive atmosphere, featuring sampled soul loop chopped over hard-hitting 808 bass and snare","hip hop, trap, bass",chirp-v5,hiphop
hiphop,lo-fi hip hop,"lo-fi hip hop, aggressive atmosphere, featuring sampled soul loop chopped over hard-hitting 808 bass and snare","hip hop, boom bap, sample",chirp-v5,hiphop
hiphop,conscious hip hop,"conscious hip hop, aggressive atmosphere, featuring sampled soul loop chopped over hard-hitting 808 bass and snare","hip hop, lo-fi, chill",chirp-v5,hiphop
hiphop,drill,"drill hiphop, aggressive atmosphere, featuring sampled soul loop chopped over hard-hitting 808 bass and snare","hip hop, conscious, jazz",chirp-v5,hiphop
hiphop,cloud rap,"cloud rap hiphop, aggressive atmosphere, featuring sampled soul loop chopped over hard-hitting 808 bass and snare","hip hop, rap, 808",chirp-v5,hiphop
hiphop,jazz rap,"jazz rap hiphop, aggressive atmosphere, featuring sampled soul loop chopped over hard-hitting 808 bass and snare","hip hop, trap, bass",chirp-v5,hiphop
hiphop,hardcore hip hop,"hardcore hip hop, aggressive atmosphere, featuring sampled soul loop chopped over hard-hitting 808 bass and snare","hip hop, boom bap, sample",chirp-v5,hiphop
hiphop,southern hip hop,"southern hip hop, aggressive atmosphere, featuring sampled soul loop chopped over hard-hitting 808 bass and snare","hip hop, lo-fi, chill",chirp-v5,hiphop
hiphop,alternative hip hop,"alternative hip hop, aggressive atmosphere, featuring sampled soul loop chopped over hard-hitting 808 bass and snare","hip hop, conscious, jazz",chirp-v5,hiphop
hiphop,boom bap,"boom bap hiphop, laid-back atmosphere, featuring sampled soul loop chopped over hard-hitting 808 bass and snare","hip hop, rap, 808",chirp-v5,hiphop
hiphop,trap,"trap hiphop, laid-back atmosphere, featuring sampled soul loop chopped over hard-hitting 808 bass and snare","hip hop, trap, bass",chirp-v5,hiphop
hiphop,lo-fi hip hop,"lo-fi hip hop, laid-back atmosphere, featuring sampled soul loop chopped over hard-hitting 808 bass and snare","hip hop, boom bap, sample",chirp-v5,hiphop
hiphop,conscious hip hop,"conscious hip hop, laid-back atmosphere, featuring sampled soul loop chopped over hard-hitting 808 bass and snare","hip hop, lo-fi, chill",chirp-v5,hiphop
hiphop,drill,"drill hiphop, laid-back atmosphere, featuring sampled soul loop chopped over hard-hitting 808 bass and snare","hip hop, conscious, jazz",chirp-v5,hiphop
hiphop,cloud rap,"cloud rap hiphop, laid-back atmosphere, featuring sampled soul loop chopped over hard-hitting 808 bass and snare","hip hop, rap, 808",chirp-v5,hiphop
hiphop,jazz rap,"jazz rap hiphop, laid-back atmosphere, featuring sampled soul loop chopped over hard-hitting 808 bass and snare","hip hop, trap, bass",chirp-v5,hiphop
hiphop,hardcore hip hop,"hardcore hip hop, laid-back atmosphere, featuring sampled soul loop chopped over hard-hitting 808 bass and snare","hip hop, boom bap, sample",chirp-v5,hiphop
hiphop,southern hip hop,"southern hip hop, laid-back atmosphere, featuring sampled soul loop chopped over hard-hitting 808 bass and snare","hip hop, lo-fi, chill",chirp-v5,hiphop
hiphop,alternative hip hop,"alternative hip hop, laid-back atmosphere, featuring sampled soul loop chopped over hard-hitting 808 bass and snare","hip hop, conscious, jazz",chirp-v5,hiphop
hiphop,boom bap,"boom bap hiphop, nostalgic atmosphere, featuring sampled soul loop chopped over hard-hitting 808 bass and snare","hip hop, rap, 808",chirp-v5,hiphop
hiphop,trap,"trap hiphop, nostalgic atmosphere, featuring sampled soul loop chopped over hard-hitting 808 bass and snare","hip hop, trap, bass",chirp-v5,hiphop
hiphop,lo-fi hip hop,"lo-fi hip hop, nostalgic atmosphere, featuring sampled soul loop chopped over hard-hitting 808 bass and snare","hip hop, boom bap, sample",chirp-v5,hiphop
hiphop,conscious hip hop,"conscious hip hop, nostalgic atmosphere, featuring sampled soul loop chopped over hard-hitting 808 bass and snare","hip hop, lo-fi, chill",chirp-v5,hiphop
hiphop,drill,"drill hiphop, nostalgic atmosphere, featuring sampled soul loop chopped over hard-hitting 808 bass and snare","hip hop, conscious, jazz",chirp-v5,hiphop
hiphop,cloud rap,"cloud rap hiphop, nostalgic atmosphere, featuring sampled soul loop chopped over hard-hitting 808 bass and snare","hip hop, rap, 808",chirp-v5,hiphop
hiphop,jazz rap,"jazz rap hiphop, nostalgic atmosphere, featuring sampled soul loop chopped over hard-hitting 808 bass and snare","hip hop, trap, bass",chirp-v5,hiphop
hiphop,hardcore hip hop,"hardcore hip hop, nostalgic atmosphere, featuring sampled soul loop chopped over hard-hitting 808 bass and snare","hip hop, boom bap, sample",chirp-v5,hiphop
hiphop,southern hip hop,"southern hip hop, nostalgic atmosphere, featuring sampled soul loop chopped over hard-hitting 808 bass and snare","hip hop, lo-fi, chill",chirp-v5,hiphop
hiphop,alternative hip hop,"alternative hip hop, nostalgic atmosphere, featuring sampled soul loop chopped over hard-hitting 808 bass and snare","hip hop, conscious, jazz",chirp-v5,hiphop
hiphop,boom bap,"boom bap hiphop, triumphant atmosphere, featuring sampled soul loop chopped over hard-hitting 808 bass and snare","hip hop, rap, 808",chirp-v5,hiphop
hiphop,trap,"trap hiphop, triumphant atmosphere, featuring sampled soul loop chopped over hard-hitting 808 bass and snare","hip hop, trap, bass",chirp-v5,hiphop
hiphop,lo-fi hip hop,"lo-fi hip hop, triumphant atmosphere, featuring sampled soul loop chopped over hard-hitting 808 bass and snare","hip hop, boom bap, sample",chirp-v5,hiphop
hiphop,conscious hip hop,"conscious hip hop, triumphant atmosphere, featuring sampled soul loop chopped over hard-hitting 808 bass and snare","hip hop, lo-fi, chill",chirp-v5,hiphop
hiphop,drill,"drill hiphop, triumphant atmosphere, featuring sampled soul loop chopped over hard-hitting 808 bass and snare","hip hop, conscious, jazz",chirp-v5,hiphop
hiphop,cloud rap,"cloud rap hiphop, triumphant atmosphere, featuring sampled soul loop chopped over hard-hitting 808 bass and snare","hip hop, rap, 808",chirp-v5,hiphop
hiphop,jazz rap,"jazz rap hiphop, triumphant atmosphere, featuring sampled soul loop chopped over hard-hitting 808 bass and snare","hip hop, trap, bass",chirp-v5,hiphop
hiphop,hardcore hip hop,"hardcore hip hop, triumphant atmosphere, featuring sampled soul loop chopped over hard-hitting 808 bass and snare","hip hop, boom bap, sample",chirp-v5,hiphop
hiphop,southern hip hop,"southern hip hop, triumphant atmosphere, featuring sampled soul loop chopped over hard-hitting 808 bass and snare","hip hop, lo-fi, chill",chirp-v5,hiphop
hiphop,alternative hip hop,"alternative hip hop, triumphant atmosphere, featuring sampled soul loop chopped over hard-hitting 808 bass and snare","hip hop, conscious, jazz",chirp-v5,hiphop
hiphop,boom bap,"boom bap hiphop, gritty atmosphere, featuring sampled soul loop chopped over hard-hitting 808 bass and snare","hip hop, rap, 808",chirp-v5,hiphop
hiphop,trap,"trap hiphop, gritty atmosphere, featuring sampled soul loop chopped over hard-hitting 808 bass and snare","hip hop, trap, bass",chirp-v5,hiphop
hiphop,lo-fi hip hop,"lo-fi hip hop, gritty atmosphere, featuring sampled soul loop chopped over hard-hitting 808 bass and snare","hip hop, boom bap, sample",chirp-v5,hiphop
hiphop,conscious hip hop,"conscious hip hop, gritty atmosphere, featuring sampled soul loop chopped over hard-hitting 808 bass and snare","hip hop, lo-fi, chill",chirp-v5,hiphop
hiphop,drill,"drill hiphop, gritty atmosphere, featuring sampled soul loop chopped over hard-hitting 808 bass and snare","hip hop, conscious, jazz",chirp-v5,hiphop
hiphop,cloud rap,"cloud rap hiphop, gritty atmosphere, featuring sampled soul loop chopped over hard-hitting 808 bass and snare","hip hop, rap, 808",chirp-v5,hiphop
hiphop,jazz rap,"jazz rap hiphop, gritty atmosphere, featuring sampled soul loop chopped over hard-hitting 808 bass and snare","hip hop, trap, bass",chirp-v5,hiphop
hiphop,hardcore hip hop,"hardcore hip hop, gritty atmosphere, featuring sampled soul loop chopped over hard-hitting 808 bass and snare","hip hop, boom bap, sample",chirp-v5,hiphop
hiphop,southern hip hop,"southern hip hop, gritty atmosphere, featuring sampled soul loop chopped over hard-hitting 808 bass and snare","hip hop, lo-fi, chill",chirp-v5,hiphop
hiphop,alternative hip hop,"alternative hip hop, gritty atmosphere, featuring sampled soul loop chopped over hard-hitting 808 bass and snare","hip hop, conscious, jazz",chirp-v5,hiphop
hiphop,boom bap,"boom bap hiphop, contemplative atmosphere, featuring sampled soul loop chopped over hard-hitting 808 bass and snare","hip hop, rap, 808",chirp-v5,hiphop
hiphop,trap,"trap hiphop, contemplative atmosphere, featuring sampled soul loop chopped over hard-hitting 808 bass and snare","hip hop, trap, bass",chirp-v5,hiphop
hiphop,lo-fi hip hop,"lo-fi hip hop, contemplative atmosphere, featuring sampled soul loop chopped over hard-hitting 808 bass and snare","hip hop, boom bap, sample",chirp-v5,hiphop
hiphop,conscious hip hop,"conscious hip hop, contemplative atmosphere, featuring sampled soul loop chopped over hard-hitting 808 bass and snare","hip hop, lo-fi, chill",chirp-v5,hiphop
hiphop,drill,"drill hiphop, contemplative atmosphere, featuring sampled soul loop chopped over hard-hitting 808 bass and snare","hip hop, conscious, jazz",chirp-v5,hiphop
hiphop,cloud rap,"cloud rap hiphop, contemplative atmosphere, featuring sampled soul loop chopped over hard-hitting 808 bass and snare","hip hop, rap, 808",chirp-v5,hiphop
hiphop,jazz rap,"jazz rap hiphop, contemplative atmosphere, featuring sampled soul loop chopped over hard-hitting 808 bass and snare","hip hop, trap, bass",chirp-v5,hiphop
hiphop,hardcore hip hop,"hardcore hip hop, contemplative atmosphere, featuring sampled soul loop chopped over hard-hitting 808 bass and snare","hip hop, boom bap, sample",chirp-v5,hiphop
hiphop,southern hip hop,"southern hip hop, contemplative atmosphere, featuring sampled soul loop chopped over hard-hitting 808 bass and snare","hip hop, lo-fi, chill",chirp-v5,hiphop
hiphop,alternative hip hop,"alternative hip hop, contemplative atmosphere, featuring sampled soul loop chopped over hard-hitting 808 bass and snare","hip hop, conscious, jazz",chirp-v5,hiphop
hiphop,boom bap,"boom bap hiphop, hype atmosphere, featuring sampled soul loop chopped over hard-hitting 808 bass and snare","hip hop, rap, 808",chirp-v5,hiphop
hiphop,trap,"trap hiphop, hype atmosphere, featuring sampled soul loop chopped over hard-hitting 808 bass and snare","hip hop, trap, bass",chirp-v5,hiphop
hiphop,lo-fi hip hop,"lo-fi hip hop, hype atmosphere, featuring sampled soul loop chopped over hard-hitting 808 bass and snare","hip hop, boom bap, sample",chirp-v5,hiphop
hiphop,conscious hip hop,"conscious hip hop, hype atmosphere, featuring sampled soul loop chopped over hard-hitting 808 bass and snare","hip hop, lo-fi, chill",chirp-v5,hiphop
hiphop,drill,"drill hiphop, hype atmosphere, featuring sampled soul loop chopped over hard-hitting 808 bass and snare","hip hop, conscious, jazz",chirp-v5,hiphop
hiphop,cloud rap,"cloud rap hiphop, hype atmosphere, featuring sampled soul loop chopped over hard-hitting 808 bass and snare","hip hop, rap, 808",chirp-v5,hiphop
hiphop,jazz rap,"jazz rap hiphop, hype atmosphere, featuring sampled soul loop chopped over hard-hitting 808 bass and snare","hip hop, trap, bass",chirp-v5,hiphop
hiphop,hardcore hip hop,"hardcore hip hop, hype atmosphere, featuring sampled soul loop chopped over hard-hitting 808 bass and snare","hip hop, boom bap, sample",chirp-v5,hiphop
hiphop,southern hip hop,"southern hip hop, hype atmosphere, featuring sampled soul loop chopped over hard-hitting 808 bass and snare","hip hop, lo-fi, chill",chirp-v5,hiphop
hiphop,alternative hip hop,"alternative hip hop, hype atmosphere, featuring sampled soul loop chopped over hard-hitting 808 bass and snare","hip hop, conscious, jazz",chirp-v5,hiphop
hiphop,boom bap,"boom bap hiphop, melancholic atmosphere, featuring sampled soul loop chopped over hard-hitting 808 bass and snare","hip hop, rap, 808",chirp-v5,hiphop
hiphop,trap,"trap hiphop, melancholic atmosphere, featuring sampled soul loop chopped over hard-hitting 808 bass and snare","hip hop, trap, bass",chirp-v5,hiphop
hiphop,lo-fi hip hop,"lo-fi hip hop, melancholic atmosphere, featuring sampled soul loop chopped over hard-hitting 808 bass and snare","hip hop, boom bap, sample",chirp-v5,hiphop
hiphop,conscious hip hop,"conscious hip hop, melancholic atmosphere, featuring sampled soul loop chopped over hard-hitting 808 bass and snare","hip hop, lo-fi, chill",chirp-v5,hiphop
hiphop,drill,"drill hiphop, melancholic atmosphere, featuring sampled soul loop chopped over hard-hitting 808 bass and snare","hip hop, conscious, jazz",chirp-v5,hiphop
hiphop,cloud rap,"cloud rap hiphop, melancholic atmosphere, featuring sampled soul loop chopped over hard-hitting 808 bass and snare","hip hop, rap, 808",chirp-v5,hiphop
hiphop,jazz rap,"jazz rap hiphop, melancholic atmosphere, featuring sampled soul loop chopped over hard-hitting 808 bass and snare","hip hop, trap, bass",chirp-v5,hiphop
hiphop,hardcore hip hop,"hardcore hip hop, melancholic atmosphere, featuring sampled soul loop chopped over hard-hitting 808 bass and snare","hip hop, boom bap, sample",chirp-v5,hiphop
hiphop,southern hip hop,"southern hip hop, melancholic atmosphere, featuring sampled soul loop chopped over hard-hitting 808 bass and snare","hip hop, lo-fi, chill",chirp-v5,hiphop
hiphop,alternative hip hop,"alternative hip hop, melancholic atmosphere, featuring sampled soul loop chopped over hard-hitting 808 bass and snare","hip hop, conscious, jazz",chirp-v5,hiphop
hiphop,boom bap,"boom bap hiphop, confident atmosphere, featuring dusty vinyl sample with boom bap drums and punchy kick","hip hop, rap, 808",chirp-v5,hiphop
hiphop,trap,"trap hiphop, confident atmosphere, featuring dusty vinyl sample with boom bap drums and punchy kick","hip hop, trap, bass",chirp-v5,hiphop
hiphop,lo-fi hip hop,"lo-fi hip hop, confident atmosphere, featuring dusty vinyl sample with boom bap drums and punchy kick","hip hop, boom bap, sample",chirp-v5,hiphop
hiphop,conscious hip hop,"conscious hip hop, confident atmosphere, featuring dusty vinyl sample with boom bap drums and punchy kick","hip hop, lo-fi, chill",chirp-v5,hiphop
hiphop,drill,"drill hiphop, confident atmosphere, featuring dusty vinyl sample with boom bap drums and punchy kick","hip hop, conscious, jazz",chirp-v5,hiphop
hiphop,cloud rap,"cloud rap hiphop, confident atmosphere, featuring dusty vinyl sample with boom bap drums and punchy kick","hip hop, rap, 808",chirp-v5,hiphop
hiphop,jazz rap,"jazz rap hiphop, confident atmosphere, featuring dusty vinyl sample with boom bap drums and punchy kick","hip hop, trap, bass",chirp-v5,hiphop
hiphop,hardcore hip hop,"hardcore hip hop, confident atmosphere, featuring dusty vinyl sample with boom bap drums and punchy kick","hip hop, boom bap, sample",chirp-v5,hiphop
hiphop,southern hip hop,"southern hip hop, confident atmosphere, featuring dusty vinyl sample with boom bap drums and punchy kick","hip hop, lo-fi, chill",chirp-v5,hiphop
hiphop,alternative hip hop,"alternative hip hop, confident atmosphere, featuring dusty vinyl sample with boom bap drums and punchy kick","hip hop, conscious, jazz",chirp-v5,hiphop
hiphop,boom bap,"boom bap hiphop, introspective atmosphere, featuring dusty vinyl sample with boom bap drums and punchy kick","hip hop, rap, 808",chirp-v5,hiphop
hiphop,trap,"trap hiphop, introspective atmosphere, featuring dusty vinyl sample with boom bap drums and punchy kick","hip hop, trap, bass",chirp-v5,hiphop
hiphop,lo-fi hip hop,"lo-fi hip hop, introspective atmosphere, featuring dusty vinyl sample with boom bap drums and punchy kick","hip hop, boom bap, sample",chirp-v5,hiphop
hiphop,conscious hip hop,"conscious hip hop, introspective atmosphere, featuring dusty vinyl sample with boom bap drums and punchy kick","hip hop, lo-fi, chill",chirp-v5,hiphop
hiphop,drill,"drill hiphop, introspective atmosphere, featuring dusty vinyl sample with boom bap drums and punchy kick","hip hop, conscious, jazz",chirp-v5,hiphop
hiphop,cloud rap,"cloud rap hiphop, introspective atmosphere, featuring dusty vinyl sample with boom bap drums and punchy kick","hip hop, rap, 808",chirp-v5,hiphop
hiphop,jazz rap,"jazz rap hiphop, introspective atmosphere, featuring dusty vinyl sample with boom bap drums and punchy kick","hip hop, trap, bass",chirp-v5,hiphop
hiphop,hardcore hip hop,"hardcore hip hop, introspective atmosphere, featuring dusty vinyl sample with boom bap drums and punchy kick","hip hop, boom bap, sample",chirp-v5,hiphop
hiphop,southern hip hop,"southern hip hop, introspective atmosphere, featuring dusty vinyl sample with boom bap drums and punchy kick","hip hop, lo-fi, chill",chirp-v5,hiphop
hiphop,alternative hip hop,"alternative hip hop, introspective atmosphere, featuring dusty vinyl sample with boom bap drums and punchy kick","hip hop, conscious, jazz",chirp-v5,hiphop
hiphop,boom bap,"boom bap hiphop, aggressive atmosphere, featuring dusty vinyl sample with boom bap drums and punchy kick","hip hop, rap, 808",chirp-v5,hiphop
hiphop,trap,"trap hiphop, aggressive atmosphere, featuring dusty vinyl sample with boom bap drums and punchy kick","hip hop, trap, bass",chirp-v5,hiphop
hiphop,lo-fi hip hop,"lo-fi hip hop, aggressive atmosphere, featuring dusty vinyl sample with boom bap drums and punchy kick","hip hop, boom bap, sample",chirp-v5,hiphop
hiphop,conscious hip hop,"conscious hip hop, aggressive atmosphere, featuring dusty vinyl sample with boom bap drums and punchy kick","hip hop, lo-fi, chill",chirp-v5,hiphop
hiphop,drill,"drill hiphop, aggressive atmosphere, featuring dusty vinyl sample with boom bap drums and punchy kick","hip hop, conscious, jazz",chirp-v5,hiphop
hiphop,cloud rap,"cloud rap hiphop, aggressive atmosphere, featuring dusty vinyl sample with boom bap drums and punchy kick","hip hop, rap, 808",chirp-v5,hiphop
hiphop,jazz rap,"jazz rap hiphop, aggressive atmosphere, featuring dusty vinyl sample with boom bap drums and punchy kick","hip hop, trap, bass",chirp-v5,hiphop
hiphop,hardcore hip hop,"hardcore hip hop, aggressive atmosphere, featuring dusty vinyl sample with boom bap drums and punchy kick","hip hop, boom bap, sample",chirp-v5,hiphop
hiphop,southern hip hop,"southern hip hop, aggressive atmosphere, featuring dusty vinyl sample with boom bap drums and punchy kick","hip hop, lo-fi, chill",chirp-v5,hiphop
hiphop,alternative hip hop,"alternative hip hop, aggressive atmosphere, featuring dusty vinyl sample with boom bap drums and punchy kick","hip hop, conscious, jazz",chirp-v5,hiphop
hiphop,boom bap,"boom bap hiphop, laid-back atmosphere, featuring dusty vinyl sample with boom bap drums and punchy kick","hip hop, rap, 808",chirp-v5,hiphop
hiphop,trap,"trap hiphop, laid-back atmosphere, featuring dusty vinyl sample with boom bap drums and punchy kick","hip hop, trap, bass",chirp-v5,hiphop
hiphop,lo-fi hip hop,"lo-fi hip hop, laid-back atmosphere, featuring dusty vinyl sample with boom bap drums and punchy kick","hip hop, boom bap, sample",chirp-v5,hiphop
hiphop,conscious hip hop,"conscious hip hop, laid-back atmosphere, featuring dusty vinyl sample with boom bap drums and punchy kick","hip hop, lo-fi, chill",chirp-v5,hiphop
hiphop,drill,"drill hiphop, laid-back atmosphere, featuring dusty vinyl sample with boom bap drums and punchy kick","hip hop, conscious, jazz",chirp-v5,hiphop
hiphop,cloud rap,"cloud rap hiphop, laid-back atmosphere, featuring dusty vinyl sample with boom bap drums and punchy kick","hip hop, rap, 808",chirp-v5,hiphop
hiphop,jazz rap,"jazz rap hiphop, laid-back atmosphere, featuring dusty vinyl sample with boom bap drums and punchy kick","hip hop, trap, bass",chirp-v5,hiphop
hiphop,hardcore hip hop,"hardcore hip hop, laid-back atmosphere, featuring dusty vinyl sample with boom bap drums and punchy kick","hip hop, boom bap, sample",chirp-v5,hiphop
hiphop,southern hip hop,"southern hip hop, laid-back atmosphere, featuring dusty vinyl sample with boom bap drums and punchy kick","hip hop, lo-fi, chill",chirp-v5,hiphop
hiphop,alternative hip hop,"alternative hip hop, laid-back atmosphere, featuring dusty vinyl sample with boom bap drums and punchy kick","hip hop, conscious, jazz",chirp-v5,hiphop
hiphop,boom bap,"boom bap hiphop, nostalgic atmosphere, featuring dusty vinyl sample with boom bap drums and punchy kick","hip hop, rap, 808",chirp-v5,hiphop
hiphop,trap,"trap hiphop, nostalgic atmosphere, featuring dusty vinyl sample with boom bap drums and punchy kick","hip hop, trap, bass",chirp-v5,hiphop
hiphop,lo-fi hip hop,"lo-fi hip hop, nostalgic atmosphere, featuring dusty vinyl sample with boom bap drums and punchy kick","hip hop, boom bap, sample",chirp-v5,hiphop
hiphop,conscious hip hop,"conscious hip hop, nostalgic atmosphere, featuring dusty vinyl sample with boom bap drums and punchy kick","hip hop, lo-fi, chill",chirp-v5,hiphop
hiphop,drill,"drill hiphop, nostalgic atmosphere, featuring dusty vinyl sample with boom bap drums and punchy kick","hip hop, conscious, jazz",chirp-v5,hiphop
hiphop,cloud rap,"cloud rap hiphop, nostalgic atmosphere, featuring dusty vinyl sample with boom bap drums and punchy kick","hip hop, rap, 808",chirp-v5,hiphop
hiphop,jazz rap,"jazz rap hiphop, nostalgic atmosphere, featuring dusty vinyl sample with boom bap drums and punchy kick","hip hop, trap, bass",chirp-v5,hiphop
hiphop,hardcore hip hop,"hardcore hip hop, nostalgic atmosphere, featuring dusty vinyl sample with boom bap drums and punchy kick","hip hop, boom bap, sample",chirp-v5,hiphop
hiphop,southern hip hop,"southern hip hop, nostalgic atmosphere, featuring dusty vinyl sample with boom bap drums and punchy kick","hip hop, lo-fi, chill",chirp-v5,hiphop
hiphop,alternative hip hop,"alternative hip hop, nostalgic atmosphere, featuring dusty vinyl sample with boom bap drums and punchy kick","hip hop, conscious, jazz",chirp-v5,hiphop
hiphop,boom bap,"boom bap hiphop, triumphant atmosphere, featuring dusty vinyl sample with boom bap drums and punchy kick","hip hop, rap, 808",chirp-v5,hiphop
hiphop,trap,"trap hiphop, triumphant atmosphere, featuring dusty vinyl sample with boom bap drums and punchy kick","hip hop, trap, bass",chirp-v5,hiphop
hiphop,lo-fi hip hop,"lo-fi hip hop, triumphant atmosphere, featuring dusty vinyl sample with boom bap drums and punchy kick","hip hop, boom bap, sample",chirp-v5,hiphop
hiphop,conscious hip hop,"conscious hip hop, triumphant atmosphere, featuring dusty vinyl sample with boom bap drums and punchy kick","hip hop, lo-fi, chill",chirp-v5,hiphop
hiphop,drill,"drill hiphop, triumphant atmosphere, featuring dusty vinyl sample with boom bap drums and punchy kick","hip hop, conscious, jazz",chirp-v5,hiphop
hiphop,cloud rap,"cloud rap hiphop, triumphant atmosphere, featuring dusty vinyl sample with boom bap drums and punchy kick","hip hop, rap, 808",chirp-v5,hiphop
hiphop,jazz rap,"jazz rap hiphop, triumphant atmosphere, featuring dusty vinyl sample with boom bap drums and punchy kick","hip hop, trap, bass",chirp-v5,hiphop
hiphop,hardcore hip hop,"hardcore hip hop, triumphant atmosphere, featuring dusty vinyl sample with boom bap drums and punchy kick","hip hop, boom bap, sample",chirp-v5,hiphop
hiphop,southern hip hop,"southern hip hop, triumphant atmosphere, featuring dusty vinyl sample with boom bap drums and punchy kick","hip hop, lo-fi, chill",chirp-v5,hiphop
hiphop,alternative hip hop,"alternative hip hop, triumphant atmosphere, featuring dusty vinyl sample with boom bap drums and punchy kick","hip hop, conscious, jazz",chirp-v5,hiphop
hiphop,boom bap,"boom bap hiphop, gritty atmosphere, featuring dusty vinyl sample with boom bap drums and punchy kick","hip hop, rap, 808",chirp-v5,hiphop
hiphop,trap,"trap hiphop, gritty atmosphere, featuring dusty vinyl sample with boom bap drums and punchy kick","hip hop, trap, bass",chirp-v5,hiphop
hiphop,lo-fi hip hop,"lo-fi hip hop, gritty atmosphere, featuring dusty vinyl sample with boom bap drums and punchy kick","hip hop, boom bap, sample",chirp-v5,hiphop
hiphop,conscious hip hop,"conscious hip hop, gritty atmosphere, featuring dusty vinyl sample with boom bap drums and punchy kick","hip hop, lo-fi, chill",chirp-v5,hiphop
hiphop,drill,"drill hiphop, gritty atmosphere, featuring dusty vinyl sample with boom bap drums and punchy kick","hip hop, conscious, jazz",chirp-v5,hiphop
hiphop,cloud rap,"cloud rap hiphop, gritty atmosphere, featuring dusty vinyl sample with boom bap drums and punchy kick","hip hop, rap, 808",chirp-v5,hiphop
hiphop,jazz rap,"jazz rap hiphop, gritty atmosphere, featuring dusty vinyl sample with boom bap drums and punchy kick","hip hop, trap, bass",chirp-v5,hiphop
hiphop,hardcore hip hop,"hardcore hip hop, gritty atmosphere, featuring dusty vinyl sample with boom bap drums and punchy kick","hip hop, boom bap, sample",chirp-v5,hiphop
hiphop,southern hip hop,"southern hip hop, gritty atmosphere, featuring dusty vinyl sample with boom bap drums and punchy kick","hip hop, lo-fi, chill",chirp-v5,hiphop
hiphop,alternative hip hop,"alternative hip hop, gritty atmosphere, featuring dusty vinyl sample with boom bap drums and punchy kick","hip hop, conscious, jazz",chirp-v5,hiphop
hiphop,boom bap,"boom bap hiphop, contemplative atmosphere, featuring dusty vinyl sample with boom bap drums and punchy kick","hip hop, rap, 808",chirp-v5,hiphop
hiphop,trap,"trap hiphop, contemplative atmosphere, featuring dusty vinyl sample with boom bap drums and punchy kick","hip hop, trap, bass",chirp-v5,hiphop
hiphop,lo-fi hip hop,"lo-fi hip hop, contemplative atmosphere, featuring dusty vinyl sample with boom bap drums and punchy kick","hip hop, boom bap, sample",chirp-v5,hiphop
hiphop,conscious hip hop,"conscious hip hop, contemplative atmosphere, featuring dusty vinyl sample with boom bap drums and punchy kick","hip hop, lo-fi, chill",chirp-v5,hiphop
hiphop,drill,"drill hiphop, contemplative atmosphere, featuring dusty vinyl sample with boom bap drums and punchy kick","hip hop, conscious, jazz",chirp-v5,hiphop
hiphop,cloud rap,"cloud rap hiphop, contemplative atmosphere, featuring dusty vinyl sample with boom bap drums and punchy kick","hip hop, rap, 808",chirp-v5,hiphop
hiphop,jazz rap,"jazz rap hiphop, contemplative atmosphere, featuring dusty vinyl sample with boom bap drums and punchy kick","hip hop, trap, bass",chirp-v5,hiphop
hiphop,hardcore hip hop,"hardcore hip hop, contemplative atmosphere, featuring dusty vinyl sample with boom bap drums and punchy kick","hip hop, boom bap, sample",chirp-v5,hiphop
hiphop,southern hip hop,"southern hip hop, contemplative atmosphere, featuring dusty vinyl sample with boom bap drums and punchy kick","hip hop, lo-fi, chill",chirp-v5,hiphop
hiphop,alternative hip hop,"alternative hip hop, contemplative atmosphere, featuring dusty vinyl sample with boom bap drums and punchy kick","hip hop, conscious, jazz",chirp-v5,hiphop
hiphop,boom bap,"boom bap hiphop, hype atmosphere, featuring dusty vinyl sample with boom bap drums and punchy kick","hip hop, rap, 808",chirp-v5,hiphop
hiphop,trap,"trap hiphop, hype atmosphere, featuring dusty vinyl sample with boom bap drums and punchy kick","hip hop, trap, bass",chirp-v5,hiphop
hiphop,lo-fi hip hop,"lo-fi hip hop, hype atmosphere, featuring dusty vinyl sample with boom bap drums and punchy kick","hip hop, boom bap, sample",chirp-v5,hiphop
hiphop,conscious hip hop,"conscious hip hop, hype atmosphere, featuring dusty vinyl sample with boom bap drums and punchy kick","hip hop, lo-fi, chill",chirp-v5,hiphop
hiphop,drill,"drill hiphop, hype atmosphere, featuring dusty vinyl sample with boom bap drums and punchy kick","hip hop, conscious, jazz",chirp-v5,hiphop
hiphop,cloud rap,"cloud rap hiphop, hype atmosphere, featuring dusty vinyl sample with boom bap drums and punchy kick","hip hop, rap, 808",chirp-v5,hiphop
hiphop,jazz rap,"jazz rap hiphop, hype atmosphere, featuring dusty vinyl sample with boom bap drums and punchy kick","hip hop, trap, bass",chirp-v5,hiphop
hiphop,hardcore hip hop,"hardcore hip hop, hype atmosphere, featuring dusty vinyl sample with boom bap drums and punchy kick","hip hop, boom bap, sample",chirp-v5,hiphop
hiphop,southern hip hop,"southern hip hop, hype atmosphere, featuring dusty vinyl sample with boom bap drums and punchy kick","hip hop, lo-fi, chill",chirp-v5,hiphop
hiphop,alternative hip hop,"alternative hip hop, hype atmosphere, featuring dusty vinyl sample with boom bap drums and punchy kick","hip hop, conscious, jazz",chirp-v5,hiphop
hiphop,boom bap,"boom bap hiphop, melancholic atmosphere, featuring dusty vinyl sample with boom bap drums and punchy kick","hip hop, rap, 808",chirp-v5,hiphop
hiphop,trap,"trap hiphop, melancholic atmosphere, featuring dusty vinyl sample with boom bap drums and punchy kick","hip hop, trap, bass",chirp-v5,hiphop
hiphop,lo-fi hip hop,"lo-fi hip hop, melancholic atmosphere, featuring dusty vinyl sample with boom bap drums and punchy kick","hip hop, boom bap, sample",chirp-v5,hiphop
hiphop,conscious hip hop,"conscious hip hop, melancholic atmosphere, featuring dusty vinyl sample with boom bap drums and punchy kick","hip hop, lo-fi, chill",chirp-v5,hiphop
hiphop,drill,"drill hiphop, melancholic atmosphere, featuring dusty vinyl sample with boom bap drums and punchy kick","hip hop, conscious, jazz",chirp-v5,hiphop
hiphop,cloud rap,"cloud rap hiphop, melancholic atmosphere, featuring dusty vinyl sample with boom bap drums and punchy kick","hip hop, rap, 808",chirp-v5,hiphop
hiphop,jazz rap,"jazz rap hiphop, melancholic atmosphere, featuring dusty vinyl sample with boom bap drums and punchy kick","hip hop, trap, bass",chirp-v5,hiphop
hiphop,hardcore hip hop,"hardcore hip hop, melancholic atmosphere, featuring dusty vinyl sample with boom bap drums and punchy kick","hip hop, boom bap, sample",chirp-v5,hiphop
hiphop,southern hip hop,"southern hip hop, melancholic atmosphere, featuring dusty vinyl sample with boom bap drums and punchy kick","hip hop, lo-fi, chill",chirp-v5,hiphop
hiphop,alternative hip hop,"alternative hip hop, melancholic atmosphere, featuring dusty vinyl sample with boom bap drums and punchy kick","hip hop, conscious, jazz",chirp-v5,hiphop
hiphop,boom bap,"boom bap hiphop, confident atmosphere, featuring trap hi-hats and sliding 808 bassline with dark melody","hip hop, rap, 808",chirp-v5,hiphop
hiphop,trap,"trap hiphop, confident atmosphere, featuring trap hi-hats and sliding 808 bassline with dark melody","hip hop, trap, bass",chirp-v5,hiphop
hiphop,lo-fi hip hop,"lo-fi hip hop, confident atmosphere, featuring trap hi-hats and sliding 808 bassline with dark melody","hip hop, boom bap, sample",chirp-v5,hiphop
hiphop,conscious hip hop,"conscious hip hop, confident atmosphere, featuring trap hi-hats and sliding 808 bassline with dark melody","hip hop, lo-fi, chill",chirp-v5,hiphop
hiphop,drill,"drill hiphop, confident atmosphere, featuring trap hi-hats and sliding 808 bassline with dark melody","hip hop, conscious, jazz",chirp-v5,hiphop
hiphop,cloud rap,"cloud rap hiphop, confident atmosphere, featuring trap hi-hats and sliding 808 bassline with dark melody","hip hop, rap, 808",chirp-v5,hiphop
hiphop,jazz rap,"jazz rap hiphop, confident atmosphere, featuring trap hi-hats and sliding 808 bassline with dark melody","hip hop, trap, bass",chirp-v5,hiphop
hiphop,hardcore hip hop,"hardcore hip hop, confident atmosphere, featuring trap hi-hats and sliding 808 bassline with dark melody","hip hop, boom bap, sample",chirp-v5,hiphop
hiphop,southern hip hop,"southern hip hop, confident atmosphere, featuring trap hi-hats and sliding 808 bassline with dark melody","hip hop, lo-fi, chill",chirp-v5,hiphop
hiphop,alternative hip hop,"alternative hip hop, confident atmosphere, featuring trap hi-hats and sliding 808 bassline with dark melody","hip hop, conscious, jazz",chirp-v5,hiphop
hiphop,boom bap,"boom bap hiphop, introspective atmosphere, featuring trap hi-hats and sliding 808 bassline with dark melody","hip hop, rap, 808",chirp-v5,hiphop
hiphop,trap,"trap hiphop, introspective atmosphere, featuring trap hi-hats and sliding 808 bassline with dark melody","hip hop, trap, bass",chirp-v5,hiphop
hiphop,lo-fi hip hop,"lo-fi hip hop, introspective atmosphere, featuring trap hi-hats and sliding 808 bassline with dark melody","hip hop, boom bap, sample",chirp-v5,hiphop
hiphop,conscious hip hop,"conscious hip hop, introspective atmosphere, featuring trap hi-hats and sliding 808 bassline with dark melody","hip hop, lo-fi, chill",chirp-v5,hiphop
hiphop,drill,"drill hiphop, introspective atmosphere, featuring trap hi-hats and sliding 808 bassline with dark melody","hip hop, conscious, jazz",chirp-v5,hiphop
hiphop,cloud rap,"cloud rap hiphop, introspective atmosphere, featuring trap hi-hats and sliding 808 bassline with dark melody","hip hop, rap, 808",chirp-v5,hiphop
hiphop,jazz rap,"jazz rap hiphop, introspective atmosphere, featuring trap hi-hats and sliding 808 bassline with dark melody","hip hop, trap, bass",chirp-v5,hiphop
hiphop,hardcore hip hop,"hardcore hip hop, introspective atmosphere, featuring trap hi-hats and sliding 808 bassline with dark melody","hip hop, boom bap, sample",chirp-v5,hiphop
hiphop,southern hip hop,"southern hip hop, introspective atmosphere, featuring trap hi-hats and sliding 808 bassline with dark melody","hip hop, lo-fi, chill",chirp-v5,hiphop
hiphop,alternative hip hop,"alternative hip hop, introspective atmosphere, featuring trap hi-hats and sliding 808 bassline with dark melody","hip hop, conscious, jazz",chirp-v5,hiphop
hiphop,boom bap,"boom bap hiphop, aggressive atmosphere, featuring trap hi-hats and sliding 808 bassline with dark melody","hip hop, rap, 808",chirp-v5,hiphop
hiphop,trap,"trap hiphop, aggressive atmosphere, featuring trap hi-hats and sliding 808 bassline with dark melody","hip hop, trap, bass",chirp-v5,hiphop
hiphop,lo-fi hip hop,"lo-fi hip hop, aggressive atmosphere, featuring trap hi-hats and sliding 808 bassline with dark melody","hip hop, boom bap, sample",chirp-v5,hiphop
hiphop,conscious hip hop,"conscious hip hop, aggressive atmosphere, featuring trap hi-hats and sliding 808 bassline with dark melody","hip hop, lo-fi, chill",chirp-v5,hiphop
hiphop,drill,"drill hiphop, aggressive atmosphere, featuring trap hi-hats and sliding 808 bassline with dark melody","hip hop, conscious, jazz",chirp-v5,hiphop
hiphop,cloud rap,"cloud rap hiphop, aggressive atmosphere, featuring trap hi-hats and sliding 808 bassline with dark melody","hip hop, rap, 808",chirp-v5,hiphop
hiphop,jazz rap,"jazz rap hiphop, aggressive atmosphere, featuring trap hi-hats and sliding 808 bassline with dark melody","hip hop, trap, bass",chirp-v5,hiphop
hiphop,hardcore hip hop,"hardcore hip hop, aggressive atmosphere, featuring trap hi-hats and sliding 808 bassline with dark melody","hip hop, boom bap, sample",chirp-v5,hiphop
hiphop,southern hip hop,"southern hip hop, aggressive atmosphere, featuring trap hi-hats and sliding 808 bassline with dark melody","hip hop, lo-fi, chill",chirp-v5,hiphop
hiphop,alternative hip hop,"alternative hip hop, aggressive atmosphere, featuring trap hi-hats and sliding 808 bassline with dark melody","hip hop, conscious, jazz",chirp-v5,hiphop
hiphop,boom bap,"boom bap hiphop, laid-back atmosphere, featuring trap hi-hats and sliding 808 bassline with dark melody","hip hop, rap, 808",chirp-v5,hiphop
hiphop,trap,"trap hiphop, laid-back atmosphere, featuring trap hi-hats and sliding 808 bassline with dark melody","hip hop, trap, bass",chirp-v5,hiphop
hiphop,lo-fi hip hop,"lo-fi hip hop, laid-back atmosphere, featuring trap hi-hats and sliding 808 bassline with dark melody","hip hop, boom bap, sample",chirp-v5,hiphop
hiphop,conscious hip hop,"conscious hip hop, laid-back atmosphere, featuring trap hi-hats and sliding 808 bassline with dark melody","hip hop, lo-fi, chill",chirp-v5,hiphop
hiphop,drill,"drill hiphop, laid-back atmosphere, featuring trap hi-hats and sliding 808 bassline with dark melody","hip hop, conscious, jazz",chirp-v5,hiphop
hiphop,cloud rap,"cloud rap hiphop, laid-back atmosphere, featuring trap hi-hats and sliding 808 bassline with dark melody","hip hop, rap, 808",chirp-v5,hiphop
hiphop,jazz rap,"jazz rap hiphop, laid-back atmosphere, featuring trap hi-hats and sliding 808 bassline with dark melody","hip hop, trap, bass",chirp-v5,hiphop
hiphop,hardcore hip hop,"hardcore hip hop, laid-back atmosphere, featuring trap hi-hats and sliding 808 bassline with dark melody","hip hop, boom bap, sample",chirp-v5,hiphop
hiphop,southern hip hop,"southern hip hop, laid-back atmosphere, featuring trap hi-hats and sliding 808 bassline with dark melody","hip hop, lo-fi, chill",chirp-v5,hiphop
hiphop,alternative hip hop,"alternative hip hop, laid-back atmosphere, featuring trap hi-hats and sliding 808 bassline with dark melody","hip hop, conscious, jazz",chirp-v5,hiphop
hiphop,boom bap,"boom bap hiphop, nostalgic atmosphere, featuring trap hi-hats and sliding 808 bassline with dark melody","hip hop, rap, 808",chirp-v5,hiphop
hiphop,trap,"trap hiphop, nostalgic atmosphere, featuring trap hi-hats and sliding 808 bassline with dark melody","hip hop, trap, bass",chirp-v5,hiphop
hiphop,lo-fi hip hop,"lo-fi hip hop, nostalgic atmosphere, featuring trap hi-hats and sliding 808 bassline with dark melody","hip hop, boom bap, sample",chirp-v5,hiphop
hiphop,conscious hip hop,"conscious hip hop, nostalgic atmosphere, featuring trap hi-hats and sliding 808 bassline with dark melody","hip hop, lo-fi, chill",chirp-v5,hiphop
hiphop,drill,"drill hiphop, nostalgic atmosphere, featuring trap hi-hats and sliding 808 bassline with dark melody","hip hop, conscious, jazz",chirp-v5,hiphop
hiphop,cloud rap,"cloud rap hiphop, nostalgic atmosphere, featuring trap hi-hats and sliding 808 bassline with dark melody","hip hop, rap, 808",chirp-v5,hiphop
hiphop,jazz rap,"jazz rap hiphop, nostalgic atmosphere, featuring trap hi-hats and sliding 808 bassline with dark melody","hip hop, trap, bass",chirp-v5,hiphop
hiphop,hardcore hip hop,"hardcore hip hop, nostalgic atmosphere, featuring trap hi-hats and sliding 808 bassline with dark melody","hip hop, boom bap, sample",chirp-v5,hiphop
hiphop,southern hip hop,"southern hip hop, nostalgic atmosphere, featuring trap hi-hats and sliding 808 bassline with dark melody","hip hop, lo-fi, chill",chirp-v5,hiphop
hiphop,alternative hip hop,"alternative hip hop, nostalgic atmosphere, featuring trap hi-hats and sliding 808 bassline with dark melody","hip hop, conscious, jazz",chirp-v5,hiphop
hiphop,boom bap,"boom bap hiphop, triumphant atmosphere, featuring trap hi-hats and sliding 808 bassline with dark melody","hip hop, rap, 808",chirp-v5,hiphop
hiphop,trap,"trap hiphop, triumphant atmosphere, featuring trap hi-hats and sliding 808 bassline with dark melody","hip hop, trap, bass",chirp-v5,hiphop
hiphop,lo-fi hip hop,"lo-fi hip hop, triumphant atmosphere, featuring trap hi-hats and sliding 808 bassline with dark melody","hip hop, boom bap, sample",chirp-v5,hiphop
hiphop,conscious hip hop,"conscious hip hop, triumphant atmosphere, featuring trap hi-hats and sliding 808 bassline with dark melody","hip hop, lo-fi, chill",chirp-v5,hiphop
hiphop,drill,"drill hiphop, triumphant atmosphere, featuring trap hi-hats and sliding 808 bassline with dark melody","hip hop, conscious, jazz",chirp-v5,hiphop
hiphop,cloud rap,"cloud rap hiphop, triumphant atmosphere, featuring trap hi-hats and sliding 808 bassline with dark melody","hip hop, rap, 808",chirp-v5,hiphop
hiphop,jazz rap,"jazz rap hiphop, triumphant atmosphere, featuring trap hi-hats and sliding 808 bassline with dark melody","hip hop, trap, bass",chirp-v5,hiphop
hiphop,hardcore hip hop,"hardcore hip hop, triumphant atmosphere, featuring trap hi-hats and sliding 808 bassline with dark melody","hip hop, boom bap, sample",chirp-v5,hiphop
hiphop,southern hip hop,"southern hip hop, triumphant atmosphere, featuring trap hi-hats and sliding 808 bassline with dark melody","hip hop, lo-fi, chill",chirp-v5,hiphop
hiphop,alternative hip hop,"alternative hip hop, triumphant atmosphere, featuring trap hi-hats and sliding 808 bassline with dark melody","hip hop, conscious, jazz",chirp-v5,hiphop
hiphop,boom bap,"boom bap hiphop, gritty atmosphere, featuring trap hi-hats and sliding 808 bassline with dark melody","hip hop, rap, 808",chirp-v5,hiphop
hiphop,trap,"trap hiphop, gritty atmosphere, featuring trap hi-hats and sliding 808 bassline with dark melody","hip hop, trap, bass",chirp-v5,hiphop
hiphop,lo-fi hip hop,"lo-fi hip hop, gritty atmosphere, featuring trap hi-hats and sliding 808 bassline with dark melody","hip hop, boom bap, sample",chirp-v5,hiphop
hiphop,conscious hip hop,"conscious hip hop, gritty atmosphere, featuring trap hi-hats and sliding 808 bassline with dark melody","hip hop, lo-fi, chill",chirp-v5,hiphop
hiphop,drill,"drill hiphop, gritty atmosphere, featuring trap hi-hats and sliding 808 bassline with dark melody","hip hop, conscious, jazz",chirp-v5,hiphop
hiphop,cloud rap,"cloud rap hiphop, gritty atmosphere, featuring trap hi-hats and sliding 808 bassline with dark melody","hip hop, rap, 808",chirp-v5,hiphop
hiphop,jazz rap,"jazz rap hiphop, gritty atmosphere, featuring trap hi-hats and sliding 808 bassline with dark melody","hip hop, trap, bass",chirp-v5,hiphop
hiphop,hardcore hip hop,"hardcore hip hop, gritty atmosphere, featuring trap hi-hats and sliding 808 bassline with dark melody","hip hop, boom bap, sample",chirp-v5,hiphop
hiphop,southern hip hop,"southern hip hop, gritty atmosphere, featuring trap hi-hats and sliding 808 bassline with dark melody","hip hop, lo-fi, chill",chirp-v5,hiphop
hiphop,alternative hip hop,"alternative hip hop, gritty atmosphere, featuring trap hi-hats and sliding 808 bassline with dark melody","hip hop, conscious, jazz",chirp-v5,hiphop
hiphop,boom bap,"boom bap hiphop, contemplative atmosphere, featuring trap hi-hats and sliding 808 bassline with dark melody","hip hop, rap, 808",chirp-v5,hiphop
hiphop,trap,"trap hiphop, contemplative atmosphere, featuring trap hi-hats and sliding 808 bassline with dark melody","hip hop, trap, bass",chirp-v5,hiphop
hiphop,lo-fi hip hop,"lo-fi hip hop, contemplative atmosphere, featuring trap hi-hats and sliding 808 bassline with dark melody","hip hop, boom bap, sample",chirp-v5,hiphop
hiphop,conscious hip hop,"conscious hip hop, contemplative atmosphere, featuring trap hi-hats and sliding 808 bassline with dark melody","hip hop, lo-fi, chill",chirp-v5,hiphop
hiphop,drill,"drill hiphop, contemplative atmosphere, featuring trap hi-hats and sliding 808 bassline with dark melody","hip hop, conscious, jazz",chirp-v5,hiphop
hiphop,cloud rap,"cloud rap hiphop, contemplative atmosphere, featuring trap hi-hats and sliding 808 bassline with dark melody","hip hop, rap, 808",chirp-v5,hiphop
hiphop,jazz rap,"jazz rap hiphop, contemplative atmosphere, featuring trap hi-hats and sliding 808 bassline with dark melody","hip hop, trap, bass",chirp-v5,hiphop
hiphop,hardcore hip hop,"hardcore hip hop, contemplative atmosphere, featuring trap hi-hats and sliding 808 bassline with dark melody","hip hop, boom bap, sample",chirp-v5,hiphop
hiphop,southern hip hop,"southern hip hop, contemplative atmosphere, featuring trap hi-hats and sliding 808 bassline with dark melody","hip hop, lo-fi, chill",chirp-v5,hiphop
hiphop,alternative hip hop,"alternative hip hop, contemplative atmosphere, featuring trap hi-hats and sliding 808 bassline with dark melody","hip hop, conscious, jazz",chirp-v5,hiphop
hiphop,boom bap,"boom bap hiphop, hype atmosphere, featuring trap hi-hats and sliding 808 bassline with dark melody","hip hop, rap, 808",chirp-v5,hiphop
hiphop,trap,"trap hiphop, hype atmosphere, featuring trap hi-hats and sliding 808 bassline with dark melody","hip hop, trap, bass",chirp-v5,hiphop
hiphop,lo-fi hip hop,"lo-fi hip hop, hype atmosphere, featuring trap hi-hats and sliding 808 bassline with dark melody","hip hop, boom bap, sample",chirp-v5,hiphop
hiphop,conscious hip hop,"conscious hip hop, hype atmosphere, featuring trap hi-hats and sliding 808 bassline with dark melody","hip hop, lo-fi, chill",chirp-v5,hiphop
hiphop,drill,"drill hiphop, hype atmosphere, featuring trap hi-hats and sliding 808 bassline with dark melody","hip hop, conscious, jazz",chirp-v5,hiphop
hiphop,cloud rap,"cloud rap hiphop, hype atmosphere, featuring trap hi-hats and sliding 808 bassline with dark melody","hip hop, rap, 808",chirp-v5,hiphop
hiphop,jazz rap,"jazz rap hiphop, hype atmosphere, featuring trap hi-hats and sliding 808 bassline with dark melody","hip hop, trap, bass",chirp-v5,hiphop
hiphop,hardcore hip hop,"hardcore hip hop, hype atmosphere, featuring trap hi-hats and sliding 808 bassline with dark melody","hip hop, boom bap, sample",chirp-v5,hiphop
hiphop,southern hip hop,"southern hip hop, hype atmosphere, featuring trap hi-hats and sliding 808 bassline with dark melody","hip hop, lo-fi, chill",chirp-v5,hiphop
hiphop,alternative hip hop,"alternative hip hop, hype atmosphere, featuring trap hi-hats and sliding 808 bassline with dark melody","hip hop, conscious, jazz",chirp-v5,hiphop
hiphop,boom bap,"boom bap hiphop, melancholic atmosphere, featuring trap hi-hats and sliding 808 bassline with dark melody","hip hop, rap, 808",chirp-v5,hiphop
hiphop,trap,"trap hiphop, melancholic atmosphere, featuring trap hi-hats and sliding 808 bassline with dark melody","hip hop, trap, bass",chirp-v5,hiphop
hiphop,lo-fi hip hop,"lo-fi hip hop, melancholic atmosphere, featuring trap hi-hats and sliding 808 bassline with dark melody","hip hop, boom bap, sample",chirp-v5,hiphop
hiphop,conscious hip hop,"conscious hip hop, melancholic atmosphere, featuring trap hi-hats and sliding 808 bassline with dark melody","hip hop, lo-fi, chill",chirp-v5,hiphop
hiphop,drill,"drill hiphop, melancholic atmosphere, featuring trap hi-hats and sliding 808 bassline with dark melody","hip hop, conscious, jazz",chirp-v5,hiphop
hiphop,cloud rap,"cloud rap hiphop, melancholic atmosphere, featuring trap hi-hats and sliding 808 bassline with dark melody","hip hop, rap, 808",chirp-v5,hiphop
hiphop,jazz rap,"jazz rap hiphop, melancholic atmosphere, featuring trap hi-hats and sliding 808 bassline with dark melody","hip hop, trap, bass",chirp-v5,hiphop
hiphop,hardcore hip hop,"hardcore hip hop, melancholic atmosphere, featuring trap hi-hats and sliding 808 bassline with dark melody","hip hop, boom bap, sample",chirp-v5,hiphop
hiphop,southern hip hop,"southern hip hop, melancholic atmosphere, featuring trap hi-hats and sliding 808 bassline with dark melody","hip hop, lo-fi, chill",chirp-v5,hiphop
hiphop,alternative hip hop,"alternative hip hop, melancholic atmosphere, featuring trap hi-hats and sliding 808 bassline with dark melody","hip hop, conscious, jazz",chirp-v5,hiphop
hiphop,boom bap,"boom bap hiphop, confident atmosphere, featuring jazzy chord sample flipped over swung breakbeats","hip hop, rap, 808",chirp-v5,hiphop
hiphop,trap,"trap hiphop, confident atmosphere, featuring jazzy chord sample flipped over swung breakbeats","hip hop, trap, bass",chirp-v5,hiphop
hiphop,lo-fi hip hop,"lo-fi hip hop, confident atmosphere, featuring jazzy chord sample flipped over swung breakbeats","hip hop, boom bap, sample",chirp-v5,hiphop
hiphop,conscious hip hop,"conscious hip hop, confident atmosphere, featuring jazzy chord sample flipped over swung breakbeats","hip hop, lo-fi, chill",chirp-v5,hiphop
hiphop,drill,"drill hiphop, confident atmosphere, featuring jazzy chord sample flipped over swung breakbeats","hip hop, conscious, jazz",chirp-v5,hiphop
hiphop,cloud rap,"cloud rap hiphop, confident atmosphere, featuring jazzy chord sample flipped over swung breakbeats","hip hop, rap, 808",chirp-v5,hiphop
hiphop,jazz rap,"jazz rap hiphop, confident atmosphere, featuring jazzy chord sample flipped over swung breakbeats","hip hop, trap, bass",chirp-v5,hiphop
hiphop,hardcore hip hop,"hardcore hip hop, confident atmosphere, featuring jazzy chord sample flipped over swung breakbeats","hip hop, boom bap, sample",chirp-v5,hiphop
hiphop,southern hip hop,"southern hip hop, confident atmosphere, featuring jazzy chord sample flipped over swung breakbeats","hip hop, lo-fi, chill",chirp-v5,hiphop
hiphop,alternative hip hop,"alternative hip hop, confident atmosphere, featuring jazzy chord sample flipped over swung breakbeats","hip hop, conscious, jazz",chirp-v5,hiphop
hiphop,boom bap,"boom bap hiphop, introspective atmosphere, featuring jazzy chord sample flipped over swung breakbeats","hip hop, rap, 808",chirp-v5,hiphop
hiphop,trap,"trap hiphop, introspective atmosphere, featuring jazzy chord sample flipped over swung breakbeats","hip hop, trap, bass",chirp-v5,hiphop
hiphop,lo-fi hip hop,"lo-fi hip hop, introspective atmosphere, featuring jazzy chord sample flipped over swung breakbeats","hip hop, boom bap, sample",chirp-v5,hiphop
hiphop,conscious hip hop,"conscious hip hop, introspective atmosphere, featuring jazzy chord sample flipped over swung breakbeats","hip hop, lo-fi, chill",chirp-v5,hiphop
hiphop,drill,"drill hiphop, introspective atmosphere, featuring jazzy chord sample flipped over swung breakbeats","hip hop, conscious, jazz",chirp-v5,hiphop
hiphop,cloud rap,"cloud rap hiphop, introspective atmosphere, featuring jazzy chord sample flipped over swung breakbeats","hip hop, rap, 808",chirp-v5,hiphop
hiphop,jazz rap,"jazz rap hiphop, introspective atmosphere, featuring jazzy chord sample flipped over swung breakbeats","hip hop, trap, bass",chirp-v5,hiphop
hiphop,hardcore hip hop,"hardcore hip hop, introspective atmosphere, featuring jazzy chord sample flipped over swung breakbeats","hip hop, boom bap, sample",chirp-v5,hiphop
hiphop,southern hip hop,"southern hip hop, introspective atmosphere, featuring jazzy chord sample flipped over swung breakbeats","hip hop, lo-fi, chill",chirp-v5,hiphop
hiphop,alternative hip hop,"alternative hip hop, introspective atmosphere, featuring jazzy chord sample flipped over swung breakbeats","hip hop, conscious, jazz",chirp-v5,hiphop
hiphop,boom bap,"boom bap hiphop, aggressive atmosphere, featuring jazzy chord sample flipped over swung breakbeats","hip hop, rap, 808",chirp-v5,hiphop
hiphop,trap,"trap hiphop, aggressive atmosphere, featuring jazzy chord sample flipped over swung breakbeats","hip hop, trap, bass",chirp-v5,hiphop
hiphop,lo-fi hip hop,"lo-fi hip hop, aggressive atmosphere, featuring jazzy chord sample flipped over swung breakbeats","hip hop, boom bap, sample",chirp-v5,hiphop
hiphop,conscious hip hop,"conscious hip hop, aggressive atmosphere, featuring jazzy chord sample flipped over swung breakbeats","hip hop, lo-fi, chill",chirp-v5,hiphop
hiphop,drill,"drill hiphop, aggressive atmosphere, featuring jazzy chord sample flipped over swung breakbeats","hip hop, conscious, jazz",chirp-v5,hiphop
hiphop,cloud rap,"cloud rap hiphop, aggressive atmosphere, featuring jazzy chord sample flipped over swung breakbeats","hip hop, rap, 808",chirp-v5,hiphop
hiphop,jazz rap,"jazz rap hiphop, aggressive atmosphere, featuring jazzy chord sample flipped over swung breakbeats","hip hop, trap, bass",chirp-v5,hiphop
hiphop,hardcore hip hop,"hardcore hip hop, aggressive atmosphere, featuring jazzy chord sample flipped over swung breakbeats","hip hop, boom bap, sample",chirp-v5,hiphop
hiphop,southern hip hop,"southern hip hop, aggressive atmosphere, featuring jazzy chord sample flipped over swung breakbeats","hip hop, lo-fi, chill",chirp-v5,hiphop
hiphop,alternative hip hop,"alternative hip hop, aggressive atmosphere, featuring jazzy chord sample flipped over swung breakbeats","hip hop, conscious, jazz",chirp-v5,hiphop
hiphop,boom bap,"boom bap hiphop, laid-back atmosphere, featuring jazzy chord sample flipped over swung breakbeats","hip hop, rap, 808",chirp-v5,hiphop
hiphop,trap,"trap hiphop, laid-back atmosphere, featuring jazzy chord sample flipped over swung breakbeats","hip hop, trap, bass",chirp-v5,hiphop
hiphop,lo-fi hip hop,"lo-fi hip hop, laid-back atmosphere, featuring jazzy chord sample flipped over swung breakbeats","hip hop, boom bap, sample",chirp-v5,hiphop
hiphop,conscious hip hop,"conscious hip hop, laid-back atmosphere, featuring jazzy chord sample flipped over swung breakbeats","hip hop, lo-fi, chill",chirp-v5,hiphop
hiphop,drill,"drill hiphop, laid-back atmosphere, featuring jazzy chord sample flipped over swung breakbeats","hip hop, conscious, jazz",chirp-v5,hiphop
hiphop,cloud rap,"cloud rap hiphop, laid-back atmosphere, featuring jazzy chord sample flipped over swung breakbeats","hip hop, rap, 808",chirp-v5,hiphop
hiphop,jazz rap,"jazz rap hiphop, laid-back atmosphere, featuring jazzy chord sample flipped over swung breakbeats","hip hop, trap, bass",chirp-v5,hiphop
hiphop,hardcore hip hop,"hardcore hip hop, laid-back atmosphere, featuring jazzy chord sample flipped over swung breakbeats","hip hop, boom bap, sample",chirp-v5,hiphop
hiphop,southern hip hop,"southern hip hop, laid-back atmosphere, featuring jazzy chord sample flipped over swung breakbeats","hip hop, lo-fi, chill",chirp-v5,hiphop
hiphop,alternative hip hop,"alternative hip hop, laid-back atmosphere, featuring jazzy chord sample flipped over swung breakbeats","hip hop, conscious, jazz",chirp-v5,hiphop
hiphop,boom bap,"boom bap hiphop, nostalgic atmosphere, featuring jazzy chord sample flipped over swung breakbeats","hip hop, rap, 808",chirp-v5,hiphop
hiphop,trap,"trap hiphop, nostalgic atmosphere, featuring jazzy chord sample flipped over swung breakbeats","hip hop, trap, bass",chirp-v5,hiphop
hiphop,lo-fi hip hop,"lo-fi hip hop, nostalgic atmosphere, featuring jazzy chord sample flipped over swung breakbeats","hip hop, boom bap, sample",chirp-v5,hiphop
hiphop,conscious hip hop,"conscious hip hop, nostalgic atmosphere, featuring jazzy chord sample flipped over swung breakbeats","hip hop, lo-fi, chill",chirp-v5,hiphop
hiphop,drill,"drill hiphop, nostalgic atmosphere, featuring jazzy chord sample flipped over swung breakbeats","hip hop, conscious, jazz",chirp-v5,hiphop
hiphop,cloud rap,"cloud rap hiphop, nostalgic atmosphere, featuring jazzy chord sample flipped over swung breakbeats","hip hop, rap, 808",chirp-v5,hiphop
hiphop,jazz rap,"jazz rap hiphop, nostalgic atmosphere, featuring jazzy chord sample flipped over swung breakbeats","hip hop, trap, bass",chirp-v5,hiphop
hiphop,hardcore hip hop,"hardcore hip hop, nostalgic atmosphere, featuring jazzy chord sample flipped over swung breakbeats","hip hop, boom bap, sample",chirp-v5,hiphop
hiphop,southern hip hop,"southern hip hop, nostalgic atmosphere, featuring jazzy chord sample flipped over swung breakbeats","hip hop, lo-fi, chill",chirp-v5,hiphop
hiphop,alternative hip hop,"alternative hip hop, nostalgic atmosphere, featuring jazzy chord sample flipped over swung breakbeats","hip hop, conscious, jazz",chirp-v5,hiphop
hiphop,boom bap,"boom bap hiphop, triumphant atmosphere, featuring jazzy chord sample flipped over swung breakbeats","hip hop, rap, 808",chirp-v5,hiphop
hiphop,trap,"trap hiphop, triumphant atmosphere, featuring jazzy chord sample flipped over swung breakbeats","hip hop, trap, bass",chirp-v5,hiphop
hiphop,lo-fi hip hop,"lo-fi hip hop, triumphant atmosphere, featuring jazzy chord sample flipped over swung breakbeats","hip hop, boom bap, sample",chirp-v5,hiphop
hiphop,conscious hip hop,"conscious hip hop, triumphant atmosphere, featuring jazzy chord sample flipped over swung breakbeats","hip hop, lo-fi, chill",chirp-v5,hiphop
hiphop,drill,"drill hiphop, triumphant atmosphere, featuring jazzy chord sample flipped over swung breakbeats","hip hop, conscious, jazz",chirp-v5,hiphop
hiphop,cloud rap,"cloud rap hiphop, triumphant atmosphere, featuring jazzy chord sample flipped over swung breakbeats","hip hop, rap, 808",chirp-v5,hiphop
hiphop,jazz rap,"jazz rap hiphop, triumphant atmosphere, featuring jazzy chord sample flipped over swung breakbeats","hip hop, trap, bass",chirp-v5,hiphop
hiphop,hardcore hip hop,"hardcore hip hop, triumphant atmosphere, featuring jazzy chord sample flipped over swung breakbeats","hip hop, boom bap, sample",chirp-v5,hiphop
hiphop,southern hip hop,"southern hip hop, triumphant atmosphere, featuring jazzy chord sample flipped over swung breakbeats","hip hop, lo-fi, chill",chirp-v5,hiphop
hiphop,alternative hip hop,"alternative hip hop, triumphant atmosphere, featuring jazzy chord sample flipped over swung breakbeats","hip hop, conscious, jazz",chirp-v5,hiphop
hiphop,boom bap,"boom bap hiphop, gritty atmosphere, featuring jazzy chord sample flipped over swung breakbeats","hip hop, rap, 808",chirp-v5,hiphop
hiphop,trap,"trap hiphop, gritty atmosphere, featuring jazzy chord sample flipped over swung breakbeats","hip hop, trap, bass",chirp-v5,hiphop
hiphop,lo-fi hip hop,"lo-fi hip hop, gritty atmosphere, featuring jazzy chord sample flipped over swung breakbeats","hip hop, boom bap, sample",chirp-v5,hiphop
hiphop,conscious hip hop,"conscious hip hop, gritty atmosphere, featuring jazzy chord sample flipped over swung breakbeats","hip hop, lo-fi, chill",chirp-v5,hiphop
hiphop,drill,"drill hiphop, gritty atmosphere, featuring jazzy chord sample flipped over swung breakbeats","hip hop, conscious, jazz",chirp-v5,hiphop
hiphop,cloud rap,"cloud rap hiphop, gritty atmosphere, featuring jazzy chord sample flipped over swung breakbeats","hip hop, rap, 808",chirp-v5,hiphop
hiphop,jazz rap,"jazz rap hiphop, gritty atmosphere, featuring jazzy chord sample flipped over swung breakbeats","hip hop, trap, bass",chirp-v5,hiphop
hiphop,hardcore hip hop,"hardcore hip hop, gritty atmosphere, featuring jazzy chord sample flipped over swung breakbeats","hip hop, boom bap, sample",chirp-v5,hiphop
hiphop,southern hip hop,"southern hip hop, gritty atmosphere, featuring jazzy chord sample flipped over swung breakbeats","hip hop, lo-fi, chill",chirp-v5,hiphop
hiphop,alternative hip hop,"alternative hip hop, gritty atmosphere, featuring jazzy chord sample flipped over swung breakbeats","hip hop, conscious, jazz",chirp-v5,hiphop
hiphop,boom bap,"boom bap hiphop, contemplative atmosphere, featuring jazzy chord sample flipped over swung breakbeats","hip hop, rap, 808",chirp-v5,hiphop
hiphop,trap,"trap hiphop, contemplative atmosphere, featuring jazzy chord sample flipped over swung breakbeats","hip hop, trap, bass",chirp-v5,hiphop
hiphop,lo-fi hip hop,"lo-fi hip hop, contemplative atmosphere, featuring jazzy chord sample flipped over swung breakbeats","hip hop, boom bap, sample",chirp-v5,hiphop
hiphop,conscious hip hop,"conscious hip hop, contemplative atmosphere, featuring jazzy chord sample flipped over swung breakbeats","hip hop, lo-fi, chill",chirp-v5,hiphop
hiphop,drill,"drill hiphop, contemplative atmosphere, featuring jazzy chord sample flipped over swung breakbeats","hip hop, conscious, jazz",chirp-v5,hiphop
hiphop,cloud rap,"cloud rap hiphop, contemplative atmosphere, featuring jazzy chord sample flipped over swung breakbeats","hip hop, rap, 808",chirp-v5,hiphop
hiphop,jazz rap,"jazz rap hiphop, contemplative atmosphere, featuring jazzy chord sample flipped over swung breakbeats","hip hop, trap, bass",chirp-v5,hiphop
hiphop,hardcore hip hop,"hardcore hip hop, contemplative atmosphere, featuring jazzy chord sample flipped over swung breakbeats","hip hop, boom bap, sample",chirp-v5,hiphop
hiphop,southern hip hop,"southern hip hop, contemplative atmosphere, featuring jazzy chord sample flipped over swung breakbeats","hip hop, lo-fi, chill",chirp-v5,hiphop
hiphop,alternative hip hop,"alternative hip hop, contemplative atmosphere, featuring jazzy chord sample flipped over swung breakbeats","hip hop, conscious, jazz",chirp-v5,hiphop
hiphop,boom bap,"boom bap hiphop, hype atmosphere, featuring jazzy chord sample flipped over swung breakbeats","hip hop, rap, 808",chirp-v5,hiphop
hiphop,trap,"trap hiphop, hype atmosphere, featuring jazzy chord sample flipped over swung breakbeats","hip hop, trap, bass",chirp-v5,hiphop
hiphop,lo-fi hip hop,"lo-fi hip hop, hype atmosphere, featuring jazzy chord sample flipped over swung breakbeats","hip hop, boom bap, sample",chirp-v5,hiphop
hiphop,conscious hip hop,"conscious hip hop, hype atmosphere, featuring jazzy chord sample flipped over swung breakbeats","hip hop, lo-fi, chill",chirp-v5,hiphop
hiphop,drill,"drill hiphop, hype atmosphere, featuring jazzy chord sample flipped over swung breakbeats","hip hop, conscious, jazz",chirp-v5,hiphop
hiphop,cloud rap,"cloud rap hiphop, hype atmosphere, featuring jazzy chord sample flipped over swung breakbeats","hip hop, rap, 808",chirp-v5,hiphop
hiphop,jazz rap,"jazz rap hiphop, hype atmosphere, featuring jazzy chord sample flipped over swung breakbeats","hip hop, trap, bass",chirp-v5,hiphop
hiphop,hardcore hip hop,"hardcore hip hop, hype atmosphere, featuring jazzy chord sample flipped over swung breakbeats","hip hop, boom bap, sample",chirp-v5,hiphop
hiphop,southern hip hop,"southern hip hop, hype atmosphere, featuring jazzy chord sample flipped over swung breakbeats","hip hop, lo-fi, chill",chirp-v5,hiphop
hiphop,alternative hip hop,"alternative hip hop, hype atmosphere, featuring jazzy chord sample flipped over swung breakbeats","hip hop, conscious, jazz",chirp-v5,hiphop
hiphop,boom bap,"boom bap hiphop, melancholic atmosphere, featuring jazzy chord sample flipped over swung breakbeats","hip hop, rap, 808",chirp-v5,hiphop
hiphop,trap,"trap hiphop, melancholic atmosphere, featuring jazzy chord sample flipped over swung breakbeats","hip hop, trap, bass",chirp-v5,hiphop
hiphop,lo-fi hip hop,"lo-fi hip hop, melancholic atmosphere, featuring jazzy chord sample flipped over swung breakbeats","hip hop, boom bap, sample",chirp-v5,hiphop
hiphop,conscious hip hop,"conscious hip hop, melancholic atmosphere, featuring jazzy chord sample flipped over swung breakbeats","hip hop, lo-fi, chill",chirp-v5,hiphop
hiphop,drill,"drill hiphop, melancholic atmosphere, featuring jazzy chord sample flipped over swung breakbeats","hip hop, conscious, jazz",chirp-v5,hiphop
hiphop,cloud rap,"cloud rap hiphop, melancholic atmosphere, featuring jazzy chord sample flipped over swung breakbeats","hip hop, rap, 808",chirp-v5,hiphop
hiphop,jazz rap,"jazz rap hiphop, melancholic atmosphere, featuring jazzy chord sample flipped over swung breakbeats","hip hop, trap, bass",chirp-v5,hiphop
hiphop,hardcore hip hop,"hardcore hip hop, melancholic atmosphere, featuring jazzy chord sample flipped over swung breakbeats","hip hop, boom bap, sample",chirp-v5,hiphop
hiphop,southern hip hop,"southern hip hop, melancholic atmosphere, featuring jazzy chord sample flipped over swung breakbeats","hip hop, lo-fi, chill",chirp-v5,hiphop
hiphop,alternative hip hop,"alternative hip hop, melancholic atmosphere, featuring jazzy chord sample flipped over swung breakbeats","hip hop, conscious, jazz",chirp-v5,hiphop
hiphop,boom bap,"boom bap hiphop, confident atmosphere, featuring lo-fi piano loop with vinyl crackle and lazy drums","hip hop, rap, 808",chirp-v5,hiphop
hiphop,trap,"trap hiphop, confident atmosphere, featuring lo-fi piano loop with vinyl crackle and lazy drums","hip hop, trap, bass",chirp-v5,hiphop
hiphop,lo-fi hip hop,"lo-fi hip hop, confident atmosphere, featuring lo-fi piano loop with vinyl crackle and lazy drums","hip hop, boom bap, sample",chirp-v5,hiphop
hiphop,conscious hip hop,"conscious hip hop, confident atmosphere, featuring lo-fi piano loop with vinyl crackle and lazy drums","hip hop, lo-fi, chill",chirp-v5,hiphop
hiphop,drill,"drill hiphop, confident atmosphere, featuring lo-fi piano loop with vinyl crackle and lazy drums","hip hop, conscious, jazz",chirp-v5,hiphop
hiphop,cloud rap,"cloud rap hiphop, confident atmosphere, featuring lo-fi piano loop with vinyl crackle and lazy drums","hip hop, rap, 808",chirp-v5,hiphop
hiphop,jazz rap,"jazz rap hiphop, confident atmosphere, featuring lo-fi piano loop with vinyl crackle and lazy drums","hip hop, trap, bass",chirp-v5,hiphop
hiphop,hardcore hip hop,"hardcore hip hop, confident atmosphere, featuring lo-fi piano loop with vinyl crackle and lazy drums","hip hop, boom bap, sample",chirp-v5,hiphop
hiphop,southern hip hop,"southern hip hop, confident atmosphere, featuring lo-fi piano loop with vinyl crackle and lazy drums","hip hop, lo-fi, chill",chirp-v5,hiphop
hiphop,alternative hip hop,"alternative hip hop, confident atmosphere, featuring lo-fi piano loop with vinyl crackle and lazy drums","hip hop, conscious, jazz",chirp-v5,hiphop
hiphop,boom bap,"boom bap hiphop, introspective atmosphere, featuring lo-fi piano loop with vinyl crackle and lazy drums","hip hop, rap, 808",chirp-v5,hiphop
hiphop,trap,"trap hiphop, introspective atmosphere, featuring lo-fi piano loop with vinyl crackle and lazy drums","hip hop, trap, bass",chirp-v5,hiphop
hiphop,lo-fi hip hop,"lo-fi hip hop, introspective atmosphere, featuring lo-fi piano loop with vinyl crackle and lazy drums","hip hop, boom bap, sample",chirp-v5,hiphop
hiphop,conscious hip hop,"conscious hip hop, introspective atmosphere, featuring lo-fi piano loop with vinyl crackle and lazy drums","hip hop, lo-fi, chill",chirp-v5,hiphop
hiphop,drill,"drill hiphop, introspective atmosphere, featuring lo-fi piano loop with vinyl crackle and lazy drums","hip hop, conscious, jazz",chirp-v5,hiphop
hiphop,cloud rap,"cloud rap hiphop, introspective atmosphere, featuring lo-fi piano loop with vinyl crackle and lazy drums","hip hop, rap, 808",chirp-v5,hiphop
hiphop,jazz rap,"jazz rap hiphop, introspective atmosphere, featuring lo-fi piano loop with vinyl crackle and lazy drums","hip hop, trap, bass",chirp-v5,hiphop
hiphop,hardcore hip hop,"hardcore hip hop, introspective atmosphere, featuring lo-fi piano loop with vinyl crackle and lazy drums","hip hop, boom bap, sample",chirp-v5,hiphop
hiphop,southern hip hop,"southern hip hop, introspective atmosphere, featuring lo-fi piano loop with vinyl crackle and lazy drums","hip hop, lo-fi, chill",chirp-v5,hiphop
hiphop,alternative hip hop,"alternative hip hop, introspective atmosphere, featuring lo-fi piano loop with vinyl crackle and lazy drums","hip hop, conscious, jazz",chirp-v5,hiphop
hiphop,boom bap,"boom bap hiphop, aggressive atmosphere, featuring lo-fi piano loop with vinyl crackle and lazy drums","hip hop, rap, 808",chirp-v5,hiphop
hiphop,trap,"trap hiphop, aggressive atmosphere, featuring lo-fi piano loop with vinyl crackle and lazy drums","hip hop, trap, bass",chirp-v5,hiphop
hiphop,lo-fi hip hop,"lo-fi hip hop, aggressive atmosphere, featuring lo-fi piano loop with vinyl crackle and lazy drums","hip hop, boom bap, sample",chirp-v5,hiphop
hiphop,conscious hip hop,"conscious hip hop, aggressive atmosphere, featuring lo-fi piano loop with vinyl crackle and lazy drums","hip hop, lo-fi, chill",chirp-v5,hiphop
hiphop,drill,"drill hiphop, aggressive atmosphere, featuring lo-fi piano loop with vinyl crackle and lazy drums","hip hop, conscious, jazz",chirp-v5,hiphop
hiphop,cloud rap,"cloud rap hiphop, aggressive atmosphere, featuring lo-fi piano loop with vinyl crackle and lazy drums","hip hop, rap, 808",chirp-v5,hiphop
hiphop,jazz rap,"jazz rap hiphop, aggressive atmosphere, featuring lo-fi piano loop with vinyl crackle and lazy drums","hip hop, trap, bass",chirp-v5,hiphop
hiphop,hardcore hip hop,"hardcore hip hop, aggressive atmosphere, featuring lo-fi piano loop with vinyl crackle and lazy drums","hip hop, boom bap, sample",chirp-v5,hiphop
hiphop,southern hip hop,"southern hip hop, aggressive atmosphere, featuring lo-fi piano loop with vinyl crackle and lazy drums","hip hop, lo-fi, chill",chirp-v5,hiphop
hiphop,alternative hip hop,"alternative hip hop, aggressive atmosphere, featuring lo-fi piano loop with vinyl crackle and lazy drums","hip hop, conscious, jazz",chirp-v5,hiphop
hiphop,boom bap,"boom bap hiphop, laid-back atmosphere, featuring lo-fi piano loop with vinyl crackle and lazy drums","hip hop, rap, 808",chirp-v5,hiphop
hiphop,trap,"trap hiphop, laid-back atmosphere, featuring lo-fi piano loop with vinyl crackle and lazy drums","hip hop, trap, bass",chirp-v5,hiphop
hiphop,lo-fi hip hop,"lo-fi hip hop, laid-back atmosphere, featuring lo-fi piano loop with vinyl crackle and lazy drums","hip hop, boom bap, sample",chirp-v5,hiphop
hiphop,conscious hip hop,"conscious hip hop, laid-back atmosphere, featuring lo-fi piano loop with vinyl crackle and lazy drums","hip hop, lo-fi, chill",chirp-v5,hiphop
hiphop,drill,"drill hiphop, laid-back atmosphere, featuring lo-fi piano loop with vinyl crackle and lazy drums","hip hop, conscious, jazz",chirp-v5,hiphop
hiphop,cloud rap,"cloud rap hiphop, laid-back atmosphere, featuring lo-fi piano loop with vinyl crackle and lazy drums","hip hop, rap, 808",chirp-v5,hiphop
hiphop,jazz rap,"jazz rap hiphop, laid-back atmosphere, featuring lo-fi piano loop with vinyl crackle and lazy drums","hip hop, trap, bass",chirp-v5,hiphop
hiphop,hardcore hip hop,"hardcore hip hop, laid-back atmosphere, featuring lo-fi piano loop with vinyl crackle and lazy drums","hip hop, boom bap, sample",chirp-v5,hiphop
hiphop,southern hip hop,"southern hip hop, laid-back atmosphere, featuring lo-fi piano loop with vinyl crackle and lazy drums","hip hop, lo-fi, chill",chirp-v5,hiphop
hiphop,alternative hip hop,"alternative hip hop, laid-back atmosphere, featuring lo-fi piano loop with vinyl crackle and lazy drums","hip hop, conscious, jazz",chirp-v5,hiphop
hiphop,boom bap,"boom bap hiphop, nostalgic atmosphere, featuring lo-fi piano loop with vinyl crackle and lazy drums","hip hop, rap, 808",chirp-v5,hiphop
hiphop,trap,"trap hiphop, nostalgic atmosphere, featuring lo-fi piano loop with vinyl crackle and lazy drums","hip hop, trap, bass",chirp-v5,hiphop
hiphop,lo-fi hip hop,"lo-fi hip hop, nostalgic atmosphere, featuring lo-fi piano loop with vinyl crackle and lazy drums","hip hop, boom bap, sample",chirp-v5,hiphop
hiphop,conscious hip hop,"conscious hip hop, nostalgic atmosphere, featuring lo-fi piano loop with vinyl crackle and lazy drums","hip hop, lo-fi, chill",chirp-v5,hiphop
hiphop,drill,"drill hiphop, nostalgic atmosphere, featuring lo-fi piano loop with vinyl crackle and lazy drums","hip hop, conscious, jazz",chirp-v5,hiphop
hiphop,cloud rap,"cloud rap hiphop, nostalgic atmosphere, featuring lo-fi piano loop with vinyl crackle and lazy drums","hip hop, rap, 808",chirp-v5,hiphop
hiphop,jazz rap,"jazz rap hiphop, nostalgic atmosphere, featuring lo-fi piano loop with vinyl crackle and lazy drums","hip hop, trap, bass",chirp-v5,hiphop
hiphop,hardcore hip hop,"hardcore hip hop, nostalgic atmosphere, featuring lo-fi piano loop with vinyl crackle and lazy drums","hip hop, boom bap, sample",chirp-v5,hiphop
hiphop,southern hip hop,"southern hip hop, nostalgic atmosphere, featuring lo-fi piano loop with vinyl crackle and lazy drums","hip hop, lo-fi, chill",chirp-v5,hiphop
hiphop,alternative hip hop,"alternative hip hop, nostalgic atmosphere, featuring lo-fi piano loop with vinyl crackle and lazy drums","hip hop, conscious, jazz",chirp-v5,hiphop
hiphop,boom bap,"boom bap hiphop, triumphant atmosphere, featuring lo-fi piano loop with vinyl crackle and lazy drums","hip hop, rap, 808",chirp-v5,hiphop
hiphop,trap,"trap hiphop, triumphant atmosphere, featuring lo-fi piano loop with vinyl crackle and lazy drums","hip hop, trap, bass",chirp-v5,hiphop
hiphop,lo-fi hip hop,"lo-fi hip hop, triumphant atmosphere, featuring lo-fi piano loop with vinyl crackle and lazy drums","hip hop, boom bap, sample",chirp-v5,hiphop
hiphop,conscious hip hop,"conscious hip hop, triumphant atmosphere, featuring lo-fi piano loop with vinyl crackle and lazy drums","hip hop, lo-fi, chill",chirp-v5,hiphop
hiphop,drill,"drill hiphop, triumphant atmosphere, featuring lo-fi piano loop with vinyl crackle and lazy drums","hip hop, conscious, jazz",chirp-v5,hiphop
hiphop,cloud rap,"cloud rap hiphop, triumphant atmosphere, featuring lo-fi piano loop with vinyl crackle and lazy drums","hip hop, rap, 808",chirp-v5,hiphop
hiphop,jazz rap,"jazz rap hiphop, triumphant atmosphere, featuring lo-fi piano loop with vinyl crackle and lazy drums","hip hop, trap, bass",chirp-v5,hiphop
hiphop,hardcore hip hop,"hardcore hip hop, triumphant atmosphere, featuring lo-fi piano loop with vinyl crackle and lazy drums","hip hop, boom bap, sample",chirp-v5,hiphop
hiphop,southern hip hop,"southern hip hop, triumphant atmosphere, featuring lo-fi piano loop with vinyl crackle and lazy drums","hip hop, lo-fi, chill",chirp-v5,hiphop
hiphop,alternative hip hop,"alternative hip hop, triumphant atmosphere, featuring lo-fi piano loop with vinyl crackle and lazy drums","hip hop, conscious, jazz",chirp-v5,hiphop
hiphop,boom bap,"boom bap hiphop, gritty atmosphere, featuring lo-fi piano loop with vinyl crackle and lazy drums","hip hop, rap, 808",chirp-v5,hiphop
hiphop,trap,"trap hiphop, gritty atmosphere, featuring lo-fi piano loop with vinyl crackle and lazy drums","hip hop, trap, bass",chirp-v5,hiphop
hiphop,lo-fi hip hop,"lo-fi hip hop, gritty atmosphere, featuring lo-fi piano loop with vinyl crackle and lazy drums","hip hop, boom bap, sample",chirp-v5,hiphop
hiphop,conscious hip hop,"conscious hip hop, gritty atmosphere, featuring lo-fi piano loop with vinyl crackle and lazy drums","hip hop, lo-fi, chill",chirp-v5,hiphop
hiphop,drill,"drill hiphop, gritty atmosphere, featuring lo-fi piano loop with vinyl crackle and lazy drums","hip hop, conscious, jazz",chirp-v5,hiphop
hiphop,cloud rap,"cloud rap hiphop, gritty atmosphere, featuring lo-fi piano loop with vinyl crackle and lazy drums","hip hop, rap, 808",chirp-v5,hiphop
hiphop,jazz rap,"jazz rap hiphop, gritty atmosphere, featuring lo-fi piano loop with vinyl crackle and lazy drums","hip hop, trap, bass",chirp-v5,hiphop
hiphop,hardcore hip hop,"hardcore hip hop, gritty atmosphere, featuring lo-fi piano loop with vinyl crackle and lazy drums","hip hop, boom bap, sample",chirp-v5,hiphop
hiphop,southern hip hop,"southern hip hop, gritty atmosphere, featuring lo-fi piano loop with vinyl crackle and lazy drums","hip hop, lo-fi, chill",chirp-v5,hiphop
hiphop,alternative hip hop,"alternative hip hop, gritty atmosphere, featuring lo-fi piano loop with vinyl crackle and lazy drums","hip hop, conscious, jazz",chirp-v5,hiphop
hiphop,boom bap,"boom bap hiphop, contemplative atmosphere, featuring lo-fi piano loop with vinyl crackle and lazy drums","hip hop, rap, 808",chirp-v5,hiphop
hiphop,trap,"trap hiphop, contemplative atmosphere, featuring lo-fi piano loop with vinyl crackle and lazy drums","hip hop, trap, bass",chirp-v5,hiphop
hiphop,lo-fi hip hop,"lo-fi hip hop, contemplative atmosphere, featuring lo-fi piano loop with vinyl crackle and lazy drums","hip hop, boom bap, sample",chirp-v5,hiphop
hiphop,conscious hip hop,"conscious hip hop, contemplative atmosphere, featuring lo-fi piano loop with vinyl crackle and lazy drums","hip hop, lo-fi, chill",chirp-v5,hiphop
hiphop,drill,"drill hiphop, contemplative atmosphere, featuring lo-fi piano loop with vinyl crackle and lazy drums","hip hop, conscious, jazz",chirp-v5,hiphop
hiphop,cloud rap,"cloud rap hiphop, contemplative atmosphere, featuring lo-fi piano loop with vinyl crackle and lazy drums","hip hop, rap, 808",chirp-v5,hiphop
hiphop,jazz rap,"jazz rap hiphop, contemplative atmosphere, featuring lo-fi piano loop with vinyl crackle and lazy drums","hip hop, trap, bass",chirp-v5,hiphop
hiphop,hardcore hip hop,"hardcore hip hop, contemplative atmosphere, featuring lo-fi piano loop with vinyl crackle and lazy drums","hip hop, boom bap, sample",chirp-v5,hiphop
hiphop,southern hip hop,"southern hip hop, contemplative atmosphere, featuring lo-fi piano loop with vinyl crackle and lazy drums","hip hop, lo-fi, chill",chirp-v5,hiphop
hiphop,alternative hip hop,"alternative hip hop, contemplative atmosphere, featuring lo-fi piano loop with vinyl crackle and lazy drums","hip hop, conscious, jazz",chirp-v5,hiphop
hiphop,boom bap,"boom bap hiphop, hype atmosphere, featuring lo-fi piano loop with vinyl crackle and lazy drums","hip hop, rap, 808",chirp-v5,hiphop
hiphop,trap,"trap hiphop, hype atmosphere, featuring lo-fi piano loop with vinyl crackle and lazy drums","hip hop, trap, bass",chirp-v5,hiphop
hiphop,lo-fi hip hop,"lo-fi hip hop, hype atmosphere, featuring lo-fi piano loop with vinyl crackle and lazy drums","hip hop, boom bap, sample",chirp-v5,hiphop
hiphop,conscious hip hop,"conscious hip hop, hype atmosphere, featuring lo-fi piano loop with vinyl crackle and lazy drums","hip hop, lo-fi, chill",chirp-v5,hiphop
hiphop,drill,"drill hiphop, hype atmosphere, featuring lo-fi piano loop with vinyl crackle and lazy drums","hip hop, conscious, jazz",chirp-v5,hiphop
hiphop,cloud rap,"cloud rap hiphop, hype atmosphere, featuring lo-fi piano loop with vinyl crackle and lazy drums","hip hop, rap, 808",chirp-v5,hiphop
hiphop,jazz rap,"jazz rap hiphop, hype atmosphere, featuring lo-fi piano loop with vinyl crackle and lazy drums","hip hop, trap, bass",chirp-v5,hiphop
hiphop,hardcore hip hop,"hardcore hip hop, hype atmosphere, featuring lo-fi piano loop with vinyl crackle and lazy drums","hip hop, boom bap, sample",chirp-v5,hiphop
hiphop,southern hip hop,"southern hip hop, hype atmosphere, featuring lo-fi piano loop with vinyl crackle and lazy drums","hip hop, lo-fi, chill",chirp-v5,hiphop
hiphop,alternative hip hop,"alternative hip hop, hype atmosphere, featuring lo-fi piano loop with vinyl crackle and lazy drums","hip hop, conscious, jazz",chirp-v5,hiphop
hiphop,boom bap,"boom bap hiphop, melancholic atmosphere, featuring lo-fi piano loop with vinyl crackle and lazy drums","hip hop, rap, 808",chirp-v5,hiphop
hiphop,trap,"trap hiphop, melancholic atmosphere, featuring lo-fi piano loop with vinyl crackle and lazy drums","hip hop, trap, bass",chirp-v5,hiphop
hiphop,lo-fi hip hop,"lo-fi hip hop, melancholic atmosphere, featuring lo-fi piano loop with vinyl crackle and lazy drums","hip hop, boom bap, sample",chirp-v5,hiphop
hiphop,conscious hip hop,"conscious hip hop, melancholic atmosphere, featuring lo-fi piano loop with vinyl crackle and lazy drums","hip hop, lo-fi, chill",chirp-v5,hiphop
hiphop,drill,"drill hiphop, melancholic atmosphere, featuring lo-fi piano loop with vinyl crackle and lazy drums","hip hop, conscious, jazz",chirp-v5,hiphop
hiphop,cloud rap,"cloud rap hiphop, melancholic atmosphere, featuring lo-fi piano loop with vinyl crackle and lazy drums","hip hop, rap, 808",chirp-v5,hiphop
hiphop,jazz rap,"jazz rap hiphop, melancholic atmosphere, featuring lo-fi piano loop with vinyl crackle and lazy drums","hip hop, trap, bass",chirp-v5,hiphop
hiphop,hardcore hip hop,"hardcore hip hop, melancholic atmosphere, featuring lo-fi piano loop with vinyl crackle and lazy drums","hip hop, boom bap, sample",chirp-v5,hiphop
hiphop,southern hip hop,"southern hip hop, melancholic atmosphere, featuring lo-fi piano loop with vinyl crackle and lazy drums","hip hop, lo-fi, chill",chirp-v5,hiphop
hiphop,alternative hip hop,"alternative hip hop, melancholic atmosphere, featuring lo-fi piano loop with vinyl crackle and lazy drums","hip hop, conscious, jazz",chirp-v5,hiphop
hiphop,boom bap,"boom bap hiphop, confident atmosphere, featuring orchestral string sample with booming low-end and crisp snare","hip hop, rap, 808",chirp-v5,hiphop
hiphop,trap,"trap hiphop, confident atmosphere, featuring orchestral string sample with booming low-end and crisp snare","hip hop, trap, bass",chirp-v5,hiphop
hiphop,lo-fi hip hop,"lo-fi hip hop, confident atmosphere, featuring orchestral string sample with booming low-end and crisp snare","hip hop, boom bap, sample",chirp-v5,hiphop
hiphop,conscious hip hop,"conscious hip hop, confident atmosphere, featuring orchestral string sample with booming low-end and crisp snare","hip hop, lo-fi, chill",chirp-v5,hiphop
hiphop,drill,"drill hiphop, confident atmosphere, featuring orchestral string sample with booming low-end and crisp snare","hip hop, conscious, jazz",chirp-v5,hiphop
hiphop,cloud rap,"cloud rap hiphop, confident atmosphere, featuring orchestral string sample with booming low-end and crisp snare","hip hop, rap, 808",chirp-v5,hiphop
hiphop,jazz rap,"jazz rap hiphop, confident atmosphere, featuring orchestral string sample with booming low-end and crisp snare","hip hop, trap, bass",chirp-v5,hiphop
hiphop,hardcore hip hop,"hardcore hip hop, confident atmosphere, featuring orchestral string sample with booming low-end and crisp snare","hip hop, boom bap, sample",chirp-v5,hiphop
hiphop,southern hip hop,"southern hip hop, confident atmosphere, featuring orchestral string sample with booming low-end and crisp snare","hip hop, lo-fi, chill",chirp-v5,hiphop
hiphop,alternative hip hop,"alternative hip hop, confident atmosphere, featuring orchestral string sample with booming low-end and crisp snare","hip hop, conscious, jazz",chirp-v5,hiphop
hiphop,boom bap,"boom bap hiphop, introspective atmosphere, featuring orchestral string sample with booming low-end and crisp snare","hip hop, rap, 808",chirp-v5,hiphop
hiphop,trap,"trap hiphop, introspective atmosphere, featuring orchestral string sample with booming low-end and crisp snare","hip hop, trap, bass",chirp-v5,hiphop
hiphop,lo-fi hip hop,"lo-fi hip hop, introspective atmosphere, featuring orchestral string sample with booming low-end and crisp snare","hip hop, boom bap, sample",chirp-v5,hiphop
hiphop,conscious hip hop,"conscious hip hop, introspective atmosphere, featuring orchestral string sample with booming low-end and crisp snare","hip hop, lo-fi, chill",chirp-v5,hiphop
hiphop,drill,"drill hiphop, introspective atmosphere, featuring orchestral string sample with booming low-end and crisp snare","hip hop, conscious, jazz",chirp-v5,hiphop
hiphop,cloud rap,"cloud rap hiphop, introspective atmosphere, featuring orchestral string sample with booming low-end and crisp snare","hip hop, rap, 808",chirp-v5,hiphop
hiphop,jazz rap,"jazz rap hiphop, introspective atmosphere, featuring orchestral string sample with booming low-end and crisp snare","hip hop, trap, bass",chirp-v5,hiphop
hiphop,hardcore hip hop,"hardcore hip hop, introspective atmosphere, featuring orchestral string sample with booming low-end and crisp snare","hip hop, boom bap, sample",chirp-v5,hiphop
hiphop,southern hip hop,"southern hip hop, introspective atmosphere, featuring orchestral string sample with booming low-end and crisp snare","hip hop, lo-fi, chill",chirp-v5,hiphop
hiphop,alternative hip hop,"alternative hip hop, introspective atmosphere, featuring orchestral string sample with booming low-end and crisp snare","hip hop, conscious, jazz",chirp-v5,hiphop
hiphop,boom bap,"boom bap hiphop, aggressive atmosphere, featuring orchestral string sample with booming low-end and crisp snare","hip hop, rap, 808",chirp-v5,hiphop
hiphop,trap,"trap hiphop, aggressive atmosphere, featuring orchestral string sample with booming low-end and crisp snare","hip hop, trap, bass",chirp-v5,hiphop
hiphop,lo-fi hip hop,"lo-fi hip hop, aggressive atmosphere, featuring orchestral string sample with booming low-end and crisp snare","hip hop, boom bap, sample",chirp-v5,hiphop
hiphop,conscious hip hop,"conscious hip hop, aggressive atmosphere, featuring orchestral string sample with booming low-end and crisp snare","hip hop, lo-fi, chill",chirp-v5,hiphop
hiphop,drill,"drill hiphop, aggressive atmosphere, featuring orchestral string sample with booming low-end and crisp snare","hip hop, conscious, jazz",chirp-v5,hiphop
hiphop,cloud rap,"cloud rap hiphop, aggressive atmosphere, featuring orchestral string sample with booming low-end and crisp snare","hip hop, rap, 808",chirp-v5,hiphop
hiphop,jazz rap,"jazz rap hiphop, aggressive atmosphere, featuring orchestral string sample with booming low-end and crisp snare","hip hop, trap, bass",chirp-v5,hiphop
hiphop,hardcore hip hop,"hardcore hip hop, aggressive atmosphere, featuring orchestral string sample with booming low-end and crisp snare","hip hop, boom bap, sample",chirp-v5,hiphop
hiphop,southern hip hop,"southern hip hop, aggressive atmosphere, featuring orchestral string sample with booming low-end and crisp snare","hip hop, lo-fi, chill",chirp-v5,hiphop
hiphop,alternative hip hop,"alternative hip hop, aggressive atmosphere, featuring orchestral string sample with booming low-end and crisp snare","hip hop, conscious, jazz",chirp-v5,hiphop
hiphop,boom bap,"boom bap hiphop, laid-back atmosphere, featuring orchestral string sample with booming low-end and crisp snare","hip hop, rap, 808",chirp-v5,hiphop
hiphop,trap,"trap hiphop, laid-back atmosphere, featuring orchestral string sample with booming low-end and crisp snare","hip hop, trap, bass",chirp-v5,hiphop
hiphop,lo-fi hip hop,"lo-fi hip hop, laid-back atmosphere, featuring orchestral string sample with booming low-end and crisp snare","hip hop, boom bap, sample",chirp-v5,hiphop
hiphop,conscious hip hop,"conscious hip hop, laid-back atmosphere, featuring orchestral string sample with booming low-end and crisp snare","hip hop, lo-fi, chill",chirp-v5,hiphop
hiphop,drill,"drill hiphop, laid-back atmosphere, featuring orchestral string sample with booming low-end and crisp snare","hip hop, conscious, jazz",chirp-v5,hiphop
hiphop,cloud rap,"cloud rap hiphop, laid-back atmosphere, featuring orchestral string sample with booming low-end and crisp snare","hip hop, rap, 808",chirp-v5,hiphop
hiphop,jazz rap,"jazz rap hiphop, laid-back atmosphere, featuring orchestral string sample with booming low-end and crisp snare","hip hop, trap, bass",chirp-v5,hiphop
hiphop,hardcore hip hop,"hardcore hip hop, laid-back atmosphere, featuring orchestral string sample with booming low-end and crisp snare","hip hop, boom bap, sample",chirp-v5,hiphop
hiphop,southern hip hop,"southern hip hop, laid-back atmosphere, featuring orchestral string sample with booming low-end and crisp snare","hip hop, lo-fi, chill",chirp-v5,hiphop
hiphop,alternative hip hop,"alternative hip hop, laid-back atmosphere, featuring orchestral string sample with booming low-end and crisp snare","hip hop, conscious, jazz",chirp-v5,hiphop
hiphop,boom bap,"boom bap hiphop, nostalgic atmosphere, featuring orchestral string sample with booming low-end and crisp snare","hip hop, rap, 808",chirp-v5,hiphop
hiphop,trap,"trap hiphop, nostalgic atmosphere, featuring orchestral string sample with booming low-end and crisp snare","hip hop, trap, bass",chirp-v5,hiphop
hiphop,lo-fi hip hop,"lo-fi hip hop, nostalgic atmosphere, featuring orchestral string sample with booming low-end and crisp snare","hip hop, boom bap, sample",chirp-v5,hiphop
hiphop,conscious hip hop,"conscious hip hop, nostalgic atmosphere, featuring orchestral string sample with booming low-end and crisp snare","hip hop, lo-fi, chill",chirp-v5,hiphop
hiphop,drill,"drill hiphop, nostalgic atmosphere, featuring orchestral string sample with booming low-end and crisp snare","hip hop, conscious, jazz",chirp-v5,hiphop
hiphop,cloud rap,"cloud rap hiphop, nostalgic atmosphere, featuring orchestral string sample with booming low-end and crisp snare","hip hop, rap, 808",chirp-v5,hiphop
hiphop,jazz rap,"jazz rap hiphop, nostalgic atmosphere, featuring orchestral string sample with booming low-end and crisp snare","hip hop, trap, bass",chirp-v5,hiphop
hiphop,hardcore hip hop,"hardcore hip hop, nostalgic atmosphere, featuring orchestral string sample with booming low-end and crisp snare","hip hop, boom bap, sample",chirp-v5,hiphop
hiphop,southern hip hop,"southern hip hop, nostalgic atmosphere, featuring orchestral string sample with booming low-end and crisp snare","hip hop, lo-fi, chill",chirp-v5,hiphop
hiphop,alternative hip hop,"alternative hip hop, nostalgic atmosphere, featuring orchestral string sample with booming low-end and crisp snare","hip hop, conscious, jazz",chirp-v5,hiphop
hiphop,boom bap,"boom bap hiphop, triumphant atmosphere, featuring orchestral string sample with booming low-end and crisp snare","hip hop, rap, 808",chirp-v5,hiphop
hiphop,trap,"trap hiphop, triumphant atmosphere, featuring orchestral string sample with booming low-end and crisp snare","hip hop, trap, bass",chirp-v5,hiphop
hiphop,lo-fi hip hop,"lo-fi hip hop, triumphant atmosphere, featuring orchestral string sample with booming low-end and crisp snare","hip hop, boom bap, sample",chirp-v5,hiphop
hiphop,conscious hip hop,"conscious hip hop, triumphant atmosphere, featuring orchestral string sample with booming low-end and crisp snare","hip hop, lo-fi, chill",chirp-v5,hiphop
hiphop,drill,"drill hiphop, triumphant atmosphere, featuring orchestral string sample with booming low-end and crisp snare","hip hop, conscious, jazz",chirp-v5,hiphop
hiphop,cloud rap,"cloud rap hiphop, triumphant atmosphere, featuring orchestral string sample with booming low-end and crisp snare","hip hop, rap, 808",chirp-v5,hiphop
hiphop,jazz rap,"jazz rap hiphop, triumphant atmosphere, featuring orchestral string sample with booming low-end and crisp snare","hip hop, trap, bass",chirp-v5,hiphop
hiphop,hardcore hip hop,"hardcore hip hop, triumphant atmosphere, featuring orchestral string sample with booming low-end and crisp snare","hip hop, boom bap, sample",chirp-v5,hiphop
hiphop,southern hip hop,"southern hip hop, triumphant atmosphere, featuring orchestral string sample with booming low-end and crisp snare","hip hop, lo-fi, chill",chirp-v5,hiphop
hiphop,alternative hip hop,"alternative hip hop, triumphant atmosphere, featuring orchestral string sample with booming low-end and crisp snare","hip hop, conscious, jazz",chirp-v5,hiphop
hiphop,boom bap,"boom bap hiphop, gritty atmosphere, featuring orchestral string sample with booming low-end and crisp snare","hip hop, rap, 808",chirp-v5,hiphop
hiphop,trap,"trap hiphop, gritty atmosphere, featuring orchestral string sample with booming low-end and crisp snare","hip hop, trap, bass",chirp-v5,hiphop
hiphop,lo-fi hip hop,"lo-fi hip hop, gritty atmosphere, featuring orchestral string sample with booming low-end and crisp snare","hip hop, boom bap, sample",chirp-v5,hiphop
hiphop,conscious hip hop,"conscious hip hop, gritty atmosphere, featuring orchestral string sample with booming low-end and crisp snare","hip hop, lo-fi, chill",chirp-v5,hiphop
hiphop,drill,"drill hiphop, gritty atmosphere, featuring orchestral string sample with booming low-end and crisp snare","hip hop, conscious, jazz",chirp-v5,hiphop
hiphop,cloud rap,"cloud rap hiphop, gritty atmosphere, featuring orchestral string sample with booming low-end and crisp snare","hip hop, rap, 808",chirp-v5,hiphop
hiphop,jazz rap,"jazz rap hiphop, gritty atmosphere, featuring orchestral string sample with booming low-end and crisp snare","hip hop, trap, bass",chirp-v5,hiphop
hiphop,hardcore hip hop,"hardcore hip hop, gritty atmosphere, featuring orchestral string sample with booming low-end and crisp snare","hip hop, boom bap, sample",chirp-v5,hiphop
hiphop,southern hip hop,"southern hip hop, gritty atmosphere, featuring orchestral string sample with booming low-end and crisp snare","hip hop, lo-fi, chill",chirp-v5,hiphop
hiphop,alternative hip hop,"alternative hip hop, gritty atmosphere, featuring orchestral string sample with booming low-end and crisp snare","hip hop, conscious, jazz",chirp-v5,hiphop
hiphop,boom bap,"boom bap hiphop, contemplative atmosphere, featuring orchestral string sample with booming low-end and crisp snare","hip hop, rap, 808",chirp-v5,hiphop
hiphop,trap,"trap hiphop, contemplative atmosphere, featuring orchestral string sample with booming low-end and crisp snare","hip hop, trap, bass",chirp-v5,hiphop
hiphop,lo-fi hip hop,"lo-fi hip hop, contemplative atmosphere, featuring orchestral string sample with booming low-end and crisp snare","hip hop, boom bap, sample",chirp-v5,hiphop
hiphop,conscious hip hop,"conscious hip hop, contemplative atmosphere, featuring orchestral string sample with booming low-end and crisp snare","hip hop, lo-fi, chill",chirp-v5,hiphop
hiphop,drill,"drill hiphop, contemplative atmosphere, featuring orchestral string sample with booming low-end and crisp snare","hip hop, conscious, jazz",chirp-v5,hiphop
hiphop,cloud rap,"cloud rap hiphop, contemplative atmosphere, featuring orchestral string sample with booming low-end and crisp snare","hip hop, rap, 808",chirp-v5,hiphop
hiphop,jazz rap,"jazz rap hiphop, contemplative atmosphere, featuring orchestral string sample with booming low-end and crisp snare","hip hop, trap, bass",chirp-v5,hiphop
hiphop,hardcore hip hop,"hardcore hip hop, contemplative atmosphere, featuring orchestral string sample with booming low-end and crisp snare","hip hop, boom bap, sample",chirp-v5,hiphop
hiphop,southern hip hop,"southern hip hop, contemplative atmosphere, featuring orchestral string sample with booming low-end and crisp snare","hip hop, lo-fi, chill",chirp-v5,hiphop
hiphop,alternative hip hop,"alternative hip hop, contemplative atmosphere, featuring orchestral string sample with booming low-end and crisp snare","hip hop, conscious, jazz",chirp-v5,hiphop
hiphop,boom bap,"boom bap hiphop, hype atmosphere, featuring orchestral string sample with booming low-end and crisp snare","hip hop, rap, 808",chirp-v5,hiphop
hiphop,trap,"trap hiphop, hype atmosphere, featuring orchestral string sample with booming low-end and crisp snare","hip hop, trap, bass",chirp-v5,hiphop
hiphop,lo-fi hip hop,"lo-fi hip hop, hype atmosphere, featuring orchestral string sample with booming low-end and crisp snare","hip hop, boom bap, sample",chirp-v5,hiphop
hiphop,conscious hip hop,"conscious hip hop, hype atmosphere, featuring orchestral string sample with booming low-end and crisp snare","hip hop, lo-fi, chill",chirp-v5,hiphop
hiphop,drill,"drill hiphop, hype atmosphere, featuring orchestral string sample with booming low-end and crisp snare","hip hop, conscious, jazz",chirp-v5,hiphop
hiphop,cloud rap,"cloud rap hiphop, hype atmosphere, featuring orchestral string sample with booming low-end and crisp snare","hip hop, rap, 808",chirp-v5,hiphop
hiphop,jazz rap,"jazz rap hiphop, hype atmosphere, featuring orchestral string sample with booming low-end and crisp snare","hip hop, trap, bass",chirp-v5,hiphop
hiphop,hardcore hip hop,"hardcore hip hop, hype atmosphere, featuring orchestral string sample with booming low-end and crisp snare","hip hop, boom bap, sample",chirp-v5,hiphop
hiphop,southern hip hop,"southern hip hop, hype atmosphere, featuring orchestral string sample with booming low-end and crisp snare","hip hop, lo-fi, chill",chirp-v5,hiphop
hiphop,alternative hip hop,"alternative hip hop, hype atmosphere, featuring orchestral string sample with booming low-end and crisp snare","hip hop, conscious, jazz",chirp-v5,hiphop
hiphop,boom bap,"boom bap hiphop, melancholic atmosphere, featuring orchestral string sample with booming low-end and crisp snare","hip hop, rap, 808",chirp-v5,hiphop
hiphop,trap,"trap hiphop, melancholic atmosphere, featuring orchestral string sample with booming low-end and crisp snare","hip hop, trap, bass",chirp-v5,hiphop
hiphop,lo-fi hip hop,"lo-fi hip hop, melancholic atmosphere, featuring orchestral string sample with booming low-end and crisp snare","hip hop, boom bap, sample",chirp-v5,hiphop
hiphop,conscious hip hop,"conscious hip hop, melancholic atmosphere, featuring orchestral string sample with booming low-end and crisp snare","hip hop, lo-fi, chill",chirp-v5,hiphop
hiphop,drill,"drill hiphop, melancholic atmosphere, featuring orchestral string sample with booming low-end and crisp snare","hip hop, conscious, jazz",chirp-v5,hiphop
hiphop,cloud rap,"cloud rap hiphop, melancholic atmosphere, featuring orchestral string sample with booming low-end and crisp snare","hip hop, rap, 808",chirp-v5,hiphop
hiphop,jazz rap,"jazz rap hiphop, melancholic atmosphere, featuring orchestral string sample with booming low-end and crisp snare","hip hop, trap, bass",chirp-v5,hiphop
hiphop,hardcore hip hop,"hardcore hip hop, melancholic atmosphere, featuring orchestral string sample with booming low-end and crisp snare","hip hop, boom bap, sample",chirp-v5,hiphop
hiphop,southern hip hop,"southern hip hop, melancholic atmosphere, featuring orchestral string sample with booming low-end and crisp snare","hip hop, lo-fi, chill",chirp-v5,hiphop
hiphop,alternative hip hop,"alternative hip hop, melancholic atmosphere, featuring orchestral string sample with booming low-end and crisp snare","hip hop, conscious, jazz",chirp-v5,hiphop
hiphop,boom bap,"boom bap hiphop, confident atmosphere, featuring synth melody over rapid hi-hat rolls and rattling 808s","hip hop, rap, 808",chirp-v5,hiphop
hiphop,trap,"trap hiphop, confident atmosphere, featuring synth melody over rapid hi-hat rolls and rattling 808s","hip hop, trap, bass",chirp-v5,hiphop
hiphop,lo-fi hip hop,"lo-fi hip hop, confident atmosphere, featuring synth melody over rapid hi-hat rolls and rattling 808s","hip hop, boom bap, sample",chirp-v5,hiphop
hiphop,conscious hip hop,"conscious hip hop, confident atmosphere, featuring synth melody over rapid hi-hat rolls and rattling 808s","hip hop, lo-fi, chill",chirp-v5,hiphop
hiphop,drill,"drill hiphop, confident atmosphere, featuring synth melody over rapid hi-hat rolls and rattling 808s","hip hop, conscious, jazz",chirp-v5,hiphop
hiphop,cloud rap,"cloud rap hiphop, confident atmosphere, featuring synth melody over rapid hi-hat rolls and rattling 808s","hip hop, rap, 808",chirp-v5,hiphop
hiphop,jazz rap,"jazz rap hiphop, confident atmosphere, featuring synth melody over rapid hi-hat rolls and rattling 808s","hip hop, trap, bass",chirp-v5,hiphop
hiphop,hardcore hip hop,"hardcore hip hop, confident atmosphere, featuring synth melody over rapid hi-hat rolls and rattling 808s","hip hop, boom bap, sample",chirp-v5,hiphop
hiphop,southern hip hop,"southern hip hop, confident atmosphere, featuring synth melody over rapid hi-hat rolls and rattling 808s","hip hop, lo-fi, chill",chirp-v5,hiphop
hiphop,alternative hip hop,"alternative hip hop, confident atmosphere, featuring synth melody over rapid hi-hat rolls and rattling 808s","hip hop, conscious, jazz",chirp-v5,hiphop
hiphop,boom bap,"boom bap hiphop, introspective atmosphere, featuring synth melody over rapid hi-hat rolls and rattling 808s","hip hop, rap, 808",chirp-v5,hiphop
hiphop,trap,"trap hiphop, introspective atmosphere, featuring synth melody over rapid hi-hat rolls and rattling 808s","hip hop, trap, bass",chirp-v5,hiphop
hiphop,lo-fi hip hop,"lo-fi hip hop, introspective atmosphere, featuring synth melody over rapid hi-hat rolls and rattling 808s","hip hop, boom bap, sample",chirp-v5,hiphop
hiphop,conscious hip hop,"conscious hip hop, introspective atmosphere, featuring synth melody over rapid hi-hat rolls and rattling 808s","hip hop, lo-fi, chill",chirp-v5,hiphop
hiphop,drill,"drill hiphop, introspective atmosphere, featuring synth melody over rapid hi-hat rolls and rattling 808s","hip hop, conscious, jazz",chirp-v5,hiphop
hiphop,cloud rap,"cloud rap hiphop, introspective atmosphere, featuring synth melody over rapid hi-hat rolls and rattling 808s","hip hop, rap, 808",chirp-v5,hiphop
hiphop,jazz rap,"jazz rap hiphop, introspective atmosphere, featuring synth melody over rapid hi-hat rolls and rattling 808s","hip hop, trap, bass",chirp-v5,hiphop
hiphop,hardcore hip hop,"hardcore hip hop, introspective atmosphere, featuring synth melody over rapid hi-hat rolls and rattling 808s","hip hop, boom bap, sample",chirp-v5,hiphop
hiphop,southern hip hop,"southern hip hop, introspective atmosphere, featuring synth melody over rapid hi-hat rolls and rattling 808s","hip hop, lo-fi, chill",chirp-v5,hiphop
hiphop,alternative hip hop,"alternative hip hop, introspective atmosphere, featuring synth melody over rapid hi-hat rolls and rattling 808s","hip hop, conscious, jazz",chirp-v5,hiphop
hiphop,boom bap,"boom bap hiphop, aggressive atmosphere, featuring synth melody over rapid hi-hat rolls and rattling 808s","hip hop, rap, 808",chirp-v5,hiphop
hiphop,trap,"trap hiphop, aggressive atmosphere, featuring synth melody over rapid hi-hat rolls and rattling 808s","hip hop, trap, bass",chirp-v5,hiphop
hiphop,lo-fi hip hop,"lo-fi hip hop, aggressive atmosphere, featuring synth melody over rapid hi-hat rolls and rattling 808s","hip hop, boom bap, sample",chirp-v5,hiphop
hiphop,conscious hip hop,"conscious hip hop, aggressive atmosphere, featuring synth melody over rapid hi-hat rolls and rattling 808s","hip hop, lo-fi, chill",chirp-v5,hiphop
hiphop,drill,"drill hiphop, aggressive atmosphere, featuring synth melody over rapid hi-hat rolls and rattling 808s","hip hop, conscious, jazz",chirp-v5,hiphop
hiphop,cloud rap,"cloud rap hiphop, aggressive atmosphere, featuring synth melody over rapid hi-hat rolls and rattling 808s","hip hop, rap, 808",chirp-v5,hiphop
hiphop,jazz rap,"jazz rap hiphop, aggressive atmosphere, featuring synth melody over rapid hi-hat rolls and rattling 808s","hip hop, trap, bass",chirp-v5,hiphop
hiphop,hardcore hip hop,"hardcore hip hop, aggressive atmosphere, featuring synth melody over rapid hi-hat rolls and rattling 808s","hip hop, boom bap, sample",chirp-v5,hiphop
hiphop,southern hip hop,"southern hip hop, aggressive atmosphere, featuring synth melody over rapid hi-hat rolls and rattling 808s","hip hop, lo-fi, chill",chirp-v5,hiphop
hiphop,alternative hip hop,"alternative hip hop, aggressive atmosphere, featuring synth melody over rapid hi-hat rolls and rattling 808s","hip hop, conscious, jazz",chirp-v5,hiphop
hiphop,boom bap,"boom bap hiphop, laid-back atmosphere, featuring synth melody over rapid hi-hat rolls and rattling 808s","hip hop, rap, 808",chirp-v5,hiphop
hiphop,trap,"trap hiphop, laid-back atmosphere, featuring synth melody over rapid hi-hat rolls and rattling 808s","hip hop, trap, bass",chirp-v5,hiphop
hiphop,lo-fi hip hop,"lo-fi hip hop, laid-back atmosphere, featuring synth melody over rapid hi-hat rolls and rattling 808s","hip hop, boom bap, sample",chirp-v5,hiphop
hiphop,conscious hip hop,"conscious hip hop, laid-back atmosphere, featuring synth melody over rapid hi-hat rolls and rattling 808s","hip hop, lo-fi, chill",chirp-v5,hiphop
hiphop,drill,"drill hiphop, laid-back atmosphere, featuring synth melody over rapid hi-hat rolls and rattling 808s","hip hop, conscious, jazz",chirp-v5,hiphop
hiphop,cloud rap,"cloud rap hiphop, laid-back atmosphere, featuring synth melody over rapid hi-hat rolls and rattling 808s","hip hop, rap, 808",chirp-v5,hiphop
hiphop,jazz rap,"jazz rap hiphop, laid-back atmosphere, featuring synth melody over rapid hi-hat rolls and rattling 808s","hip hop, trap, bass",chirp-v5,hiphop
hiphop,hardcore hip hop,"hardcore hip hop, laid-back atmosphere, featuring synth melody over rapid hi-hat rolls and rattling 808s","hip hop, boom bap, sample",chirp-v5,hiphop
hiphop,southern hip hop,"southern hip hop, laid-back atmosphere, featuring synth melody over rapid hi-hat rolls and rattling 808s","hip hop, lo-fi, chill",chirp-v5,hiphop
hiphop,alternative hip hop,"alternative hip hop, laid-back atmosphere, featuring synth melody over rapid hi-hat rolls and rattling 808s","hip hop, conscious, jazz",chirp-v5,hiphop
hiphop,boom bap,"boom bap hiphop, nostalgic atmosphere, featuring synth melody over rapid hi-hat rolls and rattling 808s","hip hop, rap, 808",chirp-v5,hiphop
hiphop,trap,"trap hiphop, nostalgic atmosphere, featuring synth melody over rapid hi-hat rolls and rattling 808s","hip hop, trap, bass",chirp-v5,hiphop
hiphop,lo-fi hip hop,"lo-fi hip hop, nostalgic atmosphere, featuring synth melody over rapid hi-hat rolls and rattling 808s","hip hop, boom bap, sample",chirp-v5,hiphop
hiphop,conscious hip hop,"conscious hip hop, nostalgic atmosphere, featuring synth melody over rapid hi-hat rolls and rattling 808s","hip hop, lo-fi, chill",chirp-v5,hiphop
hiphop,drill,"drill hiphop, nostalgic atmosphere, featuring synth melody over rapid hi-hat rolls and rattling 808s","hip hop, conscious, jazz",chirp-v5,hiphop
hiphop,cloud rap,"cloud rap hiphop, nostalgic atmosphere, featuring synth melody over rapid hi-hat rolls and rattling 808s","hip hop, rap, 808",chirp-v5,hiphop
hiphop,jazz rap,"jazz rap hiphop, nostalgic atmosphere, featuring synth melody over rapid hi-hat rolls and rattling 808s","hip hop, trap, bass",chirp-v5,hiphop
hiphop,hardcore hip hop,"hardcore hip hop, nostalgic atmosphere, featuring synth melody over rapid hi-hat rolls and rattling 808s","hip hop, boom bap, sample",chirp-v5,hiphop
hiphop,southern hip hop,"southern hip hop, nostalgic atmosphere, featuring synth melody over rapid hi-hat rolls and rattling 808s","hip hop, lo-fi, chill",chirp-v5,hiphop
hiphop,alternative hip hop,"alternative hip hop, nostalgic atmosphere, featuring synth melody over rapid hi-hat rolls and rattling 808s","hip hop, conscious, jazz",chirp-v5,hiphop
hiphop,boom bap,"boom bap hiphop, triumphant atmosphere, featuring synth melody over rapid hi-hat rolls and rattling 808s","hip hop, rap, 808",chirp-v5,hiphop
hiphop,trap,"trap hiphop, triumphant atmosphere, featuring synth melody over rapid hi-hat rolls and rattling 808s","hip hop, trap, bass",chirp-v5,hiphop
hiphop,lo-fi hip hop,"lo-fi hip hop, triumphant atmosphere, featuring synth melody over rapid hi-hat rolls and rattling 808s","hip hop, boom bap, sample",chirp-v5,hiphop
hiphop,conscious hip hop,"conscious hip hop, triumphant atmosphere, featuring synth melody over rapid hi-hat rolls and rattling 808s","hip hop, lo-fi, chill",chirp-v5,hiphop
hiphop,drill,"drill hiphop, triumphant atmosphere, featuring synth melody over rapid hi-hat rolls and rattling 808s","hip hop, conscious, jazz",chirp-v5,hiphop
hiphop,cloud rap,"cloud rap hiphop, triumphant atmosphere, featuring synth melody over rapid hi-hat rolls and rattling 808s","hip hop, rap, 808",chirp-v5,hiphop
hiphop,jazz rap,"jazz rap hiphop, triumphant atmosphere, featuring synth melody over rapid hi-hat rolls and rattling 808s","hip hop, trap, bass",chirp-v5,hiphop
hiphop,hardcore hip hop,"hardcore hip hop, triumphant atmosphere, featuring synth melody over rapid hi-hat rolls and rattling 808s","hip hop, boom bap, sample",chirp-v5,hiphop
hiphop,southern hip hop,"southern hip hop, triumphant atmosphere, featuring synth melody over rapid hi-hat rolls and rattling 808s","hip hop, lo-fi, chill",chirp-v5,hiphop
hiphop,alternative hip hop,"alternative hip hop, triumphant atmosphere, featuring synth melody over rapid hi-hat rolls and rattling 808s","hip hop, conscious, jazz",chirp-v5,hiphop
hiphop,boom bap,"boom bap hiphop, gritty atmosphere, featuring synth melody over rapid hi-hat rolls and rattling 808s","hip hop, rap, 808",chirp-v5,hiphop
hiphop,trap,"trap hiphop, gritty atmosphere, featuring synth melody over rapid hi-hat rolls and rattling 808s","hip hop, trap, bass",chirp-v5,hiphop
hiphop,lo-fi hip hop,"lo-fi hip hop, gritty atmosphere, featuring synth melody over rapid hi-hat rolls and rattling 808s","hip hop, boom bap, sample",chirp-v5,hiphop
hiphop,conscious hip hop,"conscious hip hop, gritty atmosphere, featuring synth melody over rapid hi-hat rolls and rattling 808s","hip hop, lo-fi, chill",chirp-v5,hiphop
hiphop,drill,"drill hiphop, gritty atmosphere, featuring synth melody over rapid hi-hat rolls and rattling 808s","hip hop, conscious, jazz",chirp-v5,hiphop
hiphop,cloud rap,"cloud rap hiphop, gritty atmosphere, featuring synth melody over rapid hi-hat rolls and rattling 808s","hip hop, rap, 808",chirp-v5,hiphop
hiphop,jazz rap,"jazz rap hiphop, gritty atmosphere, featuring synth melody over rapid hi-hat rolls and rattling 808s","hip hop, trap, bass",chirp-v5,hiphop
hiphop,hardcore hip hop,"hardcore hip hop, gritty atmosphere, featuring synth melody over rapid hi-hat rolls and rattling 808s","hip hop, boom bap, sample",chirp-v5,hiphop
hiphop,southern hip hop,"southern hip hop, gritty atmosphere, featuring synth melody over rapid hi-hat rolls and rattling 808s","hip hop, lo-fi, chill",chirp-v5,hiphop
hiphop,alternative hip hop,"alternative hip hop, gritty atmosphere, featuring synth melody over rapid hi-hat rolls and rattling 808s","hip hop, conscious, jazz",chirp-v5,hiphop
hiphop,boom bap,"boom bap hiphop, contemplative atmosphere, featuring synth melody over rapid hi-hat rolls and rattling 808s","hip hop, rap, 808",chirp-v5,hiphop
hiphop,trap,"trap hiphop, contemplative atmosphere, featuring synth melody over rapid hi-hat rolls and rattling 808s","hip hop, trap, bass",chirp-v5,hiphop
hiphop,lo-fi hip hop,"lo-fi hip hop, contemplative atmosphere, featuring synth melody over rapid hi-hat rolls and rattling 808s","hip hop, boom bap, sample",chirp-v5,hiphop
hiphop,conscious hip hop,"conscious hip hop, contemplative atmosphere, featuring synth melody over rapid hi-hat rolls and rattling 808s","hip hop, lo-fi, chill",chirp-v5,hiphop
hiphop,drill,"drill hiphop, contemplative atmosphere, featuring synth melody over rapid hi-hat rolls and rattling 808s","hip hop, conscious, jazz",chirp-v5,hiphop
hiphop,cloud rap,"cloud rap hiphop, contemplative atmosphere, featuring synth melody over rapid hi-hat rolls and rattling 808s","hip hop, rap, 808",chirp-v5,hiphop
hiphop,jazz rap,"jazz rap hiphop, contemplative atmosphere, featuring synth melody over rapid hi-hat rolls and rattling 808s","hip hop, trap, bass",chirp-v5,hiphop
hiphop,hardcore hip hop,"hardcore hip hop, contemplative atmosphere, featuring synth melody over rapid hi-hat rolls and rattling 808s","hip hop, boom bap, sample",chirp-v5,hiphop
hiphop,southern hip hop,"southern hip hop, contemplative atmosphere, featuring synth melody over rapid hi-hat rolls and rattling 808s","hip hop, lo-fi, chill",chirp-v5,hiphop
hiphop,alternative hip hop,"alternative hip hop, contemplative atmosphere, featuring synth melody over rapid hi-hat rolls and rattling 808s","hip hop, conscious, jazz",chirp-v5,hiphop
hiphop,boom bap,"boom bap hiphop, hype atmosphere, featuring synth melody over rapid hi-hat rolls and rattling 808s","hip hop, rap, 808",chirp-v5,hiphop
hiphop,trap,"trap hiphop, hype atmosphere, featuring synth melody over rapid hi-hat rolls and rattling 808s","hip hop, trap, bass",chirp-v5,hiphop
hiphop,lo-fi hip hop,"lo-fi hip hop, hype atmosphere, featuring synth melody over rapid hi-hat rolls and rattling 808s","hip hop, boom bap, sample",chirp-v5,hiphop
hiphop,conscious hip hop,"conscious hip hop, hype atmosphere, featuring synth melody over rapid hi-hat rolls and rattling 808s","hip hop, lo-fi, chill",chirp-v5,hiphop
hiphop,drill,"drill hiphop, hype atmosphere, featuring synth melody over rapid hi-hat rolls and rattling 808s","hip hop, conscious, jazz",chirp-v5,hiphop
hiphop,cloud rap,"cloud rap hiphop, hype atmosphere, featuring synth melody over rapid hi-hat rolls and rattling 808s","hip hop, rap, 808",chirp-v5,hiphop
hiphop,jazz rap,"jazz rap hiphop, hype atmosphere, featuring synth melody over rapid hi-hat rolls and rattling 808s","hip hop, trap, bass",chirp-v5,hiphop
hiphop,hardcore hip hop,"hardcore hip hop, hype atmosphere, featuring synth melody over rapid hi-hat rolls and rattling 808s","hip hop, boom bap, sample",chirp-v5,hiphop
hiphop,southern hip hop,"southern hip hop, hype atmosphere, featuring synth melody over rapid hi-hat rolls and rattling 808s","hip hop, lo-fi, chill",chirp-v5,hiphop
hiphop,alternative hip hop,"alternative hip hop, hype atmosphere, featuring synth melody over rapid hi-hat rolls and rattling 808s","hip hop, conscious, jazz",chirp-v5,hiphop
hiphop,boom bap,"boom bap hiphop, melancholic atmosphere, featuring synth melody over rapid hi-hat rolls and rattling 808s","hip hop, rap, 808",chirp-v5,hiphop
hiphop,trap,"trap hiphop, melancholic atmosphere, featuring synth melody over rapid hi-hat rolls and rattling 808s","hip hop, trap, bass",chirp-v5,hiphop
hiphop,lo-fi hip hop,"lo-fi hip hop, melancholic atmosphere, featuring synth melody over rapid hi-hat rolls and rattling 808s","hip hop, boom bap, sample",chirp-v5,hiphop
hiphop,conscious hip hop,"conscious hip hop, melancholic atmosphere, featuring synth melody over rapid hi-hat rolls and rattling 808s","hip hop, lo-fi, chill",chirp-v5,hiphop
hiphop,drill,"drill hiphop, melancholic atmosphere, featuring synth melody over rapid hi-hat rolls and rattling 808s","hip hop, conscious, jazz",chirp-v5,hiphop
hiphop,cloud rap,"cloud rap hiphop, melancholic atmosphere, featuring synth melody over rapid hi-hat rolls and rattling 808s","hip hop, rap, 808",chirp-v5,hiphop
hiphop,jazz rap,"jazz rap hiphop, melancholic atmosphere, featuring synth melody over rapid hi-hat rolls and rattling 808s","hip hop, trap, bass",chirp-v5,hiphop
hiphop,hardcore hip hop,"hardcore hip hop, melancholic atmosphere, featuring synth melody over rapid hi-hat rolls and rattling 808s","hip hop, boom bap, sample",chirp-v5,hiphop
hiphop,southern hip hop,"southern hip hop, melancholic atmosphere, featuring synth melody over rapid hi-hat rolls and rattling 808s","hip hop, lo-fi, chill",chirp-v5,hiphop
hiphop,alternative hip hop,"alternative hip hop, melancholic atmosphere, featuring synth melody over rapid hi-hat rolls and rattling 808s","hip hop, conscious, jazz",chirp-v5,hiphop
hiphop,boom bap,"boom bap hiphop, confident atmosphere, featuring soulful vocal chop with deep sub bass and clap","hip hop, rap, 808",chirp-v5,hiphop
hiphop,trap,"trap hiphop, confident atmosphere, featuring soulful vocal chop with deep sub bass and clap","hip hop, trap, bass",chirp-v5,hiphop
hiphop,lo-fi hip hop,"lo-fi hip hop, confident atmosphere, featuring soulful vocal chop with deep sub bass and clap","hip hop, boom bap, sample",chirp-v5,hiphop
hiphop,conscious hip hop,"conscious hip hop, confident atmosphere, featuring soulful vocal chop with deep sub bass and clap","hip hop, lo-fi, chill",chirp-v5,hiphop
hiphop,drill,"drill hiphop, confident atmosphere, featuring soulful vocal chop with deep sub bass and clap","hip hop, conscious, jazz",chirp-v5,hiphop
hiphop,cloud rap,"cloud rap hiphop, confident atmosphere, featuring soulful vocal chop with deep sub bass and clap","hip hop, rap, 808",chirp-v5,hiphop
hiphop,jazz rap,"jazz rap hiphop, confident atmosphere, featuring soulful vocal chop with deep sub bass and clap","hip hop, trap, bass",chirp-v5,hiphop
hiphop,hardcore hip hop,"hardcore hip hop, confident atmosphere, featuring soulful vocal chop with deep sub bass and clap","hip hop, boom bap, sample",chirp-v5,hiphop
hiphop,southern hip hop,"southern hip hop, confident atmosphere, featuring soulful vocal chop with deep sub bass and clap","hip hop, lo-fi, chill",chirp-v5,hiphop
hiphop,alternative hip hop,"alternative hip hop, confident atmosphere, featuring soulful vocal chop with deep sub bass and clap","hip hop, conscious, jazz",chirp-v5,hiphop
hiphop,boom bap,"boom bap hiphop, introspective atmosphere, featuring soulful vocal chop with deep sub bass and clap","hip hop, rap, 808",chirp-v5,hiphop
hiphop,trap,"trap hiphop, introspective atmosphere, featuring soulful vocal chop with deep sub bass and clap","hip hop, trap, bass",chirp-v5,hiphop
hiphop,lo-fi hip hop,"lo-fi hip hop, introspective atmosphere, featuring soulful vocal chop with deep sub bass and clap","hip hop, boom bap, sample",chirp-v5,hiphop
hiphop,conscious hip hop,"conscious hip hop, introspective atmosphere, featuring soulful vocal chop with deep sub bass and clap","hip hop, lo-fi, chill",chirp-v5,hiphop
hiphop,drill,"drill hiphop, introspective atmosphere, featuring soulful vocal chop with deep sub bass and clap","hip hop, conscious, jazz",chirp-v5,hiphop
hiphop,cloud rap,"cloud rap hiphop, introspective atmosphere, featuring soulful vocal chop with deep sub bass and clap","hip hop, rap, 808",chirp-v5,hiphop
hiphop,jazz rap,"jazz rap hiphop, introspective atmosphere, featuring soulful vocal chop with deep sub bass and clap","hip hop, trap, bass",chirp-v5,hiphop
hiphop,hardcore hip hop,"hardcore hip hop, introspective atmosphere, featuring soulful vocal chop with deep sub bass and clap","hip hop, boom bap, sample",chirp-v5,hiphop
hiphop,southern hip hop,"southern hip hop, introspective atmosphere, featuring soulful vocal chop with deep sub bass and clap","hip hop, lo-fi, chill",chirp-v5,hiphop
hiphop,alternative hip hop,"alternative hip hop, introspective atmosphere, featuring soulful vocal chop with deep sub bass and clap","hip hop, conscious, jazz",chirp-v5,hiphop
hiphop,boom bap,"boom bap hiphop, aggressive atmosphere, featuring soulful vocal chop with deep sub bass and clap","hip hop, rap, 808",chirp-v5,hiphop
hiphop,trap,"trap hiphop, aggressive atmosphere, featuring soulful vocal chop with deep sub bass and clap","hip hop, trap, bass",chirp-v5,hiphop
hiphop,lo-fi hip hop,"lo-fi hip hop, aggressive atmosphere, featuring soulful vocal chop with deep sub bass and clap","hip hop, boom bap, sample",chirp-v5,hiphop
hiphop,conscious hip hop,"conscious hip hop, aggressive atmosphere, featuring soulful vocal chop with deep sub bass and clap","hip hop, lo-fi, chill",chirp-v5,hiphop
hiphop,drill,"drill hiphop, aggressive atmosphere, featuring soulful vocal chop with deep sub bass and clap","hip hop, conscious, jazz",chirp-v5,hiphop
hiphop,cloud rap,"cloud rap hiphop, aggressive atmosphere, featuring soulful vocal chop with deep sub bass and clap","hip hop, rap, 808",chirp-v5,hiphop
hiphop,jazz rap,"jazz rap hiphop, aggressive atmosphere, featuring soulful vocal chop with deep sub bass and clap","hip hop, trap, bass",chirp-v5,hiphop
hiphop,hardcore hip hop,"hardcore hip hop, aggressive atmosphere, featuring soulful vocal chop with deep sub bass and clap","hip hop, boom bap, sample",chirp-v5,hiphop
hiphop,southern hip hop,"southern hip hop, aggressive atmosphere, featuring soulful vocal chop with deep sub bass and clap","hip hop, lo-fi, chill",chirp-v5,hiphop
hiphop,alternative hip hop,"alternative hip hop, aggressive atmosphere, featuring soulful vocal chop with deep sub bass and clap","hip hop, conscious, jazz",chirp-v5,hiphop
hiphop,boom bap,"boom bap hiphop, laid-back atmosphere, featuring soulful vocal chop with deep sub bass and clap","hip hop, rap, 808",chirp-v5,hiphop
hiphop,trap,"trap hiphop, laid-back atmosphere, featuring soulful vocal chop with deep sub bass and clap","hip hop, trap, bass",chirp-v5,hiphop
hiphop,lo-fi hip hop,"lo-fi hip hop, laid-back atmosphere, featuring soulful vocal chop with deep sub bass and clap","hip hop, boom bap, sample",chirp-v5,hiphop
hiphop,conscious hip hop,"conscious hip hop, laid-back atmosphere, featuring soulful vocal chop with deep sub bass and clap","hip hop, lo-fi, chill",chirp-v5,hiphop
hiphop,drill,"drill hiphop, laid-back atmosphere, featuring soulful vocal chop with deep sub bass and clap","hip hop, conscious, jazz",chirp-v5,hiphop
hiphop,cloud rap,"cloud rap hiphop, laid-back atmosphere, featuring soulful vocal chop with deep sub bass and clap","hip hop, rap, 808",chirp-v5,hiphop
hiphop,jazz rap,"jazz rap hiphop, laid-back atmosphere, featuring soulful vocal chop with deep sub bass and clap","hip hop, trap, bass",chirp-v5,hiphop
hiphop,hardcore hip hop,"hardcore hip hop, laid-back atmosphere, featuring soulful vocal chop with deep sub bass and clap","hip hop, boom bap, sample",chirp-v5,hiphop
hiphop,southern hip hop,"southern hip hop, laid-back atmosphere, featuring soulful vocal chop with deep sub bass and clap","hip hop, lo-fi, chill",chirp-v5,hiphop
hiphop,alternative hip hop,"alternative hip hop, laid-back atmosphere, featuring soulful vocal chop with deep sub bass and clap","hip hop, conscious, jazz",chirp-v5,hiphop
hiphop,boom bap,"boom bap hiphop, nostalgic atmosphere, featuring soulful vocal chop with deep sub bass and clap","hip hop, rap, 808",chirp-v5,hiphop
hiphop,trap,"trap hiphop, nostalgic atmosphere, featuring soulful vocal chop with deep sub bass and clap","hip hop, trap, bass",chirp-v5,hiphop
hiphop,lo-fi hip hop,"lo-fi hip hop, nostalgic atmosphere, featuring soulful vocal chop with deep sub bass and clap","hip hop, boom bap, sample",chirp-v5,hiphop
hiphop,conscious hip hop,"conscious hip hop, nostalgic atmosphere, featuring soulful vocal chop with deep sub bass and clap","hip hop, lo-fi, chill",chirp-v5,hiphop
hiphop,drill,"drill hiphop, nostalgic atmosphere, featuring soulful vocal chop with deep sub bass and clap","hip hop, conscious, jazz",chirp-v5,hiphop
hiphop,cloud rap,"cloud rap hiphop, nostalgic atmosphere, featuring soulful vocal chop with deep sub bass and clap","hip hop, rap, 808",chirp-v5,hiphop
hiphop,jazz rap,"jazz rap hiphop, nostalgic atmosphere, featuring soulful vocal chop with deep sub bass and clap","hip hop, trap, bass",chirp-v5,hiphop
hiphop,hardcore hip hop,"hardcore hip hop, nostalgic atmosphere, featuring soulful vocal chop with deep sub bass and clap","hip hop, boom bap, sample",chirp-v5,hiphop
hiphop,southern hip hop,"southern hip hop, nostalgic atmosphere, featuring soulful vocal chop with deep sub bass and clap","hip hop, lo-fi, chill",chirp-v5,hiphop
hiphop,alternative hip hop,"alternative hip hop, nostalgic atmosphere, featuring soulful vocal chop with deep sub bass and clap","hip hop, conscious, jazz",chirp-v5,hiphop
hiphop,boom bap,"boom bap hiphop, triumphant atmosphere, featuring soulful vocal chop with deep sub bass and clap","hip hop, rap, 808",chirp-v5,hiphop
hiphop,trap,"trap hiphop, triumphant atmosphere, featuring soulful vocal chop with deep sub bass and clap","hip hop, trap, bass",chirp-v5,hiphop
hiphop,lo-fi hip hop,"lo-fi hip hop, triumphant atmosphere, featuring soulful vocal chop with deep sub bass and clap","hip hop, boom bap, sample",chirp-v5,hiphop
hiphop,conscious hip hop,"conscious hip hop, triumphant atmosphere, featuring soulful vocal chop with deep sub bass and clap","hip hop, lo-fi, chill",chirp-v5,hiphop
hiphop,drill,"drill hiphop, triumphant atmosphere, featuring soulful vocal chop with deep sub bass and clap","hip hop, conscious, jazz",chirp-v5,hiphop
hiphop,cloud rap,"cloud rap hiphop, triumphant atmosphere, featuring soulful vocal chop with deep sub bass and clap","hip hop, rap, 808",chirp-v5,hiphop
hiphop,jazz rap,"jazz rap hiphop, triumphant atmosphere, featuring soulful vocal chop with deep sub bass and clap","hip hop, trap, bass",chirp-v5,hiphop
hiphop,hardcore hip hop,"hardcore hip hop, triumphant atmosphere, featuring soulful vocal chop with deep sub bass and clap","hip hop, boom bap, sample",chirp-v5,hiphop
hiphop,southern hip hop,"southern hip hop, triumphant atmosphere, featuring soulful vocal chop with deep sub bass and clap","hip hop, lo-fi, chill",chirp-v5,hiphop
hiphop,alternative hip hop,"alternative hip hop, triumphant atmosphere, featuring soulful vocal chop with deep sub bass and clap","hip hop, conscious, jazz",chirp-v5,hiphop
hiphop,boom bap,"boom bap hiphop, gritty atmosphere, featuring soulful vocal chop with deep sub bass and clap","hip hop, rap, 808",chirp-v5,hiphop
hiphop,trap,"trap hiphop, gritty atmosphere, featuring soulful vocal chop with deep sub bass and clap","hip hop, trap, bass",chirp-v5,hiphop
hiphop,lo-fi hip hop,"lo-fi hip hop, gritty atmosphere, featuring soulful vocal chop with deep sub bass and clap","hip hop, boom bap, sample",chirp-v5,hiphop
hiphop,conscious hip hop,"conscious hip hop, gritty atmosphere, featuring soulful vocal chop with deep sub bass and clap","hip hop, lo-fi, chill",chirp-v5,hiphop
hiphop,drill,"drill hiphop, gritty atmosphere, featuring soulful vocal chop with deep sub bass and clap","hip hop, conscious, jazz",chirp-v5,hiphop
hiphop,cloud rap,"cloud rap hiphop, gritty atmosphere, featuring soulful vocal chop with deep sub bass and clap","hip hop, rap, 808",chirp-v5,hiphop
hiphop,jazz rap,"jazz rap hiphop, gritty atmosphere, featuring soulful vocal chop with deep sub bass and clap","hip hop, trap, bass",chirp-v5,hiphop
hiphop,hardcore hip hop,"hardcore hip hop, gritty atmosphere, featuring soulful vocal chop with deep sub bass and clap","hip hop, boom bap, sample",chirp-v5,hiphop
hiphop,southern hip hop,"southern hip hop, gritty atmosphere, featuring soulful vocal chop with deep sub bass and clap","hip hop, lo-fi, chill",chirp-v5,hiphop
hiphop,alternative hip hop,"alternative hip hop, gritty atmosphere, featuring soulful vocal chop with deep sub bass and clap","hip hop, conscious, jazz",chirp-v5,hiphop
hiphop,boom bap,"boom bap hiphop, contemplative atmosphere, featuring soulful vocal chop with deep sub bass and clap","hip hop, rap, 808",chirp-v5,hiphop
hiphop,trap,"trap hiphop, contemplative atmosphere, featuring soulful vocal chop with deep sub bass and clap","hip hop, trap, bass",chirp-v5,hiphop
hiphop,lo-fi hip hop,"lo-fi hip hop, contemplative atmosphere, featuring soulful vocal chop with deep sub bass and clap","hip hop, boom bap, sample",chirp-v5,hiphop
hiphop,conscious hip hop,"conscious hip hop, contemplative atmosphere, featuring soulful vocal chop with deep sub bass and clap","hip hop, lo-fi, chill",chirp-v5,hiphop
hiphop,drill,"drill hiphop, contemplative atmosphere, featuring soulful vocal chop with deep sub bass and clap","hip hop, conscious, jazz",chirp-v5,hiphop
hiphop,cloud rap,"cloud rap hiphop, contemplative atmosphere, featuring soulful vocal chop with deep sub bass and clap","hip hop, rap, 808",chirp-v5,hiphop
hiphop,jazz rap,"jazz rap hiphop, contemplative atmosphere, featuring soulful vocal chop with deep sub bass and clap","hip hop, trap, bass",chirp-v5,hiphop
hiphop,hardcore hip hop,"hardcore hip hop, contemplative atmosphere, featuring soulful vocal chop with deep sub bass and clap","hip hop, boom bap, sample",chirp-v5,hiphop
hiphop,southern hip hop,"southern hip hop, contemplative atmosphere, featuring soulful vocal chop with deep sub bass and clap","hip hop, lo-fi, chill",chirp-v5,hiphop
hiphop,alternative hip hop,"alternative hip hop, contemplative atmosphere, featuring soulful vocal chop with deep sub bass and clap","hip hop, conscious, jazz",chirp-v5,hiphop
hiphop,boom bap,"boom bap hiphop, hype atmosphere, featuring soulful vocal chop with deep sub bass and clap","hip hop, rap, 808",chirp-v5,hiphop
hiphop,trap,"trap hiphop, hype atmosphere, featuring soulful vocal chop with deep sub bass and clap","hip hop, trap, bass",chirp-v5,hiphop
hiphop,lo-fi hip hop,"lo-fi hip hop, hype atmosphere, featuring soulful vocal chop with deep sub bass and clap","hip hop, boom bap, sample",chirp-v5,hiphop
hiphop,conscious hip hop,"conscious hip hop, hype atmosphere, featuring soulful vocal chop with deep sub bass and clap","hip hop, lo-fi, chill",chirp-v5,hiphop
hiphop,drill,"drill hiphop, hype atmosphere, featuring soulful vocal chop with deep sub bass and clap","hip hop, conscious, jazz",chirp-v5,hiphop
hiphop,cloud rap,"cloud rap hiphop, hype atmosphere, featuring soulful vocal chop with deep sub bass and clap","hip hop, rap, 808",chirp-v5,hiphop
hiphop,jazz rap,"jazz rap hiphop, hype atmosphere, featuring soulful vocal chop with deep sub bass and clap","hip hop, trap, bass",chirp-v5,hiphop
hiphop,hardcore hip hop,"hardcore hip hop, hype atmosphere, featuring soulful vocal chop with deep sub bass and clap","hip hop, boom bap, sample",chirp-v5,hiphop
hiphop,southern hip hop,"southern hip hop, hype atmosphere, featuring soulful vocal chop with deep sub bass and clap","hip hop, lo-fi, chill",chirp-v5,hiphop
hiphop,alternative hip hop,"alternative hip hop, hype atmosphere, featuring soulful vocal chop with deep sub bass and clap","hip hop, conscious, jazz",chirp-v5,hiphop
hiphop,boom bap,"boom bap hiphop, melancholic atmosphere, featuring soulful vocal chop with deep sub bass and clap","hip hop, rap, 808",chirp-v5,hiphop
hiphop,trap,"trap hiphop, melancholic atmosphere, featuring soulful vocal chop with deep sub bass and clap","hip hop, trap, bass",chirp-v5,hiphop
hiphop,lo-fi hip hop,"lo-fi hip hop, melancholic atmosphere, featuring soulful vocal chop with deep sub bass and clap","hip hop, boom bap, sample",chirp-v5,hiphop
hiphop,conscious hip hop,"conscious hip hop, melancholic atmosphere, featuring soulful vocal chop with deep sub bass and clap","hip hop, lo-fi, chill",chirp-v5,hiphop
hiphop,drill,"drill hiphop, melancholic atmosphere, featuring soulful vocal chop with deep sub bass and clap","hip hop, conscious, jazz",chirp-v5,hiphop
hiphop,cloud rap,"cloud rap hiphop, melancholic atmosphere, featuring soulful vocal chop with deep sub bass and clap","hip hop, rap, 808",chirp-v5,hiphop
hiphop,jazz rap,"jazz rap hiphop, melancholic atmosphere, featuring soulful vocal chop with deep sub bass and clap","hip hop, trap, bass",chirp-v5,hiphop
hiphop,hardcore hip hop,"hardcore hip hop, melancholic atmosphere, featuring soulful vocal chop with deep sub bass and clap","hip hop, boom bap, sample",chirp-v5,hiphop
hiphop,southern hip hop,"southern hip hop, melancholic atmosphere, featuring soulful vocal chop with deep sub bass and clap","hip hop, lo-fi, chill",chirp-v5,hiphop
hiphop,alternative hip hop,"alternative hip hop, melancholic atmosphere, featuring soulful vocal chop with deep sub bass and clap","hip hop, conscious, jazz",chirp-v5,hiphop
hiphop,boom bap,"boom bap hiphop, confident atmosphere, featuring grimy horn stabs over a crunchy boom bap pattern","hip hop, rap, 808",chirp-v5,hiphop
hiphop,trap,"trap hiphop, confident atmosphere, featuring grimy horn stabs over a crunchy boom bap pattern","hip hop, trap, bass",chirp-v5,hiphop
hiphop,lo-fi hip hop,"lo-fi hip hop, confident atmosphere, featuring grimy horn stabs over a crunchy boom bap pattern","hip hop, boom bap, sample",chirp-v5,hiphop
hiphop,conscious hip hop,"conscious hip hop, confident atmosphere, featuring grimy horn stabs over a crunchy boom bap pattern","hip hop, lo-fi, chill",chirp-v5,hiphop
hiphop,drill,"drill hiphop, confident atmosphere, featuring grimy horn stabs over a crunchy boom bap pattern","hip hop, conscious, jazz",chirp-v5,hiphop
hiphop,cloud rap,"cloud rap hiphop, confident atmosphere, featuring grimy horn stabs over a crunchy boom bap pattern","hip hop, rap, 808",chirp-v5,hiphop
hiphop,jazz rap,"jazz rap hiphop, confident atmosphere, featuring grimy horn stabs over a crunchy boom bap pattern","hip hop, trap, bass",chirp-v5,hiphop
hiphop,hardcore hip hop,"hardcore hip hop, confident atmosphere, featuring grimy horn stabs over a crunchy boom bap pattern","hip hop, boom bap, sample",chirp-v5,hiphop
hiphop,southern hip hop,"southern hip hop, confident atmosphere, featuring grimy horn stabs over a crunchy boom bap pattern","hip hop, lo-fi, chill",chirp-v5,hiphop
hiphop,alternative hip hop,"alternative hip hop, confident atmosphere, featuring grimy horn stabs over a crunchy boom bap pattern","hip hop, conscious, jazz",chirp-v5,hiphop
hiphop,boom bap,"boom bap hiphop, introspective atmosphere, featuring grimy horn stabs over a crunchy boom bap pattern","hip hop, rap, 808",chirp-v5,hiphop
hiphop,trap,"trap hiphop, introspective atmosphere, featuring grimy horn stabs over a crunchy boom bap pattern","hip hop, trap, bass",chirp-v5,hiphop
hiphop,lo-fi hip hop,"lo-fi hip hop, introspective atmosphere, featuring grimy horn stabs over a crunchy boom bap pattern","hip hop, boom bap, sample",chirp-v5,hiphop
hiphop,conscious hip hop,"conscious hip hop, introspective atmosphere, featuring grimy horn stabs over a crunchy boom bap pattern","hip hop, lo-fi, chill",chirp-v5,hiphop
hiphop,drill,"drill hiphop, introspective atmosphere, featuring grimy horn stabs over a crunchy boom bap pattern","hip hop, conscious, jazz",chirp-v5,hiphop
hiphop,cloud rap,"cloud rap hiphop, introspective atmosphere, featuring grimy horn stabs over a crunchy boom bap pattern","hip hop, rap, 808",chirp-v5,hiphop
hiphop,jazz rap,"jazz rap hiphop, introspective atmosphere, featuring grimy horn stabs over a crunchy boom bap pattern","hip hop, trap, bass",chirp-v5,hiphop
hiphop,hardcore hip hop,"hardcore hip hop, introspective atmosphere, featuring grimy horn stabs over a crunchy boom bap pattern","hip hop, boom bap, sample",chirp-v5,hiphop
hiphop,southern hip hop,"southern hip hop, introspective atmosphere, featuring grimy horn stabs over a crunchy boom bap pattern","hip hop, lo-fi, chill",chirp-v5,hiphop
hiphop,alternative hip hop,"alternative hip hop, introspective atmosphere, featuring grimy horn stabs over a crunchy boom bap pattern","hip hop, conscious, jazz",chirp-v5,hiphop
hiphop,boom bap,"boom bap hiphop, aggressive atmosphere, featuring grimy horn stabs over a crunchy boom bap pattern","hip hop, rap, 808",chirp-v5,hiphop
hiphop,trap,"trap hiphop, aggressive atmosphere, featuring grimy horn stabs over a crunchy boom bap pattern","hip hop, trap, bass",chirp-v5,hiphop
hiphop,lo-fi hip hop,"lo-fi hip hop, aggressive atmosphere, featuring grimy horn stabs over a crunchy boom bap pattern","hip hop, boom bap, sample",chirp-v5,hiphop
hiphop,conscious hip hop,"conscious hip hop, aggressive atmosphere, featuring grimy horn stabs over a crunchy boom bap pattern","hip hop, lo-fi, chill",chirp-v5,hiphop
hiphop,drill,"drill hiphop, aggressive atmosphere, featuring grimy horn stabs over a crunchy boom bap pattern","hip hop, conscious, jazz",chirp-v5,hiphop
hiphop,cloud rap,"cloud rap hiphop, aggressive atmosphere, featuring grimy horn stabs over a crunchy boom bap pattern","hip hop, rap, 808",chirp-v5,hiphop
hiphop,jazz rap,"jazz rap hiphop, aggressive atmosphere, featuring grimy horn stabs over a crunchy boom bap pattern","hip hop, trap, bass",chirp-v5,hiphop
hiphop,hardcore hip hop,"hardcore hip hop, aggressive atmosphere, featuring grimy horn stabs over a crunchy boom bap pattern","hip hop, boom bap, sample",chirp-v5,hiphop
hiphop,southern hip hop,"southern hip hop, aggressive atmosphere, featuring grimy horn stabs over a crunchy boom bap pattern","hip hop, lo-fi, chill",chirp-v5,hiphop
hiphop,alternative hip hop,"alternative hip hop, aggressive atmosphere, featuring grimy horn stabs over a crunchy boom bap pattern","hip hop, conscious, jazz",chirp-v5,hiphop
hiphop,boom bap,"boom bap hiphop, laid-back atmosphere, featuring grimy horn stabs over a crunchy boom bap pattern","hip hop, rap, 808",chirp-v5,hiphop
hiphop,trap,"trap hiphop, laid-back atmosphere, featuring grimy horn stabs over a crunchy boom bap pattern","hip hop, trap, bass",chirp-v5,hiphop
hiphop,lo-fi hip hop,"lo-fi hip hop, laid-back atmosphere, featuring grimy horn stabs over a crunchy boom bap pattern","hip hop, boom bap, sample",chirp-v5,hiphop
hiphop,conscious hip hop,"conscious hip hop, laid-back atmosphere, featuring grimy horn stabs over a crunchy boom bap pattern","hip hop, lo-fi, chill",chirp-v5,hiphop
hiphop,drill,"drill hiphop, laid-back atmosphere, featuring grimy horn stabs over a crunchy boom bap pattern","hip hop, conscious, jazz",chirp-v5,hiphop
hiphop,cloud rap,"cloud rap hiphop, laid-back atmosphere, featuring grimy horn stabs over a crunchy boom bap pattern","hip hop, rap, 808",chirp-v5,hiphop
hiphop,jazz rap,"jazz rap hiphop, laid-back atmosphere, featuring grimy horn stabs over a crunchy boom bap pattern","hip hop, trap, bass",chirp-v5,hiphop
hiphop,hardcore hip hop,"hardcore hip hop, laid-back atmosphere, featuring grimy horn stabs over a crunchy boom bap pattern","hip hop, boom bap, sample",chirp-v5,hiphop
hiphop,southern hip hop,"southern hip hop, laid-back atmosphere, featuring grimy horn stabs over a crunchy boom bap pattern","hip hop, lo-fi, chill",chirp-v5,hiphop
hiphop,alternative hip hop,"alternative hip hop, laid-back atmosphere, featuring grimy horn stabs over a crunchy boom bap pattern","hip hop, conscious, jazz",chirp-v5,hiphop
hiphop,boom bap,"boom bap hiphop, nostalgic atmosphere, featuring grimy horn stabs over a crunchy boom bap pattern","hip hop, rap, 808",chirp-v5,hiphop
hiphop,trap,"trap hiphop, nostalgic atmosphere, featuring grimy horn stabs over a crunchy boom bap pattern","hip hop, trap, bass",chirp-v5,hiphop
hiphop,lo-fi hip hop,"lo-fi hip hop, nostalgic atmosphere, featuring grimy horn stabs over a crunchy boom bap pattern","hip hop, boom bap, sample",chirp-v5,hiphop
hiphop,conscious hip hop,"conscious hip hop, nostalgic atmosphere, featuring grimy horn stabs over a crunchy boom bap pattern","hip hop, lo-fi, chill",chirp-v5,hiphop
hiphop,drill,"drill hiphop, nostalgic atmosphere, featuring grimy horn stabs over a crunchy boom bap pattern","hip hop, conscious, jazz",chirp-v5,hiphop
hiphop,cloud rap,"cloud rap hiphop, nostalgic atmosphere, featuring grimy horn stabs over a crunchy boom bap pattern","hip hop, rap, 808",chirp-v5,hiphop
hiphop,jazz rap,"jazz rap hiphop, nostalgic atmosphere, featuring grimy horn stabs over a crunchy boom bap pattern","hip hop, trap, bass",chirp-v5,hiphop
hiphop,hardcore hip hop,"hardcore hip hop, nostalgic atmosphere, featuring grimy horn stabs over a crunchy boom bap pattern","hip hop, boom bap, sample",chirp-v5,hiphop
hiphop,southern hip hop,"southern hip hop, nostalgic atmosphere, featuring grimy horn stabs over a crunchy boom bap pattern","hip hop, lo-fi, chill",chirp-v5,hiphop
hiphop,alternative hip hop,"alternative hip hop, nostalgic atmosphere, featuring grimy horn stabs over a crunchy boom bap pattern","hip hop, conscious, jazz",chirp-v5,hiphop
hiphop,boom bap,"boom bap hiphop, triumphant atmosphere, featuring grimy horn stabs over a crunchy boom bap pattern","hip hop, rap, 808",chirp-v5,hiphop
hiphop,trap,"trap hiphop, triumphant atmosphere, featuring grimy horn stabs over a crunchy boom bap pattern","hip hop, trap, bass",chirp-v5,hiphop
hiphop,lo-fi hip hop,"lo-fi hip hop, triumphant atmosphere, featuring grimy horn stabs over a crunchy boom bap pattern","hip hop, boom bap, sample",chirp-v5,hiphop
hiphop,conscious hip hop,"conscious hip hop, triumphant atmosphere, featuring grimy horn stabs over a crunchy boom bap pattern","hip hop, lo-fi, chill",chirp-v5,hiphop
hiphop,drill,"drill hiphop, triumphant atmosphere, featuring grimy horn stabs over a crunchy boom bap pattern","hip hop, conscious, jazz",chirp-v5,hiphop
hiphop,cloud rap,"cloud rap hiphop, triumphant atmosphere, featuring grimy horn stabs over a crunchy boom bap pattern","hip hop, rap, 808",chirp-v5,hiphop
hiphop,jazz rap,"jazz rap hiphop, triumphant atmosphere, featuring grimy horn stabs over a crunchy boom bap pattern","hip hop, trap, bass",chirp-v5,hiphop
hiphop,hardcore hip hop,"hardcore hip hop, triumphant atmosphere, featuring grimy horn stabs over a crunchy boom bap pattern","hip hop, boom bap, sample",chirp-v5,hiphop
hiphop,southern hip hop,"southern hip hop, triumphant atmosphere, featuring grimy horn stabs over a crunchy boom bap pattern","hip hop, lo-fi, chill",chirp-v5,hiphop
hiphop,alternative hip hop,"alternative hip hop, triumphant atmosphere, featuring grimy horn stabs over a crunchy boom bap pattern","hip hop, conscious, jazz",chirp-v5,hiphop
hiphop,boom bap,"boom bap hiphop, gritty atmosphere, featuring grimy horn stabs over a crunchy boom bap pattern","hip hop, rap, 808",chirp-v5,hiphop
hiphop,trap,"trap hiphop, gritty atmosphere, featuring grimy horn stabs over a crunchy boom bap pattern","hip hop, trap, bass",chirp-v5,hiphop
hiphop,lo-fi hip hop,"lo-fi hip hop, gritty atmosphere, featuring grimy horn stabs over a crunchy boom bap pattern","hip hop, boom bap, sample",chirp-v5,hiphop
hiphop,conscious hip hop,"conscious hip hop, gritty atmosphere, featuring grimy horn stabs over a crunchy boom bap pattern","hip hop, lo-fi, chill",chirp-v5,hiphop
hiphop,drill,"drill hiphop, gritty atmosphere, featuring grimy horn stabs over a crunchy boom bap pattern","hip hop, conscious, jazz",chirp-v5,hiphop
hiphop,cloud rap,"cloud rap hiphop, gritty atmosphere, featuring grimy horn stabs over a crunchy boom bap pattern","hip hop, rap, 808",chirp-v5,hiphop
hiphop,jazz rap,"jazz rap hiphop, gritty atmosphere, featuring grimy horn stabs over a crunchy boom bap pattern","hip hop, trap, bass",chirp-v5,hiphop
hiphop,hardcore hip hop,"hardcore hip hop, gritty atmosphere, featuring grimy horn stabs over a crunchy boom bap pattern","hip hop, boom bap, sample",chirp-v5,hiphop
hiphop,southern hip hop,"southern hip hop, gritty atmosphere, featuring grimy horn stabs over a crunchy boom bap pattern","hip hop, lo-fi, chill",chirp-v5,hiphop
hiphop,alternative hip hop,"alternative hip hop, gritty atmosphere, featuring grimy horn stabs over a crunchy boom bap pattern","hip hop, conscious, jazz",chirp-v5,hiphop
hiphop,boom bap,"boom bap hiphop, contemplative atmosphere, featuring grimy horn stabs over a crunchy boom bap pattern","hip hop, rap, 808",chirp-v5,hiphop
hiphop,trap,"trap hiphop, contemplative atmosphere, featuring grimy horn stabs over a crunchy boom bap pattern","hip hop, trap, bass",chirp-v5,hiphop
hiphop,lo-fi hip hop,"lo-fi hip hop, contemplative atmosphere, featuring grimy horn stabs over a crunchy boom bap pattern","hip hop, boom bap, sample",chirp-v5,hiphop
hiphop,conscious hip hop,"conscious hip hop, contemplative atmosphere, featuring grimy horn stabs over a crunchy boom bap pattern","hip hop, lo-fi, chill",chirp-v5,hiphop
hiphop,drill,"drill hiphop, contemplative atmosphere, featuring grimy horn stabs over a crunchy boom bap pattern","hip hop, conscious, jazz",chirp-v5,hiphop
hiphop,cloud rap,"cloud rap hiphop, contemplative atmosphere, featuring grimy horn stabs over a crunchy boom bap pattern","hip hop, rap, 808",chirp-v5,hiphop
hiphop,jazz rap,"jazz rap hiphop, contemplative atmosphere, featuring grimy horn stabs over a crunchy boom bap pattern","hip hop, trap, bass",chirp-v5,hiphop
hiphop,hardcore hip hop,"hardcore hip hop, contemplative atmosphere, featuring grimy horn stabs over a crunchy boom bap pattern","hip hop, boom bap, sample",chirp-v5,hiphop
hiphop,southern hip hop,"southern hip hop, contemplative atmosphere, featuring grimy horn stabs over a crunchy boom bap pattern","hip hop, lo-fi, chill",chirp-v5,hiphop
hiphop,alternative hip hop,"alternative hip hop, contemplative atmosphere, featuring grimy horn stabs over a crunchy boom bap pattern","hip hop, conscious, jazz",chirp-v5,hiphop
hiphop,boom bap,"boom bap hiphop, hype atmosphere, featuring grimy horn stabs over a crunchy boom bap pattern","hip hop, rap, 808",chirp-v5,hiphop
hiphop,trap,"trap hiphop, hype atmosphere, featuring grimy horn stabs over a crunchy boom bap pattern","hip hop, trap, bass",chirp-v5,hiphop
hiphop,lo-fi hip hop,"lo-fi hip hop, hype atmosphere, featuring grimy horn stabs over a crunchy boom bap pattern","hip hop, boom bap, sample",chirp-v5,hiphop
hiphop,conscious hip hop,"conscious hip hop, hype atmosphere, featuring grimy horn stabs over a crunchy boom bap pattern","hip hop, lo-fi, chill",chirp-v5,hiphop
hiphop,drill,"drill hiphop, hype atmosphere, featuring grimy horn stabs over a crunchy boom bap pattern","hip hop, conscious, jazz",chirp-v5,hiphop
hiphop,cloud rap,"cloud rap hiphop, hype atmosphere, featuring grimy horn stabs over a crunchy boom bap pattern","hip hop, rap, 808",chirp-v5,hiphop
hiphop,jazz rap,"jazz rap hiphop, hype atmosphere, featuring grimy horn stabs over a crunchy boom bap pattern","hip hop, trap, bass",chirp-v5,hiphop
hiphop,hardcore hip hop,"hardcore hip hop, hype atmosphere, featuring grimy horn stabs over a crunchy boom bap pattern","hip hop, boom bap, sample",chirp-v5,hiphop
hiphop,southern hip hop,"southern hip hop, hype atmosphere, featuring grimy horn stabs over a crunchy boom bap pattern","hip hop, lo-fi, chill",chirp-v5,hiphop
hiphop,alternative hip hop,"alternative hip hop, hype atmosphere, featuring grimy horn stabs over a crunchy boom bap pattern","hip hop, conscious, jazz",chirp-v5,hiphop
hiphop,boom bap,"boom bap hiphop, melancholic atmosphere, featuring grimy horn stabs over a crunchy boom bap pattern","hip hop, rap, 808",chirp-v5,hiphop
hiphop,trap,"trap hiphop, melancholic atmosphere, featuring grimy horn stabs over a crunchy boom bap pattern","hip hop, trap, bass",chirp-v5,hiphop
hiphop,lo-fi hip hop,"lo-fi hip hop, melancholic atmosphere, featuring grimy horn stabs over a crunchy boom bap pattern","hip hop, boom bap, sample",chirp-v5,hiphop
hiphop,conscious hip hop,"conscious hip hop, melancholic atmosphere, featuring grimy horn stabs over a crunchy boom bap pattern","hip hop, lo-fi, chill",chirp-v5,hiphop
hiphop,drill,"drill hiphop, melancholic atmosphere, featuring grimy horn stabs over a crunchy boom bap pattern","hip hop, conscious, jazz",chirp-v5,hiphop
hiphop,cloud rap,"cloud rap hiphop, melancholic atmosphere, featuring grimy horn stabs over a crunchy boom bap pattern","hip hop, rap, 808",chirp-v5,hiphop
hiphop,jazz rap,"jazz rap hiphop, melancholic atmosphere, featuring grimy horn stabs over a crunchy boom bap pattern","hip hop, trap, bass",chirp-v5,hiphop
hiphop,hardcore hip hop,"hardcore hip hop, melancholic atmosphere, featuring grimy horn stabs over a crunchy boom bap pattern","hip hop, boom bap, sample",chirp-v5,hiphop
hiphop,southern hip hop,"southern hip hop, melancholic atmosphere, featuring grimy horn stabs over a crunchy boom bap pattern","hip hop, lo-fi, chill",chirp-v5,hiphop
hiphop,alternative hip hop,"alternative hip hop, melancholic atmosphere, featuring grimy horn stabs over a crunchy boom bap pattern","hip hop, conscious, jazz",chirp-v5,hiphop
hiphop,boom bap,"boom bap hiphop, confident atmosphere, featuring dreamy synth pad with half-time snare and pitched vocals","hip hop, rap, 808",chirp-v5,hiphop
hiphop,trap,"trap hiphop, confident atmosphere, featuring dreamy synth pad with half-time snare and pitched vocals","hip hop, trap, bass",chirp-v5,hiphop
hiphop,lo-fi hip hop,"lo-fi hip hop, confident atmosphere, featuring dreamy synth pad with half-time snare and pitched vocals","hip hop, boom bap, sample",chirp-v5,hiphop
hiphop,conscious hip hop,"conscious hip hop, confident atmosphere, featuring dreamy synth pad with half-time snare and pitched vocals","hip hop, lo-fi, chill",chirp-v5,hiphop
hiphop,drill,"drill hiphop, confident atmosphere, featuring dreamy synth pad with half-time snare and pitched vocals","hip hop, conscious, jazz",chirp-v5,hiphop
hiphop,cloud rap,"cloud rap hiphop, confident atmosphere, featuring dreamy synth pad with half-time snare and pitched vocals","hip hop, rap, 808",chirp-v5,hiphop
hiphop,jazz rap,"jazz rap hiphop, confident atmosphere, featuring dreamy synth pad with half-time snare and pitched vocals","hip hop, trap, bass",chirp-v5,hiphop
hiphop,hardcore hip hop,"hardcore hip hop, confident atmosphere, featuring dreamy synth pad with half-time snare and pitched vocals","hip hop, boom bap, sample",chirp-v5,hiphop
hiphop,southern hip hop,"southern hip hop, confident atmosphere, featuring dreamy synth pad with half-time snare and pitched vocals","hip hop, lo-fi, chill",chirp-v5,hiphop
hiphop,alternative hip hop,"alternative hip hop, confident atmosphere, featuring dreamy synth pad with half-time snare and pitched vocals","hip hop, conscious, jazz",chirp-v5,hiphop
hiphop,boom bap,"boom bap hiphop, introspective atmosphere, featuring dreamy synth pad with half-time snare and pitched vocals","hip hop, rap, 808",chirp-v5,hiphop
hiphop,trap,"trap hiphop, introspective atmosphere, featuring dreamy synth pad with half-time snare and pitched vocals","hip hop, trap, bass",chirp-v5,hiphop
hiphop,lo-fi hip hop,"lo-fi hip hop, introspective atmosphere, featuring dreamy synth pad with half-time snare and pitched vocals","hip hop, boom bap, sample",chirp-v5,hiphop
hiphop,conscious hip hop,"conscious hip hop, introspective atmosphere, featuring dreamy synth pad with half-time snare and pitched vocals","hip hop, lo-fi, chill",chirp-v5,hiphop
hiphop,drill,"drill hiphop, introspective atmosphere, featuring dreamy synth pad with half-time snare and pitched vocals","hip hop, conscious, jazz",chirp-v5,hiphop
hiphop,cloud rap,"cloud rap hiphop, introspective atmosphere, featuring dreamy synth pad with half-time snare and pitched vocals","hip hop, rap, 808",chirp-v5,hiphop
hiphop,jazz rap,"jazz rap hiphop, introspective atmosphere, featuring dreamy synth pad with half-time snare and pitched vocals","hip hop, trap, bass",chirp-v5,hiphop
hiphop,hardcore hip hop,"hardcore hip hop, introspective atmosphere, featuring dreamy synth pad with half-time snare and pitched vocals","hip hop, boom bap, sample",chirp-v5,hiphop
hiphop,southern hip hop,"southern hip hop, introspective atmosphere, featuring dreamy synth pad with half-time snare and pitched vocals","hip hop, lo-fi, chill",chirp-v5,hiphop
hiphop,alternative hip hop,"alternative hip hop, introspective atmosphere, featuring dreamy synth pad with half-time snare and pitched vocals","hip hop, conscious, jazz",chirp-v5,hiphop
hiphop,boom bap,"boom bap hiphop, aggressive atmosphere, featuring dreamy synth pad with half-time snare and pitched vocals","hip hop, rap, 808",chirp-v5,hiphop
hiphop,trap,"trap hiphop, aggressive atmosphere, featuring dreamy synth pad with half-time snare and pitched vocals","hip hop, trap, bass",chirp-v5,hiphop
hiphop,lo-fi hip hop,"lo-fi hip hop, aggressive atmosphere, featuring dreamy synth pad with half-time snare and pitched vocals","hip hop, boom bap, sample",chirp-v5,hiphop
hiphop,conscious hip hop,"conscious hip hop, aggressive atmosphere, featuring dreamy synth pad with half-time snare and pitched vocals","hip hop, lo-fi, chill",chirp-v5,hiphop
hiphop,drill,"drill hiphop, aggressive atmosphere, featuring dreamy synth pad with half-time snare and pitched vocals","hip hop, conscious, jazz",chirp-v5,hiphop
hiphop,cloud rap,"cloud rap hiphop, aggressive atmosphere, featuring dreamy synth pad with half-time snare and pitched vocals","hip hop, rap, 808",chirp-v5,hiphop
hiphop,jazz rap,"jazz rap hiphop, aggressive atmosphere, featuring dreamy synth pad with half-time snare and pitched vocals","hip hop, trap, bass",chirp-v5,hiphop
hiphop,hardcore hip hop,"hardcore hip hop, aggressive atmosphere, featuring dreamy synth pad with half-time snare and pitched vocals","hip hop, boom bap, sample",chirp-v5,hiphop
hiphop,southern hip hop,"southern hip hop, aggressive atmosphere, featuring dreamy synth pad with half-time snare and pitched vocals","hip hop, lo-fi, chill",chirp-v5,hiphop
hiphop,alternative hip hop,"alternative hip hop, aggressive atmosphere, featuring dreamy synth pad with half-time snare and pitched vocals","hip hop, conscious, jazz",chirp-v5,hiphop
hiphop,boom bap,"boom bap hiphop, laid-back atmosphere, featuring dreamy synth pad with half-time snare and pitched vocals","hip hop, rap, 808",chirp-v5,hiphop
hiphop,trap,"trap hiphop, laid-back atmosphere, featuring dreamy synth pad with half-time snare and pitched vocals","hip hop, trap, bass",chirp-v5,hiphop
hiphop,lo-fi hip hop,"lo-fi hip hop, laid-back atmosphere, featuring dreamy synth pad with half-time snare and pitched vocals","hip hop, boom bap, sample",chirp-v5,hiphop
hiphop,conscious hip hop,"conscious hip hop, laid-back atmosphere, featuring dreamy synth pad with half-time snare and pitched vocals","hip hop, lo-fi, chill",chirp-v5,hiphop
hiphop,drill,"drill hiphop, laid-back atmosphere, featuring dreamy synth pad with half-time snare and pitched vocals","hip hop, conscious, jazz",chirp-v5,hiphop
hiphop,cloud rap,"cloud rap hiphop, laid-back atmosphere, featuring dreamy synth pad with half-time snare and pitched vocals","hip hop, rap, 808",chirp-v5,hiphop
hiphop,jazz rap,"jazz rap hiphop, laid-back atmosphere, featuring dreamy synth pad with half-time snare and pitched vocals","hip hop, trap, bass",chirp-v5,hiphop
hiphop,hardcore hip hop,"hardcore hip hop, laid-back atmosphere, featuring dreamy synth pad with half-time snare and pitched vocals","hip hop, boom bap, sample",chirp-v5,hiphop
hiphop,southern hip hop,"southern hip hop, laid-back atmosphere, featuring dreamy synth pad with half-time snare and pitched vocals","hip hop, lo-fi, chill",chirp-v5,hiphop
hiphop,alternative hip hop,"alternative hip hop, laid-back atmosphere, featuring dreamy synth pad with half-time snare and pitched vocals","hip hop, conscious, jazz",chirp-v5,hiphop
hiphop,boom bap,"boom bap hiphop, nostalgic atmosphere, featuring dreamy synth pad with half-time snare and pitched vocals","hip hop, rap, 808",chirp-v5,hiphop
hiphop,trap,"trap hiphop, nostalgic atmosphere, featuring dreamy synth pad with half-time snare and pitched vocals","hip hop, trap, bass",chirp-v5,hiphop
hiphop,lo-fi hip hop,"lo-fi hip hop, nostalgic atmosphere, featuring dreamy synth pad with half-time snare and pitched vocals","hip hop, boom bap, sample",chirp-v5,hiphop
hiphop,conscious hip hop,"conscious hip hop, nostalgic atmosphere, featuring dreamy synth pad with half-time snare and pitched vocals","hip hop, lo-fi, chill",chirp-v5,hiphop
hiphop,drill,"drill hiphop, nostalgic atmosphere, featuring dreamy synth pad with half-time snare and pitched vocals","hip hop, conscious, jazz",chirp-v5,hiphop
hiphop,cloud rap,"cloud rap hiphop, nostalgic atmosphere, featuring dreamy synth pad with half-time snare and pitched vocals","hip hop, rap, 808",chirp-v5,hiphop
hiphop,jazz rap,"jazz rap hiphop, nostalgic atmosphere, featuring dreamy synth pad with half-time snare and pitched vocals","hip hop, trap, bass",chirp-v5,hiphop
hiphop,hardcore hip hop,"hardcore hip hop, nostalgic atmosphere, featuring dreamy synth pad with half-time snare and pitched vocals","hip hop, boom bap, sample",chirp-v5,hiphop
hiphop,southern hip hop,"southern hip hop, nostalgic atmosphere, featuring dreamy synth pad with half-time snare and pitched vocals","hip hop, lo-fi, chill",chirp-v5,hiphop
hiphop,alternative hip hop,"alternative hip hop, nostalgic atmosphere, featuring dreamy synth pad with half-time snare and pitched vocals","hip hop, conscious, jazz",chirp-v5,hiphop
hiphop,boom bap,"boom bap hiphop, triumphant atmosphere, featuring dreamy synth pad with half-time snare and pitched vocals","hip hop, rap, 808",chirp-v5,hiphop
hiphop,trap,"trap hiphop, triumphant atmosphere, featuring dreamy synth pad with half-time snare and pitched vocals","hip hop, trap, bass",chirp-v5,hiphop
hiphop,lo-fi hip hop,"lo-fi hip hop, triumphant atmosphere, featuring dreamy synth pad with half-time snare and pitched vocals","hip hop, boom bap, sample",chirp-v5,hiphop
hiphop,conscious hip hop,"conscious hip hop, triumphant atmosphere, featuring dreamy synth pad with half-time snare and pitched vocals","hip hop, lo-fi, chill",chirp-v5,hiphop
hiphop,drill,"drill hiphop, triumphant atmosphere, featuring dreamy synth pad with half-time snare and pitched vocals","hip hop, conscious, jazz",chirp-v5,hiphop
hiphop,cloud rap,"cloud rap hiphop, triumphant atmosphere, featuring dreamy synth pad with half-time snare and pitched vocals","hip hop, rap, 808",chirp-v5,hiphop
hiphop,jazz rap,"jazz rap hiphop, triumphant atmosphere, featuring dreamy synth pad with half-time snare and pitched vocals","hip hop, trap, bass",chirp-v5,hiphop
hiphop,hardcore hip hop,"hardcore hip hop, triumphant atmosphere, featuring dreamy synth pad with half-time snare and pitched vocals","hip hop, boom bap, sample",chirp-v5,hiphop
hiphop,southern hip hop,"southern hip hop, triumphant atmosphere, featuring dreamy synth pad with half-time snare and pitched vocals","hip hop, lo-fi, chill",chirp-v5,hiphop
hiphop,alternative hip hop,"alternative hip hop, triumphant atmosphere, featuring dreamy synth pad with half-time snare and pitched vocals","hip hop, conscious, jazz",chirp-v5,hiphop
hiphop,boom bap,"boom bap hiphop, gritty atmosphere, featuring dreamy synth pad with half-time snare and pitched vocals","hip hop, rap, 808",chirp-v5,hiphop
hiphop,trap,"trap hiphop, gritty atmosphere, featuring dreamy synth pad with half-time snare and pitched vocals","hip hop, trap, bass",chirp-v5,hiphop
hiphop,lo-fi hip hop,"lo-fi hip hop, gritty atmosphere, featuring dreamy synth pad with half-time snare and pitched vocals","hip hop, boom bap, sample",chirp-v5,hiphop
hiphop,conscious hip hop,"conscious hip hop, gritty atmosphere, featuring dreamy synth pad with half-time snare and pitched vocals","hip hop, lo-fi, chill",chirp-v5,hiphop
hiphop,drill,"drill hiphop, gritty atmosphere, featuring dreamy synth pad with half-time snare and pitched vocals","hip hop, conscious, jazz",chirp-v5,hiphop
hiphop,cloud rap,"cloud rap hiphop, gritty atmosphere, featuring dreamy synth pad with half-time snare and pitched vocals","hip hop, rap, 808",chirp-v5,hiphop
hiphop,jazz rap,"jazz rap hiphop, gritty atmosphere, featuring dreamy synth pad with half-time snare and pitched vocals","hip hop, trap, bass",chirp-v5,hiphop
hiphop,hardcore hip hop,"hardcore hip hop, gritty atmosphere, featuring dreamy synth pad with half-time snare and pitched vocals","hip hop, boom bap, sample",chirp-v5,hiphop
hiphop,southern hip hop,"southern hip hop, gritty atmosphere, featuring dreamy synth pad with half-time snare and pitched vocals","hip hop, lo-fi, chill",chirp-v5,hiphop
hiphop,alternative hip hop,"alternative hip hop, gritty atmosphere, featuring dreamy synth pad with half-time snare and pitched vocals","hip hop, conscious, jazz",chirp-v5,hiphop
hiphop,boom bap,"boom bap hiphop, contemplative atmosphere, featuring dreamy synth pad with half-time snare and pitched vocals","hip hop, rap, 808",chirp-v5,hiphop
hiphop,trap,"trap hiphop, contemplative atmosphere, featuring dreamy synth pad with half-time snare and pitched vocals","hip hop, trap, bass",chirp-v5,hiphop
hiphop,lo-fi hip hop,"lo-fi hip hop, contemplative atmosphere, featuring dreamy synth pad with half-time snare and pitched vocals","hip hop, boom bap, sample",chirp-v5,hiphop
hiphop,conscious hip hop,"conscious hip hop, contemplative atmosphere, featuring dreamy synth pad with half-time snare and pitched vocals","hip hop, lo-fi, chill",chirp-v5,hiphop
hiphop,drill,"drill hiphop, contemplative atmosphere, featuring dreamy synth pad with half-time snare and pitched vocals","hip hop, conscious, jazz",chirp-v5,hiphop
hiphop,cloud rap,"cloud rap hiphop, contemplative atmosphere, featuring dreamy synth pad with half-time snare and pitched vocals","hip hop, rap, 808",chirp-v5,hiphop
hiphop,jazz rap,"jazz rap hiphop, contemplative atmosphere, featuring dreamy synth pad with half-time snare and pitched vocals","hip hop, trap, bass",chirp-v5,hiphop
hiphop,hardcore hip hop,"hardcore hip hop, contemplative atmosphere, featuring dreamy synth pad with half-time snare and pitched vocals","hip hop, boom bap, sample",chirp-v5,hiphop
hiphop,southern hip hop,"southern hip hop, contemplative atmosphere, featuring dreamy synth pad with half-time snare and pitched vocals","hip hop, lo-fi, chill",chirp-v5,hiphop
hiphop,alternative hip hop,"alternative hip hop, contemplative atmosphere, featuring dreamy synth pad with half-time snare and pitched vocals","hip hop, conscious, jazz",chirp-v5,hiphop
hiphop,boom bap,"boom bap hiphop, hype atmosphere, featuring dreamy synth pad with half-time snare and pitched vocals","hip hop, rap, 808",chirp-v5,hiphop
hiphop,trap,"trap hiphop, hype atmosphere, featuring dreamy synth pad with half-time snare and pitched vocals","hip hop, trap, bass",chirp-v5,hiphop
hiphop,lo-fi hip hop,"lo-fi hip hop, hype atmosphere, featuring dreamy synth pad with half-time snare and pitched vocals","hip hop, boom bap, sample",chirp-v5,hiphop
hiphop,conscious hip hop,"conscious hip hop, hype atmosphere, featuring dreamy synth pad with half-time snare and pitched vocals","hip hop, lo-fi, chill",chirp-v5,hiphop
hiphop,drill,"drill hiphop, hype atmosphere, featuring dreamy synth pad with half-time snare and pitched vocals","hip hop, conscious, jazz",chirp-v5,hiphop
hiphop,cloud rap,"cloud rap hiphop, hype atmosphere, featuring dreamy synth pad with half-time snare and pitched vocals","hip hop, rap, 808",chirp-v5,hiphop
hiphop,jazz rap,"jazz rap hiphop, hype atmosphere, featuring dreamy synth pad with half-time snare and pitched vocals","hip hop, trap, bass",chirp-v5,hiphop
hiphop,hardcore hip hop,"hardcore hip hop, hype atmosphere, featuring dreamy synth pad with half-time snare and pitched vocals","hip hop, boom bap, sample",chirp-v5,hiphop
hiphop,southern hip hop,"southern hip hop, hype atmosphere, featuring dreamy synth pad with half-time snare and pitched vocals","hip hop, lo-fi, chill",chirp-v5,hiphop
hiphop,alternative hip hop,"alternative hip hop, hype atmosphere, featuring dreamy synth pad with half-time snare and pitched vocals","hip hop, conscious, jazz",chirp-v5,hiphop
hiphop,boom bap,"boom bap hiphop, melancholic atmosphere, featuring dreamy synth pad with half-time snare and pitched vocals","hip hop, rap, 808",chirp-v5,hiphop
hiphop,trap,"trap hiphop, melancholic atmosphere, featuring dreamy synth pad with half-time snare and pitched vocals","hip hop, trap, bass",chirp-v5,hiphop
hiphop,lo-fi hip hop,"lo-fi hip hop, melancholic atmosphere, featuring dreamy synth pad with half-time snare and pitched vocals","hip hop, boom bap, sample",chirp-v5,hiphop
hiphop,conscious hip hop,"conscious hip hop, melancholic atmosphere, featuring dreamy synth pad with half-time snare and pitched vocals","hip hop, lo-fi, chill",chirp-v5,hiphop
hiphop,drill,"drill hiphop, melancholic atmosphere, featuring dreamy synth pad with half-time snare and pitched vocals","hip hop, conscious, jazz",chirp-v5,hiphop
hiphop,cloud rap,"cloud rap hiphop, melancholic atmosphere, featuring dreamy synth pad with half-time snare and pitched vocals","hip hop, rap, 808",chirp-v5,hiphop
hiphop,jazz rap,"jazz rap hiphop, melancholic atmosphere, featuring dreamy synth pad with half-time snare and pitched vocals","hip hop, trap, bass",chirp-v5,hiphop
hiphop,hardcore hip hop,"hardcore hip hop, melancholic atmosphere, featuring dreamy synth pad with half-time snare and pitched vocals","hip hop, boom bap, sample",chirp-v5,hiphop
hiphop,southern hip hop,"southern hip hop, melancholic atmosphere, featuring dreamy synth pad with half-time snare and pitched vocals","hip hop, lo-fi, chill",chirp-v5,hiphop
hiphop,alternative hip hop,"alternative hip hop, melancholic atmosphere, featuring dreamy synth pad with half-time snare and pitched vocals","hip hop, conscious, jazz",chirp-v5,hiphop
hiphop,boom bap,"boom bap hiphop, confident atmosphere, featuring sampled soul loop chopped over hard-hitting 808 bass and snare","hip hop, rap, 808",chirp-v5,hiphop
hiphop,trap,"trap hiphop, confident atmosphere, featuring sampled soul loop chopped over hard-hitting 808 bass and snare","hip hop, trap, bass",chirp-v5,hiphop
hiphop,lo-fi hip hop,"lo-fi hip hop, confident atmosphere, featuring sampled soul loop chopped over hard-hitting 808 bass and snare","hip hop, boom bap, sample",chirp-v5,hiphop
hiphop,conscious hip hop,"conscious hip hop, confident atmosphere, featuring sampled soul loop chopped over hard-hitting 808 bass and snare","hip hop, lo-fi, chill",chirp-v5,hiphop
hiphop,drill,"drill hiphop, confident atmosphere, featuring sampled soul loop chopped over hard-hitting 808 bass and snare","hip hop, conscious, jazz",chirp-v5,hiphop
hiphop,cloud rap,"cloud rap hiphop, confident atmosphere, featuring sampled soul loop chopped over hard-hitting 808 bass and snare","hip hop, rap, 808",chirp-v5,hiphop
hiphop,jazz rap,"jazz rap hiphop, confident atmosphere, featuring sampled soul loop chopped over hard-hitting 808 bass and snare","hip hop, trap, bass",chirp-v5,hiphop
hiphop,hardcore hip hop,"hardcore hip hop, confident atmosphere, featuring sampled soul loop chopped over hard-hitting 808 bass and snare","hip hop, boom bap, sample",chirp-v5,hiphop
hiphop,southern hip hop,"southern hip hop, confident atmosphere, featuring sampled soul loop chopped over hard-hitting 808 bass and snare","hip hop, lo-fi, chill",chirp-v5,hiphop
hiphop,alternative hip hop,"alternative hip hop, confident atmosphere, featuring sampled soul loop chopped over hard-hitting 808 bass and snare","hip hop, conscious, jazz",chirp-v5,hiphop
hiphop,boom bap,"boom bap hiphop, introspective atmosphere, featuring sampled soul loop chopped over hard-hitting 808 bass and snare","hip hop, rap, 808",chirp-v5,hiphop
hiphop,trap,"trap hiphop, introspective atmosphere, featuring sampled soul loop chopped over hard-hitting 808 bass and snare","hip hop, trap, bass",chirp-v5,hiphop
hiphop,lo-fi hip hop,"lo-fi hip hop, introspective atmosphere, featuring sampled soul loop chopped over hard-hitting 808 bass and snare","hip hop, boom bap, sample",chirp-v5,hiphop
hiphop,conscious hip hop,"conscious hip hop, introspective atmosphere, featuring sampled soul loop chopped over hard-hitting 808 bass and snare","hip hop, lo-fi, chill",chirp-v5,hiphop
hiphop,drill,"drill hiphop, introspective atmosphere, featuring sampled soul loop chopped over hard-hitting 808 bass and snare","hip hop, conscious, jazz",chirp-v5,hiphop
hiphop,cloud rap,"cloud rap hiphop, introspective atmosphere, featuring sampled soul loop chopped over hard-hitting 808 bass and snare","hip hop, rap, 808",chirp-v5,hiphop
hiphop,jazz rap,"jazz rap hiphop, introspective atmosphere, featuring sampled soul loop chopped over hard-hitting 808 bass and snare","hip hop, trap, bass",chirp-v5,hiphop
hiphop,hardcore hip hop,"hardcore hip hop, introspective atmosphere, featuring sampled soul loop chopped over hard-hitting 808 bass and snare","hip hop, boom bap, sample",chirp-v5,hiphop
hiphop,southern hip hop,"southern hip hop, introspective atmosphere, featuring sampled soul loop chopped over hard-hitting 808 bass and snare","hip hop, lo-fi, chill",chirp-v5,hiphop
hiphop,alternative hip hop,"alternative hip hop, introspective atmosphere, featuring sampled soul loop chopped over hard-hitting 808 bass and snare","hip hop, conscious, jazz",chirp-v5,hiphop
hiphop,boom bap,"boom bap hiphop, aggressive atmosphere, featuring sampled soul loop chopped over hard-hitting 808 bass and snare","hip hop, rap, 808",chirp-v5,hiphop
hiphop,trap,"trap hiphop, aggressive atmosphere, featuring sampled soul loop chopped over hard-hitting 808 bass and snare","hip hop, trap, bass",chirp-v5,hiphop
hiphop,lo-fi hip hop,"lo-fi hip hop, aggressive atmosphere, featuring sampled soul loop chopped over hard-hitting 808 bass and snare","hip hop, boom bap, sample",chirp-v5,hiphop
hiphop,conscious hip hop,"conscious hip hop, aggressive atmosphere, featuring sampled soul loop chopped over hard-hitting 808 bass and snare","hip hop, lo-fi, chill",chirp-v5,hiphop
hiphop,drill,"drill hiphop, aggressive atmosphere, featuring sampled soul loop chopped over hard-hitting 808 bass and snare","hip hop, conscious, jazz",chirp-v5,hiphop
hiphop,cloud rap,"cloud rap hiphop, aggressive atmosphere, featuring sampled soul loop chopped over hard-hitting 808 bass and snare","hip hop, rap, 808",chirp-v5,hiphop
hiphop,jazz rap,"jazz rap hiphop, aggressive atmosphere, featuring sampled soul loop chopped over hard-hitting 808 bass and snare","hip hop, trap, bass",chirp-v5,hiphop
hiphop,hardcore hip hop,"hardcore hip hop, aggressive atmosphere, featuring sampled soul loop chopped over hard-hitting 808 bass and snare","hip hop, boom bap, sample",chirp-v5,hiphop
hiphop,southern hip hop,"southern hip hop, aggressive atmosphere, featuring sampled soul loop chopped over hard-hitting 808 bass and snare","hip hop, lo-fi, chill",chirp-v5,hiphop
hiphop,alternative hip hop,"alternative hip hop, aggressive atmosphere, featuring sampled soul loop chopped over hard-hitting 808 bass and snare","hip hop, conscious, jazz",chirp-v5,hiphop
hiphop,boom bap,"boom bap hiphop, laid-back atmosphere, featuring sampled soul loop chopped over hard-hitting 808 bass and snare","hip hop, rap, 808",chirp-v5,hiphop
hiphop,trap,"trap hiphop, laid-back atmosphere, featuring sampled soul loop chopped over hard-hitting 808 bass and snare","hip hop, trap, bass",chirp-v5,hiphop
hiphop,lo-fi hip hop,"lo-fi hip hop, laid-back atmosphere, featuring sampled soul loop chopped over hard-hitting 808 bass and snare","hip hop, boom bap, sample",chirp-v5,hiphop
hiphop,conscious hip hop,"conscious hip hop, laid-back atmosphere, featuring sampled soul loop chopped over hard-hitting 808 bass and snare","hip hop, lo-fi, chill",chirp-v5,hiphop
hiphop,drill,"drill hiphop, laid-back atmosphere, featuring sampled soul loop chopped over hard-hitting 808 bass and snare","hip hop, conscious, jazz",chirp-v5,hiphop
hiphop,cloud rap,"cloud rap hiphop, laid-back atmosphere, featuring sampled soul loop chopped over hard-hitting 808 bass and snare","hip hop, rap, 808",chirp-v5,hiphop
hiphop,jazz rap,"jazz rap hiphop, laid-back atmosphere, featuring sampled soul loop chopped over hard-hitting 808 bass and snare","hip hop, trap, bass",chirp-v5,hiphop
hiphop,hardcore hip hop,"hardcore hip hop, laid-back atmosphere, featuring sampled soul loop chopped over hard-hitting 808 bass and snare","hip hop, boom bap, sample",chirp-v5,hiphop
hiphop,southern hip hop,"southern hip hop, laid-back atmosphere, featuring sampled soul loop chopped over hard-hitting 808 bass and snare","hip hop, lo-fi, chill",chirp-v5,hiphop
hiphop,alternative hip hop,"alternative hip hop, laid-back atmosphere, featuring sampled soul loop chopped over hard-hitting 808 bass and snare","hip hop, conscious, jazz",chirp-v5,hiphop
hiphop,boom bap,"boom bap hiphop, nostalgic atmosphere, featuring sampled soul loop chopped over hard-hitting 808 bass and snare","hip hop, rap, 808",chirp-v5,hiphop
hiphop,trap,"trap hiphop, nostalgic atmosphere, featuring sampled soul loop chopped over hard-hitting 808 bass and snare","hip hop, trap, bass",chirp-v5,hiphop
hiphop,lo-fi hip hop,"lo-fi hip hop, nostalgic atmosphere, featuring sampled soul loop chopped over hard-hitting 808 bass and snare","hip hop, boom bap, sample",chirp-v5,hiphop
hiphop,conscious hip hop,"conscious hip hop, nostalgic atmosphere, featuring sampled soul loop chopped over hard-hitting 808 bass and snare","hip hop, lo-fi, chill",chirp-v5,hiphop
hiphop,drill,"drill hiphop, nostalgic atmosphere, featuring sampled soul loop chopped over hard-hitting 808 bass and snare","hip hop, conscious, jazz",chirp-v5,hiphop
hiphop,cloud rap,"cloud rap hiphop, nostalgic atmosphere, featuring sampled soul loop chopped over hard-hitting 808 bass and snare","hip hop, rap, 808",chirp-v5,hiphop
hiphop,jazz rap,"jazz rap hiphop, nostalgic atmosphere, featuring sampled soul loop chopped over hard-hitting 808 bass and snare","hip hop, trap, bass",chirp-v5,hiphop
hiphop,hardcore hip hop,"hardcore hip hop, nostalgic atmosphere, featuring sampled soul loop chopped over hard-hitting 808 bass and snare","hip hop, boom bap, sample",chirp-v5,hiphop
hiphop,southern hip hop,"southern hip hop, nostalgic atmosphere, featuring sampled soul loop chopped over hard-hitting 808 bass and snare","hip hop, lo-fi, chill",chirp-v5,hiphop
hiphop,alternative hip hop,"alternative hip hop, nostalgic atmosphere, featuring sampled soul loop chopped over hard-hitting 808 bass and snare","hip hop, conscious, jazz",chirp-v5,hiphop
hiphop,boom bap,"boom bap hiphop, triumphant atmosphere, featuring sampled soul loop chopped over hard-hitting 808 bass and snare","hip hop, rap, 808",chirp-v5,hiphop
hiphop,trap,"trap hiphop, triumphant atmosphere, featuring sampled soul loop chopped over hard-hitting 808 bass and snare","hip hop, trap, bass",chirp-v5,hiphop
hiphop,lo-fi hip hop,"lo-fi hip hop, triumphant atmosphere, featuring sampled soul loop chopped over hard-hitting 808 bass and snare","hip hop, boom bap, sample",chirp-v5,hiphop
hiphop,conscious hip hop,"conscious hip hop, triumphant atmosphere, featuring sampled soul loop chopped over hard-hitting 808 bass and snare","hip hop, lo-fi, chill",chirp-v5,hiphop
hiphop,drill,"drill hiphop, triumphant atmosphere, featuring sampled soul loop chopped over hard-hitting 808 bass and snare","hip hop, conscious, jazz",chirp-v5,hiphop
hiphop,cloud rap,"cloud rap hiphop, triumphant atmosphere, featuring sampled soul loop chopped over hard-hitting 808 bass and snare","hip hop, rap, 808",chirp-v5,hiphop
hiphop,jazz rap,"jazz rap hiphop, triumphant atmosphere, featuring sampled soul loop chopped over hard-hitting 808 bass and snare","hip hop, trap, bass",chirp-v5,hiphop
hiphop,hardcore hip hop,"hardcore hip hop, triumphant atmosphere, featuring sampled soul loop chopped over hard-hitting 808 bass and snare","hip hop, boom bap, sample",chirp-v5,hiphop
hiphop,southern hip hop,"southern hip hop, triumphant atmosphere, featuring sampled soul loop chopped over hard-hitting 808 bass and snare","hip hop, lo-fi, chill",chirp-v5,hiphop
hiphop,alternative hip hop,"alternative hip hop, triumphant atmosphere, featuring sampled soul loop chopped over hard-hitting 808 bass and snare","hip hop, conscious, jazz",chirp-v5,hiphop
hiphop,boom bap,"boom bap hiphop, gritty atmosphere, featuring sampled soul loop chopped over hard-hitting 808 bass and snare","hip hop, rap, 808",chirp-v5,hiphop
hiphop,trap,"trap hiphop, gritty atmosphere, featuring sampled soul loop chopped over hard-hitting 808 bass and snare","hip hop, trap, bass",chirp-v5,hiphop
hiphop,lo-fi hip hop,"lo-fi hip hop, gritty atmosphere, featuring sampled soul loop chopped over hard-hitting 808 bass and snare","hip hop, boom bap, sample",chirp-v5,hiphop
hiphop,conscious hip hop,"conscious hip hop, gritty atmosphere, featuring sampled soul loop chopped over hard-hitting 808 bass and snare","hip hop, lo-fi, chill",chirp-v5,hiphop
hiphop,drill,"drill hiphop, gritty atmosphere, featuring sampled soul loop chopped over hard-hitting 808 bass and snare","hip hop, conscious, jazz",chirp-v5,hiphop
hiphop,cloud rap,"cloud rap hiphop, gritty atmosphere, featuring sampled soul loop chopped over hard-hitting 808 bass and snare","hip hop, rap, 808",chirp-v5,hiphop
hiphop,jazz rap,"jazz rap hiphop, gritty atmosphere, featuring sampled soul loop chopped over hard-hitting 808 bass and snare","hip hop, trap, bass",chirp-v5,hiphop
hiphop,hardcore hip hop,"hardcore hip hop, gritty atmosphere, featuring sampled soul loop chopped over hard-hitting 808 bass and snare","hip hop, boom bap, sample",chirp-v5,hiphop
hiphop,southern hip hop,"southern hip hop, gritty atmosphere, featuring sampled soul loop chopped over hard-hitting 808 bass and snare","hip hop, lo-fi, chill",chirp-v5,hiphop
hiphop,alternative hip hop,"alternative hip hop, gritty atmosphere, featuring sampled soul loop chopped over hard-hitting 808 bass and snare","hip hop, conscious, jazz",chirp-v5,hiphop
hiphop,boom bap,"boom bap hiphop, contemplative atmosphere, featuring sampled soul loop chopped over hard-hitting 808 bass and snare","hip hop, rap, 808",chirp-v5,hiphop
hiphop,trap,"trap hiphop, contemplative atmosphere, featuring sampled soul loop chopped over hard-hitting 808 bass and snare","hip hop, trap, bass",chirp-v5,hiphop
hiphop,lo-fi hip hop,"lo-fi hip hop, contemplative atmosphere, featuring sampled soul loop chopped over hard-hitting 808 bass and snare","hip hop, boom bap, sample",chirp-v5,hiphop
hiphop,conscious hip hop,"conscious hip hop, contemplative atmosphere, featuring sampled soul loop chopped over hard-hitting 808 bass and snare","hip hop, lo-fi, chill",chirp-v5,hiphop
hiphop,drill,"drill hiphop, contemplative atmosphere, featuring sampled soul loop chopped over hard-hitting 808 bass and snare","hip hop, conscious, jazz",chirp-v5,hiphop
hiphop,cloud rap,"cloud rap hiphop, contemplative atmosphere, featuring sampled soul loop chopped over hard-hitting 808 bass and snare","hip hop, rap, 808",chirp-v5,hiphop
hiphop,jazz rap,"jazz rap hiphop, contemplative atmosphere, featuring sampled soul loop chopped over hard-hitting 808 bass and snare","hip hop, trap, bass",chirp-v5,hiphop
hiphop,hardcore hip hop,"hardcore hip hop, contemplative atmosphere, featuring sampled soul loop chopped over hard-hitting 808 bass and snare","hip hop, boom bap, sample",chirp-v5,hiphop
hiphop,southern hip hop,"southern hip hop, contemplative atmosphere, featuring sampled soul loop chopped over hard-hitting 808 bass and snare","hip hop, lo-fi, chill",chirp-v5,hiphop
hiphop,alternative hip hop,"alternative hip hop, contemplative atmosphere, featuring sampled soul loop chopped over hard-hitting 808 bass and snare","hip hop, conscious, jazz",chirp-v5,hiphop
hiphop,boom bap,"boom bap hiphop, hype atmosphere, featuring sampled soul loop chopped over hard-hitting 808 bass and snare","hip hop, rap, 808",chirp-v5,hiphop
hiphop,trap,"trap hiphop, hype atmosphere, featuring sampled soul loop chopped over hard-hitting 808 bass and snare","hip hop, trap, bass",chirp-v5,hiphop
hiphop,lo-fi hip hop,"lo-fi hip hop, hype atmosphere, featuring sampled soul loop chopped over hard-hitting 808 bass and snare","hip hop, boom bap, sample",chirp-v5,hiphop
hiphop,conscious hip hop,"conscious hip hop, hype atmosphere, featuring sampled soul loop chopped over hard-hitting 808 bass and snare","hip hop, lo-fi, chill",chirp-v5,hiphop
hiphop,drill,"drill hiphop, hype atmosphere, featuring sampled soul loop chopped over hard-hitting 808 bass and snare","hip hop, conscious, jazz",chirp-v5,hiphop
hiphop,cloud rap,"cloud rap hiphop, hype atmosphere, featuring sampled soul loop chopped over hard-hitting 808 bass and snare","hip hop, rap, 808",chirp-v5,hiphop
hiphop,jazz rap,"jazz rap hiphop, hype atmosphere, featuring sampled soul loop chopped over hard-hitting 808 bass and snare","hip hop, trap, bass",chirp-v5,hiphop
hiphop,hardcore hip hop,"hardcore hip hop, hype atmosphere, featuring sampled soul loop chopped over hard-hitting 808 bass and snare","hip hop, boom bap, sample",chirp-v5,hiphop
hiphop,southern hip hop,"southern hip hop, hype atmosphere, featuring sampled soul loop chopped over hard-hitting 808 bass and snare","hip hop, lo-fi, chill",chirp-v5,hiphop
hiphop,alternative hip hop,"alternative hip hop, hype atmosphere, featuring sampled soul loop chopped over hard-hitting 808 bass and snare","hip hop, conscious, jazz",chirp-v5,hiphop
hiphop,boom bap,"boom bap hiphop, melancholic atmosphere, featuring sampled soul loop chopped over hard-hitting 808 bass and snare","hip hop, rap, 808",chirp-v5,hiphop
hiphop,trap,"trap hiphop, melancholic atmosphere, featuring sampled soul loop chopped over hard-hitting 808 bass and snare","hip hop, trap, bass",chirp-v5,hiphop
hiphop,lo-fi hip hop,"lo-fi hip hop, melancholic atmosphere, featuring sampled soul loop chopped over hard-hitting 808 bass and snare","hip hop, boom bap, sample",chirp-v5,hiphop
hiphop,conscious hip hop,"conscious hip hop, melancholic atmosphere, featuring sampled soul loop chopped over hard-hitting 808 bass and snare","hip hop, lo-fi, chill",chirp-v5,hiphop
hiphop,drill,"drill hiphop, melancholic atmosphere, featuring sampled soul loop chopped over hard-hitting 808 bass and snare","hip hop, conscious, jazz",chirp-v5,hiphop
hiphop,cloud rap,"cloud rap hiphop, melancholic atmosphere, featuring sampled soul loop chopped over hard-hitting 808 bass and snare","hip hop, rap, 808",chirp-v5,hiphop
hiphop,jazz rap,"jazz rap hiphop, melancholic atmosphere, featuring sampled soul loop chopped over hard-hitting 808 bass and snare","hip hop, trap, bass",chirp-v5,hiphop
hiphop,hardcore hip hop,"hardcore hip hop, melancholic atmosphere, featuring sampled soul loop chopped over hard-hitting 808 bass and snare","hip hop, boom bap, sample",chirp-v5,hiphop
hiphop,southern hip hop,"southern hip hop, melancholic atmosphere, featuring sampled soul loop chopped over hard-hitting 808 bass and snare","hip hop, lo-fi, chill",chirp-v5,hiphop
hiphop,alternative hip hop,"alternative hip hop, melancholic atmosphere, featuring sampled soul loop chopped over hard-hitting 808 bass and snare","hip hop, conscious, jazz",chirp-v5,hiphop
hiphop,boom bap,"boom bap hiphop, confident atmosphere, featuring dusty vinyl sample with boom bap drums and punchy kick","hip hop, rap, 808",chirp-v5,hiphop
hiphop,trap,"trap hiphop, confident atmosphere, featuring dusty vinyl sample with boom bap drums and punchy kick","hip hop, trap, bass",chirp-v5,hiphop
hiphop,lo-fi hip hop,"lo-fi hip hop, confident atmosphere, featuring dusty vinyl sample with boom bap drums and punchy kick","hip hop, boom bap, sample",chirp-v5,hiphop
hiphop,conscious hip hop,"conscious hip hop, confident atmosphere, featuring dusty vinyl sample with boom bap drums and punchy kick","hip hop, lo-fi, chill",chirp-v5,hiphop
hiphop,drill,"drill hiphop, confident atmosphere, featuring dusty vinyl sample with boom bap drums and punchy kick","hip hop, conscious, jazz",chirp-v5,hiphop
hiphop,cloud rap,"cloud rap hiphop, confident atmosphere, featuring dusty vinyl sample with boom bap drums and punchy kick","hip hop, rap, 808",chirp-v5,hiphop
hiphop,jazz rap,"jazz rap hiphop, confident atmosphere, featuring dusty vinyl sample with boom bap drums and punchy kick","hip hop, trap, bass",chirp-v5,hiphop
hiphop,hardcore hip hop,"hardcore hip hop, confident atmosphere, featuring dusty vinyl sample with boom bap drums and punchy kick","hip hop, boom bap, sample",chirp-v5,hiphop
hiphop,southern hip hop,"southern hip hop, confident atmosphere, featuring dusty vinyl sample with boom bap drums and punchy kick","hip hop, lo-fi, chill",chirp-v5,hiphop
hiphop,alternative hip hop,"alternative hip hop, confident atmosphere, featuring dusty vinyl sample with boom bap drums and punchy kick","hip hop, conscious, jazz",chirp-v5,hiphop
hiphop,boom bap,"boom bap hiphop, introspective atmosphere, featuring dusty vinyl sample with boom bap drums and punchy kick","hip hop, rap, 808",chirp-v5,hiphop
hiphop,trap,"trap hiphop, introspective atmosphere, featuring dusty vinyl sample with boom bap drums and punchy kick","hip hop, trap, bass",chirp-v5,hiphop
hiphop,lo-fi hip hop,"lo-fi hip hop, introspective atmosphere, featuring dusty vinyl sample with boom bap drums and punchy kick","hip hop, boom bap, sample",chirp-v5,hiphop
hiphop,conscious hip hop,"conscious hip hop, introspective atmosphere, featuring dusty vinyl sample with boom bap drums and punchy kick","hip hop, lo-fi, chill",chirp-v5,hiphop
hiphop,drill,"drill hiphop, introspective atmosphere, featuring dusty vinyl sample with boom bap drums and punchy kick","hip hop, conscious, jazz",chirp-v5,hiphop
hiphop,cloud rap,"cloud rap hiphop, introspective atmosphere, featuring dusty vinyl sample with boom bap drums and punchy kick","hip hop, rap, 808",chirp-v5,hiphop
hiphop,jazz rap,"jazz rap hiphop, introspective atmosphere, featuring dusty vinyl sample with boom bap drums and punchy kick","hip hop, trap, bass",chirp-v5,hiphop
hiphop,hardcore hip hop,"hardcore hip hop, introspective atmosphere, featuring dusty vinyl sample with boom bap drums and punchy kick","hip hop, boom bap, sample",chirp-v5,hiphop
hiphop,southern hip hop,"southern hip hop, introspective atmosphere, featuring dusty vinyl sample with boom bap drums and punchy kick","hip hop, lo-fi, chill",chirp-v5,hiphop
hiphop,alternative hip hop,"alternative hip hop, introspective atmosphere, featuring dusty vinyl sample with boom bap drums and punchy kick","hip hop, conscious, jazz",chirp-v5,hiphop
hiphop,boom bap,"boom bap hiphop, aggressive atmosphere, featuring dusty vinyl sample with boom bap drums and punchy kick","hip hop, rap, 808",chirp-v5,hiphop
hiphop,trap,"trap hiphop, aggressive atmosphere, featuring dusty vinyl sample with boom bap drums and punchy kick","hip hop, trap, bass",chirp-v5,hiphop
hiphop,lo-fi hip hop,"lo-fi hip hop, aggressive atmosphere, featuring dusty vinyl sample with boom bap drums and punchy kick","hip hop, boom bap, sample",chirp-v5,hiphop
hiphop,conscious hip hop,"conscious hip hop, aggressive atmosphere, featuring dusty vinyl sample with boom bap drums and punchy kick","hip hop, lo-fi, chill",chirp-v5,hiphop
hiphop,drill,"drill hiphop, aggressive atmosphere, featuring dusty vinyl sample with boom bap drums and punchy kick","hip hop, conscious, jazz",chirp-v5,hiphop
hiphop,cloud rap,"cloud rap hiphop, aggressive atmosphere, featuring dusty vinyl sample with boom bap drums and punchy kick","hip hop, rap, 808",chirp-v5,hiphop
hiphop,jazz rap,"jazz rap hiphop, aggressive atmosphere, featuring dusty vinyl sample with boom bap drums and punchy kick","hip hop, trap, bass",chirp-v5,hiphop
hiphop,hardcore hip hop,"hardcore hip hop, aggressive atmosphere, featuring dusty vinyl sample with boom bap drums and punchy kick","hip hop, boom bap, sample",chirp-v5,hiphop
hiphop,southern hip hop,"southern hip hop, aggressive atmosphere, featuring dusty vinyl sample with boom bap drums and punchy kick","hip hop, lo-fi, chill",chirp-v5,hiphop
hiphop,alternative hip hop,"alternative hip hop, aggressive atmosphere, featuring dusty vinyl sample with boom bap drums and punchy kick","hip hop, conscious, jazz",chirp-v5,hiphop
hiphop,boom bap,"boom bap hiphop, laid-back atmosphere, featuring dusty vinyl sample with boom bap drums and punchy kick","hip hop, rap, 808",chirp-v5,hiphop
hiphop,trap,"trap hiphop, laid-back atmosphere, featuring dusty vinyl sample with boom bap drums and punchy kick","hip hop, trap, bass",chirp-v5,hiphop
hiphop,lo-fi hip hop,"lo-fi hip hop, laid-back atmosphere, featuring dusty vinyl sample with boom bap drums and punchy kick","hip hop, boom bap, sample",chirp-v5,hiphop
hiphop,conscious hip hop,"conscious hip hop, laid-back atmosphere, featuring dusty vinyl sample with boom bap drums and punchy kick","hip hop, lo-fi, chill",chirp-v5,hiphop
hiphop,drill,"drill hiphop, laid-back atmosphere, featuring dusty vinyl sample with boom bap drums and punchy kick","hip hop, conscious, jazz",chirp-v5,hiphop
hiphop,cloud rap,"cloud rap hiphop, laid-back atmosphere, featuring dusty vinyl sample with boom bap drums and punchy kick","hip hop, rap, 808",chirp-v5,hiphop
hiphop,jazz rap,"jazz rap hiphop, laid-back atmosphere, featuring dusty vinyl sample with boom bap drums and punchy kick","hip hop, trap, bass",chirp-v5,hiphop
hiphop,hardcore hip hop,"hardcore hip hop, laid-back atmosphere, featuring dusty vinyl sample with boom bap drums and punchy kick","hip hop, boom bap, sample",chirp-v5,hiphop
hiphop,southern hip hop,"southern hip hop, laid-back atmosphere, featuring dusty vinyl sample with boom bap drums and punchy kick","hip hop, lo-fi, chill",chirp-v5,hiphop
hiphop,alternative hip hop,"alternative hip hop, laid-back atmosphere, featuring dusty vinyl sample with boom bap drums and punchy kick","hip hop, conscious, jazz",chirp-v5,hiphop
hiphop,boom bap,"boom bap hiphop, nostalgic atmosphere, featuring dusty vinyl sample with boom bap drums and punchy kick","hip hop, rap, 808",chirp-v5,hiphop
hiphop,trap,"trap hiphop, nostalgic atmosphere, featuring dusty vinyl sample with boom bap drums and punchy kick","hip hop, trap, bass",chirp-v5,hiphop
hiphop,lo-fi hip hop,"lo-fi hip hop, nostalgic atmosphere, featuring dusty vinyl sample with boom bap drums and punchy kick","hip hop, boom bap, sample",chirp-v5,hiphop
hiphop,conscious hip hop,"conscious hip hop, nostalgic atmosphere, featuring dusty vinyl sample with boom bap drums and punchy kick","hip hop, lo-fi, chill",chirp-v5,hiphop
hiphop,drill,"drill hiphop, nostalgic atmosphere, featuring dusty vinyl sample with boom bap drums and punchy kick","hip hop, conscious, jazz",chirp-v5,hiphop
hiphop,cloud rap,"cloud rap hiphop, nostalgic atmosphere, featuring dusty vinyl sample with boom bap drums and punchy kick","hip hop, rap, 808",chirp-v5,hiphop
hiphop,jazz rap,"jazz rap hiphop, nostalgic atmosphere, featuring dusty vinyl sample with boom bap drums and punchy kick","hip hop, trap, bass",chirp-v5,hiphop
hiphop,hardcore hip hop,"hardcore hip hop, nostalgic atmosphere, featuring dusty vinyl sample with boom bap drums and punchy kick","hip hop, boom bap, sample",chirp-v5,hiphop
hiphop,southern hip hop,"southern hip hop, nostalgic atmosphere, featuring dusty vinyl sample with boom bap drums and punchy kick","hip hop, lo-fi, chill",chirp-v5,hiphop
hiphop,alternative hip hop,"alternative hip hop, nostalgic atmosphere, featuring dusty vinyl sample with boom bap drums and punchy kick","hip hop, conscious, jazz",chirp-v5,hiphop
hiphop,boom bap,"boom bap hiphop, triumphant atmosphere, featuring dusty vinyl sample with boom bap drums and punchy kick","hip hop, rap, 808",chirp-v5,hiphop
hiphop,trap,"trap hiphop, triumphant atmosphere, featuring dusty vinyl sample with boom bap drums and punchy kick","hip hop, trap, bass",chirp-v5,hiphop
hiphop,lo-fi hip hop,"lo-fi hip hop, triumphant atmosphere, featuring dusty vinyl sample with boom bap drums and punchy kick","hip hop, boom bap, sample",chirp-v5,hiphop
hiphop,conscious hip hop,"conscious hip hop, triumphant atmosphere, featuring dusty vinyl sample with boom bap drums and punchy kick","hip hop, lo-fi, chill",chirp-v5,hiphop
hiphop,drill,"drill hiphop, triumphant atmosphere, featuring dusty vinyl sample with boom bap drums and punchy kick","hip hop, conscious, jazz",chirp-v5,hiphop
hiphop,cloud rap,"cloud rap hiphop, triumphant atmosphere, featuring dusty vinyl sample with boom bap drums and punchy kick","hip hop, rap, 808",chirp-v5,hiphop
hiphop,jazz rap,"jazz rap hiphop, triumphant atmosphere, featuring dusty vinyl sample with boom bap drums and punchy kick","hip hop, trap, bass",chirp-v5,hiphop
hiphop,hardcore hip hop,"hardcore hip hop, triumphant atmosphere, featuring dusty vinyl sample with boom bap drums and punchy kick","hip hop, boom bap, sample",chirp-v5,hiphop
hiphop,southern hip hop,"southern hip hop, triumphant atmosphere, featuring dusty vinyl sample with boom bap drums and punchy kick","hip hop, lo-fi, chill",chirp-v5,hiphop
hiphop,alternative hip hop,"alternative hip hop, triumphant atmosphere, featuring dusty vinyl sample with boom bap drums and punchy kick","hip hop, conscious, jazz",chirp-v5,hiphop
hiphop,boom bap,"boom bap hiphop, gritty atmosphere, featuring dusty vinyl sample with boom bap drums and punchy kick","hip hop, rap, 808",chirp-v5,hiphop
hiphop,trap,"trap hiphop, gritty atmosphere, featuring dusty vinyl sample with boom bap drums and punchy kick","hip hop, trap, bass",chirp-v5,hiphop
hiphop,lo-fi hip hop,"lo-fi hip hop, gritty atmosphere, featuring dusty vinyl sample with boom bap drums and punchy kick","hip hop, boom bap, sample",chirp-v5,hiphop
hiphop,conscious hip hop,"conscious hip hop, gritty atmosphere, featuring dusty vinyl sample with boom bap drums and punchy kick","hip hop, lo-fi, chill",chirp-v5,hiphop
hiphop,drill,"drill hiphop, gritty atmosphere, featuring dusty vinyl sample with boom bap drums and punchy kick","hip hop, conscious, jazz",chirp-v5,hiphop
hiphop,cloud rap,"cloud rap hiphop, gritty atmosphere, featuring dusty vinyl sample with boom bap drums and punchy kick","hip hop, rap, 808",chirp-v5,hiphop
hiphop,jazz rap,"jazz rap hiphop, gritty atmosphere, featuring dusty vinyl sample with boom bap drums and punchy kick","hip hop, trap, bass",chirp-v5,hiphop
hiphop,hardcore hip hop,"hardcore hip hop, gritty atmosphere, featuring dusty vinyl sample with boom bap drums and punchy kick","hip hop, boom bap, sample",chirp-v5,hiphop
hiphop,southern hip hop,"southern hip hop, gritty atmosphere, featuring dusty vinyl sample with boom bap drums and punchy kick","hip hop, lo-fi, chill",chirp-v5,hiphop
hiphop,alternative hip hop,"alternative hip hop, gritty atmosphere, featuring dusty vinyl sample with boom bap drums and punchy kick","hip hop, conscious, jazz",chirp-v5,hiphop
hiphop,boom bap,"boom bap hiphop, contemplative atmosphere, featuring dusty vinyl sample with boom bap drums and punchy kick","hip hop, rap, 808",chirp-v5,hiphop
hiphop,trap,"trap hiphop, contemplative atmosphere, featuring dusty vinyl sample with boom bap drums and punchy kick","hip hop, trap, bass",chirp-v5,hiphop
hiphop,lo-fi hip hop,"lo-fi hip hop, contemplative atmosphere, featuring dusty vinyl sample with boom bap drums and punchy kick","hip hop, boom bap, sample",chirp-v5,hiphop
hiphop,conscious hip hop,"conscious hip hop, contemplative atmosphere, featuring dusty vinyl sample with boom bap drums and punchy kick","hip hop, lo-fi, chill",chirp-v5,hiphop
hiphop,drill,"drill hiphop, contemplative atmosphere, featuring dusty vinyl sample with boom bap drums and punchy kick","hip hop, conscious, jazz",chirp-v5,hiphop
hiphop,cloud rap,"cloud rap hiphop, contemplative atmosphere, featuring dusty vinyl sample with boom bap drums and punchy kick","hip hop, rap, 808",chirp-v5,hiphop
hiphop,jazz rap,"jazz rap hiphop, contemplative atmosphere, featuring dusty vinyl sample with boom bap drums and punchy kick","hip hop, trap, bass",chirp-v5,hiphop
hiphop,hardcore hip hop,"hardcore hip hop, contemplative atmosphere, featuring dusty vinyl sample with boom bap drums and punchy kick","hip hop, boom bap, sample",chirp-v5,hiphop
hiphop,southern hip hop,"southern hip hop, contemplative atmosphere, featuring dusty vinyl sample with boom bap drums and punchy kick","hip hop, lo-fi, chill",chirp-v5,hiphop
hiphop,alternative hip hop,"alternative hip hop, contemplative atmosphere, featuring dusty vinyl sample with boom bap drums and punchy kick","hip hop, conscious, jazz",chirp-v5,hiphop
hiphop,boom bap,"boom bap hiphop, hype atmosphere, featuring dusty vinyl sample with boom bap drums and punchy kick","hip hop, rap, 808",chirp-v5,hiphop
hiphop,trap,"trap hiphop, hype atmosphere, featuring dusty vinyl sample with boom bap drums and punchy kick","hip hop, trap, bass",chirp-v5,hiphop
hiphop,lo-fi hip hop,"lo-fi hip hop, hype atmosphere, featuring dusty vinyl sample with boom bap drums and punchy kick","hip hop, boom bap, sample",chirp-v5,hiphop
hiphop,conscious hip hop,"conscious hip hop, hype atmosphere, featuring dusty vinyl sample with boom bap drums and punchy kick","hip hop, lo-fi, chill",chirp-v5,hiphop
hiphop,drill,"drill hiphop, hype atmosphere, featuring dusty vinyl sample with boom bap drums and punchy kick","hip hop, conscious, jazz",chirp-v5,hiphop
hiphop,cloud rap,"cloud rap hiphop, hype atmosphere, featuring dusty vinyl sample with boom bap drums and punchy kick","hip hop, rap, 808",chirp-v5,hiphop
hiphop,jazz rap,"jazz rap hiphop, hype atmosphere, featuring dusty vinyl sample with boom bap drums and punchy kick","hip hop, trap, bass",chirp-v5,hiphop
hiphop,hardcore hip hop,"hardcore hip hop, hype atmosphere, featuring dusty vinyl sample with boom bap drums and punchy kick","hip hop, boom bap, sample",chirp-v5,hiphop
hiphop,southern hip hop,"southern hip hop, hype atmosphere, featuring dusty vinyl sample with boom bap drums and punchy kick","hip hop, lo-fi, chill",chirp-v5,hiphop
hiphop,alternative hip hop,"alternative hip hop, hype atmosphere, featuring dusty vinyl sample with boom bap drums and punchy kick","hip hop, conscious, jazz",chirp-v5,hiphop
hiphop,boom bap,"boom bap hiphop, melancholic atmosphere, featuring dusty vinyl sample with boom bap drums and punchy kick","hip hop, rap, 808",chirp-v5,hiphop
hiphop,trap,"trap hiphop, melancholic atmosphere, featuring dusty vinyl sample with boom bap drums and punchy kick","hip hop, trap, bass",chirp-v5,hiphop
hiphop,lo-fi hip hop,"lo-fi hip hop, melancholic atmosphere, featuring dusty vinyl sample with boom bap drums and punchy kick","hip hop, boom bap, sample",chirp-v5,hiphop
hiphop,conscious hip hop,"conscious hip hop, melancholic atmosphere, featuring dusty vinyl sample with boom bap drums and punchy kick","hip hop, lo-fi, chill",chirp-v5,hiphop
hiphop,drill,"drill hiphop, melancholic atmosphere, featuring dusty vinyl sample with boom bap drums and punchy kick","hip hop, conscious, jazz",chirp-v5,hiphop
hiphop,cloud rap,"cloud rap hiphop, melancholic atmosphere, featuring dusty vinyl sample with boom bap drums and punchy kick","hip hop, rap, 808",chirp-v5,hiphop
hiphop,jazz rap,"jazz rap hiphop, melancholic atmosphere, featuring dusty vinyl sample with boom bap drums and punchy kick","hip hop, trap, bass",chirp-v5,hiphop
hiphop,hardcore hip hop,"hardcore hip hop, melancholic atmosphere, featuring dusty vinyl sample with boom bap drums and punchy kick","hip hop, boom bap, sample",chirp-v5,hiphop
hiphop,southern hip hop,"southern hip hop, melancholic atmosphere, featuring dusty vinyl sample with boom bap drums and punchy kick","hip hop, lo-fi, chill",chirp-v5,hiphop
hiphop,alternative hip hop,"alternative hip hop, melancholic atmosphere, featuring dusty vinyl sample with boom bap drums and punchy kick","hip hop, conscious, jazz",chirp-v5,hiphop
hiphop,boom bap,"boom bap hiphop, confident atmosphere, featuring trap hi-hats and sliding 808 bassline with dark melody","hip hop, rap, 808",chirp-v5,hiphop
hiphop,trap,"trap hiphop, confident atmosphere, featuring trap hi-hats and sliding 808 bassline with dark melody","hip hop, trap, bass",chirp-v5,hiphop
hiphop,lo-fi hip hop,"lo-fi hip hop, confident atmosphere, featuring trap hi-hats and sliding 808 bassline with dark melody","hip hop, boom bap, sample",chirp-v5,hiphop
hiphop,conscious hip hop,"conscious hip hop, confident atmosphere, featuring trap hi-hats and sliding 808 bassline with dark melody","hip hop, lo-fi, chill",chirp-v5,hiphop
hiphop,drill,"drill hiphop, confident atmosphere, featuring trap hi-hats and sliding 808 bassline with dark melody","hip hop, conscious, jazz",chirp-v5,hiphop
hiphop,cloud rap,"cloud rap hiphop, confident atmosphere, featuring trap hi-hats and sliding 808 bassline with dark melody","hip hop, rap, 808",chirp-v5,hiphop
hiphop,jazz rap,"jazz rap hiphop, confident atmosphere, featuring trap hi-hats and sliding 808 bassline with dark melody","hip hop, trap, bass",chirp-v5,hiphop
hiphop,hardcore hip hop,"hardcore hip hop, confident atmosphere, featuring trap hi-hats and sliding 808 bassline with dark melody","hip hop, boom bap, sample",chirp-v5,hiphop
hiphop,southern hip hop,"southern hip hop, confident atmosphere, featuring trap hi-hats and sliding 808 bassline with dark melody","hip hop, lo-fi, chill",chirp-v5,hiphop
hiphop,alternative hip hop,"alternative hip hop, confident atmosphere, featuring trap hi-hats and sliding 808 bassline with dark melody","hip hop, conscious, jazz",chirp-v5,hiphop
hiphop,boom bap,"boom bap hiphop, introspective atmosphere, featuring trap hi-hats and sliding 808 bassline with dark melody","hip hop, rap, 808",chirp-v5,hiphop
hiphop,trap,"trap hiphop, introspective atmosphere, featuring trap hi-hats and sliding 808 bassline with dark melody","hip hop, trap, bass",chirp-v5,hiphop
hiphop,lo-fi hip hop,"lo-fi hip hop, introspective atmosphere, featuring trap hi-hats and sliding 808 bassline with dark melody","hip hop, boom bap, sample",chirp-v5,hiphop
hiphop,conscious hip hop,"conscious hip hop, introspective atmosphere, featuring trap hi-hats and sliding 808 bassline with dark melody","hip hop, lo-fi, chill",chirp-v5,hiphop
hiphop,drill,"drill hiphop, introspective atmosphere, featuring trap hi-hats and sliding 808 bassline with dark melody","hip hop, conscious, jazz",chirp-v5,hiphop
hiphop,cloud rap,"cloud rap hiphop, introspective atmosphere, featuring trap hi-hats and sliding 808 bassline with dark melody","hip hop, rap, 808",chirp-v5,hiphop
hiphop,jazz rap,"jazz rap hiphop, introspective atmosphere, featuring trap hi-hats and sliding 808 bassline with dark melody","hip hop, trap, bass",chirp-v5,hiphop
hiphop,hardcore hip hop,"hardcore hip hop, introspective atmosphere, featuring trap hi-hats and sliding 808 bassline with dark melody","hip hop, boom bap, sample",chirp-v5,hiphop
hiphop,southern hip hop,"southern hip hop, introspective atmosphere, featuring trap hi-hats and sliding 808 bassline with dark melody","hip hop, lo-fi, chill",chirp-v5,hiphop
hiphop,alternative hip hop,"alternative hip hop, introspective atmosphere, featuring trap hi-hats and sliding 808 bassline with dark melody","hip hop, conscious, jazz",chirp-v5,hiphop
hiphop,boom bap,"boom bap hiphop, aggressive atmosphere, featuring trap hi-hats and sliding 808 bassline with dark melody","hip hop, rap, 808",chirp-v5,hiphop
hiphop,trap,"trap hiphop, aggressive atmosphere, featuring trap hi-hats and sliding 808 bassline with dark melody","hip hop, trap, bass",chirp-v5,hiphop
hiphop,lo-fi hip hop,"lo-fi hip hop, aggressive atmosphere, featuring trap hi-hats and sliding 808 bassline with dark melody","hip hop, boom bap, sample",chirp-v5,hiphop
hiphop,conscious hip hop,"conscious hip hop, aggressive atmosphere, featuring trap hi-hats and sliding 808 bassline with dark melody","hip hop, lo-fi, chill",chirp-v5,hiphop
hiphop,drill,"drill hiphop, aggressive atmosphere, featuring trap hi-hats and sliding 808 bassline with dark melody","hip hop, conscious, jazz",chirp-v5,hiphop
hiphop,cloud rap,"cloud rap hiphop, aggressive atmosphere, featuring trap hi-hats and sliding 808 bassline with dark melody","hip hop, rap, 808",chirp-v5,hiphop
hiphop,jazz rap,"jazz rap hiphop, aggressive atmosphere, featuring trap hi-hats and sliding 808 bassline with dark melody","hip hop, trap, bass",chirp-v5,hiphop
hiphop,hardcore hip hop,"hardcore hip hop, aggressive atmosphere, featuring trap hi-hats and sliding 808 bassline with dark melody","hip hop, boom bap, sample",chirp-v5,hiphop
hiphop,southern hip hop,"southern hip hop, aggressive atmosphere, featuring trap hi-hats and sliding 808 bassline with dark melody","hip hop, lo-fi, chill",chirp-v5,hiphop
hiphop,alternative hip hop,"alternative hip hop, aggressive atmosphere, featuring trap hi-hats and sliding 808 bassline with dark melody","hip hop, conscious, jazz",chirp-v5,hiphop
hiphop,boom bap,"boom bap hiphop, laid-back atmosphere, featuring trap hi-hats and sliding 808 bassline with dark melody","hip hop, rap, 808",chirp-v5,hiphop
hiphop,trap,"trap hiphop, laid-back atmosphere, featuring trap hi-hats and sliding 808 bassline with dark melody","hip hop, trap, bass",chirp-v5,hiphop
hiphop,lo-fi hip hop,"lo-fi hip hop, laid-back atmosphere, featuring trap hi-hats and sliding 808 bassline with dark melody","hip hop, boom bap, sample",chirp-v5,hiphop
hiphop,conscious hip hop,"conscious hip hop, laid-back atmosphere, featuring trap hi-hats and sliding 808 bassline with dark melody","hip hop, lo-fi, chill",chirp-v5,hiphop
hiphop,drill,"drill hiphop, laid-back atmosphere, featuring trap hi-hats and sliding 808 bassline with dark melody","hip hop, conscious, jazz",chirp-v5,hiphop
hiphop,cloud rap,"cloud rap hiphop, laid-back atmosphere, featuring trap hi-hats and sliding 808 bassline with dark melody","hip hop, rap, 808",chirp-v5,hiphop
hiphop,jazz rap,"jazz rap hiphop, laid-back atmosphere, featuring trap hi-hats and sliding 808 bassline with dark melody","hip hop, trap, bass",chirp-v5,hiphop
hiphop,hardcore hip hop,"hardcore hip hop, laid-back atmosphere, featuring trap hi-hats and sliding 808 bassline with dark melody","hip hop, boom bap, sample",chirp-v5,hiphop
hiphop,southern hip hop,"southern hip hop, laid-back atmosphere, featuring trap hi-hats and sliding 808 bassline with dark melody","hip hop, lo-fi, chill",chirp-v5,hiphop
hiphop,alternative hip hop,"alternative hip hop, laid-back atmosphere, featuring trap hi-hats and sliding 808 bassline with dark melody","hip hop, conscious, jazz",chirp-v5,hiphop
hiphop,boom bap,"boom bap hiphop, nostalgic atmosphere, featuring trap hi-hats and sliding 808 bassline with dark melody","hip hop, rap, 808",chirp-v5,hiphop
hiphop,trap,"trap hiphop, nostalgic atmosphere, featuring trap hi-hats and sliding 808 bassline with dark melody","hip hop, trap, bass",chirp-v5,hiphop
hiphop,lo-fi hip hop,"lo-fi hip hop, nostalgic atmosphere, featuring trap hi-hats and sliding 808 bassline with dark melody","hip hop, boom bap, sample",chirp-v5,hiphop
hiphop,conscious hip hop,"conscious hip hop, nostalgic atmosphere, featuring trap hi-hats and sliding 808 bassline with dark melody","hip hop, lo-fi, chill",chirp-v5,hiphop
hiphop,drill,"drill hiphop, nostalgic atmosphere, featuring trap hi-hats and sliding 808 bassline with dark melody","hip hop, conscious, jazz",chirp-v5,hiphop
hiphop,cloud rap,"cloud rap hiphop, nostalgic atmosphere, featuring trap hi-hats and sliding 808 bassline with dark melody","hip hop, rap, 808",chirp-v5,hiphop
hiphop,jazz rap,"jazz rap hiphop, nostalgic atmosphere, featuring trap hi-hats and sliding 808 bassline with dark melody","hip hop, trap, bass",chirp-v5,hiphop
hiphop,hardcore hip hop,"hardcore hip hop, nostalgic atmosphere, featuring trap hi-hats and sliding 808 bassline with dark melody","hip hop, boom bap, sample",chirp-v5,hiphop
hiphop,southern hip hop,"southern hip hop, nostalgic atmosphere, featuring trap hi-hats and sliding 808 bassline with dark melody","hip hop, lo-fi, chill",chirp-v5,hiphop
hiphop,alternative hip hop,"alternative hip hop, nostalgic atmosphere, featuring trap hi-hats and sliding 808 bassline with dark melody","hip hop, conscious, jazz",chirp-v5,hiphop
blues,delta blues,"delta blues, sorrowful atmosphere, featuring slide guitar and harmonica over a shuffling 12-bar groove","blues, guitar, harmonica",chirp-v5,blues
blues,Chicago blues,"Chicago blues, sorrowful atmosphere, featuring slide guitar and harmonica over a shuffling 12-bar groove","blues, electric, Chicago",chirp-v5,blues
blues,Texas blues,"Texas blues, sorrowful atmosphere, featuring slide guitar and harmonica over a shuffling 12-bar groove","blues, acoustic, delta",chirp-v5,blues
blues,electric blues,"electric blues, sorrowful atmosphere, featuring slide guitar and harmonica over a shuffling 12-bar groove","blues, soul, groove",chirp-v5,blues
blues,acoustic blues,"acoustic blues, sorrowful atmosphere, featuring slide guitar and harmonica over a shuffling 12-bar groove","blues, Texas, shuffle",chirp-v5,blues
blues,jump blues,"jump blues, sorrowful atmosphere, featuring slide guitar and harmonica over a shuffling 12-bar groove","blues, guitar, harmonica",chirp-v5,blues
blues,soul blues,"soul blues, sorrowful atmosphere, featuring slide guitar and harmonica over a shuffling 12-bar groove","blues, electric, Chicago",chirp-v5,blues
blues,swamp blues,"swamp blues, sorrowful atmosphere, featuring slide guitar and harmonica over a shuffling 12-bar groove","blues, acoustic, delta",chirp-v5,blues
blues,piedmont blues,"piedmont blues, sorrowful atmosphere, featuring slide guitar and harmonica over a shuffling 12-bar groove","blues, soul, groove",chirp-v5,blues
blues,modern blues,"modern blues, sorrowful atmosphere, featuring slide guitar and harmonica over a shuffling 12-bar groove","blues, Texas, shuffle",chirp-v5,blues
blues,delta blues,"delta blues, soulful atmosphere, featuring slide guitar and harmonica over a shuffling 12-bar groove","blues, guitar, harmonica",chirp-v5,blues
blues,Chicago blues,"Chicago blues, soulful atmosphere, featuring slide guitar and harmonica over a shuffling 12-bar groove","blues, electric, Chicago",chirp-v5,blues
blues,Texas blues,"Texas blues, soulful atmosphere, featuring slide guitar and harmonica over a shuffling 12-bar groove","blues, acoustic, delta",chirp-v5,blues
blues,electric blues,"electric blues, soulful atmosphere, featuring slide guitar and harmonica over a shuffling 12-bar groove","blues, soul, groove",chirp-v5,blues
blues,acoustic blues,"acoustic blues, soulful atmosphere, featuring slide guitar and harmonica over a shuffling 12-bar groove","blues, Texas, shuffle",chirp-v5,blues
blues,jump blues,"jump blues, soulful atmosphere, featuring slide guitar and harmonica over a shuffling 12-bar groove","blues, guitar, harmonica",chirp-v5,blues
blues,soul blues,"soul blues, soulful atmosphere, featuring slide guitar and harmonica over a shuffling 12-bar groove","blues, electric, Chicago",chirp-v5,blues
blues,swamp blues,"swamp blues, soulful atmosphere, featuring slide guitar and harmonica over a shuffling 12-bar groove","blues, acoustic, delta",chirp-v5,blues
blues,piedmont blues,"piedmont blues, soulful atmosphere, featuring slide guitar and harmonica over a shuffling 12-bar groove","blues, soul, groove",chirp-v5,blues
blues,modern blues,"modern blues, soulful atmosphere, featuring slide guitar and harmonica over a shuffling 12-bar groove","blues, Texas, shuffle",chirp-v5,blues
blues,delta blues,"delta blues, gritty atmosphere, featuring slide guitar and harmonica over a shuffling 12-bar groove","blues, guitar, harmonica",chirp-v5,blues
blues,Chicago blues,"Chicago blues, gritty atmosphere, featuring slide guitar and harmonica over a shuffling 12-bar groove","blues, electric, Chicago",chirp-v5,blues
blues,Texas blues,"Texas blues, gritty atmosphere, featuring slide guitar and harmonica over a shuffling 12-bar groove","blues, acoustic, delta",chirp-v5,blues
blues,electric blues,"electric blues, gritty atmosphere, featuring slide guitar and harmonica over a shuffling 12-bar groove","blues, soul, groove",chirp-v5,blues
blues,acoustic blues,"acoustic blues, gritty atmosphere, featuring slide guitar and harmonica over a shuffling 12-bar groove","blues, Texas, shuffle",chirp-v5,blues
blues,jump blues,"jump blues, gritty atmosphere, featuring slide guitar and harmonica over a shuffling 12-bar groove","blues, guitar, harmonica",chirp-v5,blues
blues,soul blues,"soul blues, gritty atmosphere, featuring slide guitar and harmonica over a shuffling 12-bar groove","blues, electric, Chicago",chirp-v5,blues
blues,swamp blues,"swamp blues, gritty atmosphere, featuring slide guitar and harmonica over a shuffling 12-bar groove","blues, acoustic, delta",chirp-v5,blues
blues,piedmont blues,"piedmont blues, gritty atmosphere, featuring slide guitar and harmonica over a shuffling 12-bar groove","blues, soul, groove",chirp-v5,blues
blues,modern blues,"modern blues, gritty atmosphere, featuring slide guitar and harmonica over a shuffling 12-bar groove","blues, Texas, shuffle",chirp-v5,blues
blues,delta blues,"delta blues, passionate atmosphere, featuring slide guitar and harmonica over a shuffling 12-bar groove","blues, guitar, harmonica",chirp-v5,blues
blues,Chicago blues,"Chicago blues, passionate atmosphere, featuring slide guitar and harmonica over a shuffling 12-bar groove","blues, electric, Chicago",chirp-v5,blues
blues,Texas blues,"Texas blues, passionate atmosphere, featuring slide guitar and harmonica over a shuffling 12-bar groove","blues, acoustic, delta",chirp-v5,blues
blues,electric blues,"electric blues, passionate atmosphere, featuring slide guitar and harmonica over a shuffling 12-bar groove","blues, soul, groove",chirp-v5,blues
blues,acoustic blues,"acoustic blues, passionate atmosphere, featuring slide guitar and harmonica over a shuffling 12-bar groove","blues, Texas, shuffle",chirp-v5,blues
blues,jump blues,"jump blues, passionate atmosphere, featuring slide guitar and harmonica over a shuffling 12-bar groove","blues, guitar, harmonica",chirp-v5,blues
blues,soul blues,"soul blues, passionate atmosphere, featuring slide guitar and harmonica over a shuffling 12-bar groove","blues, electric, Chicago",chirp-v5,blues
blues,swamp blues,"swamp blues, passionate atmosphere, featuring slide guitar and harmonica over a shuffling 12-bar groove","blues, acoustic, delta",chirp-v5,blues
blues,piedmont blues,"piedmont blues, passionate atmosphere, featuring slide guitar and harmonica over a shuffling 12-bar groove","blues, soul, groove",chirp-v5,blues
blues,modern blues,"modern blues, passionate atmosphere, featuring slide guitar and harmonica over a shuffling 12-bar groove","blues, Texas, shuffle",chirp-v5,blues
blues,delta blues,"delta blues, laid-back atmosphere, featuring slide guitar and harmonica over a shuffling 12-bar groove","blues, guitar, harmonica",chirp-v5,blues
blues,Chicago blues,"Chicago blues, laid-back atmosphere, featuring slide guitar and harmonica over a shuffling 12-bar groove","blues, electric, Chicago",chirp-v5,blues
blues,Texas blues,"Texas blues, laid-back atmosphere, featuring slide guitar and harmonica over a shuffling 12-bar groove","blues, acoustic, delta",chirp-v5,blues
blues,electric blues,"electric blues, laid-back atmosphere, featuring slide guitar and harmonica over a shuffling 12-bar groove","blues, soul, groove",chirp-v5,blues
blues,acoustic blues,"acoustic blues, laid-back atmosphere, featuring slide guitar and harmonica over a shuffling 12-bar groove","blues, Texas, shuffle",chirp-v5,blues
blues,jump blues,"jump blues, laid-back atmosphere, featuring slide guitar and harmonica over a shuffling 12-bar groove","blues, guitar, harmonica",chirp-v5,blues
blues,soul blues,"soul blues, laid-back atmosphere, featuring slide guitar and harmonica over a shuffling 12-bar groove","blues, electric, Chicago",chirp-v5,blues
blues,swamp blues,"swamp blues, laid-back atmosphere, featuring slide guitar and harmonica over a shuffling 12-bar groove","blues, acoustic, delta",chirp-v5,blues
blues,piedmont blues,"piedmont blues, laid-back atmosphere, featuring slide guitar and harmonica over a shuffling 12-bar groove","blues, soul, groove",chirp-v5,blues
blues,modern blues,"modern blues, laid-back atmosphere, featuring slide guitar and harmonica over a shuffling 12-bar groove","blues, Texas, shuffle",chirp-v5,blues
blues,delta blues,"delta blues, yearning atmosphere, featuring slide guitar and harmonica over a shuffling 12-bar groove","blues, guitar, harmonica",chirp-v5,blues
blues,Chicago blues,"Chicago blues, yearning atmosphere, featuring slide guitar and harmonica over a shuffling 12-bar groove","blues, electric, Chicago",chirp-v5,blues
blues,Texas blues,"Texas blues, yearning atmosphere, featuring slide guitar and harmonica over a shuffling 12-bar groove","blues, acoustic, delta",chirp-v5,blues
blues,electric blues,"electric blues, yearning atmosphere, featuring slide guitar and harmonica over a shuffling 12-bar groove","blues, soul, groove",chirp-v5,blues
blues,acoustic blues,"acoustic blues, yearning atmosphere, featuring slide guitar and harmonica over a shuffling 12-bar groove","blues, Texas, shuffle",chirp-v5,blues
blues,jump blues,"jump blues, yearning atmosphere, featuring slide guitar and harmonica over a shuffling 12-bar groove","blues, guitar, harmonica",chirp-v5,blues
blues,soul blues,"soul blues, yearning atmosphere, featuring slide guitar and harmonica over a shuffling 12-bar groove","blues, electric, Chicago",chirp-v5,blues
blues,swamp blues,"swamp blues, yearning atmosphere, featuring slide guitar and harmonica over a shuffling 12-bar groove","blues, acoustic, delta",chirp-v5,blues
blues,piedmont blues,"piedmont blues, yearning atmosphere, featuring slide guitar and harmonica over a shuffling 12-bar groove","blues, soul, groove",chirp-v5,blues
blues,modern blues,"modern blues, yearning atmosphere, featuring slide guitar and harmonica over a shuffling 12-bar groove","blues, Texas, shuffle",chirp-v5,blues
blues,delta blues,"delta blues, raw atmosphere, featuring slide guitar and harmonica over a shuffling 12-bar groove","blues, guitar, harmonica",chirp-v5,blues
blues,Chicago blues,"Chicago blues, raw atmosphere, featuring slide guitar and harmonica over a shuffling 12-bar groove","blues, electric, Chicago",chirp-v5,blues
blues,Texas blues,"Texas blues, raw atmosphere, featuring slide guitar and harmonica over a shuffling 12-bar groove","blues, acoustic, delta",chirp-v5,blues
blues,electric blues,"electric blues, raw atmosphere, featuring slide guitar and harmonica over a shuffling 12-bar groove","blues, soul, groove",chirp-v5,blues
blues,acoustic blues,"acoustic blues, raw atmosphere, featuring slide guitar and harmonica over a shuffling 12-bar groove","blues, Texas, shuffle",chirp-v5,blues
blues,jump blues,"jump blues, raw atmosphere, featuring slide guitar and harmonica over a shuffling 12-bar groove","blues, guitar, harmonica",chirp-v5,blues
blues,soul blues,"soul blues, raw atmosphere, featuring slide guitar and harmonica over a shuffling 12-bar groove","blues, electric, Chicago",chirp-v5,blues
blues,swamp blues,"swamp blues, raw atmosphere, featuring slide guitar and harmonica over a shuffling 12-bar groove","blues, acoustic, delta",chirp-v5,blues
blues,piedmont blues,"piedmont blues, raw atmosphere, featuring slide guitar and harmonica over a shuffling 12-bar groove","blues, soul, groove",chirp-v5,blues
blues,modern blues,"modern blues, raw atmosphere, featuring slide guitar and harmonica over a shuffling 12-bar groove","blues, Texas, shuffle",chirp-v5,blues
blues,delta blues,"delta blues, emotional atmosphere, featuring slide guitar and harmonica over a shuffling 12-bar groove","blues, guitar, harmonica",chirp-v5,blues
blues,Chicago blues,"Chicago blues, emotional atmosphere, featuring slide guitar and harmonica over a shuffling 12-bar groove","blues, electric, Chicago",chirp-v5,blues
blues,Texas blues,"Texas blues, emotional atmosphere, featuring slide guitar and harmonica over a shuffling 12-bar groove","blues, acoustic, delta",chirp-v5,blues
blues,electric blues,"electric blues, emotional atmosphere, featuring slide guitar and harmonica over a shuffling 12-bar groove","blues, soul, groove",chirp-v5,blues
blues,acoustic blues,"acoustic blues, emotional atmosphere, featuring slide guitar and harmonica over a shuffling 12-bar groove","blues, Texas, shuffle",chirp-v5,blues
blues,jump blues,"jump blues, emotional atmosphere, featuring slide guitar and harmonica over a shuffling 12-bar groove","blues, guitar, harmonica",chirp-v5,blues
blues,soul blues,"soul blues, emotional atmosphere, featuring slide guitar and harmonica over a shuffling 12-bar groove","blues, electric, Chicago",chirp-v5,blues
blues,swamp blues,"swamp blues, emotional atmosphere, featuring slide guitar and harmonica over a shuffling 12-bar groove","blues, acoustic, delta",chirp-v5,blues
blues,piedmont blues,"piedmont blues, emotional atmosphere, featuring slide guitar and harmonica over a shuffling 12-bar groove","blues, soul, groove",chirp-v5,blues
blues,modern blues,"modern blues, emotional atmosphere, featuring slide guitar and harmonica over a shuffling 12-bar groove","blues, Texas, shuffle",chirp-v5,blues
blues,delta blues,"delta blues, brooding atmosphere, featuring slide guitar and harmonica over a shuffling 12-bar groove","blues, guitar, harmonica",chirp-v5,blues
blues,Chicago blues,"Chicago blues, brooding atmosphere, featuring slide guitar and harmonica over a shuffling 12-bar groove","blues, electric, Chicago",chirp-v5,blues
blues,Texas blues,"Texas blues, brooding atmosphere, featuring slide guitar and harmonica over a shuffling 12-bar groove","blues, acoustic, delta",chirp-v5,blues
blues,electric blues,"electric blues, brooding atmosphere, featuring slide guitar and harmonica over a shuffling 12-bar groove","blues, soul, groove",chirp-v5,blues
blues,acoustic blues,"acoustic blues, brooding atmosphere, featuring slide guitar and harmonica over a shuffling 12-bar groove","blues, Texas, shuffle",chirp-v5,blues
blues,jump blues,"jump blues, brooding atmosphere, featuring slide guitar and harmonica over a shuffling 12-bar groove","blues, guitar, harmonica",chirp-v5,blues
blues,soul blues,"soul blues, brooding atmosphere, featuring slide guitar and harmonica over a shuffling 12-bar groove","blues, electric, Chicago",chirp-v5,blues
blues,swamp blues,"swamp blues, brooding atmosphere, featuring slide guitar and harmonica over a shuffling 12-bar groove","blues, acoustic, delta",chirp-v5,blues
blues,piedmont blues,"piedmont blues, brooding atmosphere, featuring slide guitar and harmonica over a shuffling 12-bar groove","blues, soul, groove",chirp-v5,blues
blues,modern blues,"modern blues, brooding atmosphere, featuring slide guitar and harmonica over a shuffling 12-bar groove","blues, Texas, shuffle",chirp-v5,blues
blues,delta blues,"delta blues, cathartic atmosphere, featuring slide guitar and harmonica over a shuffling 12-bar groove","blues, guitar, harmonica",chirp-v5,blues
blues,Chicago blues,"Chicago blues, cathartic atmosphere, featuring slide guitar and harmonica over a shuffling 12-bar groove","blues, electric, Chicago",chirp-v5,blues
blues,Texas blues,"Texas blues, cathartic atmosphere, featuring slide guitar and harmonica over a shuffling 12-bar groove","blues, acoustic, delta",chirp-v5,blues
blues,electric blues,"electric blues, cathartic atmosphere, featuring slide guitar and harmonica over a shuffling 12-bar groove","blues, soul, groove",chirp-v5,blues
blues,acoustic blues,"acoustic blues, cathartic atmosphere, featuring slide guitar and harmonica over a shuffling 12-bar groove","blues, Texas, shuffle",chirp-v5,blues
blues,jump blues,"jump blues, cathartic atmosphere, featuring slide guitar and harmonica over a shuffling 12-bar groove","blues, guitar, harmonica",chirp-v5,blues
blues,soul blues,"soul blues, cathartic atmosphere, featuring slide guitar and harmonica over a shuffling 12-bar groove","blues, electric, Chicago",chirp-v5,blues
blues,swamp blues,"swamp blues, cathartic atmosphere, featuring slide guitar and harmonica over a shuffling 12-bar groove","blues, acoustic, delta",chirp-v5,blues
blues,piedmont blues,"piedmont blues, cathartic atmosphere, featuring slide guitar and harmonica over a shuffling 12-bar groove","blues, soul, groove",chirp-v5,blues
blues,modern blues,"modern blues, cathartic atmosphere, featuring slide guitar and harmonica over a shuffling 12-bar groove","blues, Texas, shuffle",chirp-v5,blues
blues,delta blues,"delta blues, sorrowful atmosphere, featuring 12-bar chord progression with call-and-response guitar phrases","blues, guitar, harmonica",chirp-v5,blues
blues,Chicago blues,"Chicago blues, sorrowful atmosphere, featuring 12-bar chord progression with call-and-response guitar phrases","blues, electric, Chicago",chirp-v5,blues
blues,Texas blues,"Texas blues, sorrowful atmosphere, featuring 12-bar chord progression with call-and-response guitar phrases","blues, acoustic, delta",chirp-v5,blues
blues,electric blues,"electric blues, sorrowful atmosphere, featuring 12-bar chord progression with call-and-response guitar phrases","blues, soul, groove",chirp-v5,blues
blues,acoustic blues,"acoustic blues, sorrowful atmosphere, featuring 12-bar chord progression with call-and-response guitar phrases","blues, Texas, shuffle",chirp-v5,blues
blues,jump blues,"jump blues, sorrowful atmosphere, featuring 12-bar chord progression with call-and-response guitar phrases","blues, guitar, harmonica",chirp-v5,blues
blues,soul blues,"soul blues, sorrowful atmosphere, featuring 12-bar chord progression with call-and-response guitar phrases","blues, electric, Chicago",chirp-v5,blues
blues,swamp blues,"swamp blues, sorrowful atmosphere, featuring 12-bar chord progression with call-and-response guitar phrases","blues, acoustic, delta",chirp-v5,blues
blues,piedmont blues,"piedmont blues, sorrowful atmosphere, featuring 12-bar chord progression with call-and-response guitar phrases","blues, soul, groove",chirp-v5,blues
blues,modern blues,"modern blues, sorrowful atmosphere, featuring 12-bar chord progression with call-and-response guitar phrases","blues, Texas, shuffle",chirp-v5,blues
blues,delta blues,"delta blues, soulful atmosphere, featuring 12-bar chord progression with call-and-response guitar phrases","blues, guitar, harmonica",chirp-v5,blues
blues,Chicago blues,"Chicago blues, soulful atmosphere, featuring 12-bar chord progression with call-and-response guitar phrases","blues, electric, Chicago",chirp-v5,blues
blues,Texas blues,"Texas blues, soulful atmosphere, featuring 12-bar chord progression with call-and-response guitar phrases","blues, acoustic, delta",chirp-v5,blues
blues,electric blues,"electric blues, soulful atmosphere, featuring 12-bar chord progression with call-and-response guitar phrases","blues, soul, groove",chirp-v5,blues
blues,acoustic blues,"acoustic blues, soulful atmosphere, featuring 12-bar chord progression with call-and-response guitar phrases","blues, Texas, shuffle",chirp-v5,blues
blues,jump blues,"jump blues, soulful atmosphere, featuring 12-bar chord progression with call-and-response guitar phrases","blues, guitar, harmonica",chirp-v5,blues
blues,soul blues,"soul blues, soulful atmosphere, featuring 12-bar chord progression with call-and-response guitar phrases","blues, electric, Chicago",chirp-v5,blues
blues,swamp blues,"swamp blues, soulful atmosphere, featuring 12-bar chord progression with call-and-response guitar phrases","blues, acoustic, delta",chirp-v5,blues
blues,piedmont blues,"piedmont blues, soulful atmosphere, featuring 12-bar chord progression with call-and-response guitar phrases","blues, soul, groove",chirp-v5,blues
blues,modern blues,"modern blues, soulful atmosphere, featuring 12-bar chord progression with call-and-response guitar phrases","blues, Texas, shuffle",chirp-v5,blues
blues,delta blues,"delta blues, gritty atmosphere, featuring 12-bar chord progression with call-and-response guitar phrases","blues, guitar, harmonica",chirp-v5,blues
blues,Chicago blues,"Chicago blues, gritty atmosphere, featuring 12-bar chord progression with call-and-response guitar phrases","blues, electric, Chicago",chirp-v5,blues
blues,Texas blues,"Texas blues, gritty atmosphere, featuring 12-bar chord progression with call-and-response guitar phrases","blues, acoustic, delta",chirp-v5,blues
blues,electric blues,"electric blues, gritty atmosphere, featuring 12-bar chord progression with call-and-response guitar phrases","blues, soul, groove",chirp-v5,blues
blues,acoustic blues,"acoustic blues, gritty atmosphere, featuring 12-bar chord progression with call-and-response guitar phrases","blues, Texas, shuffle",chirp-v5,blues
blues,jump blues,"jump blues, gritty atmosphere, featuring 12-bar chord progression with call-and-response guitar phrases","blues, guitar, harmonica",chirp-v5,blues
blues,soul blues,"soul blues, gritty atmosphere, featuring 12-bar chord progression with call-and-response guitar phrases","blues, electric, Chicago",chirp-v5,blues
blues,swamp blues,"swamp blues, gritty atmosphere, featuring 12-bar chord progression with call-and-response guitar phrases","blues, acoustic, delta",chirp-v5,blues
blues,piedmont blues,"piedmont blues, gritty atmosphere, featuring 12-bar chord progression with call-and-response guitar phrases","blues, soul, groove",chirp-v5,blues
blues,modern blues,"modern blues, gritty atmosphere, featuring 12-bar chord progression with call-and-response guitar phrases","blues, Texas, shuffle",chirp-v5,blues
blues,delta blues,"delta blues, passionate atmosphere, featuring 12-bar chord progression with call-and-response guitar phrases","blues, guitar, harmonica",chirp-v5,blues
blues,Chicago blues,"Chicago blues, passionate atmosphere, featuring 12-bar chord progression with call-and-response guitar phrases","blues, electric, Chicago",chirp-v5,blues
blues,Texas blues,"Texas blues, passionate atmosphere, featuring 12-bar chord progression with call-and-response guitar phrases","blues, acoustic, delta",chirp-v5,blues
blues,electric blues,"electric blues, passionate atmosphere, featuring 12-bar chord progression with call-and-response guitar phrases","blues, soul, groove",chirp-v5,blues
blues,acoustic blues,"acoustic blues, passionate atmosphere, featuring 12-bar chord progression with call-and-response guitar phrases","blues, Texas, shuffle",chirp-v5,blues
blues,jump blues,"jump blues, passionate atmosphere, featuring 12-bar chord progression with call-and-response guitar phrases","blues, guitar, harmonica",chirp-v5,blues
blues,soul blues,"soul blues, passionate atmosphere, featuring 12-bar chord progression with call-and-response guitar phrases","blues, electric, Chicago",chirp-v5,blues
blues,swamp blues,"swamp blues, passionate atmosphere, featuring 12-bar chord progression with call-and-response guitar phrases","blues, acoustic, delta",chirp-v5,blues
blues,piedmont blues,"piedmont blues, passionate atmosphere, featuring 12-bar chord progression with call-and-response guitar phrases","blues, soul, groove",chirp-v5,blues
blues,modern blues,"modern blues, passionate atmosphere, featuring 12-bar chord progression with call-and-response guitar phrases","blues, Texas, shuffle",chirp-v5,blues
blues,delta blues,"delta blues, laid-back atmosphere, featuring 12-bar chord progression with call-and-response guitar phrases","blues, guitar, harmonica",chirp-v5,blues
blues,Chicago blues,"Chicago blues, laid-back atmosphere, featuring 12-bar chord progression with call-and-response guitar phrases","blues, electric, Chicago",chirp-v5,blues
blues,Texas blues,"Texas blues, laid-back atmosphere, featuring 12-bar chord progression with call-and-response guitar phrases","blues, acoustic, delta",chirp-v5,blues
blues,electric blues,"electric blues, laid-back atmosphere, featuring 12-bar chord progression with call-and-response guitar phrases","blues, soul, groove",chirp-v5,blues
blues,acoustic blues,"acoustic blues, laid-back atmosphere, featuring 12-bar chord progression with call-and-response guitar phrases","blues, Texas, shuffle",chirp-v5,blues
blues,jump blues,"jump blues, laid-back atmosphere, featuring 12-bar chord progression with call-and-response guitar phrases","blues, guitar, harmonica",chirp-v5,blues
blues,soul blues,"soul blues, laid-back atmosphere, featuring 12-bar chord progression with call-and-response guitar phrases","blues, electric, Chicago",chirp-v5,blues
blues,swamp blues,"swamp blues, laid-back atmosphere, featuring 12-bar chord progression with call-and-response guitar phrases","blues, acoustic, delta",chirp-v5,blues
blues,piedmont blues,"piedmont blues, laid-back atmosphere, featuring 12-bar chord progression with call-and-response guitar phrases","blues, soul, groove",chirp-v5,blues
blues,modern blues,"modern blues, laid-back atmosphere, featuring 12-bar chord progression with call-and-response guitar phrases","blues, Texas, shuffle",chirp-v5,blues
blues,delta blues,"delta blues, yearning atmosphere, featuring 12-bar chord progression with call-and-response guitar phrases","blues, guitar, harmonica",chirp-v5,blues
blues,Chicago blues,"Chicago blues, yearning atmosphere, featuring 12-bar chord progression with call-and-response guitar phrases","blues, electric, Chicago",chirp-v5,blues
blues,Texas blues,"Texas blues, yearning atmosphere, featuring 12-bar chord progression with call-and-response guitar phrases","blues, acoustic, delta",chirp-v5,blues
blues,electric blues,"electric blues, yearning atmosphere, featuring 12-bar chord progression with call-and-response guitar phrases","blues, soul, groove",chirp-v5,blues
blues,acoustic blues,"acoustic blues, yearning atmosphere, featuring 12-bar chord progression with call-and-response guitar phrases","blues, Texas, shuffle",chirp-v5,blues
blues,jump blues,"jump blues, yearning atmosphere, featuring 12-bar chord progression with call-and-response guitar phrases","blues, guitar, harmonica",chirp-v5,blues
blues,soul blues,"soul blues, yearning atmosphere, featuring 12-bar chord progression with call-and-response guitar phrases","blues, electric, Chicago",chirp-v5,blues
blues,swamp blues,"swamp blues, yearning atmosphere, featuring 12-bar chord progression with call-and-response guitar phrases","blues, acoustic, delta",chirp-v5,blues
blues,piedmont blues,"piedmont blues, yearning atmosphere, featuring 12-bar chord progression with call-and-response guitar phrases","blues, soul, groove",chirp-v5,blues
blues,modern blues,"modern blues, yearning atmosphere, featuring 12-bar chord progression with call-and-response guitar phrases","blues, Texas, shuffle",chirp-v5,blues
blues,delta blues,"delta blues, raw atmosphere, featuring 12-bar chord progression with call-and-response guitar phrases","blues, guitar, harmonica",chirp-v5,blues
blues,Chicago blues,"Chicago blues, raw atmosphere, featuring 12-bar chord progression with call-and-response guitar phrases","blues, electric, Chicago",chirp-v5,blues
blues,Texas blues,"Texas blues, raw atmosphere, featuring 12-bar chord progression with call-and-response guitar phrases","blues, acoustic, delta",chirp-v5,blues
blues,electric blues,"electric blues, raw atmosphere, featuring 12-bar chord progression with call-and-response guitar phrases","blues, soul, groove",chirp-v5,blues
blues,acoustic blues,"acoustic blues, raw atmosphere, featuring 12-bar chord progression with call-and-response guitar phrases","blues, Texas, shuffle",chirp-v5,blues
blues,jump blues,"jump blues, raw atmosphere, featuring 12-bar chord progression with call-and-response guitar phrases","blues, guitar, harmonica",chirp-v5,blues
blues,soul blues,"soul blues, raw atmosphere, featuring 12-bar chord progression with call-and-response guitar phrases","blues, electric, Chicago",chirp-v5,blues
blues,swamp blues,"swamp blues, raw atmosphere, featuring 12-bar chord progression with call-and-response guitar phrases","blues, acoustic, delta",chirp-v5,blues
blues,piedmont blues,"piedmont blues, raw atmosphere, featuring 12-bar chord progression with call-and-response guitar phrases","blues, soul, groove",chirp-v5,blues
blues,modern blues,"modern blues, raw atmosphere, featuring 12-bar chord progression with call-and-response guitar phrases","blues, Texas, shuffle",chirp-v5,blues
blues,delta blues,"delta blues, emotional atmosphere, featuring 12-bar chord progression with call-and-response guitar phrases","blues, guitar, harmonica",chirp-v5,blues
blues,Chicago blues,"Chicago blues, emotional atmosphere, featuring 12-bar chord progression with call-and-response guitar phrases","blues, electric, Chicago",chirp-v5,blues
blues,Texas blues,"Texas blues, emotional atmosphere, featuring 12-bar chord progression with call-and-response guitar phrases","blues, acoustic, delta",chirp-v5,blues
blues,electric blues,"electric blues, emotional atmosphere, featuring 12-bar chord progression with call-and-response guitar phrases","blues, soul, groove",chirp-v5,blues
blues,acoustic blues,"acoustic blues, emotional atmosphere, featuring 12-bar chord progression with call-and-response guitar phrases","blues, Texas, shuffle",chirp-v5,blues
blues,jump blues,"jump blues, emotional atmosphere, featuring 12-bar chord progression with call-and-response guitar phrases","blues, guitar, harmonica",chirp-v5,blues
blues,soul blues,"soul blues, emotional atmosphere, featuring 12-bar chord progression with call-and-response guitar phrases","blues, electric, Chicago",chirp-v5,blues
blues,swamp blues,"swamp blues, emotional atmosphere, featuring 12-bar chord progression with call-and-response guitar phrases","blues, acoustic, delta",chirp-v5,blues
blues,piedmont blues,"piedmont blues, emotional atmosphere, featuring 12-bar chord progression with call-and-response guitar phrases","blues, soul, groove",chirp-v5,blues
blues,modern blues,"modern blues, emotional atmosphere, featuring 12-bar chord progression with call-and-response guitar phrases","blues, Texas, shuffle",chirp-v5,blues
blues,delta blues,"delta blues, brooding atmosphere, featuring 12-bar chord progression with call-and-response guitar phrases","blues, guitar, harmonica",chirp-v5,blues
blues,Chicago blues,"Chicago blues, brooding atmosphere, featuring 12-bar chord progression with call-and-response guitar phrases","blues, electric, Chicago",chirp-v5,blues
blues,Texas blues,"Texas blues, brooding atmosphere, featuring 12-bar chord progression with call-and-response guitar phrases","blues, acoustic, delta",chirp-v5,blues
blues,electric blues,"electric blues, brooding atmosphere, featuring 12-bar chord progression with call-and-response guitar phrases","blues, soul, groove",chirp-v5,blues
blues,acoustic blues,"acoustic blues, brooding atmosphere, featuring 12-bar chord progression with call-and-response guitar phrases","blues, Texas, shuffle",chirp-v5,blues
blues,jump blues,"jump blues, brooding atmosphere, featuring 12-bar chord progression with call-and-response guitar phrases","blues, guitar, harmonica",chirp-v5,blues
blues,soul blues,"soul blues, brooding atmosphere, featuring 12-bar chord progression with call-and-response guitar phrases","blues, electric, Chicago",chirp-v5,blues
blues,swamp blues,"swamp blues, brooding atmosphere, featuring 12-bar chord progression with call-and-response guitar phrases","blues, acoustic, delta",chirp-v5,blues
blues,piedmont blues,"piedmont blues, brooding atmosphere, featuring 12-bar chord progression with call-and-response guitar phrases","blues, soul, groove",chirp-v5,blues
blues,modern blues,"modern blues, brooding atmosphere, featuring 12-bar chord progression with call-and-response guitar phrases","blues, Texas, shuffle",chirp-v5,blues
blues,delta blues,"delta blues, cathartic atmosphere, featuring 12-bar chord progression with call-and-response guitar phrases","blues, guitar, harmonica",chirp-v5,blues
blues,Chicago blues,"Chicago blues, cathartic atmosphere, featuring 12-bar chord progression with call-and-response guitar phrases","blues, electric, Chicago",chirp-v5,blues
blues,Texas blues,"Texas blues, cathartic atmosphere, featuring 12-bar chord progression with call-and-response guitar phrases","blues, acoustic, delta",chirp-v5,blues
blues,electric blues,"electric blues, cathartic atmosphere, featuring 12-bar chord progression with call-and-response guitar phrases","blues, soul, groove",chirp-v5,blues
blues,acoustic blues,"acoustic blues, cathartic atmosphere, featuring 12-bar chord progression with call-and-response guitar phrases","blues, Texas, shuffle",chirp-v5,blues
blues,jump blues,"jump blues, cathartic atmosphere, featuring 12-bar chord progression with call-and-response guitar phrases","blues, guitar, harmonica",chirp-v5,blues
blues,soul blues,"soul blues, cathartic atmosphere, featuring 12-bar chord progression with call-and-response guitar phrases","blues, electric, Chicago",chirp-v5,blues
blues,swamp blues,"swamp blues, cathartic atmosphere, featuring 12-bar chord progression with call-and-response guitar phrases","blues, acoustic, delta",chirp-v5,blues
blues,piedmont blues,"piedmont blues, cathartic atmosphere, featuring 12-bar chord progression with call-and-response guitar phrases","blues, soul, groove",chirp-v5,blues
blues,modern blues,"modern blues, cathartic atmosphere, featuring 12-bar chord progression with call-and-response guitar phrases","blues, Texas, shuffle",chirp-v5,blues
blues,delta blues,"delta blues, sorrowful atmosphere, featuring electric guitar bends and vibrato over a walking bass line","blues, guitar, harmonica",chirp-v5,blues
blues,Chicago blues,"Chicago blues, sorrowful atmosphere, featuring electric guitar bends and vibrato over a walking bass line","blues, electric, Chicago",chirp-v5,blues
blues,Texas blues,"Texas blues, sorrowful atmosphere, featuring electric guitar bends and vibrato over a walking bass line","blues, acoustic, delta",chirp-v5,blues
blues,electric blues,"electric blues, sorrowful atmosphere, featuring electric guitar bends and vibrato over a walking bass line","blues, soul, groove",chirp-v5,blues
blues,acoustic blues,"acoustic blues, sorrowful atmosphere, featuring electric guitar bends and vibrato over a walking bass line","blues, Texas, shuffle",chirp-v5,blues
blues,jump blues,"jump blues, sorrowful atmosphere, featuring electric guitar bends and vibrato over a walking bass line","blues, guitar, harmonica",chirp-v5,blues
blues,soul blues,"soul blues, sorrowful atmosphere, featuring electric guitar bends and vibrato over a walking bass line","blues, electric, Chicago",chirp-v5,blues
blues,swamp blues,"swamp blues, sorrowful atmosphere, featuring electric guitar bends and vibrato over a walking bass line","blues, acoustic, delta",chirp-v5,blues
blues,piedmont blues,"piedmont blues, sorrowful atmosphere, featuring electric guitar bends and vibrato over a walking bass line","blues, soul, groove",chirp-v5,blues
blues,modern blues,"modern blues, sorrowful atmosphere, featuring electric guitar bends and vibrato over a walking bass line","blues, Texas, shuffle",chirp-v5,blues
blues,delta blues,"delta blues, soulful atmosphere, featuring electric guitar bends and vibrato over a walking bass line","blues, guitar, harmonica",chirp-v5,blues
blues,Chicago blues,"Chicago blues, soulful atmosphere, featuring electric guitar bends and vibrato over a walking bass line","blues, electric, Chicago",chirp-v5,blues
blues,Texas blues,"Texas blues, soulful atmosphere, featuring electric guitar bends and vibrato over a walking bass line","blues, acoustic, delta",chirp-v5,blues
blues,electric blues,"electric blues, soulful atmosphere, featuring electric guitar bends and vibrato over a walking bass line","blues, soul, groove",chirp-v5,blues
blues,acoustic blues,"acoustic blues, soulful atmosphere, featuring electric guitar bends and vibrato over a walking bass line","blues, Texas, shuffle",chirp-v5,blues
blues,jump blues,"jump blues, soulful atmosphere, featuring electric guitar bends and vibrato over a walking bass line","blues, guitar, harmonica",chirp-v5,blues
blues,soul blues,"soul blues, soulful atmosphere, featuring electric guitar bends and vibrato over a walking bass line","blues, electric, Chicago",chirp-v5,blues
blues,swamp blues,"swamp blues, soulful atmosphere, featuring electric guitar bends and vibrato over a walking bass line","blues, acoustic, delta",chirp-v5,blues
blues,piedmont blues,"piedmont blues, soulful atmosphere, featuring electric guitar bends and vibrato over a walking bass line","blues, soul, groove",chirp-v5,blues
blues,modern blues,"modern blues, soulful atmosphere, featuring electric guitar bends and vibrato over a walking bass line","blues, Texas, shuffle",chirp-v5,blues
blues,delta blues,"delta blues, gritty atmosphere, featuring electric guitar bends and vibrato over a walking bass line","blues, guitar, harmonica",chirp-v5,blues
blues,Chicago blues,"Chicago blues, gritty atmosphere, featuring electric guitar bends and vibrato over a walking bass line","blues, electric, Chicago",chirp-v5,blues
blues,Texas blues,"Texas blues, gritty atmosphere, featuring electric guitar bends and vibrato over a walking bass line","blues, acoustic, delta",chirp-v5,blues
blues,electric blues,"electric blues, gritty atmosphere, featuring electric guitar bends and vibrato over a walking bass line","blues, soul, groove",chirp-v5,blues
blues,acoustic blues,"acoustic blues, gritty atmosphere, featuring electric guitar bends and vibrato over a walking bass line","blues, Texas, shuffle",chirp-v5,blues
blues,jump blues,"jump blues, gritty atmosphere, featuring electric guitar bends and vibrato over a walking bass line","blues, guitar, harmonica",chirp-v5,blues
blues,soul blues,"soul blues, gritty atmosphere, featuring electric guitar bends and vibrato over a walking bass line","blues, electric, Chicago",chirp-v5,blues
blues,swamp blues,"swamp blues, gritty atmosphere, featuring electric guitar bends and vibrato over a walking bass line","blues, acoustic, delta",chirp-v5,blues
blues,piedmont blues,"piedmont blues, gritty atmosphere, featuring electric guitar bends and vibrato over a walking bass line","blues, soul, groove",chirp-v5,blues
blues,modern blues,"modern blues, gritty atmosphere, featuring electric guitar bends and vibrato over a walking bass line","blues, Texas, shuffle",chirp-v5,blues
blues,delta blues,"delta blues, passionate atmosphere, featuring electric guitar bends and vibrato over a walking bass line","blues, guitar, harmonica",chirp-v5,blues
blues,Chicago blues,"Chicago blues, passionate atmosphere, featuring electric guitar bends and vibrato over a walking bass line","blues, electric, Chicago",chirp-v5,blues
blues,Texas blues,"Texas blues, passionate atmosphere, featuring electric guitar bends and vibrato over a walking bass line","blues, acoustic, delta",chirp-v5,blues
blues,electric blues,"electric blues, passionate atmosphere, featuring electric guitar bends and vibrato over a walking bass line","blues, soul, groove",chirp-v5,blues
blues,acoustic blues,"acoustic blues, passionate atmosphere, featuring electric guitar bends and vibrato over a walking bass line","blues, Texas, shuffle",chirp-v5,blues
blues,jump blues,"jump blues, passionate atmosphere, featuring electric guitar bends and vibrato over a walking bass line","blues, guitar, harmonica",chirp-v5,blues
blues,soul blues,"soul blues, passionate atmosphere, featuring electric guitar bends and vibrato over a walking bass line","blues, electric, Chicago",chirp-v5,blues
blues,swamp blues,"swamp blues, passionate atmosphere, featuring electric guitar bends and vibrato over a walking bass line","blues, acoustic, delta",chirp-v5,blues
blues,piedmont blues,"piedmont blues, passionate atmosphere, featuring electric guitar bends and vibrato over a walking bass line","blues, soul, groove",chirp-v5,blues
blues,modern blues,"modern blues, passionate atmosphere, featuring electric guitar bends and vibrato over a walking bass line","blues, Texas, shuffle",chirp-v5,blues
blues,delta blues,"delta blues, laid-back atmosphere, featuring electric guitar bends and vibrato over a walking bass line","blues, guitar, harmonica",chirp-v5,blues
blues,Chicago blues,"Chicago blues, laid-back atmosphere, featuring electric guitar bends and vibrato over a walking bass line","blues, electric, Chicago",chirp-v5,blues
blues,Texas blues,"Texas blues, laid-back atmosphere, featuring electric guitar bends and vibrato over a walking bass line","blues, acoustic, delta",chirp-v5,blues
blues,electric blues,"electric blues, laid-back atmosphere, featuring electric guitar bends and vibrato over a walking bass line","blues, soul, groove",chirp-v5,blues
blues,acoustic blues,"acoustic blues, laid-back atmosphere, featuring electric guitar bends and vibrato over a walking bass line","blues, Texas, shuffle",chirp-v5,blues
blues,jump blues,"jump blues, laid-back atmosphere, featuring electric guitar bends and vibrato over a walking bass line","blues, guitar, harmonica",chirp-v5,blues
blues,soul blues,"soul blues, laid-back atmosphere, featuring electric guitar bends and vibrato over a walking bass line","blues, electric, Chicago",chirp-v5,blues
blues,swamp blues,"swamp blues, laid-back atmosphere, featuring electric guitar bends and vibrato over a walking bass line","blues, acoustic, delta",chirp-v5,blues
blues,piedmont blues,"piedmont blues, laid-back atmosphere, featuring electric guitar bends and vibrato over a walking bass line","blues, soul, groove",chirp-v5,blues
blues,modern blues,"modern blues, laid-back atmosphere, featuring electric guitar bends and vibrato over a walking bass line","blues, Texas, shuffle",chirp-v5,blues
blues,delta blues,"delta blues, yearning atmosphere, featuring electric guitar bends and vibrato over a walking bass line","blues, guitar, harmonica",chirp-v5,blues
blues,Chicago blues,"Chicago blues, yearning atmosphere, featuring electric guitar bends and vibrato over a walking bass line","blues, electric, Chicago",chirp-v5,blues
blues,Texas blues,"Texas blues, yearning atmosphere, featuring electric guitar bends and vibrato over a walking bass line","blues, acoustic, delta",chirp-v5,blues
blues,electric blues,"electric blues, yearning atmosphere, featuring electric guitar bends and vibrato over a walking bass line","blues, soul, groove",chirp-v5,blues
blues,acoustic blues,"acoustic blues, yearning atmosphere, featuring electric guitar bends and vibrato over a walking bass line","blues, Texas, shuffle",chirp-v5,blues
blues,jump blues,"jump blues, yearning atmosphere, featuring electric guitar bends and vibrato over a walking bass line","blues, guitar, harmonica",chirp-v5,blues
blues,soul blues,"soul blues, yearning atmosphere, featuring electric guitar bends and vibrato over a walking bass line","blues, electric, Chicago",chirp-v5,blues
blues,swamp blues,"swamp blues, yearning atmosphere, featuring electric guitar bends and vibrato over a walking bass line","blues, acoustic, delta",chirp-v5,blues
blues,piedmont blues,"piedmont blues, yearning atmosphere, featuring electric guitar bends and vibrato over a walking bass line","blues, soul, groove",chirp-v5,blues
blues,modern blues,"modern blues, yearning atmosphere, featuring electric guitar bends and vibrato over a walking bass line","blues, Texas, shuffle",chirp-v5,blues
blues,delta blues,"delta blues, raw atmosphere, featuring electric guitar bends and vibrato over a walking bass line","blues, guitar, harmonica",chirp-v5,blues
blues,Chicago blues,"Chicago blues, raw atmosphere, featuring electric guitar bends and vibrato over a walking bass line","blues, electric, Chicago",chirp-v5,blues
blues,Texas blues,"Texas blues, raw atmosphere, featuring electric guitar bends and vibrato over a walking bass line","blues, acoustic, delta",chirp-v5,blues
blues,electric blues,"electric blues, raw atmosphere, featuring electric guitar bends and vibrato over a walking bass line","blues, soul, groove",chirp-v5,blues
blues,acoustic blues,"acoustic blues, raw atmosphere, featuring electric guitar bends and vibrato over a walking bass line","blues, Texas, shuffle",chirp-v5,blues
blues,jump blues,"jump blues, raw atmosphere, featuring electric guitar bends and vibrato over a walking bass line","blues, guitar, harmonica",chirp-v5,blues
blues,soul blues,"soul blues, raw atmosphere, featuring electric guitar bends and vibrato over a walking bass line","blues, electric, Chicago",chirp-v5,blues
blues,swamp blues,"swamp blues, raw atmosphere, featuring electric guitar bends and vibrato over a walking bass line","blues, acoustic, delta",chirp-v5,blues
blues,piedmont blues,"piedmont blues, raw atmosphere, featuring electric guitar bends and vibrato over a walking bass line","blues, soul, groove",chirp-v5,blues
blues,modern blues,"modern blues, raw atmosphere, featuring electric guitar bends and vibrato over a walking bass line","blues, Texas, shuffle",chirp-v5,blues
blues,delta blues,"delta blues, emotional atmosphere, featuring electric guitar bends and vibrato over a walking bass line","blues, guitar, harmonica",chirp-v5,blues
blues,Chicago blues,"Chicago blues, emotional atmosphere, featuring electric guitar bends and vibrato over a walking bass line","blues, electric, Chicago",chirp-v5,blues
blues,Texas blues,"Texas blues, emotional atmosphere, featuring electric guitar bends and vibrato over a walking bass line","blues, acoustic, delta",chirp-v5,blues
blues,electric blues,"electric blues, emotional atmosphere, featuring electric guitar bends and vibrato over a walking bass line","blues, soul, groove",chirp-v5,blues
blues,acoustic blues,"acoustic blues, emotional atmosphere, featuring electric guitar bends and vibrato over a walking bass line","blues, Texas, shuffle",chirp-v5,blues
blues,jump blues,"jump blues, emotional atmosphere, featuring electric guitar bends and vibrato over a walking bass line","blues, guitar, harmonica",chirp-v5,blues
blues,soul blues,"soul blues, emotional atmosphere, featuring electric guitar bends and vibrato over a walking bass line","blues, electric, Chicago",chirp-v5,blues
blues,swamp blues,"swamp blues, emotional atmosphere, featuring electric guitar bends and vibrato over a walking bass line","blues, acoustic, delta",chirp-v5,blues
blues,piedmont blues,"piedmont blues, emotional atmosphere, featuring electric guitar bends and vibrato over a walking bass line","blues, soul, groove",chirp-v5,blues
blues,modern blues,"modern blues, emotional atmosphere, featuring electric guitar bends and vibrato over a walking bass line","blues, Texas, shuffle",chirp-v5,blues
blues,delta blues,"delta blues, brooding atmosphere, featuring electric guitar bends and vibrato over a walking bass line","blues, guitar, harmonica",chirp-v5,blues
blues,Chicago blues,"Chicago blues, brooding atmosphere, featuring electric guitar bends and vibrato over a walking bass line","blues, electric, Chicago",chirp-v5,blues
blues,Texas blues,"Texas blues, brooding atmosphere, featuring electric guitar bends and vibrato over a walking bass line","blues, acoustic, delta",chirp-v5,blues
blues,electric blues,"electric blues, brooding atmosphere, featuring electric guitar bends and vibrato over a walking bass line","blues, soul, groove",chirp-v5,blues
blues,acoustic blues,"acoustic blues, brooding atmosphere, featuring electric guitar bends and vibrato over a walking bass line","blues, Texas, shuffle",chirp-v5,blues
blues,jump blues,"jump blues, brooding atmosphere, featuring electric guitar bends and vibrato over a walking bass line","blues, guitar, harmonica",chirp-v5,blues
blues,soul blues,"soul blues, brooding atmosphere, featuring electric guitar bends and vibrato over a walking bass line","blues, electric, Chicago",chirp-v5,blues
blues,swamp blues,"swamp blues, brooding atmosphere, featuring electric guitar bends and vibrato over a walking bass line","blues, acoustic, delta",chirp-v5,blues
blues,piedmont blues,"piedmont blues, brooding atmosphere, featuring electric guitar bends and vibrato over a walking bass line","blues, soul, groove",chirp-v5,blues
blues,modern blues,"modern blues, brooding atmosphere, featuring electric guitar bends and vibrato over a walking bass line","blues, Texas, shuffle",chirp-v5,blues
blues,delta blues,"delta blues, cathartic atmosphere, featuring electric guitar bends and vibrato over a walking bass line","blues, guitar, harmonica",chirp-v5,blues
blues,Chicago blues,"Chicago blues, cathartic atmosphere, featuring electric guitar bends and vibrato over a walking bass line","blues, electric, Chicago",chirp-v5,blues
blues,Texas blues,"Texas blues, cathartic atmosphere, featuring electric guitar bends and vibrato over a walking bass line","blues, acoustic, delta",chirp-v5,blues
blues,electric blues,"electric blues, cathartic atmosphere, featuring electric guitar bends and vibrato over a walking bass line","blues, soul, groove",chirp-v5,blues
blues,acoustic blues,"acoustic blues, cathartic atmosphere, featuring electric guitar bends and vibrato over a walking bass line","blues, Texas, shuffle",chirp-v5,blues
blues,jump blues,"jump blues, cathartic atmosphere, featuring electric guitar bends and vibrato over a walking bass line","blues, guitar, harmonica",chirp-v5,blues
blues,soul blues,"soul blues, cathartic atmosphere, featuring electric guitar bends and vibrato over a walking bass line","blues, electric, Chicago",chirp-v5,blues
blues,swamp blues,"swamp blues, cathartic atmosphere, featuring electric guitar bends and vibrato over a walking bass line","blues, acoustic, delta",chirp-v5,blues
blues,piedmont blues,"piedmont blues, cathartic atmosphere, featuring electric guitar bends and vibrato over a walking bass line","blues, soul, groove",chirp-v5,blues
blues,modern blues,"modern blues, cathartic atmosphere, featuring electric guitar bends and vibrato over a walking bass line","blues, Texas, shuffle",chirp-v5,blues
blues,delta blues,"delta blues, sorrowful atmosphere, featuring fingerpicked acoustic guitar with open-tuned resonance","blues, guitar, harmonica",chirp-v5,blues
blues,Chicago blues,"Chicago blues, sorrowful atmosphere, featuring fingerpicked acoustic guitar with open-tuned resonance","blues, electric, Chicago",chirp-v5,blues
blues,Texas blues,"Texas blues, sorrowful atmosphere, featuring fingerpicked acoustic guitar with open-tuned resonance","blues, acoustic, delta",chirp-v5,blues
blues,electric blues,"electric blues, sorrowful atmosphere, featuring fingerpicked acoustic guitar with open-tuned resonance","blues, soul, groove",chirp-v5,blues
blues,acoustic blues,"acoustic blues, sorrowful atmosphere, featuring fingerpicked acoustic guitar with open-tuned resonance","blues, Texas, shuffle",chirp-v5,blues
blues,jump blues,"jump blues, sorrowful atmosphere, featuring fingerpicked acoustic guitar with open-tuned resonance","blues, guitar, harmonica",chirp-v5,blues
blues,soul blues,"soul blues, sorrowful atmosphere, featuring fingerpicked acoustic guitar with open-tuned resonance","blues, electric, Chicago",chirp-v5,blues
blues,swamp blues,"swamp blues, sorrowful atmosphere, featuring fingerpicked acoustic guitar with open-tuned resonance","blues, acoustic, delta",chirp-v5,blues
blues,piedmont blues,"piedmont blues, sorrowful atmosphere, featuring fingerpicked acoustic guitar with open-tuned resonance","blues, soul, groove",chirp-v5,blues
blues,modern blues,"modern blues, sorrowful atmosphere, featuring fingerpicked acoustic guitar with open-tuned resonance","blues, Texas, shuffle",chirp-v5,blues
blues,delta blues,"delta blues, soulful atmosphere, featuring fingerpicked acoustic guitar with open-tuned resonance","blues, guitar, harmonica",chirp-v5,blues
blues,Chicago blues,"Chicago blues, soulful atmosphere, featuring fingerpicked acoustic guitar with open-tuned resonance","blues, electric, Chicago",chirp-v5,blues
blues,Texas blues,"Texas blues, soulful atmosphere, featuring fingerpicked acoustic guitar with open-tuned resonance","blues, acoustic, delta",chirp-v5,blues
blues,electric blues,"electric blues, soulful atmosphere, featuring fingerpicked acoustic guitar with open-tuned resonance","blues, soul, groove",chirp-v5,blues
blues,acoustic blues,"acoustic blues, soulful atmosphere, featuring fingerpicked acoustic guitar with open-tuned resonance","blues, Texas, shuffle",chirp-v5,blues
blues,jump blues,"jump blues, soulful atmosphere, featuring fingerpicked acoustic guitar with open-tuned resonance","blues, guitar, harmonica",chirp-v5,blues
blues,soul blues,"soul blues, soulful atmosphere, featuring fingerpicked acoustic guitar with open-tuned resonance","blues, electric, Chicago",chirp-v5,blues
blues,swamp blues,"swamp blues, soulful atmosphere, featuring fingerpicked acoustic guitar with open-tuned resonance","blues, acoustic, delta",chirp-v5,blues
blues,piedmont blues,"piedmont blues, soulful atmosphere, featuring fingerpicked acoustic guitar with open-tuned resonance","blues, soul, groove",chirp-v5,blues
blues,modern blues,"modern blues, soulful atmosphere, featuring fingerpicked acoustic guitar with open-tuned resonance","blues, Texas, shuffle",chirp-v5,blues
blues,delta blues,"delta blues, gritty atmosphere, featuring fingerpicked acoustic guitar with open-tuned resonance","blues, guitar, harmonica",chirp-v5,blues
blues,Chicago blues,"Chicago blues, gritty atmosphere, featuring fingerpicked acoustic guitar with open-tuned resonance","blues, electric, Chicago",chirp-v5,blues
blues,Texas blues,"Texas blues, gritty atmosphere, featuring fingerpicked acoustic guitar with open-tuned resonance","blues, acoustic, delta",chirp-v5,blues
blues,electric blues,"electric blues, gritty atmosphere, featuring fingerpicked acoustic guitar with open-tuned resonance","blues, soul, groove",chirp-v5,blues
blues,acoustic blues,"acoustic blues, gritty atmosphere, featuring fingerpicked acoustic guitar with open-tuned resonance","blues, Texas, shuffle",chirp-v5,blues
blues,jump blues,"jump blues, gritty atmosphere, featuring fingerpicked acoustic guitar with open-tuned resonance","blues, guitar, harmonica",chirp-v5,blues
blues,soul blues,"soul blues, gritty atmosphere, featuring fingerpicked acoustic guitar with open-tuned resonance","blues, electric, Chicago",chirp-v5,blues
blues,swamp blues,"swamp blues, gritty atmosphere, featuring fingerpicked acoustic guitar with open-tuned resonance","blues, acoustic, delta",chirp-v5,blues
blues,piedmont blues,"piedmont blues, gritty atmosphere, featuring fingerpicked acoustic guitar with open-tuned resonance","blues, soul, groove",chirp-v5,blues
blues,modern blues,"modern blues, gritty atmosphere, featuring fingerpicked acoustic guitar with open-tuned resonance","blues, Texas, shuffle",chirp-v5,blues
blues,delta blues,"delta blues, passionate atmosphere, featuring fingerpicked acoustic guitar with open-tuned resonance","blues, guitar, harmonica",chirp-v5,blues
blues,Chicago blues,"Chicago blues, passionate atmosphere, featuring fingerpicked acoustic guitar with open-tuned resonance","blues, electric, Chicago",chirp-v5,blues
blues,Texas blues,"Texas blues, passionate atmosphere, featuring fingerpicked acoustic guitar with open-tuned resonance","blues, acoustic, delta",chirp-v5,blues
blues,electric blues,"electric blues, passionate atmosphere, featuring fingerpicked acoustic guitar with open-tuned resonance","blues, soul, groove",chirp-v5,blues
blues,acoustic blues,"acoustic blues, passionate atmosphere, featuring fingerpicked acoustic guitar with open-tuned resonance","blues, Texas, shuffle",chirp-v5,blues
blues,jump blues,"jump blues, passionate atmosphere, featuring fingerpicked acoustic guitar with open-tuned resonance","blues, guitar, harmonica",chirp-v5,blues
blues,soul blues,"soul blues, passionate atmosphere, featuring fingerpicked acoustic guitar with open-tuned resonance","blues, electric, Chicago",chirp-v5,blues
blues,swamp blues,"swamp blues, passionate atmosphere, featuring fingerpicked acoustic guitar with open-tuned resonance","blues, acoustic, delta",chirp-v5,blues
blues,piedmont blues,"piedmont blues, passionate atmosphere, featuring fingerpicked acoustic guitar with open-tuned resonance","blues, soul, groove",chirp-v5,blues
blues,modern blues,"modern blues, passionate atmosphere, featuring fingerpicked acoustic guitar with open-tuned resonance","blues, Texas, shuffle",chirp-v5,blues
blues,delta blues,"delta blues, laid-back atmosphere, featuring fingerpicked acoustic guitar with open-tuned resonance","blues, guitar, harmonica",chirp-v5,blues
blues,Chicago blues,"Chicago blues, laid-back atmosphere, featuring fingerpicked acoustic guitar with open-tuned resonance","blues, electric, Chicago",chirp-v5,blues
blues,Texas blues,"Texas blues, laid-back atmosphere, featuring fingerpicked acoustic guitar with open-tuned resonance","blues, acoustic, delta",chirp-v5,blues
blues,electric blues,"electric blues, laid-back atmosphere, featuring fingerpicked acoustic guitar with open-tuned resonance","blues, soul, groove",chirp-v5,blues
blues,acoustic blues,"acoustic blues, laid-back atmosphere, featuring fingerpicked acoustic guitar with open-tuned resonance","blues, Texas, shuffle",chirp-v5,blues
blues,jump blues,"jump blues, laid-back atmosphere, featuring fingerpicked acoustic guitar with open-tuned resonance","blues, guitar, harmonica",chirp-v5,blues
blues,soul blues,"soul blues, laid-back atmosphere, featuring fingerpicked acoustic guitar with open-tuned resonance","blues, electric, Chicago",chirp-v5,blues
blues,swamp blues,"swamp blues, laid-back atmosphere, featuring fingerpicked acoustic guitar with open-tuned resonance","blues, acoustic, delta",chirp-v5,blues
blues,piedmont blues,"piedmont blues, laid-back atmosphere, featuring fingerpicked acoustic guitar with open-tuned resonance","blues, soul, groove",chirp-v5,blues
blues,modern blues,"modern blues, laid-back atmosphere, featuring fingerpicked acoustic guitar with open-tuned resonance","blues, Texas, shuffle",chirp-v5,blues
blues,delta blues,"delta blues, yearning atmosphere, featuring fingerpicked acoustic guitar with open-tuned resonance","blues, guitar, harmonica",chirp-v5,blues
blues,Chicago blues,"Chicago blues, yearning atmosphere, featuring fingerpicked acoustic guitar with open-tuned resonance","blues, electric, Chicago",chirp-v5,blues
blues,Texas blues,"Texas blues, yearning atmosphere, featuring fingerpicked acoustic guitar with open-tuned resonance","blues, acoustic, delta",chirp-v5,blues
blues,electric blues,"electric blues, yearning atmosphere, featuring fingerpicked acoustic guitar with open-tuned resonance","blues, soul, groove",chirp-v5,blues
blues,acoustic blues,"acoustic blues, yearning atmosphere, featuring fingerpicked acoustic guitar with open-tuned resonance","blues, Texas, shuffle",chirp-v5,blues
blues,jump blues,"jump blues, yearning atmosphere, featuring fingerpicked acoustic guitar with open-tuned resonance","blues, guitar, harmonica",chirp-v5,blues
blues,soul blues,"soul blues, yearning atmosphere, featuring fingerpicked acoustic guitar with open-tuned resonance","blues, electric, Chicago",chirp-v5,blues
blues,swamp blues,"swamp blues, yearning atmosphere, featuring fingerpicked acoustic guitar with open-tuned resonance","blues, acoustic, delta",chirp-v5,blues
blues,piedmont blues,"piedmont blues, yearning atmosphere, featuring fingerpicked acoustic guitar with open-tuned resonance","blues, soul, groove",chirp-v5,blues
blues,modern blues,"modern blues, yearning atmosphere, featuring fingerpicked acoustic guitar with open-tuned resonance","blues, Texas, shuffle",chirp-v5,blues
blues,delta blues,"delta blues, raw atmosphere, featuring fingerpicked acoustic guitar with open-tuned resonance","blues, guitar, harmonica",chirp-v5,blues
blues,Chicago blues,"Chicago blues, raw atmosphere, featuring fingerpicked acoustic guitar with open-tuned resonance","blues, electric, Chicago",chirp-v5,blues
blues,Texas blues,"Texas blues, raw atmosphere, featuring fingerpicked acoustic guitar with open-tuned resonance","blues, acoustic, delta",chirp-v5,blues
blues,electric blues,"electric blues, raw atmosphere, featuring fingerpicked acoustic guitar with open-tuned resonance","blues, soul, groove",chirp-v5,blues
blues,acoustic blues,"acoustic blues, raw atmosphere, featuring fingerpicked acoustic guitar with open-tuned resonance","blues, Texas, shuffle",chirp-v5,blues
blues,jump blues,"jump blues, raw atmosphere, featuring fingerpicked acoustic guitar with open-tuned resonance","blues, guitar, harmonica",chirp-v5,blues
blues,soul blues,"soul blues, raw atmosphere, featuring fingerpicked acoustic guitar with open-tuned resonance","blues, electric, Chicago",chirp-v5,blues
blues,swamp blues,"swamp blues, raw atmosphere, featuring fingerpicked acoustic guitar with open-tuned resonance","blues, acoustic, delta",chirp-v5,blues
blues,piedmont blues,"piedmont blues, raw atmosphere, featuring fingerpicked acoustic guitar with open-tuned resonance","blues, soul, groove",chirp-v5,blues
blues,modern blues,"modern blues, raw atmosphere, featuring fingerpicked acoustic guitar with open-tuned resonance","blues, Texas, shuffle",chirp-v5,blues
blues,delta blues,"delta blues, emotional atmosphere, featuring fingerpicked acoustic guitar with open-tuned resonance","blues, guitar, harmonica",chirp-v5,blues
blues,Chicago blues,"Chicago blues, emotional atmosphere, featuring fingerpicked acoustic guitar with open-tuned resonance","blues, electric, Chicago",chirp-v5,blues
blues,Texas blues,"Texas blues, emotional atmosphere, featuring fingerpicked acoustic guitar with open-tuned resonance","blues, acoustic, delta",chirp-v5,blues
blues,electric blues,"electric blues, emotional atmosphere, featuring fingerpicked acoustic guitar with open-tuned resonance","blues, soul, groove",chirp-v5,blues
blues,acoustic blues,"acoustic blues, emotional atmosphere, featuring fingerpicked acoustic guitar with open-tuned resonance","blues, Texas, shuffle",chirp-v5,blues
blues,jump blues,"jump blues, emotional atmosphere, featuring fingerpicked acoustic guitar with open-tuned resonance","blues, guitar, harmonica",chirp-v5,blues
blues,soul blues,"soul blues, emotional atmosphere, featuring fingerpicked acoustic guitar with open-tuned resonance","blues, electric, Chicago",chirp-v5,blues
blues,swamp blues,"swamp blues, emotional atmosphere, featuring fingerpicked acoustic guitar with open-tuned resonance","blues, acoustic, delta",chirp-v5,blues
blues,piedmont blues,"piedmont blues, emotional atmosphere, featuring fingerpicked acoustic guitar with open-tuned resonance","blues, soul, groove",chirp-v5,blues
blues,modern blues,"modern blues, emotional atmosphere, featuring fingerpicked acoustic guitar with open-tuned resonance","blues, Texas, shuffle",chirp-v5,blues
blues,delta blues,"delta blues, brooding atmosphere, featuring fingerpicked acoustic guitar with open-tuned resonance","blues, guitar, harmonica",chirp-v5,blues
blues,Chicago blues,"Chicago blues, brooding atmosphere, featuring fingerpicked acoustic guitar with open-tuned resonance","blues, electric, Chicago",chirp-v5,blues
blues,Texas blues,"Texas blues, brooding atmosphere, featuring fingerpicked acoustic guitar with open-tuned resonance","blues, acoustic, delta",chirp-v5,blues
blues,electric blues,"electric blues, brooding atmosphere, featuring fingerpicked acoustic guitar with open-tuned resonance","blues, soul, groove",chirp-v5,blues
blues,acoustic blues,"acoustic blues, brooding atmosphere, featuring fingerpicked acoustic guitar with open-tuned resonance","blues, Texas, shuffle",chirp-v5,blues
blues,jump blues,"jump blues, brooding atmosphere, featuring fingerpicked acoustic guitar with open-tuned resonance","blues, guitar, harmonica",chirp-v5,blues
blues,soul blues,"soul blues, brooding atmosphere, featuring fingerpicked acoustic guitar with open-tuned resonance","blues, electric, Chicago",chirp-v5,blues
blues,swamp blues,"swamp blues, brooding atmosphere, featuring fingerpicked acoustic guitar with open-tuned resonance","blues, acoustic, delta",chirp-v5,blues
blues,piedmont blues,"piedmont blues, brooding atmosphere, featuring fingerpicked acoustic guitar with open-tuned resonance","blues, soul, groove",chirp-v5,blues
blues,modern blues,"modern blues, brooding atmosphere, featuring fingerpicked acoustic guitar with open-tuned resonance","blues, Texas, shuffle",chirp-v5,blues
blues,delta blues,"delta blues, cathartic atmosphere, featuring fingerpicked acoustic guitar with open-tuned resonance","blues, guitar, harmonica",chirp-v5,blues
blues,Chicago blues,"Chicago blues, cathartic atmosphere, featuring fingerpicked acoustic guitar with open-tuned resonance","blues, electric, Chicago",chirp-v5,blues
blues,Texas blues,"Texas blues, cathartic atmosphere, featuring fingerpicked acoustic guitar with open-tuned resonance","blues, acoustic, delta",chirp-v5,blues
blues,electric blues,"electric blues, cathartic atmosphere, featuring fingerpicked acoustic guitar with open-tuned resonance","blues, soul, groove",chirp-v5,blues
blues,acoustic blues,"acoustic blues, cathartic atmosphere, featuring fingerpicked acoustic guitar with open-tuned resonance","blues, Texas, shuffle",chirp-v5,blues
blues,jump blues,"jump blues, cathartic atmosphere, featuring fingerpicked acoustic guitar with open-tuned resonance","blues, guitar, harmonica",chirp-v5,blues
blues,soul blues,"soul blues, cathartic atmosphere, featuring fingerpicked acoustic guitar with open-tuned resonance","blues, electric, Chicago",chirp-v5,blues
blues,swamp blues,"swamp blues, cathartic atmosphere, featuring fingerpicked acoustic guitar with open-tuned resonance","blues, acoustic, delta",chirp-v5,blues
blues,piedmont blues,"piedmont blues, cathartic atmosphere, featuring fingerpicked acoustic guitar with open-tuned resonance","blues, soul, groove",chirp-v5,blues
blues,modern blues,"modern blues, cathartic atmosphere, featuring fingerpicked acoustic guitar with open-tuned resonance","blues, Texas, shuffle",chirp-v5,blues
blues,delta blues,"delta blues, sorrowful atmosphere, featuring wailing harmonica and boogie-woogie piano","blues, guitar, harmonica",chirp-v5,blues
blues,Chicago blues,"Chicago blues, sorrowful atmosphere, featuring wailing harmonica and boogie-woogie piano","blues, electric, Chicago",chirp-v5,blues
blues,Texas blues,"Texas blues, sorrowful atmosphere, featuring wailing harmonica and boogie-woogie piano","blues, acoustic, delta",chirp-v5,blues
blues,electric blues,"electric blues, sorrowful atmosphere, featuring wailing harmonica and boogie-woogie piano","blues, soul, groove",chirp-v5,blues
blues,acoustic blues,"acoustic blues, sorrowful atmosphere, featuring wailing harmonica and boogie-woogie piano","blues, Texas, shuffle",chirp-v5,blues
blues,jump blues,"jump blues, sorrowful atmosphere, featuring wailing harmonica and boogie-woogie piano","blues, guitar, harmonica",chirp-v5,blues
blues,soul blues,"soul blues, sorrowful atmosphere, featuring wailing harmonica and boogie-woogie piano","blues, electric, Chicago",chirp-v5,blues
blues,swamp blues,"swamp blues, sorrowful atmosphere, featuring wailing harmonica and boogie-woogie piano","blues, acoustic, delta",chirp-v5,blues
blues,piedmont blues,"piedmont blues, sorrowful atmosphere, featuring wailing harmonica and boogie-woogie piano","blues, soul, groove",chirp-v5,blues
blues,modern blues,"modern blues, sorrowful atmosphere, featuring wailing harmonica and boogie-woogie piano","blues, Texas, shuffle",chirp-v5,blues
blues,delta blues,"delta blues, soulful atmosphere, featuring wailing harmonica and boogie-woogie piano","blues, guitar, harmonica",chirp-v5,blues
blues,Chicago blues,"Chicago blues, soulful atmosphere, featuring wailing harmonica and boogie-woogie piano","blues, electric, Chicago",chirp-v5,blues
blues,Texas blues,"Texas blues, soulful atmosphere, featuring wailing harmonica and boogie-woogie piano","blues, acoustic, delta",chirp-v5,blues
blues,electric blues,"electric blues, soulful atmosphere, featuring wailing harmonica and boogie-woogie piano","blues, soul, groove",chirp-v5,blues
blues,acoustic blues,"acoustic blues, soulful atmosphere, featuring wailing harmonica and boogie-woogie piano","blues, Texas, shuffle",chirp-v5,blues
blues,jump blues,"jump blues, soulful atmosphere, featuring wailing harmonica and boogie-woogie piano","blues, guitar, harmonica",chirp-v5,blues
blues,soul blues,"soul blues, soulful atmosphere, featuring wailing harmonica and boogie-woogie piano","blues, electric, Chicago",chirp-v5,blues
blues,swamp blues,"swamp blues, soulful atmosphere, featuring wailing harmonica and boogie-woogie piano","blues, acoustic, delta",chirp-v5,blues
blues,piedmont blues,"piedmont blues, soulful atmosphere, featuring wailing harmonica and boogie-woogie piano","blues, soul, groove",chirp-v5,blues
blues,modern blues,"modern blues, soulful atmosphere, featuring wailing harmonica and boogie-woogie piano","blues, Texas, shuffle",chirp-v5,blues
blues,delta blues,"delta blues, gritty atmosphere, featuring wailing harmonica and boogie-woogie piano","blues, guitar, harmonica",chirp-v5,blues
blues,Chicago blues,"Chicago blues, gritty atmosphere, featuring wailing harmonica and boogie-woogie piano","blues, electric, Chicago",chirp-v5,blues
blues,Texas blues,"Texas blues, gritty atmosphere, featuring wailing harmonica and boogie-woogie piano","blues, acoustic, delta",chirp-v5,blues
blues,electric blues,"electric blues, gritty atmosphere, featuring wailing harmonica and boogie-woogie piano","blues, soul, groove",chirp-v5,blues
blues,acoustic blues,"acoustic blues, gritty atmosphere, featuring wailing harmonica and boogie-woogie piano","blues, Texas, shuffle",chirp-v5,blues
blues,jump blues,"jump blues, gritty atmosphere, featuring wailing harmonica and boogie-woogie piano","blues, guitar, harmonica",chirp-v5,blues
blues,soul blues,"soul blues, gritty atmosphere, featuring wailing harmonica and boogie-woogie piano","blues, electric, Chicago",chirp-v5,blues
blues,swamp blues,"swamp blues, gritty atmosphere, featuring wailing harmonica and boogie-woogie piano","blues, acoustic, delta",chirp-v5,blues
blues,piedmont blues,"piedmont blues, gritty atmosphere, featuring wailing harmonica and boogie-woogie piano","blues, soul, groove",chirp-v5,blues
blues,modern blues,"modern blues, gritty atmosphere, featuring wailing harmonica and boogie-woogie piano","blues, Texas, shuffle",chirp-v5,blues
blues,delta blues,"delta blues, passionate atmosphere, featuring wailing harmonica and boogie-woogie piano","blues, guitar, harmonica",chirp-v5,blues
blues,Chicago blues,"Chicago blues, passionate atmosphere, featuring wailing harmonica and boogie-woogie piano","blues, electric, Chicago",chirp-v5,blues
blues,Texas blues,"Texas blues, passionate atmosphere, featuring wailing harmonica and boogie-woogie piano","blues, acoustic, delta",chirp-v5,blues
blues,electric blues,"electric blues, passionate atmosphere, featuring wailing harmonica and boogie-woogie piano","blues, soul, groove",chirp-v5,blues
blues,acoustic blues,"acoustic blues, passionate atmosphere, featuring wailing harmonica and boogie-woogie piano","blues, Texas, shuffle",chirp-v5,blues
blues,jump blues,"jump blues, passionate atmosphere, featuring wailing harmonica and boogie-woogie piano","blues, guitar, harmonica",chirp-v5,blues
blues,soul blues,"soul blues, passionate atmosphere, featuring wailing harmonica and boogie-woogie piano","blues, electric, Chicago",chirp-v5,blues
blues,swamp blues,"swamp blues, passionate atmosphere, featuring wailing harmonica and boogie-woogie piano","blues, acoustic, delta",chirp-v5,blues
blues,piedmont blues,"piedmont blues, passionate atmosphere, featuring wailing harmonica and boogie-woogie piano","blues, soul, groove",chirp-v5,blues
blues,modern blues,"modern blues, passionate atmosphere, featuring wailing harmonica and boogie-woogie piano","blues, Texas, shuffle",chirp-v5,blues
blues,delta blues,"delta blues, laid-back atmosphere, featuring wailing harmonica and boogie-woogie piano","blues, guitar, harmonica",chirp-v5,blues
blues,Chicago blues,"Chicago blues, laid-back atmosphere, featuring wailing harmonica and boogie-woogie piano","blues, electric, Chicago",chirp-v5,blues
blues,Texas blues,"Texas blues, laid-back atmosphere, featuring wailing harmonica and boogie-woogie piano","blues, acoustic, delta",chirp-v5,blues
blues,electric blues,"electric blues, laid-back atmosphere, featuring wailing harmonica and boogie-woogie piano","blues, soul, groove",chirp-v5,blues
blues,acoustic blues,"acoustic blues, laid-back atmosphere, featuring wailing harmonica and boogie-woogie piano","blues, Texas, shuffle",chirp-v5,blues
blues,jump blues,"jump blues, laid-back atmosphere, featuring wailing harmonica and boogie-woogie piano","blues, guitar, harmonica",chirp-v5,blues
blues,soul blues,"soul blues, laid-back atmosphere, featuring wailing harmonica and boogie-woogie piano","blues, electric, Chicago",chirp-v5,blues
blues,swamp blues,"swamp blues, laid-back atmosphere, featuring wailing harmonica and boogie-woogie piano","blues, acoustic, delta",chirp-v5,blues
blues,piedmont blues,"piedmont blues, laid-back atmosphere, featuring wailing harmonica and boogie-woogie piano","blues, soul, groove",chirp-v5,blues
blues,modern blues,"modern blues, laid-back atmosphere, featuring wailing harmonica and boogie-woogie piano","blues, Texas, shuffle",chirp-v5,blues
blues,delta blues,"delta blues, yearning atmosphere, featuring wailing harmonica and boogie-woogie piano","blues, guitar, harmonica",chirp-v5,blues
blues,Chicago blues,"Chicago blues, yearning atmosphere, featuring wailing harmonica and boogie-woogie piano","blues, electric, Chicago",chirp-v5,blues
blues,Texas blues,"Texas blues, yearning atmosphere, featuring wailing harmonica and boogie-woogie piano","blues, acoustic, delta",chirp-v5,blues
blues,electric blues,"electric blues, yearning atmosphere, featuring wailing harmonica and boogie-woogie piano","blues, soul, groove",chirp-v5,blues
blues,acoustic blues,"acoustic blues, yearning atmosphere, featuring wailing harmonica and boogie-woogie piano","blues, Texas, shuffle",chirp-v5,blues
blues,jump blues,"jump blues, yearning atmosphere, featuring wailing harmonica and boogie-woogie piano","blues, guitar, harmonica",chirp-v5,blues
blues,soul blues,"soul blues, yearning atmosphere, featuring wailing harmonica and boogie-woogie piano","blues, electric, Chicago",chirp-v5,blues
blues,swamp blues,"swamp blues, yearning atmosphere, featuring wailing harmonica and boogie-woogie piano","blues, acoustic, delta",chirp-v5,blues
blues,piedmont blues,"piedmont blues, yearning atmosphere, featuring wailing harmonica and boogie-woogie piano","blues, soul, groove",chirp-v5,blues
blues,modern blues,"modern blues, yearning atmosphere, featuring wailing harmonica and boogie-woogie piano","blues, Texas, shuffle",chirp-v5,blues
blues,delta blues,"delta blues, raw atmosphere, featuring wailing harmonica and boogie-woogie piano","blues, guitar, harmonica",chirp-v5,blues
blues,Chicago blues,"Chicago blues, raw atmosphere, featuring wailing harmonica and boogie-woogie piano","blues, electric, Chicago",chirp-v5,blues
blues,Texas blues,"Texas blues, raw atmosphere, featuring wailing harmonica and boogie-woogie piano","blues, acoustic, delta",chirp-v5,blues
blues,electric blues,"electric blues, raw atmosphere, featuring wailing harmonica and boogie-woogie piano","blues, soul, groove",chirp-v5,blues
blues,acoustic blues,"acoustic blues, raw atmosphere, featuring wailing harmonica and boogie-woogie piano","blues, Texas, shuffle",chirp-v5,blues
blues,jump blues,"jump blues, raw atmosphere, featuring wailing harmonica and boogie-woogie piano","blues, guitar, harmonica",chirp-v5,blues
blues,soul blues,"soul blues, raw atmosphere, featuring wailing harmonica and boogie-woogie piano","blues, electric, Chicago",chirp-v5,blues
blues,swamp blues,"swamp blues, raw atmosphere, featuring wailing harmonica and boogie-woogie piano","blues, acoustic, delta",chirp-v5,blues
blues,piedmont blues,"piedmont blues, raw atmosphere, featuring wailing harmonica and boogie-woogie piano","blues, soul, groove",chirp-v5,blues
blues,modern blues,"modern blues, raw atmosphere, featuring wailing harmonica and boogie-woogie piano","blues, Texas, shuffle",chirp-v5,blues
blues,delta blues,"delta blues, emotional atmosphere, featuring wailing harmonica and boogie-woogie piano","blues, guitar, harmonica",chirp-v5,blues
blues,Chicago blues,"Chicago blues, emotional atmosphere, featuring wailing harmonica and boogie-woogie piano","blues, electric, Chicago",chirp-v5,blues
blues,Texas blues,"Texas blues, emotional atmosphere, featuring wailing harmonica and boogie-woogie piano","blues, acoustic, delta",chirp-v5,blues
blues,electric blues,"electric blues, emotional atmosphere, featuring wailing harmonica and boogie-woogie piano","blues, soul, groove",chirp-v5,blues
blues,acoustic blues,"acoustic blues, emotional atmosphere, featuring wailing harmonica and boogie-woogie piano","blues, Texas, shuffle",chirp-v5,blues
blues,jump blues,"jump blues, emotional atmosphere, featuring wailing harmonica and boogie-woogie piano","blues, guitar, harmonica",chirp-v5,blues
blues,soul blues,"soul blues, emotional atmosphere, featuring wailing harmonica and boogie-woogie piano","blues, electric, Chicago",chirp-v5,blues
blues,swamp blues,"swamp blues, emotional atmosphere, featuring wailing harmonica and boogie-woogie piano","blues, acoustic, delta",chirp-v5,blues
blues,piedmont blues,"piedmont blues, emotional atmosphere, featuring wailing harmonica and boogie-woogie piano","blues, soul, groove",chirp-v5,blues
blues,modern blues,"modern blues, emotional atmosphere, featuring wailing harmonica and boogie-woogie piano","blues, Texas, shuffle",chirp-v5,blues
blues,delta blues,"delta blues, brooding atmosphere, featuring wailing harmonica and boogie-woogie piano","blues, guitar, harmonica",chirp-v5,blues
blues,Chicago blues,"Chicago blues, brooding atmosphere, featuring wailing harmonica and boogie-woogie piano","blues, electric, Chicago",chirp-v5,blues
blues,Texas blues,"Texas blues, brooding atmosphere, featuring wailing harmonica and boogie-woogie piano","blues, acoustic, delta",chirp-v5,blues
blues,electric blues,"electric blues, brooding atmosphere, featuring wailing harmonica and boogie-woogie piano","blues, soul, groove",chirp-v5,blues
blues,acoustic blues,"acoustic blues, brooding atmosphere, featuring wailing harmonica and boogie-woogie piano","blues, Texas, shuffle",chirp-v5,blues
blues,jump blues,"jump blues, brooding atmosphere, featuring wailing harmonica and boogie-woogie piano","blues, guitar, harmonica",chirp-v5,blues
blues,soul blues,"soul blues, brooding atmosphere, featuring wailing harmonica and boogie-woogie piano","blues, electric, Chicago",chirp-v5,blues
blues,swamp blues,"swamp blues, brooding atmosphere, featuring wailing harmonica and boogie-woogie piano","blues, acoustic, delta",chirp-v5,blues
blues,piedmont blues,"piedmont blues, brooding atmosphere, featuring wailing harmonica and boogie-woogie piano","blues, soul, groove",chirp-v5,blues
blues,modern blues,"modern blues, brooding atmosphere, featuring wailing harmonica and boogie-woogie piano","blues, Texas, shuffle",chirp-v5,blues
blues,delta blues,"delta blues, cathartic atmosphere, featuring wailing harmonica and boogie-woogie piano","blues, guitar, harmonica",chirp-v5,blues
blues,Chicago blues,"Chicago blues, cathartic atmosphere, featuring wailing harmonica and boogie-woogie piano","blues, electric, Chicago",chirp-v5,blues
blues,Texas blues,"Texas blues, cathartic atmosphere, featuring wailing harmonica and boogie-woogie piano","blues, acoustic, delta",chirp-v5,blues
blues,electric blues,"electric blues, cathartic atmosphere, featuring wailing harmonica and boogie-woogie piano","blues, soul, groove",chirp-v5,blues
blues,acoustic blues,"acoustic blues, cathartic atmosphere, featuring wailing harmonica and boogie-woogie piano","blues, Texas, shuffle",chirp-v5,blues
blues,jump blues,"jump blues, cathartic atmosphere, featuring wailing harmonica and boogie-woogie piano","blues, guitar, harmonica",chirp-v5,blues
blues,soul blues,"soul blues, cathartic atmosphere, featuring wailing harmonica and boogie-woogie piano","blues, electric, Chicago",chirp-v5,blues
blues,swamp blues,"swamp blues, cathartic atmosphere, featuring wailing harmonica and boogie-woogie piano","blues, acoustic, delta",chirp-v5,blues
blues,piedmont blues,"piedmont blues, cathartic atmosphere, featuring wailing harmonica and boogie-woogie piano","blues, soul, groove",chirp-v5,blues
blues,modern blues,"modern blues, cathartic atmosphere, featuring wailing harmonica and boogie-woogie piano","blues, Texas, shuffle",chirp-v5,blues
blues,delta blues,"delta blues, sorrowful atmosphere, featuring overdriven Stratocaster with a slow, expressive minor blues","blues, guitar, harmonica",chirp-v5,blues
blues,Chicago blues,"Chicago blues, sorrowful atmosphere, featuring overdriven Stratocaster with a slow, expressive minor blues","blues, electric, Chicago",chirp-v5,blues
blues,Texas blues,"Texas blues, sorrowful atmosphere, featuring overdriven Stratocaster with a slow, expressive minor blues","blues, acoustic, delta",chirp-v5,blues
blues,electric blues,"electric blues, sorrowful atmosphere, featuring overdriven Stratocaster with a slow, expressive minor blues","blues, soul, groove",chirp-v5,blues
blues,acoustic blues,"acoustic blues, sorrowful atmosphere, featuring overdriven Stratocaster with a slow, expressive minor blues","blues, Texas, shuffle",chirp-v5,blues
blues,jump blues,"jump blues, sorrowful atmosphere, featuring overdriven Stratocaster with a slow, expressive minor blues","blues, guitar, harmonica",chirp-v5,blues
blues,soul blues,"soul blues, sorrowful atmosphere, featuring overdriven Stratocaster with a slow, expressive minor blues","blues, electric, Chicago",chirp-v5,blues
blues,swamp blues,"swamp blues, sorrowful atmosphere, featuring overdriven Stratocaster with a slow, expressive minor blues","blues, acoustic, delta",chirp-v5,blues
blues,piedmont blues,"piedmont blues, sorrowful atmosphere, featuring overdriven Stratocaster with a slow, expressive minor blues","blues, soul, groove",chirp-v5,blues
blues,modern blues,"modern blues, sorrowful atmosphere, featuring overdriven Stratocaster with a slow, expressive minor blues","blues, Texas, shuffle",chirp-v5,blues
blues,delta blues,"delta blues, soulful atmosphere, featuring overdriven Stratocaster with a slow, expressive minor blues","blues, guitar, harmonica",chirp-v5,blues
blues,Chicago blues,"Chicago blues, soulful atmosphere, featuring overdriven Stratocaster with a slow, expressive minor blues","blues, electric, Chicago",chirp-v5,blues
blues,Texas blues,"Texas blues, soulful atmosphere, featuring overdriven Stratocaster with a slow, expressive minor blues","blues, acoustic, delta",chirp-v5,blues
blues,electric blues,"electric blues, soulful atmosphere, featuring overdriven Stratocaster with a slow, expressive minor blues","blues, soul, groove",chirp-v5,blues
blues,acoustic blues,"acoustic blues, soulful atmosphere, featuring overdriven Stratocaster with a slow, expressive minor blues","blues, Texas, shuffle",chirp-v5,blues
blues,jump blues,"jump blues, soulful atmosphere, featuring overdriven Stratocaster with a slow, expressive minor blues","blues, guitar, harmonica",chirp-v5,blues
blues,soul blues,"soul blues, soulful atmosphere, featuring overdriven Stratocaster with a slow, expressive minor blues","blues, electric, Chicago",chirp-v5,blues
blues,swamp blues,"swamp blues, soulful atmosphere, featuring overdriven Stratocaster with a slow, expressive minor blues","blues, acoustic, delta",chirp-v5,blues
blues,piedmont blues,"piedmont blues, soulful atmosphere, featuring overdriven Stratocaster with a slow, expressive minor blues","blues, soul, groove",chirp-v5,blues
blues,modern blues,"modern blues, soulful atmosphere, featuring overdriven Stratocaster with a slow, expressive minor blues","blues, Texas, shuffle",chirp-v5,blues
blues,delta blues,"delta blues, gritty atmosphere, featuring overdriven Stratocaster with a slow, expressive minor blues","blues, guitar, harmonica",chirp-v5,blues
blues,Chicago blues,"Chicago blues, gritty atmosphere, featuring overdriven Stratocaster with a slow, expressive minor blues","blues, electric, Chicago",chirp-v5,blues
blues,Texas blues,"Texas blues, gritty atmosphere, featuring overdriven Stratocaster with a slow, expressive minor blues","blues, acoustic, delta",chirp-v5,blues
blues,electric blues,"electric blues, gritty atmosphere, featuring overdriven Stratocaster with a slow, expressive minor blues","blues, soul, groove",chirp-v5,blues
blues,acoustic blues,"acoustic blues, gritty atmosphere, featuring overdriven Stratocaster with a slow, expressive minor blues","blues, Texas, shuffle",chirp-v5,blues
blues,jump blues,"jump blues, gritty atmosphere, featuring overdriven Stratocaster with a slow, expressive minor blues","blues, guitar, harmonica",chirp-v5,blues
blues,soul blues,"soul blues, gritty atmosphere, featuring overdriven Stratocaster with a slow, expressive minor blues","blues, electric, Chicago",chirp-v5,blues
blues,swamp blues,"swamp blues, gritty atmosphere, featuring overdriven Stratocaster with a slow, expressive minor blues","blues, acoustic, delta",chirp-v5,blues
blues,piedmont blues,"piedmont blues, gritty atmosphere, featuring overdriven Stratocaster with a slow, expressive minor blues","blues, soul, groove",chirp-v5,blues
blues,modern blues,"modern blues, gritty atmosphere, featuring overdriven Stratocaster with a slow, expressive minor blues","blues, Texas, shuffle",chirp-v5,blues
blues,delta blues,"delta blues, passionate atmosphere, featuring overdriven Stratocaster with a slow, expressive minor blues","blues, guitar, harmonica",chirp-v5,blues
blues,Chicago blues,"Chicago blues, passionate atmosphere, featuring overdriven Stratocaster with a slow, expressive minor blues","blues, electric, Chicago",chirp-v5,blues
blues,Texas blues,"Texas blues, passionate atmosphere, featuring overdriven Stratocaster with a slow, expressive minor blues","blues, acoustic, delta",chirp-v5,blues
blues,electric blues,"electric blues, passionate atmosphere, featuring overdriven Stratocaster with a slow, expressive minor blues","blues, soul, groove",chirp-v5,blues
blues,acoustic blues,"acoustic blues, passionate atmosphere, featuring overdriven Stratocaster with a slow, expressive minor blues","blues, Texas, shuffle",chirp-v5,blues
blues,jump blues,"jump blues, passionate atmosphere, featuring overdriven Stratocaster with a slow, expressive minor blues","blues, guitar, harmonica",chirp-v5,blues
blues,soul blues,"soul blues, passionate atmosphere, featuring overdriven Stratocaster with a slow, expressive minor blues","blues, electric, Chicago",chirp-v5,blues
blues,swamp blues,"swamp blues, passionate atmosphere, featuring overdriven Stratocaster with a slow, expressive minor blues","blues, acoustic, delta",chirp-v5,blues
blues,piedmont blues,"piedmont blues, passionate atmosphere, featuring overdriven Stratocaster with a slow, expressive minor blues","blues, soul, groove",chirp-v5,blues
blues,modern blues,"modern blues, passionate atmosphere, featuring overdriven Stratocaster with a slow, expressive minor blues","blues, Texas, shuffle",chirp-v5,blues
blues,delta blues,"delta blues, laid-back atmosphere, featuring overdriven Stratocaster with a slow, expressive minor blues","blues, guitar, harmonica",chirp-v5,blues
blues,Chicago blues,"Chicago blues, laid-back atmosphere, featuring overdriven Stratocaster with a slow, expressive minor blues","blues, electric, Chicago",chirp-v5,blues
blues,Texas blues,"Texas blues, laid-back atmosphere, featuring overdriven Stratocaster with a slow, expressive minor blues","blues, acoustic, delta",chirp-v5,blues
blues,electric blues,"electric blues, laid-back atmosphere, featuring overdriven Stratocaster with a slow, expressive minor blues","blues, soul, groove",chirp-v5,blues
blues,acoustic blues,"acoustic blues, laid-back atmosphere, featuring overdriven Stratocaster with a slow, expressive minor blues","blues, Texas, shuffle",chirp-v5,blues
blues,jump blues,"jump blues, laid-back atmosphere, featuring overdriven Stratocaster with a slow, expressive minor blues","blues, guitar, harmonica",chirp-v5,blues
blues,soul blues,"soul blues, laid-back atmosphere, featuring overdriven Stratocaster with a slow, expressive minor blues","blues, electric, Chicago",chirp-v5,blues
blues,swamp blues,"swamp blues, laid-back atmosphere, featuring overdriven Stratocaster with a slow, expressive minor blues","blues, acoustic, delta",chirp-v5,blues
blues,piedmont blues,"piedmont blues, laid-back atmosphere, featuring overdriven Stratocaster with a slow, expressive minor blues","blues, soul, groove",chirp-v5,blues
blues,modern blues,"modern blues, laid-back atmosphere, featuring overdriven Stratocaster with a slow, expressive minor blues","blues, Texas, shuffle",chirp-v5,blues
blues,delta blues,"delta blues, yearning atmosphere, featuring overdriven Stratocaster with a slow, expressive minor blues","blues, guitar, harmonica",chirp-v5,blues
blues,Chicago blues,"Chicago blues, yearning atmosphere, featuring overdriven Stratocaster with a slow, expressive minor blues","blues, electric, Chicago",chirp-v5,blues
blues,Texas blues,"Texas blues, yearning atmosphere, featuring overdriven Stratocaster with a slow, expressive minor blues","blues, acoustic, delta",chirp-v5,blues
blues,electric blues,"electric blues, yearning atmosphere, featuring overdriven Stratocaster with a slow, expressive minor blues","blues, soul, groove",chirp-v5,blues
blues,acoustic blues,"acoustic blues, yearning atmosphere, featuring overdriven Stratocaster with a slow, expressive minor blues","blues, Texas, shuffle",chirp-v5,blues
blues,jump blues,"jump blues, yearning atmosphere, featuring overdriven Stratocaster with a slow, expressive minor blues","blues, guitar, harmonica",chirp-v5,blues
blues,soul blues,"soul blues, yearning atmosphere, featuring overdriven Stratocaster with a slow, expressive minor blues","blues, electric, Chicago",chirp-v5,blues
blues,swamp blues,"swamp blues, yearning atmosphere, featuring overdriven Stratocaster with a slow, expressive minor blues","blues, acoustic, delta",chirp-v5,blues
blues,piedmont blues,"piedmont blues, yearning atmosphere, featuring overdriven Stratocaster with a slow, expressive minor blues","blues, soul, groove",chirp-v5,blues
blues,modern blues,"modern blues, yearning atmosphere, featuring overdriven Stratocaster with a slow, expressive minor blues","blues, Texas, shuffle",chirp-v5,blues
blues,delta blues,"delta blues, raw atmosphere, featuring overdriven Stratocaster with a slow, expressive minor blues","blues, guitar, harmonica",chirp-v5,blues
blues,Chicago blues,"Chicago blues, raw atmosphere, featuring overdriven Stratocaster with a slow, expressive minor blues","blues, electric, Chicago",chirp-v5,blues
blues,Texas blues,"Texas blues, raw atmosphere, featuring overdriven Stratocaster with a slow, expressive minor blues","blues, acoustic, delta",chirp-v5,blues
blues,electric blues,"electric blues, raw atmosphere, featuring overdriven Stratocaster with a slow, expressive minor blues","blues, soul, groove",chirp-v5,blues
blues,acoustic blues,"acoustic blues, raw atmosphere, featuring overdriven Stratocaster with a slow, expressive minor blues","blues, Texas, shuffle",chirp-v5,blues
blues,jump blues,"jump blues, raw atmosphere, featuring overdriven Stratocaster with a slow, expressive minor blues","blues, guitar, harmonica",chirp-v5,blues
blues,soul blues,"soul blues, raw atmosphere, featuring overdriven Stratocaster with a slow, expressive minor blues","blues, electric, Chicago",chirp-v5,blues
blues,swamp blues,"swamp blues, raw atmosphere, featuring overdriven Stratocaster with a slow, expressive minor blues","blues, acoustic, delta",chirp-v5,blues
blues,piedmont blues,"piedmont blues, raw atmosphere, featuring overdriven Stratocaster with a slow, expressive minor blues","blues, soul, groove",chirp-v5,blues
blues,modern blues,"modern blues, raw atmosphere, featuring overdriven Stratocaster with a slow, expressive minor blues","blues, Texas, shuffle",chirp-v5,blues
blues,delta blues,"delta blues, emotional atmosphere, featuring overdriven Stratocaster with a slow, expressive minor blues","blues, guitar, harmonica",chirp-v5,blues
blues,Chicago blues,"Chicago blues, emotional atmosphere, featuring overdriven Stratocaster with a slow, expressive minor blues","blues, electric, Chicago",chirp-v5,blues
blues,Texas blues,"Texas blues, emotional atmosphere, featuring overdriven Stratocaster with a slow, expressive minor blues","blues, acoustic, delta",chirp-v5,blues
blues,electric blues,"electric blues, emotional atmosphere, featuring overdriven Stratocaster with a slow, expressive minor blues","blues, soul, groove",chirp-v5,blues
blues,acoustic blues,"acoustic blues, emotional atmosphere, featuring overdriven Stratocaster with a slow, expressive minor blues","blues, Texas, shuffle",chirp-v5,blues
blues,jump blues,"jump blues, emotional atmosphere, featuring overdriven Stratocaster with a slow, expressive minor blues","blues, guitar, harmonica",chirp-v5,blues
blues,soul blues,"soul blues, emotional atmosphere, featuring overdriven Stratocaster with a slow, expressive minor blues","blues, electric, Chicago",chirp-v5,blues
blues,swamp blues,"swamp blues, emotional atmosphere, featuring overdriven Stratocaster with a slow, expressive minor blues","blues, acoustic, delta",chirp-v5,blues
blues,piedmont blues,"piedmont blues, emotional atmosphere, featuring overdriven Stratocaster with a slow, expressive minor blues","blues, soul, groove",chirp-v5,blues
blues,modern blues,"modern blues, emotional atmosphere, featuring overdriven Stratocaster with a slow, expressive minor blues","blues, Texas, shuffle",chirp-v5,blues
blues,delta blues,"delta blues, brooding atmosphere, featuring overdriven Stratocaster with a slow, expressive minor blues","blues, guitar, harmonica",chirp-v5,blues
blues,Chicago blues,"Chicago blues, brooding atmosphere, featuring overdriven Stratocaster with a slow, expressive minor blues","blues, electric, Chicago",chirp-v5,blues
blues,Texas blues,"Texas blues, brooding atmosphere, featuring overdriven Stratocaster with a slow, expressive minor blues","blues, acoustic, delta",chirp-v5,blues
blues,electric blues,"electric blues, brooding atmosphere, featuring overdriven Stratocaster with a slow, expressive minor blues","blues, soul, groove",chirp-v5,blues
blues,acoustic blues,"acoustic blues, brooding atmosphere, featuring overdriven Stratocaster with a slow, expressive minor blues","blues, Texas, shuffle",chirp-v5,blues
blues,jump blues,"jump blues, brooding atmosphere, featuring overdriven Stratocaster with a slow, expressive minor blues","blues, guitar, harmonica",chirp-v5,blues
blues,soul blues,"soul blues, brooding atmosphere, featuring overdriven Stratocaster with a slow, expressive minor blues","blues, electric, Chicago",chirp-v5,blues
blues,swamp blues,"swamp blues, brooding atmosphere, featuring overdriven Stratocaster with a slow, expressive minor blues","blues, acoustic, delta",chirp-v5,blues
blues,piedmont blues,"piedmont blues, brooding atmosphere, featuring overdriven Stratocaster with a slow, expressive minor blues","blues, soul, groove",chirp-v5,blues
blues,modern blues,"modern blues, brooding atmosphere, featuring overdriven Stratocaster with a slow, expressive minor blues","blues, Texas, shuffle",chirp-v5,blues
blues,delta blues,"delta blues, cathartic atmosphere, featuring overdriven Stratocaster with a slow, expressive minor blues","blues, guitar, harmonica",chirp-v5,blues
blues,Chicago blues,"Chicago blues, cathartic atmosphere, featuring overdriven Stratocaster with a slow, expressive minor blues","blues, electric, Chicago",chirp-v5,blues
blues,Texas blues,"Texas blues, cathartic atmosphere, featuring overdriven Stratocaster with a slow, expressive minor blues","blues, acoustic, delta",chirp-v5,blues
blues,electric blues,"electric blues, cathartic atmosphere, featuring overdriven Stratocaster with a slow, expressive minor blues","blues, soul, groove",chirp-v5,blues
blues,acoustic blues,"acoustic blues, cathartic atmosphere, featuring overdriven Stratocaster with a slow, expressive minor blues","blues, Texas, shuffle",chirp-v5,blues
blues,jump blues,"jump blues, cathartic atmosphere, featuring overdriven Stratocaster with a slow, expressive minor blues","blues, guitar, harmonica",chirp-v5,blues
blues,soul blues,"soul blues, cathartic atmosphere, featuring overdriven Stratocaster with a slow, expressive minor blues","blues, electric, Chicago",chirp-v5,blues
blues,swamp blues,"swamp blues, cathartic atmosphere, featuring overdriven Stratocaster with a slow, expressive minor blues","blues, acoustic, delta",chirp-v5,blues
blues,piedmont blues,"piedmont blues, cathartic atmosphere, featuring overdriven Stratocaster with a slow, expressive minor blues","blues, soul, groove",chirp-v5,blues
blues,modern blues,"modern blues, cathartic atmosphere, featuring overdriven Stratocaster with a slow, expressive minor blues","blues, Texas, shuffle",chirp-v5,blues
blues,delta blues,"delta blues, sorrowful atmosphere, featuring upright bass and brushed snare under a growling guitar","blues, guitar, harmonica",chirp-v5,blues
blues,Chicago blues,"Chicago blues, sorrowful atmosphere, featuring upright bass and brushed snare under a growling guitar","blues, electric, Chicago",chirp-v5,blues
blues,Texas blues,"Texas blues, sorrowful atmosphere, featuring upright bass and brushed snare under a growling guitar","blues, acoustic, delta",chirp-v5,blues
blues,electric blues,"electric blues, sorrowful atmosphere, featuring upright bass and brushed snare under a growling guitar","blues, soul, groove",chirp-v5,blues
blues,acoustic blues,"acoustic blues, sorrowful atmosphere, featuring upright bass and brushed snare under a growling guitar","blues, Texas, shuffle",chirp-v5,blues
blues,jump blues,"jump blues, sorrowful atmosphere, featuring upright bass and brushed snare under a growling guitar","blues, guitar, harmonica",chirp-v5,blues
blues,soul blues,"soul blues, sorrowful atmosphere, featuring upright bass and brushed snare under a growling guitar","blues, electric, Chicago",chirp-v5,blues
blues,swamp blues,"swamp blues, sorrowful atmosphere, featuring upright bass and brushed snare under a growling guitar","blues, acoustic, delta",chirp-v5,blues
blues,piedmont blues,"piedmont blues, sorrowful atmosphere, featuring upright bass and brushed snare under a growling guitar","blues, soul, groove",chirp-v5,blues
blues,modern blues,"modern blues, sorrowful atmosphere, featuring upright bass and brushed snare under a growling guitar","blues, Texas, shuffle",chirp-v5,blues
blues,delta blues,"delta blues, soulful atmosphere, featuring upright bass and brushed snare under a growling guitar","blues, guitar, harmonica",chirp-v5,blues
blues,Chicago blues,"Chicago blues, soulful atmosphere, featuring upright bass and brushed snare under a growling guitar","blues, electric, Chicago",chirp-v5,blues
blues,Texas blues,"Texas blues, soulful atmosphere, featuring upright bass and brushed snare under a growling guitar","blues, acoustic, delta",chirp-v5,blues
blues,electric blues,"electric blues, soulful atmosphere, featuring upright bass and brushed snare under a growling guitar","blues, soul, groove",chirp-v5,blues
blues,acoustic blues,"acoustic blues, soulful atmosphere, featuring upright bass and brushed snare under a growling guitar","blues, Texas, shuffle",chirp-v5,blues
blues,jump blues,"jump blues, soulful atmosphere, featuring upright bass and brushed snare under a growling guitar","blues, guitar, harmonica",chirp-v5,blues
blues,soul blues,"soul blues, soulful atmosphere, featuring upright bass and brushed snare under a growling guitar","blues, electric, Chicago",chirp-v5,blues
blues,swamp blues,"swamp blues, soulful atmosphere, featuring upright bass and brushed snare under a growling guitar","blues, acoustic, delta",chirp-v5,blues
blues,piedmont blues,"piedmont blues, soulful atmosphere, featuring upright bass and brushed snare under a growling guitar","blues, soul, groove",chirp-v5,blues
blues,modern blues,"modern blues, soulful atmosphere, featuring upright bass and brushed snare under a growling guitar","blues, Texas, shuffle",chirp-v5,blues
blues,delta blues,"delta blues, gritty atmosphere, featuring upright bass and brushed snare under a growling guitar","blues, guitar, harmonica",chirp-v5,blues
blues,Chicago blues,"Chicago blues, gritty atmosphere, featuring upright bass and brushed snare under a growling guitar","blues, electric, Chicago",chirp-v5,blues
blues,Texas blues,"Texas blues, gritty atmosphere, featuring upright bass and brushed snare under a growling guitar","blues, acoustic, delta",chirp-v5,blues
blues,electric blues,"electric blues, gritty atmosphere, featuring upright bass and brushed snare under a growling guitar","blues, soul, groove",chirp-v5,blues
blues,acoustic blues,"acoustic blues, gritty atmosphere, featuring upright bass and brushed snare under a growling guitar","blues, Texas, shuffle",chirp-v5,blues
blues,jump blues,"jump blues, gritty atmosphere, featuring upright bass and brushed snare under a growling guitar","blues, guitar, harmonica",chirp-v5,blues
blues,soul blues,"soul blues, gritty atmosphere, featuring upright bass and brushed snare under a growling guitar","blues, electric, Chicago",chirp-v5,blues
blues,swamp blues,"swamp blues, gritty atmosphere, featuring upright bass and brushed snare under a growling guitar","blues, acoustic, delta",chirp-v5,blues
blues,piedmont blues,"piedmont blues, gritty atmosphere, featuring upright bass and brushed snare under a growling guitar","blues, soul, groove",chirp-v5,blues
blues,modern blues,"modern blues, gritty atmosphere, featuring upright bass and brushed snare under a growling guitar","blues, Texas, shuffle",chirp-v5,blues
blues,delta blues,"delta blues, passionate atmosphere, featuring upright bass and brushed snare under a growling guitar","blues, guitar, harmonica",chirp-v5,blues
blues,Chicago blues,"Chicago blues, passionate atmosphere, featuring upright bass and brushed snare under a growling guitar","blues, electric, Chicago",chirp-v5,blues
blues,Texas blues,"Texas blues, passionate atmosphere, featuring upright bass and brushed snare under a growling guitar","blues, acoustic, delta",chirp-v5,blues
blues,electric blues,"electric blues, passionate atmosphere, featuring upright bass and brushed snare under a growling guitar","blues, soul, groove",chirp-v5,blues
blues,acoustic blues,"acoustic blues, passionate atmosphere, featuring upright bass and brushed snare under a growling guitar","blues, Texas, shuffle",chirp-v5,blues
blues,jump blues,"jump blues, passionate atmosphere, featuring upright bass and brushed snare under a growling guitar","blues, guitar, harmonica",chirp-v5,blues
blues,soul blues,"soul blues, passionate atmosphere, featuring upright bass and brushed snare under a growling guitar","blues, electric, Chicago",chirp-v5,blues
blues,swamp blues,"swamp blues, passionate atmosphere, featuring upright bass and brushed snare under a growling guitar","blues, acoustic, delta",chirp-v5,blues
blues,piedmont blues,"piedmont blues, passionate atmosphere, featuring upright bass and brushed snare under a growling guitar","blues, soul, groove",chirp-v5,blues
blues,modern blues,"modern blues, passionate atmosphere, featuring upright bass and brushed snare under a growling guitar","blues, Texas, shuffle",chirp-v5,blues
blues,delta blues,"delta blues, laid-back atmosphere, featuring upright bass and brushed snare under a growling guitar","blues, guitar, harmonica",chirp-v5,blues
blues,Chicago blues,"Chicago blues, laid-back atmosphere, featuring upright bass and brushed snare under a growling guitar","blues, electric, Chicago",chirp-v5,blues
blues,Texas blues,"Texas blues, laid-back atmosphere, featuring upright bass and brushed snare under a growling guitar","blues, acoustic, delta",chirp-v5,blues
blues,electric blues,"electric blues, laid-back atmosphere, featuring upright bass and brushed snare under a growling guitar","blues, soul, groove",chirp-v5,blues
blues,acoustic blues,"acoustic blues, laid-back atmosphere, featuring upright bass and brushed snare under a growling guitar","blues, Texas, shuffle",chirp-v5,blues
blues,jump blues,"jump blues, laid-back atmosphere, featuring upright bass and brushed snare under a growling guitar","blues, guitar, harmonica",chirp-v5,blues
blues,soul blues,"soul blues, laid-back atmosphere, featuring upright bass and brushed snare under a growling guitar","blues, electric, Chicago",chirp-v5,blues
blues,swamp blues,"swamp blues, laid-back atmosphere, featuring upright bass and brushed snare under a growling guitar","blues, acoustic, delta",chirp-v5,blues
blues,piedmont blues,"piedmont blues, laid-back atmosphere, featuring upright bass and brushed snare under a growling guitar","blues, soul, groove",chirp-v5,blues
blues,modern blues,"modern blues, laid-back atmosphere, featuring upright bass and brushed snare under a growling guitar","blues, Texas, shuffle",chirp-v5,blues
blues,delta blues,"delta blues, yearning atmosphere, featuring upright bass and brushed snare under a growling guitar","blues, guitar, harmonica",chirp-v5,blues
blues,Chicago blues,"Chicago blues, yearning atmosphere, featuring upright bass and brushed snare under a growling guitar","blues, electric, Chicago",chirp-v5,blues
blues,Texas blues,"Texas blues, yearning atmosphere, featuring upright bass and brushed snare under a growling guitar","blues, acoustic, delta",chirp-v5,blues
blues,electric blues,"electric blues, yearning atmosphere, featuring upright bass and brushed snare under a growling guitar","blues, soul, groove",chirp-v5,blues
blues,acoustic blues,"acoustic blues, yearning atmosphere, featuring upright bass and brushed snare under a growling guitar","blues, Texas, shuffle",chirp-v5,blues
blues,jump blues,"jump blues, yearning atmosphere, featuring upright bass and brushed snare under a growling guitar","blues, guitar, harmonica",chirp-v5,blues
blues,soul blues,"soul blues, yearning atmosphere, featuring upright bass and brushed snare under a growling guitar","blues, electric, Chicago",chirp-v5,blues
blues,swamp blues,"swamp blues, yearning atmosphere, featuring upright bass and brushed snare under a growling guitar","blues, acoustic, delta",chirp-v5,blues
blues,piedmont blues,"piedmont blues, yearning atmosphere, featuring upright bass and brushed snare under a growling guitar","blues, soul, groove",chirp-v5,blues
blues,modern blues,"modern blues, yearning atmosphere, featuring upright bass and brushed snare under a growling guitar","blues, Texas, shuffle",chirp-v5,blues
blues,delta blues,"delta blues, raw atmosphere, featuring upright bass and brushed snare under a growling guitar","blues, guitar, harmonica",chirp-v5,blues
blues,Chicago blues,"Chicago blues, raw atmosphere, featuring upright bass and brushed snare under a growling guitar","blues, electric, Chicago",chirp-v5,blues
blues,Texas blues,"Texas blues, raw atmosphere, featuring upright bass and brushed snare under a growling guitar","blues, acoustic, delta",chirp-v5,blues
blues,electric blues,"electric blues, raw atmosphere, featuring upright bass and brushed snare under a growling guitar","blues, soul, groove",chirp-v5,blues
blues,acoustic blues,"acoustic blues, raw atmosphere, featuring upright bass and brushed snare under a growling guitar","blues, Texas, shuffle",chirp-v5,blues
blues,jump blues,"jump blues, raw atmosphere, featuring upright bass and brushed snare under a growling guitar","blues, guitar, harmonica",chirp-v5,blues
blues,soul blues,"soul blues, raw atmosphere, featuring upright bass and brushed snare under a growling guitar","blues, electric, Chicago",chirp-v5,blues
blues,swamp blues,"swamp blues, raw atmosphere, featuring upright bass and brushed snare under a growling guitar","blues, acoustic, delta",chirp-v5,blues
blues,piedmont blues,"piedmont blues, raw atmosphere, featuring upright bass and brushed snare under a growling guitar","blues, soul, groove",chirp-v5,blues
blues,modern blues,"modern blues, raw atmosphere, featuring upright bass and brushed snare under a growling guitar","blues, Texas, shuffle",chirp-v5,blues
blues,delta blues,"delta blues, emotional atmosphere, featuring upright bass and brushed snare under a growling guitar","blues, guitar, harmonica",chirp-v5,blues
blues,Chicago blues,"Chicago blues, emotional atmosphere, featuring upright bass and brushed snare under a growling guitar","blues, electric, Chicago",chirp-v5,blues
blues,Texas blues,"Texas blues, emotional atmosphere, featuring upright bass and brushed snare under a growling guitar","blues, acoustic, delta",chirp-v5,blues
blues,electric blues,"electric blues, emotional atmosphere, featuring upright bass and brushed snare under a growling guitar","blues, soul, groove",chirp-v5,blues
blues,acoustic blues,"acoustic blues, emotional atmosphere, featuring upright bass and brushed snare under a growling guitar","blues, Texas, shuffle",chirp-v5,blues
blues,jump blues,"jump blues, emotional atmosphere, featuring upright bass and brushed snare under a growling guitar","blues, guitar, harmonica",chirp-v5,blues
blues,soul blues,"soul blues, emotional atmosphere, featuring upright bass and brushed snare under a growling guitar","blues, electric, Chicago",chirp-v5,blues
blues,swamp blues,"swamp blues, emotional atmosphere, featuring upright bass and brushed snare under a growling guitar","blues, acoustic, delta",chirp-v5,blues
blues,piedmont blues,"piedmont blues, emotional atmosphere, featuring upright bass and brushed snare under a growling guitar","blues, soul, groove",chirp-v5,blues
blues,modern blues,"modern blues, emotional atmosphere, featuring upright bass and brushed snare under a growling guitar","blues, Texas, shuffle",chirp-v5,blues
blues,delta blues,"delta blues, brooding atmosphere, featuring upright bass and brushed snare under a growling guitar","blues, guitar, harmonica",chirp-v5,blues
blues,Chicago blues,"Chicago blues, brooding atmosphere, featuring upright bass and brushed snare under a growling guitar","blues, electric, Chicago",chirp-v5,blues
blues,Texas blues,"Texas blues, brooding atmosphere, featuring upright bass and brushed snare under a growling guitar","blues, acoustic, delta",chirp-v5,blues
blues,electric blues,"electric blues, brooding atmosphere, featuring upright bass and brushed snare under a growling guitar","blues, soul, groove",chirp-v5,blues
blues,acoustic blues,"acoustic blues, brooding atmosphere, featuring upright bass and brushed snare under a growling guitar","blues, Texas, shuffle",chirp-v5,blues
blues,jump blues,"jump blues, brooding atmosphere, featuring upright bass and brushed snare under a growling guitar","blues, guitar, harmonica",chirp-v5,blues
blues,soul blues,"soul blues, brooding atmosphere, featuring upright bass and brushed snare under a growling guitar","blues, electric, Chicago",chirp-v5,blues
blues,swamp blues,"swamp blues, brooding atmosphere, featuring upright bass and brushed snare under a growling guitar","blues, acoustic, delta",chirp-v5,blues
blues,piedmont blues,"piedmont blues, brooding atmosphere, featuring upright bass and brushed snare under a growling guitar","blues, soul, groove",chirp-v5,blues
blues,modern blues,"modern blues, brooding atmosphere, featuring upright bass and brushed snare under a growling guitar","blues, Texas, shuffle",chirp-v5,blues
blues,delta blues,"delta blues, cathartic atmosphere, featuring upright bass and brushed snare under a growling guitar","blues, guitar, harmonica",chirp-v5,blues
blues,Chicago blues,"Chicago blues, cathartic atmosphere, featuring upright bass and brushed snare under a growling guitar","blues, electric, Chicago",chirp-v5,blues
blues,Texas blues,"Texas blues, cathartic atmosphere, featuring upright bass and brushed snare under a growling guitar","blues, acoustic, delta",chirp-v5,blues
blues,electric blues,"electric blues, cathartic atmosphere, featuring upright bass and brushed snare under a growling guitar","blues, soul, groove",chirp-v5,blues
blues,acoustic blues,"acoustic blues, cathartic atmosphere, featuring upright bass and brushed snare under a growling guitar","blues, Texas, shuffle",chirp-v5,blues
blues,jump blues,"jump blues, cathartic atmosphere, featuring upright bass and brushed snare under a growling guitar","blues, guitar, harmonica",chirp-v5,blues
blues,soul blues,"soul blues, cathartic atmosphere, featuring upright bass and brushed snare under a growling guitar","blues, electric, Chicago",chirp-v5,blues
blues,swamp blues,"swamp blues, cathartic atmosphere, featuring upright bass and brushed snare under a growling guitar","blues, acoustic, delta",chirp-v5,blues
blues,piedmont blues,"piedmont blues, cathartic atmosphere, featuring upright bass and brushed snare under a growling guitar","blues, soul, groove",chirp-v5,blues
blues,modern blues,"modern blues, cathartic atmosphere, featuring upright bass and brushed snare under a growling guitar","blues, Texas, shuffle",chirp-v5,blues
blues,delta blues,"delta blues, sorrowful atmosphere, featuring B.B. King-style single-note lead over a slow 12/8 feel","blues, guitar, harmonica",chirp-v5,blues
blues,Chicago blues,"Chicago blues, sorrowful atmosphere, featuring B.B. King-style single-note lead over a slow 12/8 feel","blues, electric, Chicago",chirp-v5,blues
blues,Texas blues,"Texas blues, sorrowful atmosphere, featuring B.B. King-style single-note lead over a slow 12/8 feel","blues, acoustic, delta",chirp-v5,blues
blues,electric blues,"electric blues, sorrowful atmosphere, featuring B.B. King-style single-note lead over a slow 12/8 feel","blues, soul, groove",chirp-v5,blues
blues,acoustic blues,"acoustic blues, sorrowful atmosphere, featuring B.B. King-style single-note lead over a slow 12/8 feel","blues, Texas, shuffle",chirp-v5,blues
blues,jump blues,"jump blues, sorrowful atmosphere, featuring B.B. King-style single-note lead over a slow 12/8 feel","blues, guitar, harmonica",chirp-v5,blues
blues,soul blues,"soul blues, sorrowful atmosphere, featuring B.B. King-style single-note lead over a slow 12/8 feel","blues, electric, Chicago",chirp-v5,blues
blues,swamp blues,"swamp blues, sorrowful atmosphere, featuring B.B. King-style single-note lead over a slow 12/8 feel","blues, acoustic, delta",chirp-v5,blues
blues,piedmont blues,"piedmont blues, sorrowful atmosphere, featuring B.B. King-style single-note lead over a slow 12/8 feel","blues, soul, groove",chirp-v5,blues
blues,modern blues,"modern blues, sorrowful atmosphere, featuring B.B. King-style single-note lead over a slow 12/8 feel","blues, Texas, shuffle",chirp-v5,blues
blues,delta blues,"delta blues, soulful atmosphere, featuring B.B. King-style single-note lead over a slow 12/8 feel","blues, guitar, harmonica",chirp-v5,blues
blues,Chicago blues,"Chicago blues, soulful atmosphere, featuring B.B. King-style single-note lead over a slow 12/8 feel","blues, electric, Chicago",chirp-v5,blues
blues,Texas blues,"Texas blues, soulful atmosphere, featuring B.B. King-style single-note lead over a slow 12/8 feel","blues, acoustic, delta",chirp-v5,blues
blues,electric blues,"electric blues, soulful atmosphere, featuring B.B. King-style single-note lead over a slow 12/8 feel","blues, soul, groove",chirp-v5,blues
blues,acoustic blues,"acoustic blues, soulful atmosphere, featuring B.B. King-style single-note lead over a slow 12/8 feel","blues, Texas, shuffle",chirp-v5,blues
blues,jump blues,"jump blues, soulful atmosphere, featuring B.B. King-style single-note lead over a slow 12/8 feel","blues, guitar, harmonica",chirp-v5,blues
blues,soul blues,"soul blues, soulful atmosphere, featuring B.B. King-style single-note lead over a slow 12/8 feel","blues, electric, Chicago",chirp-v5,blues
blues,swamp blues,"swamp blues, soulful atmosphere, featuring B.B. King-style single-note lead over a slow 12/8 feel","blues, acoustic, delta",chirp-v5,blues
blues,piedmont blues,"piedmont blues, soulful atmosphere, featuring B.B. King-style single-note lead over a slow 12/8 feel","blues, soul, groove",chirp-v5,blues
blues,modern blues,"modern blues, soulful atmosphere, featuring B.B. King-style single-note lead over a slow 12/8 feel","blues, Texas, shuffle",chirp-v5,blues
blues,delta blues,"delta blues, gritty atmosphere, featuring B.B. King-style single-note lead over a slow 12/8 feel","blues, guitar, harmonica",chirp-v5,blues
blues,Chicago blues,"Chicago blues, gritty atmosphere, featuring B.B. King-style single-note lead over a slow 12/8 feel","blues, electric, Chicago",chirp-v5,blues
blues,Texas blues,"Texas blues, gritty atmosphere, featuring B.B. King-style single-note lead over a slow 12/8 feel","blues, acoustic, delta",chirp-v5,blues
blues,electric blues,"electric blues, gritty atmosphere, featuring B.B. King-style single-note lead over a slow 12/8 feel","blues, soul, groove",chirp-v5,blues
blues,acoustic blues,"acoustic blues, gritty atmosphere, featuring B.B. King-style single-note lead over a slow 12/8 feel","blues, Texas, shuffle",chirp-v5,blues
blues,jump blues,"jump blues, gritty atmosphere, featuring B.B. King-style single-note lead over a slow 12/8 feel","blues, guitar, harmonica",chirp-v5,blues
blues,soul blues,"soul blues, gritty atmosphere, featuring B.B. King-style single-note lead over a slow 12/8 feel","blues, electric, Chicago",chirp-v5,blues
blues,swamp blues,"swamp blues, gritty atmosphere, featuring B.B. King-style single-note lead over a slow 12/8 feel","blues, acoustic, delta",chirp-v5,blues
blues,piedmont blues,"piedmont blues, gritty atmosphere, featuring B.B. King-style single-note lead over a slow 12/8 feel","blues, soul, groove",chirp-v5,blues
blues,modern blues,"modern blues, gritty atmosphere, featuring B.B. King-style single-note lead over a slow 12/8 feel","blues, Texas, shuffle",chirp-v5,blues
blues,delta blues,"delta blues, passionate atmosphere, featuring B.B. King-style single-note lead over a slow 12/8 feel","blues, guitar, harmonica",chirp-v5,blues
blues,Chicago blues,"Chicago blues, passionate atmosphere, featuring B.B. King-style single-note lead over a slow 12/8 feel","blues, electric, Chicago",chirp-v5,blues
blues,Texas blues,"Texas blues, passionate atmosphere, featuring B.B. King-style single-note lead over a slow 12/8 feel","blues, acoustic, delta",chirp-v5,blues
blues,electric blues,"electric blues, passionate atmosphere, featuring B.B. King-style single-note lead over a slow 12/8 feel","blues, soul, groove",chirp-v5,blues
blues,acoustic blues,"acoustic blues, passionate atmosphere, featuring B.B. King-style single-note lead over a slow 12/8 feel","blues, Texas, shuffle",chirp-v5,blues
blues,jump blues,"jump blues, passionate atmosphere, featuring B.B. King-style single-note lead over a slow 12/8 feel","blues, guitar, harmonica",chirp-v5,blues
blues,soul blues,"soul blues, passionate atmosphere, featuring B.B. King-style single-note lead over a slow 12/8 feel","blues, electric, Chicago",chirp-v5,blues
blues,swamp blues,"swamp blues, passionate atmosphere, featuring B.B. King-style single-note lead over a slow 12/8 feel","blues, acoustic, delta",chirp-v5,blues
blues,piedmont blues,"piedmont blues, passionate atmosphere, featuring B.B. King-style single-note lead over a slow 12/8 feel","blues, soul, groove",chirp-v5,blues
blues,modern blues,"modern blues, passionate atmosphere, featuring B.B. King-style single-note lead over a slow 12/8 feel","blues, Texas, shuffle",chirp-v5,blues
blues,delta blues,"delta blues, laid-back atmosphere, featuring B.B. King-style single-note lead over a slow 12/8 feel","blues, guitar, harmonica",chirp-v5,blues
blues,Chicago blues,"Chicago blues, laid-back atmosphere, featuring B.B. King-style single-note lead over a slow 12/8 feel","blues, electric, Chicago",chirp-v5,blues
blues,Texas blues,"Texas blues, laid-back atmosphere, featuring B.B. King-style single-note lead over a slow 12/8 feel","blues, acoustic, delta",chirp-v5,blues
blues,electric blues,"electric blues, laid-back atmosphere, featuring B.B. King-style single-note lead over a slow 12/8 feel","blues, soul, groove",chirp-v5,blues
blues,acoustic blues,"acoustic blues, laid-back atmosphere, featuring B.B. King-style single-note lead over a slow 12/8 feel","blues, Texas, shuffle",chirp-v5,blues
blues,jump blues,"jump blues, laid-back atmosphere, featuring B.B. King-style single-note lead over a slow 12/8 feel","blues, guitar, harmonica",chirp-v5,blues
blues,soul blues,"soul blues, laid-back atmosphere, featuring B.B. King-style single-note lead over a slow 12/8 feel","blues, electric, Chicago",chirp-v5,blues
blues,swamp blues,"swamp blues, laid-back atmosphere, featuring B.B. King-style single-note lead over a slow 12/8 feel","blues, acoustic, delta",chirp-v5,blues
blues,piedmont blues,"piedmont blues, laid-back atmosphere, featuring B.B. King-style single-note lead over a slow 12/8 feel","blues, soul, groove",chirp-v5,blues
blues,modern blues,"modern blues, laid-back atmosphere, featuring B.B. King-style single-note lead over a slow 12/8 feel","blues, Texas, shuffle",chirp-v5,blues
blues,delta blues,"delta blues, yearning atmosphere, featuring B.B. King-style single-note lead over a slow 12/8 feel","blues, guitar, harmonica",chirp-v5,blues
blues,Chicago blues,"Chicago blues, yearning atmosphere, featuring B.B. King-style single-note lead over a slow 12/8 feel","blues, electric, Chicago",chirp-v5,blues
blues,Texas blues,"Texas blues, yearning atmosphere, featuring B.B. King-style single-note lead over a slow 12/8 feel","blues, acoustic, delta",chirp-v5,blues
blues,electric blues,"electric blues, yearning atmosphere, featuring B.B. King-style single-note lead over a slow 12/8 feel","blues, soul, groove",chirp-v5,blues
blues,acoustic blues,"acoustic blues, yearning atmosphere, featuring B.B. King-style single-note lead over a slow 12/8 feel","blues, Texas, shuffle",chirp-v5,blues
blues,jump blues,"jump blues, yearning atmosphere, featuring B.B. King-style single-note lead over a slow 12/8 feel","blues, guitar, harmonica",chirp-v5,blues
blues,soul blues,"soul blues, yearning atmosphere, featuring B.B. King-style single-note lead over a slow 12/8 feel","blues, electric, Chicago",chirp-v5,blues
blues,swamp blues,"swamp blues, yearning atmosphere, featuring B.B. King-style single-note lead over a slow 12/8 feel","blues, acoustic, delta",chirp-v5,blues
blues,piedmont blues,"piedmont blues, yearning atmosphere, featuring B.B. King-style single-note lead over a slow 12/8 feel","blues, soul, groove",chirp-v5,blues
blues,modern blues,"modern blues, yearning atmosphere, featuring B.B. King-style single-note lead over a slow 12/8 feel","blues, Texas, shuffle",chirp-v5,blues
blues,delta blues,"delta blues, raw atmosphere, featuring B.B. King-style single-note lead over a slow 12/8 feel","blues, guitar, harmonica",chirp-v5,blues
blues,Chicago blues,"Chicago blues, raw atmosphere, featuring B.B. King-style single-note lead over a slow 12/8 feel","blues, electric, Chicago",chirp-v5,blues
blues,Texas blues,"Texas blues, raw atmosphere, featuring B.B. King-style single-note lead over a slow 12/8 feel","blues, acoustic, delta",chirp-v5,blues
blues,electric blues,"electric blues, raw atmosphere, featuring B.B. King-style single-note lead over a slow 12/8 feel","blues, soul, groove",chirp-v5,blues
blues,acoustic blues,"acoustic blues, raw atmosphere, featuring B.B. King-style single-note lead over a slow 12/8 feel","blues, Texas, shuffle",chirp-v5,blues
blues,jump blues,"jump blues, raw atmosphere, featuring B.B. King-style single-note lead over a slow 12/8 feel","blues, guitar, harmonica",chirp-v5,blues
blues,soul blues,"soul blues, raw atmosphere, featuring B.B. King-style single-note lead over a slow 12/8 feel","blues, electric, Chicago",chirp-v5,blues
blues,swamp blues,"swamp blues, raw atmosphere, featuring B.B. King-style single-note lead over a slow 12/8 feel","blues, acoustic, delta",chirp-v5,blues
blues,piedmont blues,"piedmont blues, raw atmosphere, featuring B.B. King-style single-note lead over a slow 12/8 feel","blues, soul, groove",chirp-v5,blues
blues,modern blues,"modern blues, raw atmosphere, featuring B.B. King-style single-note lead over a slow 12/8 feel","blues, Texas, shuffle",chirp-v5,blues
blues,delta blues,"delta blues, emotional atmosphere, featuring B.B. King-style single-note lead over a slow 12/8 feel","blues, guitar, harmonica",chirp-v5,blues
blues,Chicago blues,"Chicago blues, emotional atmosphere, featuring B.B. King-style single-note lead over a slow 12/8 feel","blues, electric, Chicago",chirp-v5,blues
blues,Texas blues,"Texas blues, emotional atmosphere, featuring B.B. King-style single-note lead over a slow 12/8 feel","blues, acoustic, delta",chirp-v5,blues
blues,electric blues,"electric blues, emotional atmosphere, featuring B.B. King-style single-note lead over a slow 12/8 feel","blues, soul, groove",chirp-v5,blues
blues,acoustic blues,"acoustic blues, emotional atmosphere, featuring B.B. King-style single-note lead over a slow 12/8 feel","blues, Texas, shuffle",chirp-v5,blues
blues,jump blues,"jump blues, emotional atmosphere, featuring B.B. King-style single-note lead over a slow 12/8 feel","blues, guitar, harmonica",chirp-v5,blues
blues,soul blues,"soul blues, emotional atmosphere, featuring B.B. King-style single-note lead over a slow 12/8 feel","blues, electric, Chicago",chirp-v5,blues
blues,swamp blues,"swamp blues, emotional atmosphere, featuring B.B. King-style single-note lead over a slow 12/8 feel","blues, acoustic, delta",chirp-v5,blues
blues,piedmont blues,"piedmont blues, emotional atmosphere, featuring B.B. King-style single-note lead over a slow 12/8 feel","blues, soul, groove",chirp-v5,blues
blues,modern blues,"modern blues, emotional atmosphere, featuring B.B. King-style single-note lead over a slow 12/8 feel","blues, Texas, shuffle",chirp-v5,blues
blues,delta blues,"delta blues, brooding atmosphere, featuring B.B. King-style single-note lead over a slow 12/8 feel","blues, guitar, harmonica",chirp-v5,blues
blues,Chicago blues,"Chicago blues, brooding atmosphere, featuring B.B. King-style single-note lead over a slow 12/8 feel","blues, electric, Chicago",chirp-v5,blues
blues,Texas blues,"Texas blues, brooding atmosphere, featuring B.B. King-style single-note lead over a slow 12/8 feel","blues, acoustic, delta",chirp-v5,blues
blues,electric blues,"electric blues, brooding atmosphere, featuring B.B. King-style single-note lead over a slow 12/8 feel","blues, soul, groove",chirp-v5,blues
blues,acoustic blues,"acoustic blues, brooding atmosphere, featuring B.B. King-style single-note lead over a slow 12/8 feel","blues, Texas, shuffle",chirp-v5,blues
blues,jump blues,"jump blues, brooding atmosphere, featuring B.B. King-style single-note lead over a slow 12/8 feel","blues, guitar, harmonica",chirp-v5,blues
blues,soul blues,"soul blues, brooding atmosphere, featuring B.B. King-style single-note lead over a slow 12/8 feel","blues, electric, Chicago",chirp-v5,blues
blues,swamp blues,"swamp blues, brooding atmosphere, featuring B.B. King-style single-note lead over a slow 12/8 feel","blues, acoustic, delta",chirp-v5,blues
blues,piedmont blues,"piedmont blues, brooding atmosphere, featuring B.B. King-style single-note lead over a slow 12/8 feel","blues, soul, groove",chirp-v5,blues
blues,modern blues,"modern blues, brooding atmosphere, featuring B.B. King-style single-note lead over a slow 12/8 feel","blues, Texas, shuffle",chirp-v5,blues
blues,delta blues,"delta blues, cathartic atmosphere, featuring B.B. King-style single-note lead over a slow 12/8 feel","blues, guitar, harmonica",chirp-v5,blues
blues,Chicago blues,"Chicago blues, cathartic atmosphere, featuring B.B. King-style single-note lead over a slow 12/8 feel","blues, electric, Chicago",chirp-v5,blues
blues,Texas blues,"Texas blues, cathartic atmosphere, featuring B.B. King-style single-note lead over a slow 12/8 feel","blues, acoustic, delta",chirp-v5,blues
blues,electric blues,"electric blues, cathartic atmosphere, featuring B.B. King-style single-note lead over a slow 12/8 feel","blues, soul, groove",chirp-v5,blues
blues,acoustic blues,"acoustic blues, cathartic atmosphere, featuring B.B. King-style single-note lead over a slow 12/8 feel","blues, Texas, shuffle",chirp-v5,blues
blues,jump blues,"jump blues, cathartic atmosphere, featuring B.B. King-style single-note lead over a slow 12/8 feel","blues, guitar, harmonica",chirp-v5,blues
blues,soul blues,"soul blues, cathartic atmosphere, featuring B.B. King-style single-note lead over a slow 12/8 feel","blues, electric, Chicago",chirp-v5,blues
blues,swamp blues,"swamp blues, cathartic atmosphere, featuring B.B. King-style single-note lead over a slow 12/8 feel","blues, acoustic, delta",chirp-v5,blues
blues,piedmont blues,"piedmont blues, cathartic atmosphere, featuring B.B. King-style single-note lead over a slow 12/8 feel","blues, soul, groove",chirp-v5,blues
blues,modern blues,"modern blues, cathartic atmosphere, featuring B.B. King-style single-note lead over a slow 12/8 feel","blues, Texas, shuffle",chirp-v5,blues
blues,delta blues,"delta blues, sorrowful atmosphere, featuring National Resonator guitar with raw, unfiltered tone","blues, guitar, harmonica",chirp-v5,blues
blues,Chicago blues,"Chicago blues, sorrowful atmosphere, featuring National Resonator guitar with raw, unfiltered tone","blues, electric, Chicago",chirp-v5,blues
blues,Texas blues,"Texas blues, sorrowful atmosphere, featuring National Resonator guitar with raw, unfiltered tone","blues, acoustic, delta",chirp-v5,blues
blues,electric blues,"electric blues, sorrowful atmosphere, featuring National Resonator guitar with raw, unfiltered tone","blues, soul, groove",chirp-v5,blues
blues,acoustic blues,"acoustic blues, sorrowful atmosphere, featuring National Resonator guitar with raw, unfiltered tone","blues, Texas, shuffle",chirp-v5,blues
blues,jump blues,"jump blues, sorrowful atmosphere, featuring National Resonator guitar with raw, unfiltered tone","blues, guitar, harmonica",chirp-v5,blues
blues,soul blues,"soul blues, sorrowful atmosphere, featuring National Resonator guitar with raw, unfiltered tone","blues, electric, Chicago",chirp-v5,blues
blues,swamp blues,"swamp blues, sorrowful atmosphere, featuring National Resonator guitar with raw, unfiltered tone","blues, acoustic, delta",chirp-v5,blues
blues,piedmont blues,"piedmont blues, sorrowful atmosphere, featuring National Resonator guitar with raw, unfiltered tone","blues, soul, groove",chirp-v5,blues
blues,modern blues,"modern blues, sorrowful atmosphere, featuring National Resonator guitar with raw, unfiltered tone","blues, Texas, shuffle",chirp-v5,blues
blues,delta blues,"delta blues, soulful atmosphere, featuring National Resonator guitar with raw, unfiltered tone","blues, guitar, harmonica",chirp-v5,blues
blues,Chicago blues,"Chicago blues, soulful atmosphere, featuring National Resonator guitar with raw, unfiltered tone","blues, electric, Chicago",chirp-v5,blues
blues,Texas blues,"Texas blues, soulful atmosphere, featuring National Resonator guitar with raw, unfiltered tone","blues, acoustic, delta",chirp-v5,blues
blues,electric blues,"electric blues, soulful atmosphere, featuring National Resonator guitar with raw, unfiltered tone","blues, soul, groove",chirp-v5,blues
blues,acoustic blues,"acoustic blues, soulful atmosphere, featuring National Resonator guitar with raw, unfiltered tone","blues, Texas, shuffle",chirp-v5,blues
blues,jump blues,"jump blues, soulful atmosphere, featuring National Resonator guitar with raw, unfiltered tone","blues, guitar, harmonica",chirp-v5,blues
blues,soul blues,"soul blues, soulful atmosphere, featuring National Resonator guitar with raw, unfiltered tone","blues, electric, Chicago",chirp-v5,blues
blues,swamp blues,"swamp blues, soulful atmosphere, featuring National Resonator guitar with raw, unfiltered tone","blues, acoustic, delta",chirp-v5,blues
blues,piedmont blues,"piedmont blues, soulful atmosphere, featuring National Resonator guitar with raw, unfiltered tone","blues, soul, groove",chirp-v5,blues
blues,modern blues,"modern blues, soulful atmosphere, featuring National Resonator guitar with raw, unfiltered tone","blues, Texas, shuffle",chirp-v5,blues
blues,delta blues,"delta blues, gritty atmosphere, featuring National Resonator guitar with raw, unfiltered tone","blues, guitar, harmonica",chirp-v5,blues
blues,Chicago blues,"Chicago blues, gritty atmosphere, featuring National Resonator guitar with raw, unfiltered tone","blues, electric, Chicago",chirp-v5,blues
blues,Texas blues,"Texas blues, gritty atmosphere, featuring National Resonator guitar with raw, unfiltered tone","blues, acoustic, delta",chirp-v5,blues
blues,electric blues,"electric blues, gritty atmosphere, featuring National Resonator guitar with raw, unfiltered tone","blues, soul, groove",chirp-v5,blues
blues,acoustic blues,"acoustic blues, gritty atmosphere, featuring National Resonator guitar with raw, unfiltered tone","blues, Texas, shuffle",chirp-v5,blues
blues,jump blues,"jump blues, gritty atmosphere, featuring National Resonator guitar with raw, unfiltered tone","blues, guitar, harmonica",chirp-v5,blues
blues,soul blues,"soul blues, gritty atmosphere, featuring National Resonator guitar with raw, unfiltered tone","blues, electric, Chicago",chirp-v5,blues
blues,swamp blues,"swamp blues, gritty atmosphere, featuring National Resonator guitar with raw, unfiltered tone","blues, acoustic, delta",chirp-v5,blues
blues,piedmont blues,"piedmont blues, gritty atmosphere, featuring National Resonator guitar with raw, unfiltered tone","blues, soul, groove",chirp-v5,blues
blues,modern blues,"modern blues, gritty atmosphere, featuring National Resonator guitar with raw, unfiltered tone","blues, Texas, shuffle",chirp-v5,blues
blues,delta blues,"delta blues, passionate atmosphere, featuring National Resonator guitar with raw, unfiltered tone","blues, guitar, harmonica",chirp-v5,blues
blues,Chicago blues,"Chicago blues, passionate atmosphere, featuring National Resonator guitar with raw, unfiltered tone","blues, electric, Chicago",chirp-v5,blues
blues,Texas blues,"Texas blues, passionate atmosphere, featuring National Resonator guitar with raw, unfiltered tone","blues, acoustic, delta",chirp-v5,blues
blues,electric blues,"electric blues, passionate atmosphere, featuring National Resonator guitar with raw, unfiltered tone","blues, soul, groove",chirp-v5,blues
blues,acoustic blues,"acoustic blues, passionate atmosphere, featuring National Resonator guitar with raw, unfiltered tone","blues, Texas, shuffle",chirp-v5,blues
blues,jump blues,"jump blues, passionate atmosphere, featuring National Resonator guitar with raw, unfiltered tone","blues, guitar, harmonica",chirp-v5,blues
blues,soul blues,"soul blues, passionate atmosphere, featuring National Resonator guitar with raw, unfiltered tone","blues, electric, Chicago",chirp-v5,blues
blues,swamp blues,"swamp blues, passionate atmosphere, featuring National Resonator guitar with raw, unfiltered tone","blues, acoustic, delta",chirp-v5,blues
blues,piedmont blues,"piedmont blues, passionate atmosphere, featuring National Resonator guitar with raw, unfiltered tone","blues, soul, groove",chirp-v5,blues
blues,modern blues,"modern blues, passionate atmosphere, featuring National Resonator guitar with raw, unfiltered tone","blues, Texas, shuffle",chirp-v5,blues
blues,delta blues,"delta blues, laid-back atmosphere, featuring National Resonator guitar with raw, unfiltered tone","blues, guitar, harmonica",chirp-v5,blues
blues,Chicago blues,"Chicago blues, laid-back atmosphere, featuring National Resonator guitar with raw, unfiltered tone","blues, electric, Chicago",chirp-v5,blues
blues,Texas blues,"Texas blues, laid-back atmosphere, featuring National Resonator guitar with raw, unfiltered tone","blues, acoustic, delta",chirp-v5,blues
blues,electric blues,"electric blues, laid-back atmosphere, featuring National Resonator guitar with raw, unfiltered tone","blues, soul, groove",chirp-v5,blues
blues,acoustic blues,"acoustic blues, laid-back atmosphere, featuring National Resonator guitar with raw, unfiltered tone","blues, Texas, shuffle",chirp-v5,blues
blues,jump blues,"jump blues, laid-back atmosphere, featuring National Resonator guitar with raw, unfiltered tone","blues, guitar, harmonica",chirp-v5,blues
blues,soul blues,"soul blues, laid-back atmosphere, featuring National Resonator guitar with raw, unfiltered tone","blues, electric, Chicago",chirp-v5,blues
blues,swamp blues,"swamp blues, laid-back atmosphere, featuring National Resonator guitar with raw, unfiltered tone","blues, acoustic, delta",chirp-v5,blues
blues,piedmont blues,"piedmont blues, laid-back atmosphere, featuring National Resonator guitar with raw, unfiltered tone","blues, soul, groove",chirp-v5,blues
blues,modern blues,"modern blues, laid-back atmosphere, featuring National Resonator guitar with raw, unfiltered tone","blues, Texas, shuffle",chirp-v5,blues
blues,delta blues,"delta blues, yearning atmosphere, featuring National Resonator guitar with raw, unfiltered tone","blues, guitar, harmonica",chirp-v5,blues
blues,Chicago blues,"Chicago blues, yearning atmosphere, featuring National Resonator guitar with raw, unfiltered tone","blues, electric, Chicago",chirp-v5,blues
blues,Texas blues,"Texas blues, yearning atmosphere, featuring National Resonator guitar with raw, unfiltered tone","blues, acoustic, delta",chirp-v5,blues
blues,electric blues,"electric blues, yearning atmosphere, featuring National Resonator guitar with raw, unfiltered tone","blues, soul, groove",chirp-v5,blues
blues,acoustic blues,"acoustic blues, yearning atmosphere, featuring National Resonator guitar with raw, unfiltered tone","blues, Texas, shuffle",chirp-v5,blues
blues,jump blues,"jump blues, yearning atmosphere, featuring National Resonator guitar with raw, unfiltered tone","blues, guitar, harmonica",chirp-v5,blues
blues,soul blues,"soul blues, yearning atmosphere, featuring National Resonator guitar with raw, unfiltered tone","blues, electric, Chicago",chirp-v5,blues
blues,swamp blues,"swamp blues, yearning atmosphere, featuring National Resonator guitar with raw, unfiltered tone","blues, acoustic, delta",chirp-v5,blues
blues,piedmont blues,"piedmont blues, yearning atmosphere, featuring National Resonator guitar with raw, unfiltered tone","blues, soul, groove",chirp-v5,blues
blues,modern blues,"modern blues, yearning atmosphere, featuring National Resonator guitar with raw, unfiltered tone","blues, Texas, shuffle",chirp-v5,blues
blues,delta blues,"delta blues, raw atmosphere, featuring National Resonator guitar with raw, unfiltered tone","blues, guitar, harmonica",chirp-v5,blues
blues,Chicago blues,"Chicago blues, raw atmosphere, featuring National Resonator guitar with raw, unfiltered tone","blues, electric, Chicago",chirp-v5,blues
blues,Texas blues,"Texas blues, raw atmosphere, featuring National Resonator guitar with raw, unfiltered tone","blues, acoustic, delta",chirp-v5,blues
blues,electric blues,"electric blues, raw atmosphere, featuring National Resonator guitar with raw, unfiltered tone","blues, soul, groove",chirp-v5,blues
blues,acoustic blues,"acoustic blues, raw atmosphere, featuring National Resonator guitar with raw, unfiltered tone","blues, Texas, shuffle",chirp-v5,blues
blues,jump blues,"jump blues, raw atmosphere, featuring National Resonator guitar with raw, unfiltered tone","blues, guitar, harmonica",chirp-v5,blues
blues,soul blues,"soul blues, raw atmosphere, featuring National Resonator guitar with raw, unfiltered tone","blues, electric, Chicago",chirp-v5,blues
blues,swamp blues,"swamp blues, raw atmosphere, featuring National Resonator guitar with raw, unfiltered tone","blues, acoustic, delta",chirp-v5,blues
blues,piedmont blues,"piedmont blues, raw atmosphere, featuring National Resonator guitar with raw, unfiltered tone","blues, soul, groove",chirp-v5,blues
blues,modern blues,"modern blues, raw atmosphere, featuring National Resonator guitar with raw, unfiltered tone","blues, Texas, shuffle",chirp-v5,blues
blues,delta blues,"delta blues, emotional atmosphere, featuring National Resonator guitar with raw, unfiltered tone","blues, guitar, harmonica",chirp-v5,blues
blues,Chicago blues,"Chicago blues, emotional atmosphere, featuring National Resonator guitar with raw, unfiltered tone","blues, electric, Chicago",chirp-v5,blues
blues,Texas blues,"Texas blues, emotional atmosphere, featuring National Resonator guitar with raw, unfiltered tone","blues, acoustic, delta",chirp-v5,blues
blues,electric blues,"electric blues, emotional atmosphere, featuring National Resonator guitar with raw, unfiltered tone","blues, soul, groove",chirp-v5,blues
blues,acoustic blues,"acoustic blues, emotional atmosphere, featuring National Resonator guitar with raw, unfiltered tone","blues, Texas, shuffle",chirp-v5,blues
blues,jump blues,"jump blues, emotional atmosphere, featuring National Resonator guitar with raw, unfiltered tone","blues, guitar, harmonica",chirp-v5,blues
blues,soul blues,"soul blues, emotional atmosphere, featuring National Resonator guitar with raw, unfiltered tone","blues, electric, Chicago",chirp-v5,blues
blues,swamp blues,"swamp blues, emotional atmosphere, featuring National Resonator guitar with raw, unfiltered tone","blues, acoustic, delta",chirp-v5,blues
blues,piedmont blues,"piedmont blues, emotional atmosphere, featuring National Resonator guitar with raw, unfiltered tone","blues, soul, groove",chirp-v5,blues
blues,modern blues,"modern blues, emotional atmosphere, featuring National Resonator guitar with raw, unfiltered tone","blues, Texas, shuffle",chirp-v5,blues
blues,delta blues,"delta blues, brooding atmosphere, featuring National Resonator guitar with raw, unfiltered tone","blues, guitar, harmonica",chirp-v5,blues
blues,Chicago blues,"Chicago blues, brooding atmosphere, featuring National Resonator guitar with raw, unfiltered tone","blues, electric, Chicago",chirp-v5,blues
blues,Texas blues,"Texas blues, brooding atmosphere, featuring National Resonator guitar with raw, unfiltered tone","blues, acoustic, delta",chirp-v5,blues
blues,electric blues,"electric blues, brooding atmosphere, featuring National Resonator guitar with raw, unfiltered tone","blues, soul, groove",chirp-v5,blues
blues,acoustic blues,"acoustic blues, brooding atmosphere, featuring National Resonator guitar with raw, unfiltered tone","blues, Texas, shuffle",chirp-v5,blues
blues,jump blues,"jump blues, brooding atmosphere, featuring National Resonator guitar with raw, unfiltered tone","blues, guitar, harmonica",chirp-v5,blues
blues,soul blues,"soul blues, brooding atmosphere, featuring National Resonator guitar with raw, unfiltered tone","blues, electric, Chicago",chirp-v5,blues
blues,swamp blues,"swamp blues, brooding atmosphere, featuring National Resonator guitar with raw, unfiltered tone","blues, acoustic, delta",chirp-v5,blues
blues,piedmont blues,"piedmont blues, brooding atmosphere, featuring National Resonator guitar with raw, unfiltered tone","blues, soul, groove",chirp-v5,blues
blues,modern blues,"modern blues, brooding atmosphere, featuring National Resonator guitar with raw, unfiltered tone","blues, Texas, shuffle",chirp-v5,blues
blues,delta blues,"delta blues, cathartic atmosphere, featuring National Resonator guitar with raw, unfiltered tone","blues, guitar, harmonica",chirp-v5,blues
blues,Chicago blues,"Chicago blues, cathartic atmosphere, featuring National Resonator guitar with raw, unfiltered tone","blues, electric, Chicago",chirp-v5,blues
blues,Texas blues,"Texas blues, cathartic atmosphere, featuring National Resonator guitar with raw, unfiltered tone","blues, acoustic, delta",chirp-v5,blues
blues,electric blues,"electric blues, cathartic atmosphere, featuring National Resonator guitar with raw, unfiltered tone","blues, soul, groove",chirp-v5,blues
blues,acoustic blues,"acoustic blues, cathartic atmosphere, featuring National Resonator guitar with raw, unfiltered tone","blues, Texas, shuffle",chirp-v5,blues
blues,jump blues,"jump blues, cathartic atmosphere, featuring National Resonator guitar with raw, unfiltered tone","blues, guitar, harmonica",chirp-v5,blues
blues,soul blues,"soul blues, cathartic atmosphere, featuring National Resonator guitar with raw, unfiltered tone","blues, electric, Chicago",chirp-v5,blues
blues,swamp blues,"swamp blues, cathartic atmosphere, featuring National Resonator guitar with raw, unfiltered tone","blues, acoustic, delta",chirp-v5,blues
blues,piedmont blues,"piedmont blues, cathartic atmosphere, featuring National Resonator guitar with raw, unfiltered tone","blues, soul, groove",chirp-v5,blues
blues,modern blues,"modern blues, cathartic atmosphere, featuring National Resonator guitar with raw, unfiltered tone","blues, Texas, shuffle",chirp-v5,blues
blues,delta blues,"delta blues, sorrowful atmosphere, featuring three-piece band: guitar, harp, and drums in an intimate setting","blues, guitar, harmonica",chirp-v5,blues
blues,Chicago blues,"Chicago blues, sorrowful atmosphere, featuring three-piece band: guitar, harp, and drums in an intimate setting","blues, electric, Chicago",chirp-v5,blues
blues,Texas blues,"Texas blues, sorrowful atmosphere, featuring three-piece band: guitar, harp, and drums in an intimate setting","blues, acoustic, delta",chirp-v5,blues
blues,electric blues,"electric blues, sorrowful atmosphere, featuring three-piece band: guitar, harp, and drums in an intimate setting","blues, soul, groove",chirp-v5,blues
blues,acoustic blues,"acoustic blues, sorrowful atmosphere, featuring three-piece band: guitar, harp, and drums in an intimate setting","blues, Texas, shuffle",chirp-v5,blues
blues,jump blues,"jump blues, sorrowful atmosphere, featuring three-piece band: guitar, harp, and drums in an intimate setting","blues, guitar, harmonica",chirp-v5,blues
blues,soul blues,"soul blues, sorrowful atmosphere, featuring three-piece band: guitar, harp, and drums in an intimate setting","blues, electric, Chicago",chirp-v5,blues
blues,swamp blues,"swamp blues, sorrowful atmosphere, featuring three-piece band: guitar, harp, and drums in an intimate setting","blues, acoustic, delta",chirp-v5,blues
blues,piedmont blues,"piedmont blues, sorrowful atmosphere, featuring three-piece band: guitar, harp, and drums in an intimate setting","blues, soul, groove",chirp-v5,blues
blues,modern blues,"modern blues, sorrowful atmosphere, featuring three-piece band: guitar, harp, and drums in an intimate setting","blues, Texas, shuffle",chirp-v5,blues
blues,delta blues,"delta blues, soulful atmosphere, featuring three-piece band: guitar, harp, and drums in an intimate setting","blues, guitar, harmonica",chirp-v5,blues
blues,Chicago blues,"Chicago blues, soulful atmosphere, featuring three-piece band: guitar, harp, and drums in an intimate setting","blues, electric, Chicago",chirp-v5,blues
blues,Texas blues,"Texas blues, soulful atmosphere, featuring three-piece band: guitar, harp, and drums in an intimate setting","blues, acoustic, delta",chirp-v5,blues
blues,electric blues,"electric blues, soulful atmosphere, featuring three-piece band: guitar, harp, and drums in an intimate setting","blues, soul, groove",chirp-v5,blues
blues,acoustic blues,"acoustic blues, soulful atmosphere, featuring three-piece band: guitar, harp, and drums in an intimate setting","blues, Texas, shuffle",chirp-v5,blues
blues,jump blues,"jump blues, soulful atmosphere, featuring three-piece band: guitar, harp, and drums in an intimate setting","blues, guitar, harmonica",chirp-v5,blues
blues,soul blues,"soul blues, soulful atmosphere, featuring three-piece band: guitar, harp, and drums in an intimate setting","blues, electric, Chicago",chirp-v5,blues
blues,swamp blues,"swamp blues, soulful atmosphere, featuring three-piece band: guitar, harp, and drums in an intimate setting","blues, acoustic, delta",chirp-v5,blues
blues,piedmont blues,"piedmont blues, soulful atmosphere, featuring three-piece band: guitar, harp, and drums in an intimate setting","blues, soul, groove",chirp-v5,blues
blues,modern blues,"modern blues, soulful atmosphere, featuring three-piece band: guitar, harp, and drums in an intimate setting","blues, Texas, shuffle",chirp-v5,blues
blues,delta blues,"delta blues, gritty atmosphere, featuring three-piece band: guitar, harp, and drums in an intimate setting","blues, guitar, harmonica",chirp-v5,blues
blues,Chicago blues,"Chicago blues, gritty atmosphere, featuring three-piece band: guitar, harp, and drums in an intimate setting","blues, electric, Chicago",chirp-v5,blues
blues,Texas blues,"Texas blues, gritty atmosphere, featuring three-piece band: guitar, harp, and drums in an intimate setting","blues, acoustic, delta",chirp-v5,blues
blues,electric blues,"electric blues, gritty atmosphere, featuring three-piece band: guitar, harp, and drums in an intimate setting","blues, soul, groove",chirp-v5,blues
blues,acoustic blues,"acoustic blues, gritty atmosphere, featuring three-piece band: guitar, harp, and drums in an intimate setting","blues, Texas, shuffle",chirp-v5,blues
blues,jump blues,"jump blues, gritty atmosphere, featuring three-piece band: guitar, harp, and drums in an intimate setting","blues, guitar, harmonica",chirp-v5,blues
blues,soul blues,"soul blues, gritty atmosphere, featuring three-piece band: guitar, harp, and drums in an intimate setting","blues, electric, Chicago",chirp-v5,blues
blues,swamp blues,"swamp blues, gritty atmosphere, featuring three-piece band: guitar, harp, and drums in an intimate setting","blues, acoustic, delta",chirp-v5,blues
blues,piedmont blues,"piedmont blues, gritty atmosphere, featuring three-piece band: guitar, harp, and drums in an intimate setting","blues, soul, groove",chirp-v5,blues
blues,modern blues,"modern blues, gritty atmosphere, featuring three-piece band: guitar, harp, and drums in an intimate setting","blues, Texas, shuffle",chirp-v5,blues
blues,delta blues,"delta blues, passionate atmosphere, featuring three-piece band: guitar, harp, and drums in an intimate setting","blues, guitar, harmonica",chirp-v5,blues
blues,Chicago blues,"Chicago blues, passionate atmosphere, featuring three-piece band: guitar, harp, and drums in an intimate setting","blues, electric, Chicago",chirp-v5,blues
blues,Texas blues,"Texas blues, passionate atmosphere, featuring three-piece band: guitar, harp, and drums in an intimate setting","blues, acoustic, delta",chirp-v5,blues
blues,electric blues,"electric blues, passionate atmosphere, featuring three-piece band: guitar, harp, and drums in an intimate setting","blues, soul, groove",chirp-v5,blues
blues,acoustic blues,"acoustic blues, passionate atmosphere, featuring three-piece band: guitar, harp, and drums in an intimate setting","blues, Texas, shuffle",chirp-v5,blues
blues,jump blues,"jump blues, passionate atmosphere, featuring three-piece band: guitar, harp, and drums in an intimate setting","blues, guitar, harmonica",chirp-v5,blues
blues,soul blues,"soul blues, passionate atmosphere, featuring three-piece band: guitar, harp, and drums in an intimate setting","blues, electric, Chicago",chirp-v5,blues
blues,swamp blues,"swamp blues, passionate atmosphere, featuring three-piece band: guitar, harp, and drums in an intimate setting","blues, acoustic, delta",chirp-v5,blues
blues,piedmont blues,"piedmont blues, passionate atmosphere, featuring three-piece band: guitar, harp, and drums in an intimate setting","blues, soul, groove",chirp-v5,blues
blues,modern blues,"modern blues, passionate atmosphere, featuring three-piece band: guitar, harp, and drums in an intimate setting","blues, Texas, shuffle",chirp-v5,blues
blues,delta blues,"delta blues, laid-back atmosphere, featuring three-piece band: guitar, harp, and drums in an intimate setting","blues, guitar, harmonica",chirp-v5,blues
blues,Chicago blues,"Chicago blues, laid-back atmosphere, featuring three-piece band: guitar, harp, and drums in an intimate setting","blues, electric, Chicago",chirp-v5,blues
blues,Texas blues,"Texas blues, laid-back atmosphere, featuring three-piece band: guitar, harp, and drums in an intimate setting","blues, acoustic, delta",chirp-v5,blues
blues,electric blues,"electric blues, laid-back atmosphere, featuring three-piece band: guitar, harp, and drums in an intimate setting","blues, soul, groove",chirp-v5,blues
blues,acoustic blues,"acoustic blues, laid-back atmosphere, featuring three-piece band: guitar, harp, and drums in an intimate setting","blues, Texas, shuffle",chirp-v5,blues
blues,jump blues,"jump blues, laid-back atmosphere, featuring three-piece band: guitar, harp, and drums in an intimate setting","blues, guitar, harmonica",chirp-v5,blues
blues,soul blues,"soul blues, laid-back atmosphere, featuring three-piece band: guitar, harp, and drums in an intimate setting","blues, electric, Chicago",chirp-v5,blues
blues,swamp blues,"swamp blues, laid-back atmosphere, featuring three-piece band: guitar, harp, and drums in an intimate setting","blues, acoustic, delta",chirp-v5,blues
blues,piedmont blues,"piedmont blues, laid-back atmosphere, featuring three-piece band: guitar, harp, and drums in an intimate setting","blues, soul, groove",chirp-v5,blues
blues,modern blues,"modern blues, laid-back atmosphere, featuring three-piece band: guitar, harp, and drums in an intimate setting","blues, Texas, shuffle",chirp-v5,blues
blues,delta blues,"delta blues, yearning atmosphere, featuring three-piece band: guitar, harp, and drums in an intimate setting","blues, guitar, harmonica",chirp-v5,blues
blues,Chicago blues,"Chicago blues, yearning atmosphere, featuring three-piece band: guitar, harp, and drums in an intimate setting","blues, electric, Chicago",chirp-v5,blues
blues,Texas blues,"Texas blues, yearning atmosphere, featuring three-piece band: guitar, harp, and drums in an intimate setting","blues, acoustic, delta",chirp-v5,blues
blues,electric blues,"electric blues, yearning atmosphere, featuring three-piece band: guitar, harp, and drums in an intimate setting","blues, soul, groove",chirp-v5,blues
blues,acoustic blues,"acoustic blues, yearning atmosphere, featuring three-piece band: guitar, harp, and drums in an intimate setting","blues, Texas, shuffle",chirp-v5,blues
blues,jump blues,"jump blues, yearning atmosphere, featuring three-piece band: guitar, harp, and drums in an intimate setting","blues, guitar, harmonica",chirp-v5,blues
blues,soul blues,"soul blues, yearning atmosphere, featuring three-piece band: guitar, harp, and drums in an intimate setting","blues, electric, Chicago",chirp-v5,blues
blues,swamp blues,"swamp blues, yearning atmosphere, featuring three-piece band: guitar, harp, and drums in an intimate setting","blues, acoustic, delta",chirp-v5,blues
blues,piedmont blues,"piedmont blues, yearning atmosphere, featuring three-piece band: guitar, harp, and drums in an intimate setting","blues, soul, groove",chirp-v5,blues
blues,modern blues,"modern blues, yearning atmosphere, featuring three-piece band: guitar, harp, and drums in an intimate setting","blues, Texas, shuffle",chirp-v5,blues
blues,delta blues,"delta blues, raw atmosphere, featuring three-piece band: guitar, harp, and drums in an intimate setting","blues, guitar, harmonica",chirp-v5,blues
blues,Chicago blues,"Chicago blues, raw atmosphere, featuring three-piece band: guitar, harp, and drums in an intimate setting","blues, electric, Chicago",chirp-v5,blues
blues,Texas blues,"Texas blues, raw atmosphere, featuring three-piece band: guitar, harp, and drums in an intimate setting","blues, acoustic, delta",chirp-v5,blues
blues,electric blues,"electric blues, raw atmosphere, featuring three-piece band: guitar, harp, and drums in an intimate setting","blues, soul, groove",chirp-v5,blues
blues,acoustic blues,"acoustic blues, raw atmosphere, featuring three-piece band: guitar, harp, and drums in an intimate setting","blues, Texas, shuffle",chirp-v5,blues
blues,jump blues,"jump blues, raw atmosphere, featuring three-piece band: guitar, harp, and drums in an intimate setting","blues, guitar, harmonica",chirp-v5,blues
blues,soul blues,"soul blues, raw atmosphere, featuring three-piece band: guitar, harp, and drums in an intimate setting","blues, electric, Chicago",chirp-v5,blues
blues,swamp blues,"swamp blues, raw atmosphere, featuring three-piece band: guitar, harp, and drums in an intimate setting","blues, acoustic, delta",chirp-v5,blues
blues,piedmont blues,"piedmont blues, raw atmosphere, featuring three-piece band: guitar, harp, and drums in an intimate setting","blues, soul, groove",chirp-v5,blues
blues,modern blues,"modern blues, raw atmosphere, featuring three-piece band: guitar, harp, and drums in an intimate setting","blues, Texas, shuffle",chirp-v5,blues
blues,delta blues,"delta blues, emotional atmosphere, featuring three-piece band: guitar, harp, and drums in an intimate setting","blues, guitar, harmonica",chirp-v5,blues
blues,Chicago blues,"Chicago blues, emotional atmosphere, featuring three-piece band: guitar, harp, and drums in an intimate setting","blues, electric, Chicago",chirp-v5,blues
blues,Texas blues,"Texas blues, emotional atmosphere, featuring three-piece band: guitar, harp, and drums in an intimate setting","blues, acoustic, delta",chirp-v5,blues
blues,electric blues,"electric blues, emotional atmosphere, featuring three-piece band: guitar, harp, and drums in an intimate setting","blues, soul, groove",chirp-v5,blues
blues,acoustic blues,"acoustic blues, emotional atmosphere, featuring three-piece band: guitar, harp, and drums in an intimate setting","blues, Texas, shuffle",chirp-v5,blues
blues,jump blues,"jump blues, emotional atmosphere, featuring three-piece band: guitar, harp, and drums in an intimate setting","blues, guitar, harmonica",chirp-v5,blues
blues,soul blues,"soul blues, emotional atmosphere, featuring three-piece band: guitar, harp, and drums in an intimate setting","blues, electric, Chicago",chirp-v5,blues
blues,swamp blues,"swamp blues, emotional atmosphere, featuring three-piece band: guitar, harp, and drums in an intimate setting","blues, acoustic, delta",chirp-v5,blues
blues,piedmont blues,"piedmont blues, emotional atmosphere, featuring three-piece band: guitar, harp, and drums in an intimate setting","blues, soul, groove",chirp-v5,blues
blues,modern blues,"modern blues, emotional atmosphere, featuring three-piece band: guitar, harp, and drums in an intimate setting","blues, Texas, shuffle",chirp-v5,blues
blues,delta blues,"delta blues, brooding atmosphere, featuring three-piece band: guitar, harp, and drums in an intimate setting","blues, guitar, harmonica",chirp-v5,blues
blues,Chicago blues,"Chicago blues, brooding atmosphere, featuring three-piece band: guitar, harp, and drums in an intimate setting","blues, electric, Chicago",chirp-v5,blues
blues,Texas blues,"Texas blues, brooding atmosphere, featuring three-piece band: guitar, harp, and drums in an intimate setting","blues, acoustic, delta",chirp-v5,blues
blues,electric blues,"electric blues, brooding atmosphere, featuring three-piece band: guitar, harp, and drums in an intimate setting","blues, soul, groove",chirp-v5,blues
blues,acoustic blues,"acoustic blues, brooding atmosphere, featuring three-piece band: guitar, harp, and drums in an intimate setting","blues, Texas, shuffle",chirp-v5,blues
blues,jump blues,"jump blues, brooding atmosphere, featuring three-piece band: guitar, harp, and drums in an intimate setting","blues, guitar, harmonica",chirp-v5,blues
blues,soul blues,"soul blues, brooding atmosphere, featuring three-piece band: guitar, harp, and drums in an intimate setting","blues, electric, Chicago",chirp-v5,blues
blues,swamp blues,"swamp blues, brooding atmosphere, featuring three-piece band: guitar, harp, and drums in an intimate setting","blues, acoustic, delta",chirp-v5,blues
blues,piedmont blues,"piedmont blues, brooding atmosphere, featuring three-piece band: guitar, harp, and drums in an intimate setting","blues, soul, groove",chirp-v5,blues
blues,modern blues,"modern blues, brooding atmosphere, featuring three-piece band: guitar, harp, and drums in an intimate setting","blues, Texas, shuffle",chirp-v5,blues
blues,delta blues,"delta blues, cathartic atmosphere, featuring three-piece band: guitar, harp, and drums in an intimate setting","blues, guitar, harmonica",chirp-v5,blues
blues,Chicago blues,"Chicago blues, cathartic atmosphere, featuring three-piece band: guitar, harp, and drums in an intimate setting","blues, electric, Chicago",chirp-v5,blues
blues,Texas blues,"Texas blues, cathartic atmosphere, featuring three-piece band: guitar, harp, and drums in an intimate setting","blues, acoustic, delta",chirp-v5,blues
blues,electric blues,"electric blues, cathartic atmosphere, featuring three-piece band: guitar, harp, and drums in an intimate setting","blues, soul, groove",chirp-v5,blues
blues,acoustic blues,"acoustic blues, cathartic atmosphere, featuring three-piece band: guitar, harp, and drums in an intimate setting","blues, Texas, shuffle",chirp-v5,blues
blues,jump blues,"jump blues, cathartic atmosphere, featuring three-piece band: guitar, harp, and drums in an intimate setting","blues, guitar, harmonica",chirp-v5,blues
blues,soul blues,"soul blues, cathartic atmosphere, featuring three-piece band: guitar, harp, and drums in an intimate setting","blues, electric, Chicago",chirp-v5,blues
blues,swamp blues,"swamp blues, cathartic atmosphere, featuring three-piece band: guitar, harp, and drums in an intimate setting","blues, acoustic, delta",chirp-v5,blues
blues,piedmont blues,"piedmont blues, cathartic atmosphere, featuring three-piece band: guitar, harp, and drums in an intimate setting","blues, soul, groove",chirp-v5,blues
blues,modern blues,"modern blues, cathartic atmosphere, featuring three-piece band: guitar, harp, and drums in an intimate setting","blues, Texas, shuffle",chirp-v5,blues
blues,delta blues,"delta blues, sorrowful atmosphere, featuring slide guitar and harmonica over a shuffling 12-bar groove","blues, guitar, harmonica",chirp-v5,blues
blues,Chicago blues,"Chicago blues, sorrowful atmosphere, featuring slide guitar and harmonica over a shuffling 12-bar groove","blues, electric, Chicago",chirp-v5,blues
blues,Texas blues,"Texas blues, sorrowful atmosphere, featuring slide guitar and harmonica over a shuffling 12-bar groove","blues, acoustic, delta",chirp-v5,blues
blues,electric blues,"electric blues, sorrowful atmosphere, featuring slide guitar and harmonica over a shuffling 12-bar groove","blues, soul, groove",chirp-v5,blues
blues,acoustic blues,"acoustic blues, sorrowful atmosphere, featuring slide guitar and harmonica over a shuffling 12-bar groove","blues, Texas, shuffle",chirp-v5,blues
blues,jump blues,"jump blues, sorrowful atmosphere, featuring slide guitar and harmonica over a shuffling 12-bar groove","blues, guitar, harmonica",chirp-v5,blues
blues,soul blues,"soul blues, sorrowful atmosphere, featuring slide guitar and harmonica over a shuffling 12-bar groove","blues, electric, Chicago",chirp-v5,blues
blues,swamp blues,"swamp blues, sorrowful atmosphere, featuring slide guitar and harmonica over a shuffling 12-bar groove","blues, acoustic, delta",chirp-v5,blues
blues,piedmont blues,"piedmont blues, sorrowful atmosphere, featuring slide guitar and harmonica over a shuffling 12-bar groove","blues, soul, groove",chirp-v5,blues
blues,modern blues,"modern blues, sorrowful atmosphere, featuring slide guitar and harmonica over a shuffling 12-bar groove","blues, Texas, shuffle",chirp-v5,blues
blues,delta blues,"delta blues, soulful atmosphere, featuring slide guitar and harmonica over a shuffling 12-bar groove","blues, guitar, harmonica",chirp-v5,blues
blues,Chicago blues,"Chicago blues, soulful atmosphere, featuring slide guitar and harmonica over a shuffling 12-bar groove","blues, electric, Chicago",chirp-v5,blues
blues,Texas blues,"Texas blues, soulful atmosphere, featuring slide guitar and harmonica over a shuffling 12-bar groove","blues, acoustic, delta",chirp-v5,blues
blues,electric blues,"electric blues, soulful atmosphere, featuring slide guitar and harmonica over a shuffling 12-bar groove","blues, soul, groove",chirp-v5,blues
blues,acoustic blues,"acoustic blues, soulful atmosphere, featuring slide guitar and harmonica over a shuffling 12-bar groove","blues, Texas, shuffle",chirp-v5,blues
blues,jump blues,"jump blues, soulful atmosphere, featuring slide guitar and harmonica over a shuffling 12-bar groove","blues, guitar, harmonica",chirp-v5,blues
blues,soul blues,"soul blues, soulful atmosphere, featuring slide guitar and harmonica over a shuffling 12-bar groove","blues, electric, Chicago",chirp-v5,blues
blues,swamp blues,"swamp blues, soulful atmosphere, featuring slide guitar and harmonica over a shuffling 12-bar groove","blues, acoustic, delta",chirp-v5,blues
blues,piedmont blues,"piedmont blues, soulful atmosphere, featuring slide guitar and harmonica over a shuffling 12-bar groove","blues, soul, groove",chirp-v5,blues
blues,modern blues,"modern blues, soulful atmosphere, featuring slide guitar and harmonica over a shuffling 12-bar groove","blues, Texas, shuffle",chirp-v5,blues
blues,delta blues,"delta blues, gritty atmosphere, featuring slide guitar and harmonica over a shuffling 12-bar groove","blues, guitar, harmonica",chirp-v5,blues
blues,Chicago blues,"Chicago blues, gritty atmosphere, featuring slide guitar and harmonica over a shuffling 12-bar groove","blues, electric, Chicago",chirp-v5,blues
blues,Texas blues,"Texas blues, gritty atmosphere, featuring slide guitar and harmonica over a shuffling 12-bar groove","blues, acoustic, delta",chirp-v5,blues
blues,electric blues,"electric blues, gritty atmosphere, featuring slide guitar and harmonica over a shuffling 12-bar groove","blues, soul, groove",chirp-v5,blues
blues,acoustic blues,"acoustic blues, gritty atmosphere, featuring slide guitar and harmonica over a shuffling 12-bar groove","blues, Texas, shuffle",chirp-v5,blues
blues,jump blues,"jump blues, gritty atmosphere, featuring slide guitar and harmonica over a shuffling 12-bar groove","blues, guitar, harmonica",chirp-v5,blues
blues,soul blues,"soul blues, gritty atmosphere, featuring slide guitar and harmonica over a shuffling 12-bar groove","blues, electric, Chicago",chirp-v5,blues
blues,swamp blues,"swamp blues, gritty atmosphere, featuring slide guitar and harmonica over a shuffling 12-bar groove","blues, acoustic, delta",chirp-v5,blues
blues,piedmont blues,"piedmont blues, gritty atmosphere, featuring slide guitar and harmonica over a shuffling 12-bar groove","blues, soul, groove",chirp-v5,blues
blues,modern blues,"modern blues, gritty atmosphere, featuring slide guitar and harmonica over a shuffling 12-bar groove","blues, Texas, shuffle",chirp-v5,blues
blues,delta blues,"delta blues, passionate atmosphere, featuring slide guitar and harmonica over a shuffling 12-bar groove","blues, guitar, harmonica",chirp-v5,blues
blues,Chicago blues,"Chicago blues, passionate atmosphere, featuring slide guitar and harmonica over a shuffling 12-bar groove","blues, electric, Chicago",chirp-v5,blues
blues,Texas blues,"Texas blues, passionate atmosphere, featuring slide guitar and harmonica over a shuffling 12-bar groove","blues, acoustic, delta",chirp-v5,blues
blues,electric blues,"electric blues, passionate atmosphere, featuring slide guitar and harmonica over a shuffling 12-bar groove","blues, soul, groove",chirp-v5,blues
blues,acoustic blues,"acoustic blues, passionate atmosphere, featuring slide guitar and harmonica over a shuffling 12-bar groove","blues, Texas, shuffle",chirp-v5,blues
blues,jump blues,"jump blues, passionate atmosphere, featuring slide guitar and harmonica over a shuffling 12-bar groove","blues, guitar, harmonica",chirp-v5,blues
blues,soul blues,"soul blues, passionate atmosphere, featuring slide guitar and harmonica over a shuffling 12-bar groove","blues, electric, Chicago",chirp-v5,blues
blues,swamp blues,"swamp blues, passionate atmosphere, featuring slide guitar and harmonica over a shuffling 12-bar groove","blues, acoustic, delta",chirp-v5,blues
blues,piedmont blues,"piedmont blues, passionate atmosphere, featuring slide guitar and harmonica over a shuffling 12-bar groove","blues, soul, groove",chirp-v5,blues
blues,modern blues,"modern blues, passionate atmosphere, featuring slide guitar and harmonica over a shuffling 12-bar groove","blues, Texas, shuffle",chirp-v5,blues
blues,delta blues,"delta blues, laid-back atmosphere, featuring slide guitar and harmonica over a shuffling 12-bar groove","blues, guitar, harmonica",chirp-v5,blues
blues,Chicago blues,"Chicago blues, laid-back atmosphere, featuring slide guitar and harmonica over a shuffling 12-bar groove","blues, electric, Chicago",chirp-v5,blues
blues,Texas blues,"Texas blues, laid-back atmosphere, featuring slide guitar and harmonica over a shuffling 12-bar groove","blues, acoustic, delta",chirp-v5,blues
blues,electric blues,"electric blues, laid-back atmosphere, featuring slide guitar and harmonica over a shuffling 12-bar groove","blues, soul, groove",chirp-v5,blues
blues,acoustic blues,"acoustic blues, laid-back atmosphere, featuring slide guitar and harmonica over a shuffling 12-bar groove","blues, Texas, shuffle",chirp-v5,blues
blues,jump blues,"jump blues, laid-back atmosphere, featuring slide guitar and harmonica over a shuffling 12-bar groove","blues, guitar, harmonica",chirp-v5,blues
blues,soul blues,"soul blues, laid-back atmosphere, featuring slide guitar and harmonica over a shuffling 12-bar groove","blues, electric, Chicago",chirp-v5,blues
blues,swamp blues,"swamp blues, laid-back atmosphere, featuring slide guitar and harmonica over a shuffling 12-bar groove","blues, acoustic, delta",chirp-v5,blues
blues,piedmont blues,"piedmont blues, laid-back atmosphere, featuring slide guitar and harmonica over a shuffling 12-bar groove","blues, soul, groove",chirp-v5,blues
blues,modern blues,"modern blues, laid-back atmosphere, featuring slide guitar and harmonica over a shuffling 12-bar groove","blues, Texas, shuffle",chirp-v5,blues
blues,delta blues,"delta blues, yearning atmosphere, featuring slide guitar and harmonica over a shuffling 12-bar groove","blues, guitar, harmonica",chirp-v5,blues
blues,Chicago blues,"Chicago blues, yearning atmosphere, featuring slide guitar and harmonica over a shuffling 12-bar groove","blues, electric, Chicago",chirp-v5,blues
blues,Texas blues,"Texas blues, yearning atmosphere, featuring slide guitar and harmonica over a shuffling 12-bar groove","blues, acoustic, delta",chirp-v5,blues
blues,electric blues,"electric blues, yearning atmosphere, featuring slide guitar and harmonica over a shuffling 12-bar groove","blues, soul, groove",chirp-v5,blues
blues,acoustic blues,"acoustic blues, yearning atmosphere, featuring slide guitar and harmonica over a shuffling 12-bar groove","blues, Texas, shuffle",chirp-v5,blues
blues,jump blues,"jump blues, yearning atmosphere, featuring slide guitar and harmonica over a shuffling 12-bar groove","blues, guitar, harmonica",chirp-v5,blues
blues,soul blues,"soul blues, yearning atmosphere, featuring slide guitar and harmonica over a shuffling 12-bar groove","blues, electric, Chicago",chirp-v5,blues
blues,swamp blues,"swamp blues, yearning atmosphere, featuring slide guitar and harmonica over a shuffling 12-bar groove","blues, acoustic, delta",chirp-v5,blues
blues,piedmont blues,"piedmont blues, yearning atmosphere, featuring slide guitar and harmonica over a shuffling 12-bar groove","blues, soul, groove",chirp-v5,blues
blues,modern blues,"modern blues, yearning atmosphere, featuring slide guitar and harmonica over a shuffling 12-bar groove","blues, Texas, shuffle",chirp-v5,blues
blues,delta blues,"delta blues, raw atmosphere, featuring slide guitar and harmonica over a shuffling 12-bar groove","blues, guitar, harmonica",chirp-v5,blues
blues,Chicago blues,"Chicago blues, raw atmosphere, featuring slide guitar and harmonica over a shuffling 12-bar groove","blues, electric, Chicago",chirp-v5,blues
blues,Texas blues,"Texas blues, raw atmosphere, featuring slide guitar and harmonica over a shuffling 12-bar groove","blues, acoustic, delta",chirp-v5,blues
blues,electric blues,"electric blues, raw atmosphere, featuring slide guitar and harmonica over a shuffling 12-bar groove","blues, soul, groove",chirp-v5,blues
blues,acoustic blues,"acoustic blues, raw atmosphere, featuring slide guitar and harmonica over a shuffling 12-bar groove","blues, Texas, shuffle",chirp-v5,blues
blues,jump blues,"jump blues, raw atmosphere, featuring slide guitar and harmonica over a shuffling 12-bar groove","blues, guitar, harmonica",chirp-v5,blues
blues,soul blues,"soul blues, raw atmosphere, featuring slide guitar and harmonica over a shuffling 12-bar groove","blues, electric, Chicago",chirp-v5,blues
blues,swamp blues,"swamp blues, raw atmosphere, featuring slide guitar and harmonica over a shuffling 12-bar groove","blues, acoustic, delta",chirp-v5,blues
blues,piedmont blues,"piedmont blues, raw atmosphere, featuring slide guitar and harmonica over a shuffling 12-bar groove","blues, soul, groove",chirp-v5,blues
blues,modern blues,"modern blues, raw atmosphere, featuring slide guitar and harmonica over a shuffling 12-bar groove","blues, Texas, shuffle",chirp-v5,blues
blues,delta blues,"delta blues, emotional atmosphere, featuring slide guitar and harmonica over a shuffling 12-bar groove","blues, guitar, harmonica",chirp-v5,blues
blues,Chicago blues,"Chicago blues, emotional atmosphere, featuring slide guitar and harmonica over a shuffling 12-bar groove","blues, electric, Chicago",chirp-v5,blues
blues,Texas blues,"Texas blues, emotional atmosphere, featuring slide guitar and harmonica over a shuffling 12-bar groove","blues, acoustic, delta",chirp-v5,blues
blues,electric blues,"electric blues, emotional atmosphere, featuring slide guitar and harmonica over a shuffling 12-bar groove","blues, soul, groove",chirp-v5,blues
blues,acoustic blues,"acoustic blues, emotional atmosphere, featuring slide guitar and harmonica over a shuffling 12-bar groove","blues, Texas, shuffle",chirp-v5,blues
blues,jump blues,"jump blues, emotional atmosphere, featuring slide guitar and harmonica over a shuffling 12-bar groove","blues, guitar, harmonica",chirp-v5,blues
blues,soul blues,"soul blues, emotional atmosphere, featuring slide guitar and harmonica over a shuffling 12-bar groove","blues, electric, Chicago",chirp-v5,blues
blues,swamp blues,"swamp blues, emotional atmosphere, featuring slide guitar and harmonica over a shuffling 12-bar groove","blues, acoustic, delta",chirp-v5,blues
blues,piedmont blues,"piedmont blues, emotional atmosphere, featuring slide guitar and harmonica over a shuffling 12-bar groove","blues, soul, groove",chirp-v5,blues
blues,modern blues,"modern blues, emotional atmosphere, featuring slide guitar and harmonica over a shuffling 12-bar groove","blues, Texas, shuffle",chirp-v5,blues
blues,delta blues,"delta blues, brooding atmosphere, featuring slide guitar and harmonica over a shuffling 12-bar groove","blues, guitar, harmonica",chirp-v5,blues
blues,Chicago blues,"Chicago blues, brooding atmosphere, featuring slide guitar and harmonica over a shuffling 12-bar groove","blues, electric, Chicago",chirp-v5,blues
blues,Texas blues,"Texas blues, brooding atmosphere, featuring slide guitar and harmonica over a shuffling 12-bar groove","blues, acoustic, delta",chirp-v5,blues
blues,electric blues,"electric blues, brooding atmosphere, featuring slide guitar and harmonica over a shuffling 12-bar groove","blues, soul, groove",chirp-v5,blues
blues,acoustic blues,"acoustic blues, brooding atmosphere, featuring slide guitar and harmonica over a shuffling 12-bar groove","blues, Texas, shuffle",chirp-v5,blues
blues,jump blues,"jump blues, brooding atmosphere, featuring slide guitar and harmonica over a shuffling 12-bar groove","blues, guitar, harmonica",chirp-v5,blues
blues,soul blues,"soul blues, brooding atmosphere, featuring slide guitar and harmonica over a shuffling 12-bar groove","blues, electric, Chicago",chirp-v5,blues
blues,swamp blues,"swamp blues, brooding atmosphere, featuring slide guitar and harmonica over a shuffling 12-bar groove","blues, acoustic, delta",chirp-v5,blues
blues,piedmont blues,"piedmont blues, brooding atmosphere, featuring slide guitar and harmonica over a shuffling 12-bar groove","blues, soul, groove",chirp-v5,blues
blues,modern blues,"modern blues, brooding atmosphere, featuring slide guitar and harmonica over a shuffling 12-bar groove","blues, Texas, shuffle",chirp-v5,blues
blues,delta blues,"delta blues, cathartic atmosphere, featuring slide guitar and harmonica over a shuffling 12-bar groove","blues, guitar, harmonica",chirp-v5,blues
blues,Chicago blues,"Chicago blues, cathartic atmosphere, featuring slide guitar and harmonica over a shuffling 12-bar groove","blues, electric, Chicago",chirp-v5,blues
blues,Texas blues,"Texas blues, cathartic atmosphere, featuring slide guitar and harmonica over a shuffling 12-bar groove","blues, acoustic, delta",chirp-v5,blues
blues,electric blues,"electric blues, cathartic atmosphere, featuring slide guitar and harmonica over a shuffling 12-bar groove","blues, soul, groove",chirp-v5,blues
blues,acoustic blues,"acoustic blues, cathartic atmosphere, featuring slide guitar and harmonica over a shuffling 12-bar groove","blues, Texas, shuffle",chirp-v5,blues
blues,jump blues,"jump blues, cathartic atmosphere, featuring slide guitar and harmonica over a shuffling 12-bar groove","blues, guitar, harmonica",chirp-v5,blues
blues,soul blues,"soul blues, cathartic atmosphere, featuring slide guitar and harmonica over a shuffling 12-bar groove","blues, electric, Chicago",chirp-v5,blues
blues,swamp blues,"swamp blues, cathartic atmosphere, featuring slide guitar and harmonica over a shuffling 12-bar groove","blues, acoustic, delta",chirp-v5,blues
blues,piedmont blues,"piedmont blues, cathartic atmosphere, featuring slide guitar and harmonica over a shuffling 12-bar groove","blues, soul, groove",chirp-v5,blues
blues,modern blues,"modern blues, cathartic atmosphere, featuring slide guitar and harmonica over a shuffling 12-bar groove","blues, Texas, shuffle",chirp-v5,blues
blues,delta blues,"delta blues, sorrowful atmosphere, featuring 12-bar chord progression with call-and-response guitar phrases","blues, guitar, harmonica",chirp-v5,blues
blues,Chicago blues,"Chicago blues, sorrowful atmosphere, featuring 12-bar chord progression with call-and-response guitar phrases","blues, electric, Chicago",chirp-v5,blues
blues,Texas blues,"Texas blues, sorrowful atmosphere, featuring 12-bar chord progression with call-and-response guitar phrases","blues, acoustic, delta",chirp-v5,blues
blues,electric blues,"electric blues, sorrowful atmosphere, featuring 12-bar chord progression with call-and-response guitar phrases","blues, soul, groove",chirp-v5,blues
blues,acoustic blues,"acoustic blues, sorrowful atmosphere, featuring 12-bar chord progression with call-and-response guitar phrases","blues, Texas, shuffle",chirp-v5,blues
blues,jump blues,"jump blues, sorrowful atmosphere, featuring 12-bar chord progression with call-and-response guitar phrases","blues, guitar, harmonica",chirp-v5,blues
blues,soul blues,"soul blues, sorrowful atmosphere, featuring 12-bar chord progression with call-and-response guitar phrases","blues, electric, Chicago",chirp-v5,blues
blues,swamp blues,"swamp blues, sorrowful atmosphere, featuring 12-bar chord progression with call-and-response guitar phrases","blues, acoustic, delta",chirp-v5,blues
blues,piedmont blues,"piedmont blues, sorrowful atmosphere, featuring 12-bar chord progression with call-and-response guitar phrases","blues, soul, groove",chirp-v5,blues
blues,modern blues,"modern blues, sorrowful atmosphere, featuring 12-bar chord progression with call-and-response guitar phrases","blues, Texas, shuffle",chirp-v5,blues
blues,delta blues,"delta blues, soulful atmosphere, featuring 12-bar chord progression with call-and-response guitar phrases","blues, guitar, harmonica",chirp-v5,blues
blues,Chicago blues,"Chicago blues, soulful atmosphere, featuring 12-bar chord progression with call-and-response guitar phrases","blues, electric, Chicago",chirp-v5,blues
blues,Texas blues,"Texas blues, soulful atmosphere, featuring 12-bar chord progression with call-and-response guitar phrases","blues, acoustic, delta",chirp-v5,blues
blues,electric blues,"electric blues, soulful atmosphere, featuring 12-bar chord progression with call-and-response guitar phrases","blues, soul, groove",chirp-v5,blues
blues,acoustic blues,"acoustic blues, soulful atmosphere, featuring 12-bar chord progression with call-and-response guitar phrases","blues, Texas, shuffle",chirp-v5,blues
blues,jump blues,"jump blues, soulful atmosphere, featuring 12-bar chord progression with call-and-response guitar phrases","blues, guitar, harmonica",chirp-v5,blues
blues,soul blues,"soul blues, soulful atmosphere, featuring 12-bar chord progression with call-and-response guitar phrases","blues, electric, Chicago",chirp-v5,blues
blues,swamp blues,"swamp blues, soulful atmosphere, featuring 12-bar chord progression with call-and-response guitar phrases","blues, acoustic, delta",chirp-v5,blues
blues,piedmont blues,"piedmont blues, soulful atmosphere, featuring 12-bar chord progression with call-and-response guitar phrases","blues, soul, groove",chirp-v5,blues
blues,modern blues,"modern blues, soulful atmosphere, featuring 12-bar chord progression with call-and-response guitar phrases","blues, Texas, shuffle",chirp-v5,blues
blues,delta blues,"delta blues, gritty atmosphere, featuring 12-bar chord progression with call-and-response guitar phrases","blues, guitar, harmonica",chirp-v5,blues
blues,Chicago blues,"Chicago blues, gritty atmosphere, featuring 12-bar chord progression with call-and-response guitar phrases","blues, electric, Chicago",chirp-v5,blues
blues,Texas blues,"Texas blues, gritty atmosphere, featuring 12-bar chord progression with call-and-response guitar phrases","blues, acoustic, delta",chirp-v5,blues
blues,electric blues,"electric blues, gritty atmosphere, featuring 12-bar chord progression with call-and-response guitar phrases","blues, soul, groove",chirp-v5,blues
blues,acoustic blues,"acoustic blues, gritty atmosphere, featuring 12-bar chord progression with call-and-response guitar phrases","blues, Texas, shuffle",chirp-v5,blues
blues,jump blues,"jump blues, gritty atmosphere, featuring 12-bar chord progression with call-and-response guitar phrases","blues, guitar, harmonica",chirp-v5,blues
blues,soul blues,"soul blues, gritty atmosphere, featuring 12-bar chord progression with call-and-response guitar phrases","blues, electric, Chicago",chirp-v5,blues
blues,swamp blues,"swamp blues, gritty atmosphere, featuring 12-bar chord progression with call-and-response guitar phrases","blues, acoustic, delta",chirp-v5,blues
blues,piedmont blues,"piedmont blues, gritty atmosphere, featuring 12-bar chord progression with call-and-response guitar phrases","blues, soul, groove",chirp-v5,blues
blues,modern blues,"modern blues, gritty atmosphere, featuring 12-bar chord progression with call-and-response guitar phrases","blues, Texas, shuffle",chirp-v5,blues
blues,delta blues,"delta blues, passionate atmosphere, featuring 12-bar chord progression with call-and-response guitar phrases","blues, guitar, harmonica",chirp-v5,blues
blues,Chicago blues,"Chicago blues, passionate atmosphere, featuring 12-bar chord progression with call-and-response guitar phrases","blues, electric, Chicago",chirp-v5,blues
blues,Texas blues,"Texas blues, passionate atmosphere, featuring 12-bar chord progression with call-and-response guitar phrases","blues, acoustic, delta",chirp-v5,blues
blues,electric blues,"electric blues, passionate atmosphere, featuring 12-bar chord progression with call-and-response guitar phrases","blues, soul, groove",chirp-v5,blues
blues,acoustic blues,"acoustic blues, passionate atmosphere, featuring 12-bar chord progression with call-and-response guitar phrases","blues, Texas, shuffle",chirp-v5,blues
blues,jump blues,"jump blues, passionate atmosphere, featuring 12-bar chord progression with call-and-response guitar phrases","blues, guitar, harmonica",chirp-v5,blues
blues,soul blues,"soul blues, passionate atmosphere, featuring 12-bar chord progression with call-and-response guitar phrases","blues, electric, Chicago",chirp-v5,blues
blues,swamp blues,"swamp blues, passionate atmosphere, featuring 12-bar chord progression with call-and-response guitar phrases","blues, acoustic, delta",chirp-v5,blues
blues,piedmont blues,"piedmont blues, passionate atmosphere, featuring 12-bar chord progression with call-and-response guitar phrases","blues, soul, groove",chirp-v5,blues
blues,modern blues,"modern blues, passionate atmosphere, featuring 12-bar chord progression with call-and-response guitar phrases","blues, Texas, shuffle",chirp-v5,blues
blues,delta blues,"delta blues, laid-back atmosphere, featuring 12-bar chord progression with call-and-response guitar phrases","blues, guitar, harmonica",chirp-v5,blues
blues,Chicago blues,"Chicago blues, laid-back atmosphere, featuring 12-bar chord progression with call-and-response guitar phrases","blues, electric, Chicago",chirp-v5,blues
blues,Texas blues,"Texas blues, laid-back atmosphere, featuring 12-bar chord progression with call-and-response guitar phrases","blues, acoustic, delta",chirp-v5,blues
blues,electric blues,"electric blues, laid-back atmosphere, featuring 12-bar chord progression with call-and-response guitar phrases","blues, soul, groove",chirp-v5,blues
blues,acoustic blues,"acoustic blues, laid-back atmosphere, featuring 12-bar chord progression with call-and-response guitar phrases","blues, Texas, shuffle",chirp-v5,blues
blues,jump blues,"jump blues, laid-back atmosphere, featuring 12-bar chord progression with call-and-response guitar phrases","blues, guitar, harmonica",chirp-v5,blues
blues,soul blues,"soul blues, laid-back atmosphere, featuring 12-bar chord progression with call-and-response guitar phrases","blues, electric, Chicago",chirp-v5,blues
blues,swamp blues,"swamp blues, laid-back atmosphere, featuring 12-bar chord progression with call-and-response guitar phrases","blues, acoustic, delta",chirp-v5,blues
blues,piedmont blues,"piedmont blues, laid-back atmosphere, featuring 12-bar chord progression with call-and-response guitar phrases","blues, soul, groove",chirp-v5,blues
blues,modern blues,"modern blues, laid-back atmosphere, featuring 12-bar chord progression with call-and-response guitar phrases","blues, Texas, shuffle",chirp-v5,blues
blues,delta blues,"delta blues, yearning atmosphere, featuring 12-bar chord progression with call-and-response guitar phrases","blues, guitar, harmonica",chirp-v5,blues
blues,Chicago blues,"Chicago blues, yearning atmosphere, featuring 12-bar chord progression with call-and-response guitar phrases","blues, electric, Chicago",chirp-v5,blues
blues,Texas blues,"Texas blues, yearning atmosphere, featuring 12-bar chord progression with call-and-response guitar phrases","blues, acoustic, delta",chirp-v5,blues
blues,electric blues,"electric blues, yearning atmosphere, featuring 12-bar chord progression with call-and-response guitar phrases","blues, soul, groove",chirp-v5,blues
blues,acoustic blues,"acoustic blues, yearning atmosphere, featuring 12-bar chord progression with call-and-response guitar phrases","blues, Texas, shuffle",chirp-v5,blues
blues,jump blues,"jump blues, yearning atmosphere, featuring 12-bar chord progression with call-and-response guitar phrases","blues, guitar, harmonica",chirp-v5,blues
blues,soul blues,"soul blues, yearning atmosphere, featuring 12-bar chord progression with call-and-response guitar phrases","blues, electric, Chicago",chirp-v5,blues
blues,swamp blues,"swamp blues, yearning atmosphere, featuring 12-bar chord progression with call-and-response guitar phrases","blues, acoustic, delta",chirp-v5,blues
blues,piedmont blues,"piedmont blues, yearning atmosphere, featuring 12-bar chord progression with call-and-response guitar phrases","blues, soul, groove",chirp-v5,blues
blues,modern blues,"modern blues, yearning atmosphere, featuring 12-bar chord progression with call-and-response guitar phrases","blues, Texas, shuffle",chirp-v5,blues
blues,delta blues,"delta blues, raw atmosphere, featuring 12-bar chord progression with call-and-response guitar phrases","blues, guitar, harmonica",chirp-v5,blues
blues,Chicago blues,"Chicago blues, raw atmosphere, featuring 12-bar chord progression with call-and-response guitar phrases","blues, electric, Chicago",chirp-v5,blues
blues,Texas blues,"Texas blues, raw atmosphere, featuring 12-bar chord progression with call-and-response guitar phrases","blues, acoustic, delta",chirp-v5,blues
blues,electric blues,"electric blues, raw atmosphere, featuring 12-bar chord progression with call-and-response guitar phrases","blues, soul, groove",chirp-v5,blues
blues,acoustic blues,"acoustic blues, raw atmosphere, featuring 12-bar chord progression with call-and-response guitar phrases","blues, Texas, shuffle",chirp-v5,blues
blues,jump blues,"jump blues, raw atmosphere, featuring 12-bar chord progression with call-and-response guitar phrases","blues, guitar, harmonica",chirp-v5,blues
blues,soul blues,"soul blues, raw atmosphere, featuring 12-bar chord progression with call-and-response guitar phrases","blues, electric, Chicago",chirp-v5,blues
blues,swamp blues,"swamp blues, raw atmosphere, featuring 12-bar chord progression with call-and-response guitar phrases","blues, acoustic, delta",chirp-v5,blues
blues,piedmont blues,"piedmont blues, raw atmosphere, featuring 12-bar chord progression with call-and-response guitar phrases","blues, soul, groove",chirp-v5,blues
blues,modern blues,"modern blues, raw atmosphere, featuring 12-bar chord progression with call-and-response guitar phrases","blues, Texas, shuffle",chirp-v5,blues
blues,delta blues,"delta blues, emotional atmosphere, featuring 12-bar chord progression with call-and-response guitar phrases","blues, guitar, harmonica",chirp-v5,blues
blues,Chicago blues,"Chicago blues, emotional atmosphere, featuring 12-bar chord progression with call-and-response guitar phrases","blues, electric, Chicago",chirp-v5,blues
blues,Texas blues,"Texas blues, emotional atmosphere, featuring 12-bar chord progression with call-and-response guitar phrases","blues, acoustic, delta",chirp-v5,blues
blues,electric blues,"electric blues, emotional atmosphere, featuring 12-bar chord progression with call-and-response guitar phrases","blues, soul, groove",chirp-v5,blues
blues,acoustic blues,"acoustic blues, emotional atmosphere, featuring 12-bar chord progression with call-and-response guitar phrases","blues, Texas, shuffle",chirp-v5,blues
blues,jump blues,"jump blues, emotional atmosphere, featuring 12-bar chord progression with call-and-response guitar phrases","blues, guitar, harmonica",chirp-v5,blues
blues,soul blues,"soul blues, emotional atmosphere, featuring 12-bar chord progression with call-and-response guitar phrases","blues, electric, Chicago",chirp-v5,blues
blues,swamp blues,"swamp blues, emotional atmosphere, featuring 12-bar chord progression with call-and-response guitar phrases","blues, acoustic, delta",chirp-v5,blues
blues,piedmont blues,"piedmont blues, emotional atmosphere, featuring 12-bar chord progression with call-and-response guitar phrases","blues, soul, groove",chirp-v5,blues
blues,modern blues,"modern blues, emotional atmosphere, featuring 12-bar chord progression with call-and-response guitar phrases","blues, Texas, shuffle",chirp-v5,blues
blues,delta blues,"delta blues, brooding atmosphere, featuring 12-bar chord progression with call-and-response guitar phrases","blues, guitar, harmonica",chirp-v5,blues
blues,Chicago blues,"Chicago blues, brooding atmosphere, featuring 12-bar chord progression with call-and-response guitar phrases","blues, electric, Chicago",chirp-v5,blues
blues,Texas blues,"Texas blues, brooding atmosphere, featuring 12-bar chord progression with call-and-response guitar phrases","blues, acoustic, delta",chirp-v5,blues
blues,electric blues,"electric blues, brooding atmosphere, featuring 12-bar chord progression with call-and-response guitar phrases","blues, soul, groove",chirp-v5,blues
blues,acoustic blues,"acoustic blues, brooding atmosphere, featuring 12-bar chord progression with call-and-response guitar phrases","blues, Texas, shuffle",chirp-v5,blues
blues,jump blues,"jump blues, brooding atmosphere, featuring 12-bar chord progression with call-and-response guitar phrases","blues, guitar, harmonica",chirp-v5,blues
blues,soul blues,"soul blues, brooding atmosphere, featuring 12-bar chord progression with call-and-response guitar phrases","blues, electric, Chicago",chirp-v5,blues
blues,swamp blues,"swamp blues, brooding atmosphere, featuring 12-bar chord progression with call-and-response guitar phrases","blues, acoustic, delta",chirp-v5,blues
blues,piedmont blues,"piedmont blues, brooding atmosphere, featuring 12-bar chord progression with call-and-response guitar phrases","blues, soul, groove",chirp-v5,blues
blues,modern blues,"modern blues, brooding atmosphere, featuring 12-bar chord progression with call-and-response guitar phrases","blues, Texas, shuffle",chirp-v5,blues
blues,delta blues,"delta blues, cathartic atmosphere, featuring 12-bar chord progression with call-and-response guitar phrases","blues, guitar, harmonica",chirp-v5,blues
blues,Chicago blues,"Chicago blues, cathartic atmosphere, featuring 12-bar chord progression with call-and-response guitar phrases","blues, electric, Chicago",chirp-v5,blues
blues,Texas blues,"Texas blues, cathartic atmosphere, featuring 12-bar chord progression with call-and-response guitar phrases","blues, acoustic, delta",chirp-v5,blues
blues,electric blues,"electric blues, cathartic atmosphere, featuring 12-bar chord progression with call-and-response guitar phrases","blues, soul, groove",chirp-v5,blues
blues,acoustic blues,"acoustic blues, cathartic atmosphere, featuring 12-bar chord progression with call-and-response guitar phrases","blues, Texas, shuffle",chirp-v5,blues
blues,jump blues,"jump blues, cathartic atmosphere, featuring 12-bar chord progression with call-and-response guitar phrases","blues, guitar, harmonica",chirp-v5,blues
blues,soul blues,"soul blues, cathartic atmosphere, featuring 12-bar chord progression with call-and-response guitar phrases","blues, electric, Chicago",chirp-v5,blues
blues,swamp blues,"swamp blues, cathartic atmosphere, featuring 12-bar chord progression with call-and-response guitar phrases","blues, acoustic, delta",chirp-v5,blues
blues,piedmont blues,"piedmont blues, cathartic atmosphere, featuring 12-bar chord progression with call-and-response guitar phrases","blues, soul, groove",chirp-v5,blues
blues,modern blues,"modern blues, cathartic atmosphere, featuring 12-bar chord progression with call-and-response guitar phrases","blues, Texas, shuffle",chirp-v5,blues
blues,delta blues,"delta blues, sorrowful atmosphere, featuring electric guitar bends and vibrato over a walking bass line","blues, guitar, harmonica",chirp-v5,blues
blues,Chicago blues,"Chicago blues, sorrowful atmosphere, featuring electric guitar bends and vibrato over a walking bass line","blues, electric, Chicago",chirp-v5,blues
blues,Texas blues,"Texas blues, sorrowful atmosphere, featuring electric guitar bends and vibrato over a walking bass line","blues, acoustic, delta",chirp-v5,blues
blues,electric blues,"electric blues, sorrowful atmosphere, featuring electric guitar bends and vibrato over a walking bass line","blues, soul, groove",chirp-v5,blues
blues,acoustic blues,"acoustic blues, sorrowful atmosphere, featuring electric guitar bends and vibrato over a walking bass line","blues, Texas, shuffle",chirp-v5,blues
blues,jump blues,"jump blues, sorrowful atmosphere, featuring electric guitar bends and vibrato over a walking bass line","blues, guitar, harmonica",chirp-v5,blues
blues,soul blues,"soul blues, sorrowful atmosphere, featuring electric guitar bends and vibrato over a walking bass line","blues, electric, Chicago",chirp-v5,blues
blues,swamp blues,"swamp blues, sorrowful atmosphere, featuring electric guitar bends and vibrato over a walking bass line","blues, acoustic, delta",chirp-v5,blues
blues,piedmont blues,"piedmont blues, sorrowful atmosphere, featuring electric guitar bends and vibrato over a walking bass line","blues, soul, groove",chirp-v5,blues
blues,modern blues,"modern blues, sorrowful atmosphere, featuring electric guitar bends and vibrato over a walking bass line","blues, Texas, shuffle",chirp-v5,blues
blues,delta blues,"delta blues, soulful atmosphere, featuring electric guitar bends and vibrato over a walking bass line","blues, guitar, harmonica",chirp-v5,blues
blues,Chicago blues,"Chicago blues, soulful atmosphere, featuring electric guitar bends and vibrato over a walking bass line","blues, electric, Chicago",chirp-v5,blues
blues,Texas blues,"Texas blues, soulful atmosphere, featuring electric guitar bends and vibrato over a walking bass line","blues, acoustic, delta",chirp-v5,blues
blues,electric blues,"electric blues, soulful atmosphere, featuring electric guitar bends and vibrato over a walking bass line","blues, soul, groove",chirp-v5,blues
blues,acoustic blues,"acoustic blues, soulful atmosphere, featuring electric guitar bends and vibrato over a walking bass line","blues, Texas, shuffle",chirp-v5,blues
blues,jump blues,"jump blues, soulful atmosphere, featuring electric guitar bends and vibrato over a walking bass line","blues, guitar, harmonica",chirp-v5,blues
blues,soul blues,"soul blues, soulful atmosphere, featuring electric guitar bends and vibrato over a walking bass line","blues, electric, Chicago",chirp-v5,blues
blues,swamp blues,"swamp blues, soulful atmosphere, featuring electric guitar bends and vibrato over a walking bass line","blues, acoustic, delta",chirp-v5,blues
blues,piedmont blues,"piedmont blues, soulful atmosphere, featuring electric guitar bends and vibrato over a walking bass line","blues, soul, groove",chirp-v5,blues
blues,modern blues,"modern blues, soulful atmosphere, featuring electric guitar bends and vibrato over a walking bass line","blues, Texas, shuffle",chirp-v5,blues
blues,delta blues,"delta blues, gritty atmosphere, featuring electric guitar bends and vibrato over a walking bass line","blues, guitar, harmonica",chirp-v5,blues
blues,Chicago blues,"Chicago blues, gritty atmosphere, featuring electric guitar bends and vibrato over a walking bass line","blues, electric, Chicago",chirp-v5,blues
blues,Texas blues,"Texas blues, gritty atmosphere, featuring electric guitar bends and vibrato over a walking bass line","blues, acoustic, delta",chirp-v5,blues
blues,electric blues,"electric blues, gritty atmosphere, featuring electric guitar bends and vibrato over a walking bass line","blues, soul, groove",chirp-v5,blues
blues,acoustic blues,"acoustic blues, gritty atmosphere, featuring electric guitar bends and vibrato over a walking bass line","blues, Texas, shuffle",chirp-v5,blues
blues,jump blues,"jump blues, gritty atmosphere, featuring electric guitar bends and vibrato over a walking bass line","blues, guitar, harmonica",chirp-v5,blues
blues,soul blues,"soul blues, gritty atmosphere, featuring electric guitar bends and vibrato over a walking bass line","blues, electric, Chicago",chirp-v5,blues
blues,swamp blues,"swamp blues, gritty atmosphere, featuring electric guitar bends and vibrato over a walking bass line","blues, acoustic, delta",chirp-v5,blues
blues,piedmont blues,"piedmont blues, gritty atmosphere, featuring electric guitar bends and vibrato over a walking bass line","blues, soul, groove",chirp-v5,blues
blues,modern blues,"modern blues, gritty atmosphere, featuring electric guitar bends and vibrato over a walking bass line","blues, Texas, shuffle",chirp-v5,blues
blues,delta blues,"delta blues, passionate atmosphere, featuring electric guitar bends and vibrato over a walking bass line","blues, guitar, harmonica",chirp-v5,blues
blues,Chicago blues,"Chicago blues, passionate atmosphere, featuring electric guitar bends and vibrato over a walking bass line","blues, electric, Chicago",chirp-v5,blues
blues,Texas blues,"Texas blues, passionate atmosphere, featuring electric guitar bends and vibrato over a walking bass line","blues, acoustic, delta",chirp-v5,blues
blues,electric blues,"electric blues, passionate atmosphere, featuring electric guitar bends and vibrato over a walking bass line","blues, soul, groove",chirp-v5,blues
blues,acoustic blues,"acoustic blues, passionate atmosphere, featuring electric guitar bends and vibrato over a walking bass line","blues, Texas, shuffle",chirp-v5,blues
blues,jump blues,"jump blues, passionate atmosphere, featuring electric guitar bends and vibrato over a walking bass line","blues, guitar, harmonica",chirp-v5,blues
blues,soul blues,"soul blues, passionate atmosphere, featuring electric guitar bends and vibrato over a walking bass line","blues, electric, Chicago",chirp-v5,blues
blues,swamp blues,"swamp blues, passionate atmosphere, featuring electric guitar bends and vibrato over a walking bass line","blues, acoustic, delta",chirp-v5,blues
blues,piedmont blues,"piedmont blues, passionate atmosphere, featuring electric guitar bends and vibrato over a walking bass line","blues, soul, groove",chirp-v5,blues
blues,modern blues,"modern blues, passionate atmosphere, featuring electric guitar bends and vibrato over a walking bass line","blues, Texas, shuffle",chirp-v5,blues
blues,delta blues,"delta blues, laid-back atmosphere, featuring electric guitar bends and vibrato over a walking bass line","blues, guitar, harmonica",chirp-v5,blues
blues,Chicago blues,"Chicago blues, laid-back atmosphere, featuring electric guitar bends and vibrato over a walking bass line","blues, electric, Chicago",chirp-v5,blues
blues,Texas blues,"Texas blues, laid-back atmosphere, featuring electric guitar bends and vibrato over a walking bass line","blues, acoustic, delta",chirp-v5,blues
blues,electric blues,"electric blues, laid-back atmosphere, featuring electric guitar bends and vibrato over a walking bass line","blues, soul, groove",chirp-v5,blues
blues,acoustic blues,"acoustic blues, laid-back atmosphere, featuring electric guitar bends and vibrato over a walking bass line","blues, Texas, shuffle",chirp-v5,blues
blues,jump blues,"jump blues, laid-back atmosphere, featuring electric guitar bends and vibrato over a walking bass line","blues, guitar, harmonica",chirp-v5,blues
blues,soul blues,"soul blues, laid-back atmosphere, featuring electric guitar bends and vibrato over a walking bass line","blues, electric, Chicago",chirp-v5,blues
blues,swamp blues,"swamp blues, laid-back atmosphere, featuring electric guitar bends and vibrato over a walking bass line","blues, acoustic, delta",chirp-v5,blues
blues,piedmont blues,"piedmont blues, laid-back atmosphere, featuring electric guitar bends and vibrato over a walking bass line","blues, soul, groove",chirp-v5,blues
blues,modern blues,"modern blues, laid-back atmosphere, featuring electric guitar bends and vibrato over a walking bass line","blues, Texas, shuffle",chirp-v5,blues
country,classic country,"classic country, nostalgic atmosphere, featuring acoustic guitar and fiddle with pedal steel guitar","country, guitar, fiddle",chirp-v5,country
country,outlaw country,"outlaw country, nostalgic atmosphere, featuring acoustic guitar and fiddle with pedal steel guitar","country, bluegrass, banjo",chirp-v5,country
country,country rock,"country rock, nostalgic atmosphere, featuring acoustic guitar and fiddle with pedal steel guitar","country, outlaw, Americana",chirp-v5,country
country,bluegrass,"bluegrass country, nostalgic atmosphere, featuring acoustic guitar and fiddle with pedal steel guitar","country, pedal steel, acoustic",chirp-v5,country
country,Americana,"Americana country, nostalgic atmosphere, featuring acoustic guitar and fiddle with pedal steel guitar","country, honky-tonk, classic",chirp-v5,country
country,alt-country,"alt-country, nostalgic atmosphere, featuring acoustic guitar and fiddle with pedal steel guitar","country, guitar, fiddle",chirp-v5,country
country,honky-tonk,"honky-tonk country, nostalgic atmosphere, featuring acoustic guitar and fiddle with pedal steel guitar","country, bluegrass, banjo",chirp-v5,country
country,red dirt country,"red dirt country, nostalgic atmosphere, featuring acoustic guitar and fiddle with pedal steel guitar","country, outlaw, Americana",chirp-v5,country
country,folk country,"folk country, nostalgic atmosphere, featuring acoustic guitar and fiddle with pedal steel guitar","country, pedal steel, acoustic",chirp-v5,country
country,country pop,"country pop, nostalgic atmosphere, featuring acoustic guitar and fiddle with pedal steel guitar","country, honky-tonk, classic",chirp-v5,country
country,classic country,"classic country, heartfelt atmosphere, featuring acoustic guitar and fiddle with pedal steel guitar","country, guitar, fiddle",chirp-v5,country
country,outlaw country,"outlaw country, heartfelt atmosphere, featuring acoustic guitar and fiddle with pedal steel guitar","country, bluegrass, banjo",chirp-v5,country
country,country rock,"country rock, heartfelt atmosphere, featuring acoustic guitar and fiddle with pedal steel guitar","country, outlaw, Americana",chirp-v5,country
country,bluegrass,"bluegrass country, heartfelt atmosphere, featuring acoustic guitar and fiddle with pedal steel guitar","country, pedal steel, acoustic",chirp-v5,country
country,Americana,"Americana country, heartfelt atmosphere, featuring acoustic guitar and fiddle with pedal steel guitar","country, honky-tonk, classic",chirp-v5,country
country,alt-country,"alt-country, heartfelt atmosphere, featuring acoustic guitar and fiddle with pedal steel guitar","country, guitar, fiddle",chirp-v5,country
country,honky-tonk,"honky-tonk country, heartfelt atmosphere, featuring acoustic guitar and fiddle with pedal steel guitar","country, bluegrass, banjo",chirp-v5,country
country,red dirt country,"red dirt country, heartfelt atmosphere, featuring acoustic guitar and fiddle with pedal steel guitar","country, outlaw, Americana",chirp-v5,country
country,folk country,"folk country, heartfelt atmosphere, featuring acoustic guitar and fiddle with pedal steel guitar","country, pedal steel, acoustic",chirp-v5,country
country,country pop,"country pop, heartfelt atmosphere, featuring acoustic guitar and fiddle with pedal steel guitar","country, honky-tonk, classic",chirp-v5,country
country,classic country,"classic country, bittersweet atmosphere, featuring acoustic guitar and fiddle with pedal steel guitar","country, guitar, fiddle",chirp-v5,country
country,outlaw country,"outlaw country, bittersweet atmosphere, featuring acoustic guitar and fiddle with pedal steel guitar","country, bluegrass, banjo",chirp-v5,country
country,country rock,"country rock, bittersweet atmosphere, featuring acoustic guitar and fiddle with pedal steel guitar","country, outlaw, Americana",chirp-v5,country
country,bluegrass,"bluegrass country, bittersweet atmosphere, featuring acoustic guitar and fiddle with pedal steel guitar","country, pedal steel, acoustic",chirp-v5,country
country,Americana,"Americana country, bittersweet atmosphere, featuring acoustic guitar and fiddle with pedal steel guitar","country, honky-tonk, classic",chirp-v5,country
country,alt-country,"alt-country, bittersweet atmosphere, featuring acoustic guitar and fiddle with pedal steel guitar","country, guitar, fiddle",chirp-v5,country
country,honky-tonk,"honky-tonk country, bittersweet atmosphere, featuring acoustic guitar and fiddle with pedal steel guitar","country, bluegrass, banjo",chirp-v5,country
country,red dirt country,"red dirt country, bittersweet atmosphere, featuring acoustic guitar and fiddle with pedal steel guitar","country, outlaw, Americana",chirp-v5,country
country,folk country,"folk country, bittersweet atmosphere, featuring acoustic guitar and fiddle with pedal steel guitar","country, pedal steel, acoustic",chirp-v5,country
country,country pop,"country pop, bittersweet atmosphere, featuring acoustic guitar and fiddle with pedal steel guitar","country, honky-tonk, classic",chirp-v5,country
country,classic country,"classic country, joyful atmosphere, featuring acoustic guitar and fiddle with pedal steel guitar","country, guitar, fiddle",chirp-v5,country
country,outlaw country,"outlaw country, joyful atmosphere, featuring acoustic guitar and fiddle with pedal steel guitar","country, bluegrass, banjo",chirp-v5,country
country,country rock,"country rock, joyful atmosphere, featuring acoustic guitar and fiddle with pedal steel guitar","country, outlaw, Americana",chirp-v5,country
country,bluegrass,"bluegrass country, joyful atmosphere, featuring acoustic guitar and fiddle with pedal steel guitar","country, pedal steel, acoustic",chirp-v5,country
country,Americana,"Americana country, joyful atmosphere, featuring acoustic guitar and fiddle with pedal steel guitar","country, honky-tonk, classic",chirp-v5,country
country,alt-country,"alt-country, joyful atmosphere, featuring acoustic guitar and fiddle with pedal steel guitar","country, guitar, fiddle",chirp-v5,country
country,honky-tonk,"honky-tonk country, joyful atmosphere, featuring acoustic guitar and fiddle with pedal steel guitar","country, bluegrass, banjo",chirp-v5,country
country,red dirt country,"red dirt country, joyful atmosphere, featuring acoustic guitar and fiddle with pedal steel guitar","country, outlaw, Americana",chirp-v5,country
country,folk country,"folk country, joyful atmosphere, featuring acoustic guitar and fiddle with pedal steel guitar","country, pedal steel, acoustic",chirp-v5,country
country,country pop,"country pop, joyful atmosphere, featuring acoustic guitar and fiddle with pedal steel guitar","country, honky-tonk, classic",chirp-v5,country
country,classic country,"classic country, lonesome atmosphere, featuring acoustic guitar and fiddle with pedal steel guitar","country, guitar, fiddle",chirp-v5,country
country,outlaw country,"outlaw country, lonesome atmosphere, featuring acoustic guitar and fiddle with pedal steel guitar","country, bluegrass, banjo",chirp-v5,country
country,country rock,"country rock, lonesome atmosphere, featuring acoustic guitar and fiddle with pedal steel guitar","country, outlaw, Americana",chirp-v5,country
country,bluegrass,"bluegrass country, lonesome atmosphere, featuring acoustic guitar and fiddle with pedal steel guitar","country, pedal steel, acoustic",chirp-v5,country
country,Americana,"Americana country, lonesome atmosphere, featuring acoustic guitar and fiddle with pedal steel guitar","country, honky-tonk, classic",chirp-v5,country
country,alt-country,"alt-country, lonesome atmosphere, featuring acoustic guitar and fiddle with pedal steel guitar","country, guitar, fiddle",chirp-v5,country
country,honky-tonk,"honky-tonk country, lonesome atmosphere, featuring acoustic guitar and fiddle with pedal steel guitar","country, bluegrass, banjo",chirp-v5,country
country,red dirt country,"red dirt country, lonesome atmosphere, featuring acoustic guitar and fiddle with pedal steel guitar","country, outlaw, Americana",chirp-v5,country
country,folk country,"folk country, lonesome atmosphere, featuring acoustic guitar and fiddle with pedal steel guitar","country, pedal steel, acoustic",chirp-v5,country
country,country pop,"country pop, lonesome atmosphere, featuring acoustic guitar and fiddle with pedal steel guitar","country, honky-tonk, classic",chirp-v5,country
country,classic country,"classic country, celebratory atmosphere, featuring acoustic guitar and fiddle with pedal steel guitar","country, guitar, fiddle",chirp-v5,country
country,outlaw country,"outlaw country, celebratory atmosphere, featuring acoustic guitar and fiddle with pedal steel guitar","country, bluegrass, banjo",chirp-v5,country
country,country rock,"country rock, celebratory atmosphere, featuring acoustic guitar and fiddle with pedal steel guitar","country, outlaw, Americana",chirp-v5,country
country,bluegrass,"bluegrass country, celebratory atmosphere, featuring acoustic guitar and fiddle with pedal steel guitar","country, pedal steel, acoustic",chirp-v5,country
country,Americana,"Americana country, celebratory atmosphere, featuring acoustic guitar and fiddle with pedal steel guitar","country, honky-tonk, classic",chirp-v5,country
country,alt-country,"alt-country, celebratory atmosphere, featuring acoustic guitar and fiddle with pedal steel guitar","country, guitar, fiddle",chirp-v5,country
country,honky-tonk,"honky-tonk country, celebratory atmosphere, featuring acoustic guitar and fiddle with pedal steel guitar","country, bluegrass, banjo",chirp-v5,country
country,red dirt country,"red dirt country, celebratory atmosphere, featuring acoustic guitar and fiddle with pedal steel guitar","country, outlaw, Americana",chirp-v5,country
country,folk country,"folk country, celebratory atmosphere, featuring acoustic guitar and fiddle with pedal steel guitar","country, pedal steel, acoustic",chirp-v5,country
country,country pop,"country pop, celebratory atmosphere, featuring acoustic guitar and fiddle with pedal steel guitar","country, honky-tonk, classic",chirp-v5,country
country,classic country,"classic country, melancholic atmosphere, featuring acoustic guitar and fiddle with pedal steel guitar","country, guitar, fiddle",chirp-v5,country
country,outlaw country,"outlaw country, melancholic atmosphere, featuring acoustic guitar and fiddle with pedal steel guitar","country, bluegrass, banjo",chirp-v5,country
country,country rock,"country rock, melancholic atmosphere, featuring acoustic guitar and fiddle with pedal steel guitar","country, outlaw, Americana",chirp-v5,country
country,bluegrass,"bluegrass country, melancholic atmosphere, featuring acoustic guitar and fiddle with pedal steel guitar","country, pedal steel, acoustic",chirp-v5,country
country,Americana,"Americana country, melancholic atmosphere, featuring acoustic guitar and fiddle with pedal steel guitar","country, honky-tonk, classic",chirp-v5,country
country,alt-country,"alt-country, melancholic atmosphere, featuring acoustic guitar and fiddle with pedal steel guitar","country, guitar, fiddle",chirp-v5,country
country,honky-tonk,"honky-tonk country, melancholic atmosphere, featuring acoustic guitar and fiddle with pedal steel guitar","country, bluegrass, banjo",chirp-v5,country
country,red dirt country,"red dirt country, melancholic atmosphere, featuring acoustic guitar and fiddle with pedal steel guitar","country, outlaw, Americana",chirp-v5,country
country,folk country,"folk country, melancholic atmosphere, featuring acoustic guitar and fiddle with pedal steel guitar","country, pedal steel, acoustic",chirp-v5,country
country,country pop,"country pop, melancholic atmosphere, featuring acoustic guitar and fiddle with pedal steel guitar","country, honky-tonk, classic",chirp-v5,country
country,classic country,"classic country, earthy atmosphere, featuring acoustic guitar and fiddle with pedal steel guitar","country, guitar, fiddle",chirp-v5,country
country,outlaw country,"outlaw country, earthy atmosphere, featuring acoustic guitar and fiddle with pedal steel guitar","country, bluegrass, banjo",chirp-v5,country
country,country rock,"country rock, earthy atmosphere, featuring acoustic guitar and fiddle with pedal steel guitar","country, outlaw, Americana",chirp-v5,country
country,bluegrass,"bluegrass country, earthy atmosphere, featuring acoustic guitar and fiddle with pedal steel guitar","country, pedal steel, acoustic",chirp-v5,country
country,Americana,"Americana country, earthy atmosphere, featuring acoustic guitar and fiddle with pedal steel guitar","country, honky-tonk, classic",chirp-v5,country
country,alt-country,"alt-country, earthy atmosphere, featuring acoustic guitar and fiddle with pedal steel guitar","country, guitar, fiddle",chirp-v5,country
country,honky-tonk,"honky-tonk country, earthy atmosphere, featuring acoustic guitar and fiddle with pedal steel guitar","country, bluegrass, banjo",chirp-v5,country
country,red dirt country,"red dirt country, earthy atmosphere, featuring acoustic guitar and fiddle with pedal steel guitar","country, outlaw, Americana",chirp-v5,country
country,folk country,"folk country, earthy atmosphere, featuring acoustic guitar and fiddle with pedal steel guitar","country, pedal steel, acoustic",chirp-v5,country
country,country pop,"country pop, earthy atmosphere, featuring acoustic guitar and fiddle with pedal steel guitar","country, honky-tonk, classic",chirp-v5,country
country,classic country,"classic country, sentimental atmosphere, featuring acoustic guitar and fiddle with pedal steel guitar","country, guitar, fiddle",chirp-v5,country
country,outlaw country,"outlaw country, sentimental atmosphere, featuring acoustic guitar and fiddle with pedal steel guitar","country, bluegrass, banjo",chirp-v5,country
country,country rock,"country rock, sentimental atmosphere, featuring acoustic guitar and fiddle with pedal steel guitar","country, outlaw, Americana",chirp-v5,country
country,bluegrass,"bluegrass country, sentimental atmosphere, featuring acoustic guitar and fiddle with pedal steel guitar","country, pedal steel, acoustic",chirp-v5,country
country,Americana,"Americana country, sentimental atmosphere, featuring acoustic guitar and fiddle with pedal steel guitar","country, honky-tonk, classic",chirp-v5,country
country,alt-country,"alt-country, sentimental atmosphere, featuring acoustic guitar and fiddle with pedal steel guitar","country, guitar, fiddle",chirp-v5,country
country,honky-tonk,"honky-tonk country, sentimental atmosphere, featuring acoustic guitar and fiddle with pedal steel guitar","country, bluegrass, banjo",chirp-v5,country
country,red dirt country,"red dirt country, sentimental atmosphere, featuring acoustic guitar and fiddle with pedal steel guitar","country, outlaw, Americana",chirp-v5,country
country,folk country,"folk country, sentimental atmosphere, featuring acoustic guitar and fiddle with pedal steel guitar","country, pedal steel, acoustic",chirp-v5,country
country,country pop,"country pop, sentimental atmosphere, featuring acoustic guitar and fiddle with pedal steel guitar","country, honky-tonk, classic",chirp-v5,country
country,classic country,"classic country, defiant atmosphere, featuring acoustic guitar and fiddle with pedal steel guitar","country, guitar, fiddle",chirp-v5,country
country,outlaw country,"outlaw country, defiant atmosphere, featuring acoustic guitar and fiddle with pedal steel guitar","country, bluegrass, banjo",chirp-v5,country
country,country rock,"country rock, defiant atmosphere, featuring acoustic guitar and fiddle with pedal steel guitar","country, outlaw, Americana",chirp-v5,country
country,bluegrass,"bluegrass country, defiant atmosphere, featuring acoustic guitar and fiddle with pedal steel guitar","country, pedal steel, acoustic",chirp-v5,country
country,Americana,"Americana country, defiant atmosphere, featuring acoustic guitar and fiddle with pedal steel guitar","country, honky-tonk, classic",chirp-v5,country
country,alt-country,"alt-country, defiant atmosphere, featuring acoustic guitar and fiddle with pedal steel guitar","country, guitar, fiddle",chirp-v5,country
country,honky-tonk,"honky-tonk country, defiant atmosphere, featuring acoustic guitar and fiddle with pedal steel guitar","country, bluegrass, banjo",chirp-v5,country
country,red dirt country,"red dirt country, defiant atmosphere, featuring acoustic guitar and fiddle with pedal steel guitar","country, outlaw, Americana",chirp-v5,country
country,folk country,"folk country, defiant atmosphere, featuring acoustic guitar and fiddle with pedal steel guitar","country, pedal steel, acoustic",chirp-v5,country
country,country pop,"country pop, defiant atmosphere, featuring acoustic guitar and fiddle with pedal steel guitar","country, honky-tonk, classic",chirp-v5,country
country,classic country,"classic country, nostalgic atmosphere, featuring banjo and mandolin over a rolling bluegrass groove","country, guitar, fiddle",chirp-v5,country
country,outlaw country,"outlaw country, nostalgic atmosphere, featuring banjo and mandolin over a rolling bluegrass groove","country, bluegrass, banjo",chirp-v5,country
country,country rock,"country rock, nostalgic atmosphere, featuring banjo and mandolin over a rolling bluegrass groove","country, outlaw, Americana",chirp-v5,country
country,bluegrass,"bluegrass country, nostalgic atmosphere, featuring banjo and mandolin over a rolling bluegrass groove","country, pedal steel, acoustic",chirp-v5,country
country,Americana,"Americana country, nostalgic atmosphere, featuring banjo and mandolin over a rolling bluegrass groove","country, honky-tonk, classic",chirp-v5,country
country,alt-country,"alt-country, nostalgic atmosphere, featuring banjo and mandolin over a rolling bluegrass groove","country, guitar, fiddle",chirp-v5,country
country,honky-tonk,"honky-tonk country, nostalgic atmosphere, featuring banjo and mandolin over a rolling bluegrass groove","country, bluegrass, banjo",chirp-v5,country
country,red dirt country,"red dirt country, nostalgic atmosphere, featuring banjo and mandolin over a rolling bluegrass groove","country, outlaw, Americana",chirp-v5,country
country,folk country,"folk country, nostalgic atmosphere, featuring banjo and mandolin over a rolling bluegrass groove","country, pedal steel, acoustic",chirp-v5,country
country,country pop,"country pop, nostalgic atmosphere, featuring banjo and mandolin over a rolling bluegrass groove","country, honky-tonk, classic",chirp-v5,country
country,classic country,"classic country, heartfelt atmosphere, featuring banjo and mandolin over a rolling bluegrass groove","country, guitar, fiddle",chirp-v5,country
country,outlaw country,"outlaw country, heartfelt atmosphere, featuring banjo and mandolin over a rolling bluegrass groove","country, bluegrass, banjo",chirp-v5,country
country,country rock,"country rock, heartfelt atmosphere, featuring banjo and mandolin over a rolling bluegrass groove","country, outlaw, Americana",chirp-v5,country
country,bluegrass,"bluegrass country, heartfelt atmosphere, featuring banjo and mandolin over a rolling bluegrass groove","country, pedal steel, acoustic",chirp-v5,country
country,Americana,"Americana country, heartfelt atmosphere, featuring banjo and mandolin over a rolling bluegrass groove","country, honky-tonk, classic",chirp-v5,country
country,alt-country,"alt-country, heartfelt atmosphere, featuring banjo and mandolin over a rolling bluegrass groove","country, guitar, fiddle",chirp-v5,country
country,honky-tonk,"honky-tonk country, heartfelt atmosphere, featuring banjo and mandolin over a rolling bluegrass groove","country, bluegrass, banjo",chirp-v5,country
country,red dirt country,"red dirt country, heartfelt atmosphere, featuring banjo and mandolin over a rolling bluegrass groove","country, outlaw, Americana",chirp-v5,country
country,folk country,"folk country, heartfelt atmosphere, featuring banjo and mandolin over a rolling bluegrass groove","country, pedal steel, acoustic",chirp-v5,country
country,country pop,"country pop, heartfelt atmosphere, featuring banjo and mandolin over a rolling bluegrass groove","country, honky-tonk, classic",chirp-v5,country
country,classic country,"classic country, bittersweet atmosphere, featuring banjo and mandolin over a rolling bluegrass groove","country, guitar, fiddle",chirp-v5,country
country,outlaw country,"outlaw country, bittersweet atmosphere, featuring banjo and mandolin over a rolling bluegrass groove","country, bluegrass, banjo",chirp-v5,country
country,country rock,"country rock, bittersweet atmosphere, featuring banjo and mandolin over a rolling bluegrass groove","country, outlaw, Americana",chirp-v5,country
country,bluegrass,"bluegrass country, bittersweet atmosphere, featuring banjo and mandolin over a rolling bluegrass groove","country, pedal steel, acoustic",chirp-v5,country
country,Americana,"Americana country, bittersweet atmosphere, featuring banjo and mandolin over a rolling bluegrass groove","country, honky-tonk, classic",chirp-v5,country
country,alt-country,"alt-country, bittersweet atmosphere, featuring banjo and mandolin over a rolling bluegrass groove","country, guitar, fiddle",chirp-v5,country
country,honky-tonk,"honky-tonk country, bittersweet atmosphere, featuring banjo and mandolin over a rolling bluegrass groove","country, bluegrass, banjo",chirp-v5,country
country,red dirt country,"red dirt country, bittersweet atmosphere, featuring banjo and mandolin over a rolling bluegrass groove","country, outlaw, Americana",chirp-v5,country
country,folk country,"folk country, bittersweet atmosphere, featuring banjo and mandolin over a rolling bluegrass groove","country, pedal steel, acoustic",chirp-v5,country
country,country pop,"country pop, bittersweet atmosphere, featuring banjo and mandolin over a rolling bluegrass groove","country, honky-tonk, classic",chirp-v5,country
country,classic country,"classic country, joyful atmosphere, featuring banjo and mandolin over a rolling bluegrass groove","country, guitar, fiddle",chirp-v5,country
country,outlaw country,"outlaw country, joyful atmosphere, featuring banjo and mandolin over a rolling bluegrass groove","country, bluegrass, banjo",chirp-v5,country
country,country rock,"country rock, joyful atmosphere, featuring banjo and mandolin over a rolling bluegrass groove","country, outlaw, Americana",chirp-v5,country
country,bluegrass,"bluegrass country, joyful atmosphere, featuring banjo and mandolin over a rolling bluegrass groove","country, pedal steel, acoustic",chirp-v5,country
country,Americana,"Americana country, joyful atmosphere, featuring banjo and mandolin over a rolling bluegrass groove","country, honky-tonk, classic",chirp-v5,country
country,alt-country,"alt-country, joyful atmosphere, featuring banjo and mandolin over a rolling bluegrass groove","country, guitar, fiddle",chirp-v5,country
country,honky-tonk,"honky-tonk country, joyful atmosphere, featuring banjo and mandolin over a rolling bluegrass groove","country, bluegrass, banjo",chirp-v5,country
country,red dirt country,"red dirt country, joyful atmosphere, featuring banjo and mandolin over a rolling bluegrass groove","country, outlaw, Americana",chirp-v5,country
country,folk country,"folk country, joyful atmosphere, featuring banjo and mandolin over a rolling bluegrass groove","country, pedal steel, acoustic",chirp-v5,country
country,country pop,"country pop, joyful atmosphere, featuring banjo and mandolin over a rolling bluegrass groove","country, honky-tonk, classic",chirp-v5,country
country,classic country,"classic country, lonesome atmosphere, featuring banjo and mandolin over a rolling bluegrass groove","country, guitar, fiddle",chirp-v5,country
country,outlaw country,"outlaw country, lonesome atmosphere, featuring banjo and mandolin over a rolling bluegrass groove","country, bluegrass, banjo",chirp-v5,country
country,country rock,"country rock, lonesome atmosphere, featuring banjo and mandolin over a rolling bluegrass groove","country, outlaw, Americana",chirp-v5,country
country,bluegrass,"bluegrass country, lonesome atmosphere, featuring banjo and mandolin over a rolling bluegrass groove","country, pedal steel, acoustic",chirp-v5,country
country,Americana,"Americana country, lonesome atmosphere, featuring banjo and mandolin over a rolling bluegrass groove","country, honky-tonk, classic",chirp-v5,country
country,alt-country,"alt-country, lonesome atmosphere, featuring banjo and mandolin over a rolling bluegrass groove","country, guitar, fiddle",chirp-v5,country
country,honky-tonk,"honky-tonk country, lonesome atmosphere, featuring banjo and mandolin over a rolling bluegrass groove","country, bluegrass, banjo",chirp-v5,country
country,red dirt country,"red dirt country, lonesome atmosphere, featuring banjo and mandolin over a rolling bluegrass groove","country, outlaw, Americana",chirp-v5,country
country,folk country,"folk country, lonesome atmosphere, featuring banjo and mandolin over a rolling bluegrass groove","country, pedal steel, acoustic",chirp-v5,country
country,country pop,"country pop, lonesome atmosphere, featuring banjo and mandolin over a rolling bluegrass groove","country, honky-tonk, classic",chirp-v5,country
country,classic country,"classic country, celebratory atmosphere, featuring banjo and mandolin over a rolling bluegrass groove","country, guitar, fiddle",chirp-v5,country
country,outlaw country,"outlaw country, celebratory atmosphere, featuring banjo and mandolin over a rolling bluegrass groove","country, bluegrass, banjo",chirp-v5,country
country,country rock,"country rock, celebratory atmosphere, featuring banjo and mandolin over a rolling bluegrass groove","country, outlaw, Americana",chirp-v5,country
country,bluegrass,"bluegrass country, celebratory atmosphere, featuring banjo and mandolin over a rolling bluegrass groove","country, pedal steel, acoustic",chirp-v5,country
country,Americana,"Americana country, celebratory atmosphere, featuring banjo and mandolin over a rolling bluegrass groove","country, honky-tonk, classic",chirp-v5,country
country,alt-country,"alt-country, celebratory atmosphere, featuring banjo and mandolin over a rolling bluegrass groove","country, guitar, fiddle",chirp-v5,country
country,honky-tonk,"honky-tonk country, celebratory atmosphere, featuring banjo and mandolin over a rolling bluegrass groove","country, bluegrass, banjo",chirp-v5,country
country,red dirt country,"red dirt country, celebratory atmosphere, featuring banjo and mandolin over a rolling bluegrass groove","country, outlaw, Americana",chirp-v5,country
country,folk country,"folk country, celebratory atmosphere, featuring banjo and mandolin over a rolling bluegrass groove","country, pedal steel, acoustic",chirp-v5,country
country,country pop,"country pop, celebratory atmosphere, featuring banjo and mandolin over a rolling bluegrass groove","country, honky-tonk, classic",chirp-v5,country
country,classic country,"classic country, melancholic atmosphere, featuring banjo and mandolin over a rolling bluegrass groove","country, guitar, fiddle",chirp-v5,country
country,outlaw country,"outlaw country, melancholic atmosphere, featuring banjo and mandolin over a rolling bluegrass groove","country, bluegrass, banjo",chirp-v5,country
country,country rock,"country rock, melancholic atmosphere, featuring banjo and mandolin over a rolling bluegrass groove","country, outlaw, Americana",chirp-v5,country
country,bluegrass,"bluegrass country, melancholic atmosphere, featuring banjo and mandolin over a rolling bluegrass groove","country, pedal steel, acoustic",chirp-v5,country
country,Americana,"Americana country, melancholic atmosphere, featuring banjo and mandolin over a rolling bluegrass groove","country, honky-tonk, classic",chirp-v5,country
country,alt-country,"alt-country, melancholic atmosphere, featuring banjo and mandolin over a rolling bluegrass groove","country, guitar, fiddle",chirp-v5,country
country,honky-tonk,"honky-tonk country, melancholic atmosphere, featuring banjo and mandolin over a rolling bluegrass groove","country, bluegrass, banjo",chirp-v5,country
country,red dirt country,"red dirt country, melancholic atmosphere, featuring banjo and mandolin over a rolling bluegrass groove","country, outlaw, Americana",chirp-v5,country
country,folk country,"folk country, melancholic atmosphere, featuring banjo and mandolin over a rolling bluegrass groove","country, pedal steel, acoustic",chirp-v5,country
country,country pop,"country pop, melancholic atmosphere, featuring banjo and mandolin over a rolling bluegrass groove","country, honky-tonk, classic",chirp-v5,country
country,classic country,"classic country, earthy atmosphere, featuring banjo and mandolin over a rolling bluegrass groove","country, guitar, fiddle",chirp-v5,country
country,outlaw country,"outlaw country, earthy atmosphere, featuring banjo and mandolin over a rolling bluegrass groove","country, bluegrass, banjo",chirp-v5,country
country,country rock,"country rock, earthy atmosphere, featuring banjo and mandolin over a rolling bluegrass groove","country, outlaw, Americana",chirp-v5,country
country,bluegrass,"bluegrass country, earthy atmosphere, featuring banjo and mandolin over a rolling bluegrass groove","country, pedal steel, acoustic",chirp-v5,country
country,Americana,"Americana country, earthy atmosphere, featuring banjo and mandolin over a rolling bluegrass groove","country, honky-tonk, classic",chirp-v5,country
country,alt-country,"alt-country, earthy atmosphere, featuring banjo and mandolin over a rolling bluegrass groove","country, guitar, fiddle",chirp-v5,country
country,honky-tonk,"honky-tonk country, earthy atmosphere, featuring banjo and mandolin over a rolling bluegrass groove","country, bluegrass, banjo",chirp-v5,country
country,red dirt country,"red dirt country, earthy atmosphere, featuring banjo and mandolin over a rolling bluegrass groove","country, outlaw, Americana",chirp-v5,country
country,folk country,"folk country, earthy atmosphere, featuring banjo and mandolin over a rolling bluegrass groove","country, pedal steel, acoustic",chirp-v5,country
country,country pop,"country pop, earthy atmosphere, featuring banjo and mandolin over a rolling bluegrass groove","country, honky-tonk, classic",chirp-v5,country
country,classic country,"classic country, sentimental atmosphere, featuring banjo and mandolin over a rolling bluegrass groove","country, guitar, fiddle",chirp-v5,country
country,outlaw country,"outlaw country, sentimental atmosphere, featuring banjo and mandolin over a rolling bluegrass groove","country, bluegrass, banjo",chirp-v5,country
country,country rock,"country rock, sentimental atmosphere, featuring banjo and mandolin over a rolling bluegrass groove","country, outlaw, Americana",chirp-v5,country
country,bluegrass,"bluegrass country, sentimental atmosphere, featuring banjo and mandolin over a rolling bluegrass groove","country, pedal steel, acoustic",chirp-v5,country
country,Americana,"Americana country, sentimental atmosphere, featuring banjo and mandolin over a rolling bluegrass groove","country, honky-tonk, classic",chirp-v5,country
country,alt-country,"alt-country, sentimental atmosphere, featuring banjo and mandolin over a rolling bluegrass groove","country, guitar, fiddle",chirp-v5,country
country,honky-tonk,"honky-tonk country, sentimental atmosphere, featuring banjo and mandolin over a rolling bluegrass groove","country, bluegrass, banjo",chirp-v5,country
country,red dirt country,"red dirt country, sentimental atmosphere, featuring banjo and mandolin over a rolling bluegrass groove","country, outlaw, Americana",chirp-v5,country
country,folk country,"folk country, sentimental atmosphere, featuring banjo and mandolin over a rolling bluegrass groove","country, pedal steel, acoustic",chirp-v5,country
country,country pop,"country pop, sentimental atmosphere, featuring banjo and mandolin over a rolling bluegrass groove","country, honky-tonk, classic",chirp-v5,country
country,classic country,"classic country, defiant atmosphere, featuring banjo and mandolin over a rolling bluegrass groove","country, guitar, fiddle",chirp-v5,country
country,outlaw country,"outlaw country, defiant atmosphere, featuring banjo and mandolin over a rolling bluegrass groove","country, bluegrass, banjo",chirp-v5,country
country,country rock,"country rock, defiant atmosphere, featuring banjo and mandolin over a rolling bluegrass groove","country, outlaw, Americana",chirp-v5,country
country,bluegrass,"bluegrass country, defiant atmosphere, featuring banjo and mandolin over a rolling bluegrass groove","country, pedal steel, acoustic",chirp-v5,country
country,Americana,"Americana country, defiant atmosphere, featuring banjo and mandolin over a rolling bluegrass groove","country, honky-tonk, classic",chirp-v5,country
country,alt-country,"alt-country, defiant atmosphere, featuring banjo and mandolin over a rolling bluegrass groove","country, guitar, fiddle",chirp-v5,country
country,honky-tonk,"honky-tonk country, defiant atmosphere, featuring banjo and mandolin over a rolling bluegrass groove","country, bluegrass, banjo",chirp-v5,country
country,red dirt country,"red dirt country, defiant atmosphere, featuring banjo and mandolin over a rolling bluegrass groove","country, outlaw, Americana",chirp-v5,country
country,folk country,"folk country, defiant atmosphere, featuring banjo and mandolin over a rolling bluegrass groove","country, pedal steel, acoustic",chirp-v5,country
country,country pop,"country pop, defiant atmosphere, featuring banjo and mandolin over a rolling bluegrass groove","country, honky-tonk, classic",chirp-v5,country
country,classic country,"classic country, nostalgic atmosphere, featuring storytelling vocals with lap steel and fingerpicked guitar","country, guitar, fiddle",chirp-v5,country
country,outlaw country,"outlaw country, nostalgic atmosphere, featuring storytelling vocals with lap steel and fingerpicked guitar","country, bluegrass, banjo",chirp-v5,country
country,country rock,"country rock, nostalgic atmosphere, featuring storytelling vocals with lap steel and fingerpicked guitar","country, outlaw, Americana",chirp-v5,country
country,bluegrass,"bluegrass country, nostalgic atmosphere, featuring storytelling vocals with lap steel and fingerpicked guitar","country, pedal steel, acoustic",chirp-v5,country
country,Americana,"Americana country, nostalgic atmosphere, featuring storytelling vocals with lap steel and fingerpicked guitar","country, honky-tonk, classic",chirp-v5,country
country,alt-country,"alt-country, nostalgic atmosphere, featuring storytelling vocals with lap steel and fingerpicked guitar","country, guitar, fiddle",chirp-v5,country
country,honky-tonk,"honky-tonk country, nostalgic atmosphere, featuring storytelling vocals with lap steel and fingerpicked guitar","country, bluegrass, banjo",chirp-v5,country
country,red dirt country,"red dirt country, nostalgic atmosphere, featuring storytelling vocals with lap steel and fingerpicked guitar","country, outlaw, Americana",chirp-v5,country
country,folk country,"folk country, nostalgic atmosphere, featuring storytelling vocals with lap steel and fingerpicked guitar","country, pedal steel, acoustic",chirp-v5,country
country,country pop,"country pop, nostalgic atmosphere, featuring storytelling vocals with lap steel and fingerpicked guitar","country, honky-tonk, classic",chirp-v5,country
country,classic country,"classic country, heartfelt atmosphere, featuring storytelling vocals with lap steel and fingerpicked guitar","country, guitar, fiddle",chirp-v5,country
country,outlaw country,"outlaw country, heartfelt atmosphere, featuring storytelling vocals with lap steel and fingerpicked guitar","country, bluegrass, banjo",chirp-v5,country
country,country rock,"country rock, heartfelt atmosphere, featuring storytelling vocals with lap steel and fingerpicked guitar","country, outlaw, Americana",chirp-v5,country
country,bluegrass,"bluegrass country, heartfelt atmosphere, featuring storytelling vocals with lap steel and fingerpicked guitar","country, pedal steel, acoustic",chirp-v5,country
country,Americana,"Americana country, heartfelt atmosphere, featuring storytelling vocals with lap steel and fingerpicked guitar","country, honky-tonk, classic",chirp-v5,country
country,alt-country,"alt-country, heartfelt atmosphere, featuring storytelling vocals with lap steel and fingerpicked guitar","country, guitar, fiddle",chirp-v5,country
country,honky-tonk,"honky-tonk country, heartfelt atmosphere, featuring storytelling vocals with lap steel and fingerpicked guitar","country, bluegrass, banjo",chirp-v5,country
country,red dirt country,"red dirt country, heartfelt atmosphere, featuring storytelling vocals with lap steel and fingerpicked guitar","country, outlaw, Americana",chirp-v5,country
country,folk country,"folk country, heartfelt atmosphere, featuring storytelling vocals with lap steel and fingerpicked guitar","country, pedal steel, acoustic",chirp-v5,country
country,country pop,"country pop, heartfelt atmosphere, featuring storytelling vocals with lap steel and fingerpicked guitar","country, honky-tonk, classic",chirp-v5,country
country,classic country,"classic country, bittersweet atmosphere, featuring storytelling vocals with lap steel and fingerpicked guitar","country, guitar, fiddle",chirp-v5,country
country,outlaw country,"outlaw country, bittersweet atmosphere, featuring storytelling vocals with lap steel and fingerpicked guitar","country, bluegrass, banjo",chirp-v5,country
country,country rock,"country rock, bittersweet atmosphere, featuring storytelling vocals with lap steel and fingerpicked guitar","country, outlaw, Americana",chirp-v5,country
country,bluegrass,"bluegrass country, bittersweet atmosphere, featuring storytelling vocals with lap steel and fingerpicked guitar","country, pedal steel, acoustic",chirp-v5,country
country,Americana,"Americana country, bittersweet atmosphere, featuring storytelling vocals with lap steel and fingerpicked guitar","country, honky-tonk, classic",chirp-v5,country
country,alt-country,"alt-country, bittersweet atmosphere, featuring storytelling vocals with lap steel and fingerpicked guitar","country, guitar, fiddle",chirp-v5,country
country,honky-tonk,"honky-tonk country, bittersweet atmosphere, featuring storytelling vocals with lap steel and fingerpicked guitar","country, bluegrass, banjo",chirp-v5,country
country,red dirt country,"red dirt country, bittersweet atmosphere, featuring storytelling vocals with lap steel and fingerpicked guitar","country, outlaw, Americana",chirp-v5,country
country,folk country,"folk country, bittersweet atmosphere, featuring storytelling vocals with lap steel and fingerpicked guitar","country, pedal steel, acoustic",chirp-v5,country
country,country pop,"country pop, bittersweet atmosphere, featuring storytelling vocals with lap steel and fingerpicked guitar","country, honky-tonk, classic",chirp-v5,country
country,classic country,"classic country, joyful atmosphere, featuring storytelling vocals with lap steel and fingerpicked guitar","country, guitar, fiddle",chirp-v5,country
country,outlaw country,"outlaw country, joyful atmosphere, featuring storytelling vocals with lap steel and fingerpicked guitar","country, bluegrass, banjo",chirp-v5,country
country,country rock,"country rock, joyful atmosphere, featuring storytelling vocals with lap steel and fingerpicked guitar","country, outlaw, Americana",chirp-v5,country
country,bluegrass,"bluegrass country, joyful atmosphere, featuring storytelling vocals with lap steel and fingerpicked guitar","country, pedal steel, acoustic",chirp-v5,country
country,Americana,"Americana country, joyful atmosphere, featuring storytelling vocals with lap steel and fingerpicked guitar","country, honky-tonk, classic",chirp-v5,country
country,alt-country,"alt-country, joyful atmosphere, featuring storytelling vocals with lap steel and fingerpicked guitar","country, guitar, fiddle",chirp-v5,country
country,honky-tonk,"honky-tonk country, joyful atmosphere, featuring storytelling vocals with lap steel and fingerpicked guitar","country, bluegrass, banjo",chirp-v5,country
country,red dirt country,"red dirt country, joyful atmosphere, featuring storytelling vocals with lap steel and fingerpicked guitar","country, outlaw, Americana",chirp-v5,country
country,folk country,"folk country, joyful atmosphere, featuring storytelling vocals with lap steel and fingerpicked guitar","country, pedal steel, acoustic",chirp-v5,country
country,country pop,"country pop, joyful atmosphere, featuring storytelling vocals with lap steel and fingerpicked guitar","country, honky-tonk, classic",chirp-v5,country
country,classic country,"classic country, lonesome atmosphere, featuring storytelling vocals with lap steel and fingerpicked guitar","country, guitar, fiddle",chirp-v5,country
country,outlaw country,"outlaw country, lonesome atmosphere, featuring storytelling vocals with lap steel and fingerpicked guitar","country, bluegrass, banjo",chirp-v5,country
country,country rock,"country rock, lonesome atmosphere, featuring storytelling vocals with lap steel and fingerpicked guitar","country, outlaw, Americana",chirp-v5,country
country,bluegrass,"bluegrass country, lonesome atmosphere, featuring storytelling vocals with lap steel and fingerpicked guitar","country, pedal steel, acoustic",chirp-v5,country
country,Americana,"Americana country, lonesome atmosphere, featuring storytelling vocals with lap steel and fingerpicked guitar","country, honky-tonk, classic",chirp-v5,country
country,alt-country,"alt-country, lonesome atmosphere, featuring storytelling vocals with lap steel and fingerpicked guitar","country, guitar, fiddle",chirp-v5,country
country,honky-tonk,"honky-tonk country, lonesome atmosphere, featuring storytelling vocals with lap steel and fingerpicked guitar","country, bluegrass, banjo",chirp-v5,country
country,red dirt country,"red dirt country, lonesome atmosphere, featuring storytelling vocals with lap steel and fingerpicked guitar","country, outlaw, Americana",chirp-v5,country
country,folk country,"folk country, lonesome atmosphere, featuring storytelling vocals with lap steel and fingerpicked guitar","country, pedal steel, acoustic",chirp-v5,country
country,country pop,"country pop, lonesome atmosphere, featuring storytelling vocals with lap steel and fingerpicked guitar","country, honky-tonk, classic",chirp-v5,country
country,classic country,"classic country, celebratory atmosphere, featuring storytelling vocals with lap steel and fingerpicked guitar","country, guitar, fiddle",chirp-v5,country
country,outlaw country,"outlaw country, celebratory atmosphere, featuring storytelling vocals with lap steel and fingerpicked guitar","country, bluegrass, banjo",chirp-v5,country
country,country rock,"country rock, celebratory atmosphere, featuring storytelling vocals with lap steel and fingerpicked guitar","country, outlaw, Americana",chirp-v5,country
country,bluegrass,"bluegrass country, celebratory atmosphere, featuring storytelling vocals with lap steel and fingerpicked guitar","country, pedal steel, acoustic",chirp-v5,country
country,Americana,"Americana country, celebratory atmosphere, featuring storytelling vocals with lap steel and fingerpicked guitar","country, honky-tonk, classic",chirp-v5,country
country,alt-country,"alt-country, celebratory atmosphere, featuring storytelling vocals with lap steel and fingerpicked guitar","country, guitar, fiddle",chirp-v5,country
country,honky-tonk,"honky-tonk country, celebratory atmosphere, featuring storytelling vocals with lap steel and fingerpicked guitar","country, bluegrass, banjo",chirp-v5,country
country,red dirt country,"red dirt country, celebratory atmosphere, featuring storytelling vocals with lap steel and fingerpicked guitar","country, outlaw, Americana",chirp-v5,country
country,folk country,"folk country, celebratory atmosphere, featuring storytelling vocals with lap steel and fingerpicked guitar","country, pedal steel, acoustic",chirp-v5,country
country,country pop,"country pop, celebratory atmosphere, featuring storytelling vocals with lap steel and fingerpicked guitar","country, honky-tonk, classic",chirp-v5,country
country,classic country,"classic country, melancholic atmosphere, featuring storytelling vocals with lap steel and fingerpicked guitar","country, guitar, fiddle",chirp-v5,country
country,outlaw country,"outlaw country, melancholic atmosphere, featuring storytelling vocals with lap steel and fingerpicked guitar","country, bluegrass, banjo",chirp-v5,country
country,country rock,"country rock, melancholic atmosphere, featuring storytelling vocals with lap steel and fingerpicked guitar","country, outlaw, Americana",chirp-v5,country
country,bluegrass,"bluegrass country, melancholic atmosphere, featuring storytelling vocals with lap steel and fingerpicked guitar","country, pedal steel, acoustic",chirp-v5,country
country,Americana,"Americana country, melancholic atmosphere, featuring storytelling vocals with lap steel and fingerpicked guitar","country, honky-tonk, classic",chirp-v5,country
country,alt-country,"alt-country, melancholic atmosphere, featuring storytelling vocals with lap steel and fingerpicked guitar","country, guitar, fiddle",chirp-v5,country
country,honky-tonk,"honky-tonk country, melancholic atmosphere, featuring storytelling vocals with lap steel and fingerpicked guitar","country, bluegrass, banjo",chirp-v5,country
country,red dirt country,"red dirt country, melancholic atmosphere, featuring storytelling vocals with lap steel and fingerpicked guitar","country, outlaw, Americana",chirp-v5,country
country,folk country,"folk country, melancholic atmosphere, featuring storytelling vocals with lap steel and fingerpicked guitar","country, pedal steel, acoustic",chirp-v5,country
country,country pop,"country pop, melancholic atmosphere, featuring storytelling vocals with lap steel and fingerpicked guitar","country, honky-tonk, classic",chirp-v5,country
country,classic country,"classic country, earthy atmosphere, featuring storytelling vocals with lap steel and fingerpicked guitar","country, guitar, fiddle",chirp-v5,country
country,outlaw country,"outlaw country, earthy atmosphere, featuring storytelling vocals with lap steel and fingerpicked guitar","country, bluegrass, banjo",chirp-v5,country
country,country rock,"country rock, earthy atmosphere, featuring storytelling vocals with lap steel and fingerpicked guitar","country, outlaw, Americana",chirp-v5,country
country,bluegrass,"bluegrass country, earthy atmosphere, featuring storytelling vocals with lap steel and fingerpicked guitar","country, pedal steel, acoustic",chirp-v5,country
country,Americana,"Americana country, earthy atmosphere, featuring storytelling vocals with lap steel and fingerpicked guitar","country, honky-tonk, classic",chirp-v5,country
country,alt-country,"alt-country, earthy atmosphere, featuring storytelling vocals with lap steel and fingerpicked guitar","country, guitar, fiddle",chirp-v5,country
country,honky-tonk,"honky-tonk country, earthy atmosphere, featuring storytelling vocals with lap steel and fingerpicked guitar","country, bluegrass, banjo",chirp-v5,country
country,red dirt country,"red dirt country, earthy atmosphere, featuring storytelling vocals with lap steel and fingerpicked guitar","country, outlaw, Americana",chirp-v5,country
country,folk country,"folk country, earthy atmosphere, featuring storytelling vocals with lap steel and fingerpicked guitar","country, pedal steel, acoustic",chirp-v5,country
country,country pop,"country pop, earthy atmosphere, featuring storytelling vocals with lap steel and fingerpicked guitar","country, honky-tonk, classic",chirp-v5,country
country,classic country,"classic country, sentimental atmosphere, featuring storytelling vocals with lap steel and fingerpicked guitar","country, guitar, fiddle",chirp-v5,country
country,outlaw country,"outlaw country, sentimental atmosphere, featuring storytelling vocals with lap steel and fingerpicked guitar","country, bluegrass, banjo",chirp-v5,country
country,country rock,"country rock, sentimental atmosphere, featuring storytelling vocals with lap steel and fingerpicked guitar","country, outlaw, Americana",chirp-v5,country
country,bluegrass,"bluegrass country, sentimental atmosphere, featuring storytelling vocals with lap steel and fingerpicked guitar","country, pedal steel, acoustic",chirp-v5,country
country,Americana,"Americana country, sentimental atmosphere, featuring storytelling vocals with lap steel and fingerpicked guitar","country, honky-tonk, classic",chirp-v5,country
country,alt-country,"alt-country, sentimental atmosphere, featuring storytelling vocals with lap steel and fingerpicked guitar","country, guitar, fiddle",chirp-v5,country
country,honky-tonk,"honky-tonk country, sentimental atmosphere, featuring storytelling vocals with lap steel and fingerpicked guitar","country, bluegrass, banjo",chirp-v5,country
country,red dirt country,"red dirt country, sentimental atmosphere, featuring storytelling vocals with lap steel and fingerpicked guitar","country, outlaw, Americana",chirp-v5,country
country,folk country,"folk country, sentimental atmosphere, featuring storytelling vocals with lap steel and fingerpicked guitar","country, pedal steel, acoustic",chirp-v5,country
country,country pop,"country pop, sentimental atmosphere, featuring storytelling vocals with lap steel and fingerpicked guitar","country, honky-tonk, classic",chirp-v5,country
country,classic country,"classic country, defiant atmosphere, featuring storytelling vocals with lap steel and fingerpicked guitar","country, guitar, fiddle",chirp-v5,country
country,outlaw country,"outlaw country, defiant atmosphere, featuring storytelling vocals with lap steel and fingerpicked guitar","country, bluegrass, banjo",chirp-v5,country
country,country rock,"country rock, defiant atmosphere, featuring storytelling vocals with lap steel and fingerpicked guitar","country, outlaw, Americana",chirp-v5,country
country,bluegrass,"bluegrass country, defiant atmosphere, featuring storytelling vocals with lap steel and fingerpicked guitar","country, pedal steel, acoustic",chirp-v5,country
country,Americana,"Americana country, defiant atmosphere, featuring storytelling vocals with lap steel and fingerpicked guitar","country, honky-tonk, classic",chirp-v5,country
country,alt-country,"alt-country, defiant atmosphere, featuring storytelling vocals with lap steel and fingerpicked guitar","country, guitar, fiddle",chirp-v5,country
country,honky-tonk,"honky-tonk country, defiant atmosphere, featuring storytelling vocals with lap steel and fingerpicked guitar","country, bluegrass, banjo",chirp-v5,country
country,red dirt country,"red dirt country, defiant atmosphere, featuring storytelling vocals with lap steel and fingerpicked guitar","country, outlaw, Americana",chirp-v5,country
country,folk country,"folk country, defiant atmosphere, featuring storytelling vocals with lap steel and fingerpicked guitar","country, pedal steel, acoustic",chirp-v5,country
country,country pop,"country pop, defiant atmosphere, featuring storytelling vocals with lap steel and fingerpicked guitar","country, honky-tonk, classic",chirp-v5,country
country,classic country,"classic country, nostalgic atmosphere, featuring dobro and rhythm guitar with brushed drums","country, guitar, fiddle",chirp-v5,country
country,outlaw country,"outlaw country, nostalgic atmosphere, featuring dobro and rhythm guitar with brushed drums","country, bluegrass, banjo",chirp-v5,country
country,country rock,"country rock, nostalgic atmosphere, featuring dobro and rhythm guitar with brushed drums","country, outlaw, Americana",chirp-v5,country
country,bluegrass,"bluegrass country, nostalgic atmosphere, featuring dobro and rhythm guitar with brushed drums","country, pedal steel, acoustic",chirp-v5,country
country,Americana,"Americana country, nostalgic atmosphere, featuring dobro and rhythm guitar with brushed drums","country, honky-tonk, classic",chirp-v5,country
country,alt-country,"alt-country, nostalgic atmosphere, featuring dobro and rhythm guitar with brushed drums","country, guitar, fiddle",chirp-v5,country
country,honky-tonk,"honky-tonk country, nostalgic atmosphere, featuring dobro and rhythm guitar with brushed drums","country, bluegrass, banjo",chirp-v5,country
country,red dirt country,"red dirt country, nostalgic atmosphere, featuring dobro and rhythm guitar with brushed drums","country, outlaw, Americana",chirp-v5,country
country,folk country,"folk country, nostalgic atmosphere, featuring dobro and rhythm guitar with brushed drums","country, pedal steel, acoustic",chirp-v5,country
country,country pop,"country pop, nostalgic atmosphere, featuring dobro and rhythm guitar with brushed drums","country, honky-tonk, classic",chirp-v5,country
country,classic country,"classic country, heartfelt atmosphere, featuring dobro and rhythm guitar with brushed drums","country, guitar, fiddle",chirp-v5,country
country,outlaw country,"outlaw country, heartfelt atmosphere, featuring dobro and rhythm guitar with brushed drums","country, bluegrass, banjo",chirp-v5,country
country,country rock,"country rock, heartfelt atmosphere, featuring dobro and rhythm guitar with brushed drums","country, outlaw, Americana",chirp-v5,country
country,bluegrass,"bluegrass country, heartfelt atmosphere, featuring dobro and rhythm guitar with brushed drums","country, pedal steel, acoustic",chirp-v5,country
country,Americana,"Americana country, heartfelt atmosphere, featuring dobro and rhythm guitar with brushed drums","country, honky-tonk, classic",chirp-v5,country
country,alt-country,"alt-country, heartfelt atmosphere, featuring dobro and rhythm guitar with brushed drums","country, guitar, fiddle",chirp-v5,country
country,honky-tonk,"honky-tonk country, heartfelt atmosphere, featuring dobro and rhythm guitar with brushed drums","country, bluegrass, banjo",chirp-v5,country
country,red dirt country,"red dirt country, heartfelt atmosphere, featuring dobro and rhythm guitar with brushed drums","country, outlaw, Americana",chirp-v5,country
country,folk country,"folk country, heartfelt atmosphere, featuring dobro and rhythm guitar with brushed drums","country, pedal steel, acoustic",chirp-v5,country
country,country pop,"country pop, heartfelt atmosphere, featuring dobro and rhythm guitar with brushed drums","country, honky-tonk, classic",chirp-v5,country
country,classic country,"classic country, bittersweet atmosphere, featuring dobro and rhythm guitar with brushed drums","country, guitar, fiddle",chirp-v5,country
country,outlaw country,"outlaw country, bittersweet atmosphere, featuring dobro and rhythm guitar with brushed drums","country, bluegrass, banjo",chirp-v5,country
country,country rock,"country rock, bittersweet atmosphere, featuring dobro and rhythm guitar with brushed drums","country, outlaw, Americana",chirp-v5,country
country,bluegrass,"bluegrass country, bittersweet atmosphere, featuring dobro and rhythm guitar with brushed drums","country, pedal steel, acoustic",chirp-v5,country
country,Americana,"Americana country, bittersweet atmosphere, featuring dobro and rhythm guitar with brushed drums","country, honky-tonk, classic",chirp-v5,country
country,alt-country,"alt-country, bittersweet atmosphere, featuring dobro and rhythm guitar with brushed drums","country, guitar, fiddle",chirp-v5,country
country,honky-tonk,"honky-tonk country, bittersweet atmosphere, featuring dobro and rhythm guitar with brushed drums","country, bluegrass, banjo",chirp-v5,country
country,red dirt country,"red dirt country, bittersweet atmosphere, featuring dobro and rhythm guitar with brushed drums","country, outlaw, Americana",chirp-v5,country
country,folk country,"folk country, bittersweet atmosphere, featuring dobro and rhythm guitar with brushed drums","country, pedal steel, acoustic",chirp-v5,country
country,country pop,"country pop, bittersweet atmosphere, featuring dobro and rhythm guitar with brushed drums","country, honky-tonk, classic",chirp-v5,country
country,classic country,"classic country, joyful atmosphere, featuring dobro and rhythm guitar with brushed drums","country, guitar, fiddle",chirp-v5,country
country,outlaw country,"outlaw country, joyful atmosphere, featuring dobro and rhythm guitar with brushed drums","country, bluegrass, banjo",chirp-v5,country
country,country rock,"country rock, joyful atmosphere, featuring dobro and rhythm guitar with brushed drums","country, outlaw, Americana",chirp-v5,country
country,bluegrass,"bluegrass country, joyful atmosphere, featuring dobro and rhythm guitar with brushed drums","country, pedal steel, acoustic",chirp-v5,country
country,Americana,"Americana country, joyful atmosphere, featuring dobro and rhythm guitar with brushed drums","country, honky-tonk, classic",chirp-v5,country
country,alt-country,"alt-country, joyful atmosphere, featuring dobro and rhythm guitar with brushed drums","country, guitar, fiddle",chirp-v5,country
country,honky-tonk,"honky-tonk country, joyful atmosphere, featuring dobro and rhythm guitar with brushed drums","country, bluegrass, banjo",chirp-v5,country
country,red dirt country,"red dirt country, joyful atmosphere, featuring dobro and rhythm guitar with brushed drums","country, outlaw, Americana",chirp-v5,country
country,folk country,"folk country, joyful atmosphere, featuring dobro and rhythm guitar with brushed drums","country, pedal steel, acoustic",chirp-v5,country
country,country pop,"country pop, joyful atmosphere, featuring dobro and rhythm guitar with brushed drums","country, honky-tonk, classic",chirp-v5,country
country,classic country,"classic country, lonesome atmosphere, featuring dobro and rhythm guitar with brushed drums","country, guitar, fiddle",chirp-v5,country
country,outlaw country,"outlaw country, lonesome atmosphere, featuring dobro and rhythm guitar with brushed drums","country, bluegrass, banjo",chirp-v5,country
country,country rock,"country rock, lonesome atmosphere, featuring dobro and rhythm guitar with brushed drums","country, outlaw, Americana",chirp-v5,country
country,bluegrass,"bluegrass country, lonesome atmosphere, featuring dobro and rhythm guitar with brushed drums","country, pedal steel, acoustic",chirp-v5,country
country,Americana,"Americana country, lonesome atmosphere, featuring dobro and rhythm guitar with brushed drums","country, honky-tonk, classic",chirp-v5,country
country,alt-country,"alt-country, lonesome atmosphere, featuring dobro and rhythm guitar with brushed drums","country, guitar, fiddle",chirp-v5,country
country,honky-tonk,"honky-tonk country, lonesome atmosphere, featuring dobro and rhythm guitar with brushed drums","country, bluegrass, banjo",chirp-v5,country
country,red dirt country,"red dirt country, lonesome atmosphere, featuring dobro and rhythm guitar with brushed drums","country, outlaw, Americana",chirp-v5,country
country,folk country,"folk country, lonesome atmosphere, featuring dobro and rhythm guitar with brushed drums","country, pedal steel, acoustic",chirp-v5,country
country,country pop,"country pop, lonesome atmosphere, featuring dobro and rhythm guitar with brushed drums","country, honky-tonk, classic",chirp-v5,country
country,classic country,"classic country, celebratory atmosphere, featuring dobro and rhythm guitar with brushed drums","country, guitar, fiddle",chirp-v5,country
country,outlaw country,"outlaw country, celebratory atmosphere, featuring dobro and rhythm guitar with brushed drums","country, bluegrass, banjo",chirp-v5,country
country,country rock,"country rock, celebratory atmosphere, featuring dobro and rhythm guitar with brushed drums","country, outlaw, Americana",chirp-v5,country
country,bluegrass,"bluegrass country, celebratory atmosphere, featuring dobro and rhythm guitar with brushed drums","country, pedal steel, acoustic",chirp-v5,country
country,Americana,"Americana country, celebratory atmosphere, featuring dobro and rhythm guitar with brushed drums","country, honky-tonk, classic",chirp-v5,country
country,alt-country,"alt-country, celebratory atmosphere, featuring dobro and rhythm guitar with brushed drums","country, guitar, fiddle",chirp-v5,country
country,honky-tonk,"honky-tonk country, celebratory atmosphere, featuring dobro and rhythm guitar with brushed drums","country, bluegrass, banjo",chirp-v5,country
country,red dirt country,"red dirt country, celebratory atmosphere, featuring dobro and rhythm guitar with brushed drums","country, outlaw, Americana",chirp-v5,country
country,folk country,"folk country, celebratory atmosphere, featuring dobro and rhythm guitar with brushed drums","country, pedal steel, acoustic",chirp-v5,country
country,country pop,"country pop, celebratory atmosphere, featuring dobro and rhythm guitar with brushed drums","country, honky-tonk, classic",chirp-v5,country
country,classic country,"classic country, melancholic atmosphere, featuring dobro and rhythm guitar with brushed drums","country, guitar, fiddle",chirp-v5,country
country,outlaw country,"outlaw country, melancholic atmosphere, featuring dobro and rhythm guitar with brushed drums","country, bluegrass, banjo",chirp-v5,country
country,country rock,"country rock, melancholic atmosphere, featuring dobro and rhythm guitar with brushed drums","country, outlaw, Americana",chirp-v5,country
country,bluegrass,"bluegrass country, melancholic atmosphere, featuring dobro and rhythm guitar with brushed drums","country, pedal steel, acoustic",chirp-v5,country
country,Americana,"Americana country, melancholic atmosphere, featuring dobro and rhythm guitar with brushed drums","country, honky-tonk, classic",chirp-v5,country
country,alt-country,"alt-country, melancholic atmosphere, featuring dobro and rhythm guitar with brushed drums","country, guitar, fiddle",chirp-v5,country
country,honky-tonk,"honky-tonk country, melancholic atmosphere, featuring dobro and rhythm guitar with brushed drums","country, bluegrass, banjo",chirp-v5,country
country,red dirt country,"red dirt country, melancholic atmosphere, featuring dobro and rhythm guitar with brushed drums","country, outlaw, Americana",chirp-v5,country
country,folk country,"folk country, melancholic atmosphere, featuring dobro and rhythm guitar with brushed drums","country, pedal steel, acoustic",chirp-v5,country
country,country pop,"country pop, melancholic atmosphere, featuring dobro and rhythm guitar with brushed drums","country, honky-tonk, classic",chirp-v5,country
country,classic country,"classic country, earthy atmosphere, featuring dobro and rhythm guitar with brushed drums","country, guitar, fiddle",chirp-v5,country
country,outlaw country,"outlaw country, earthy atmosphere, featuring dobro and rhythm guitar with brushed drums","country, bluegrass, banjo",chirp-v5,country
country,country rock,"country rock, earthy atmosphere, featuring dobro and rhythm guitar with brushed drums","country, outlaw, Americana",chirp-v5,country
country,bluegrass,"bluegrass country, earthy atmosphere, featuring dobro and rhythm guitar with brushed drums","country, pedal steel, acoustic",chirp-v5,country
country,Americana,"Americana country, earthy atmosphere, featuring dobro and rhythm guitar with brushed drums","country, honky-tonk, classic",chirp-v5,country
country,alt-country,"alt-country, earthy atmosphere, featuring dobro and rhythm guitar with brushed drums","country, guitar, fiddle",chirp-v5,country
country,honky-tonk,"honky-tonk country, earthy atmosphere, featuring dobro and rhythm guitar with brushed drums","country, bluegrass, banjo",chirp-v5,country
country,red dirt country,"red dirt country, earthy atmosphere, featuring dobro and rhythm guitar with brushed drums","country, outlaw, Americana",chirp-v5,country
country,folk country,"folk country, earthy atmosphere, featuring dobro and rhythm guitar with brushed drums","country, pedal steel, acoustic",chirp-v5,country
country,country pop,"country pop, earthy atmosphere, featuring dobro and rhythm guitar with brushed drums","country, honky-tonk, classic",chirp-v5,country
country,classic country,"classic country, sentimental atmosphere, featuring dobro and rhythm guitar with brushed drums","country, guitar, fiddle",chirp-v5,country
country,outlaw country,"outlaw country, sentimental atmosphere, featuring dobro and rhythm guitar with brushed drums","country, bluegrass, banjo",chirp-v5,country
country,country rock,"country rock, sentimental atmosphere, featuring dobro and rhythm guitar with brushed drums","country, outlaw, Americana",chirp-v5,country
country,bluegrass,"bluegrass country, sentimental atmosphere, featuring dobro and rhythm guitar with brushed drums","country, pedal steel, acoustic",chirp-v5,country
country,Americana,"Americana country, sentimental atmosphere, featuring dobro and rhythm guitar with brushed drums","country, honky-tonk, classic",chirp-v5,country
country,alt-country,"alt-country, sentimental atmosphere, featuring dobro and rhythm guitar with brushed drums","country, guitar, fiddle",chirp-v5,country
country,honky-tonk,"honky-tonk country, sentimental atmosphere, featuring dobro and rhythm guitar with brushed drums","country, bluegrass, banjo",chirp-v5,country
country,red dirt country,"red dirt country, sentimental atmosphere, featuring dobro and rhythm guitar with brushed drums","country, outlaw, Americana",chirp-v5,country
country,folk country,"folk country, sentimental atmosphere, featuring dobro and rhythm guitar with brushed drums","country, pedal steel, acoustic",chirp-v5,country
country,country pop,"country pop, sentimental atmosphere, featuring dobro and rhythm guitar with brushed drums","country, honky-tonk, classic",chirp-v5,country
country,classic country,"classic country, defiant atmosphere, featuring dobro and rhythm guitar with brushed drums","country, guitar, fiddle",chirp-v5,country
country,outlaw country,"outlaw country, defiant atmosphere, featuring dobro and rhythm guitar with brushed drums","country, bluegrass, banjo",chirp-v5,country
country,country rock,"country rock, defiant atmosphere, featuring dobro and rhythm guitar with brushed drums","country, outlaw, Americana",chirp-v5,country
country,bluegrass,"bluegrass country, defiant atmosphere, featuring dobro and rhythm guitar with brushed drums","country, pedal steel, acoustic",chirp-v5,country
country,Americana,"Americana country, defiant atmosphere, featuring dobro and rhythm guitar with brushed drums","country, honky-tonk, classic",chirp-v5,country
country,alt-country,"alt-country, defiant atmosphere, featuring dobro and rhythm guitar with brushed drums","country, guitar, fiddle",chirp-v5,country
country,honky-tonk,"honky-tonk country, defiant atmosphere, featuring dobro and rhythm guitar with brushed drums","country, bluegrass, banjo",chirp-v5,country
country,red dirt country,"red dirt country, defiant atmosphere, featuring dobro and rhythm guitar with brushed drums","country, outlaw, Americana",chirp-v5,country
country,folk country,"folk country, defiant atmosphere, featuring dobro and rhythm guitar with brushed drums","country, pedal steel, acoustic",chirp-v5,country
country,country pop,"country pop, defiant atmosphere, featuring dobro and rhythm guitar with brushed drums","country, honky-tonk, classic",chirp-v5,country
country,classic country,"classic country, nostalgic atmosphere, featuring honky-tonk piano and shuffling snare over walking bass","country, guitar, fiddle",chirp-v5,country
country,outlaw country,"outlaw country, nostalgic atmosphere, featuring honky-tonk piano and shuffling snare over walking bass","country, bluegrass, banjo",chirp-v5,country
country,country rock,"country rock, nostalgic atmosphere, featuring honky-tonk piano and shuffling snare over walking bass","country, outlaw, Americana",chirp-v5,country
country,bluegrass,"bluegrass country, nostalgic atmosphere, featuring honky-tonk piano and shuffling snare over walking bass","country, pedal steel, acoustic",chirp-v5,country
country,Americana,"Americana country, nostalgic atmosphere, featuring honky-tonk piano and shuffling snare over walking bass","country, honky-tonk, classic",chirp-v5,country
country,alt-country,"alt-country, nostalgic atmosphere, featuring honky-tonk piano and shuffling snare over walking bass","country, guitar, fiddle",chirp-v5,country
country,honky-tonk,"honky-tonk country, nostalgic atmosphere, featuring honky-tonk piano and shuffling snare over walking bass","country, bluegrass, banjo",chirp-v5,country
country,red dirt country,"red dirt country, nostalgic atmosphere, featuring honky-tonk piano and shuffling snare over walking bass","country, outlaw, Americana",chirp-v5,country
country,folk country,"folk country, nostalgic atmosphere, featuring honky-tonk piano and shuffling snare over walking bass","country, pedal steel, acoustic",chirp-v5,country
country,country pop,"country pop, nostalgic atmosphere, featuring honky-tonk piano and shuffling snare over walking bass","country, honky-tonk, classic",chirp-v5,country
country,classic country,"classic country, heartfelt atmosphere, featuring honky-tonk piano and shuffling snare over walking bass","country, guitar, fiddle",chirp-v5,country
country,outlaw country,"outlaw country, heartfelt atmosphere, featuring honky-tonk piano and shuffling snare over walking bass","country, bluegrass, banjo",chirp-v5,country
country,country rock,"country rock, heartfelt atmosphere, featuring honky-tonk piano and shuffling snare over walking bass","country, outlaw, Americana",chirp-v5,country
country,bluegrass,"bluegrass country, heartfelt atmosphere, featuring honky-tonk piano and shuffling snare over walking bass","country, pedal steel, acoustic",chirp-v5,country
country,Americana,"Americana country, heartfelt atmosphere, featuring honky-tonk piano and shuffling snare over walking bass","country, honky-tonk, classic",chirp-v5,country
country,alt-country,"alt-country, heartfelt atmosphere, featuring honky-tonk piano and shuffling snare over walking bass","country, guitar, fiddle",chirp-v5,country
country,honky-tonk,"honky-tonk country, heartfelt atmosphere, featuring honky-tonk piano and shuffling snare over walking bass","country, bluegrass, banjo",chirp-v5,country
country,red dirt country,"red dirt country, heartfelt atmosphere, featuring honky-tonk piano and shuffling snare over walking bass","country, outlaw, Americana",chirp-v5,country
country,folk country,"folk country, heartfelt atmosphere, featuring honky-tonk piano and shuffling snare over walking bass","country, pedal steel, acoustic",chirp-v5,country
country,country pop,"country pop, heartfelt atmosphere, featuring honky-tonk piano and shuffling snare over walking bass","country, honky-tonk, classic",chirp-v5,country
country,classic country,"classic country, bittersweet atmosphere, featuring honky-tonk piano and shuffling snare over walking bass","country, guitar, fiddle",chirp-v5,country
country,outlaw country,"outlaw country, bittersweet atmosphere, featuring honky-tonk piano and shuffling snare over walking bass","country, bluegrass, banjo",chirp-v5,country
country,country rock,"country rock, bittersweet atmosphere, featuring honky-tonk piano and shuffling snare over walking bass","country, outlaw, Americana",chirp-v5,country
country,bluegrass,"bluegrass country, bittersweet atmosphere, featuring honky-tonk piano and shuffling snare over walking bass","country, pedal steel, acoustic",chirp-v5,country
country,Americana,"Americana country, bittersweet atmosphere, featuring honky-tonk piano and shuffling snare over walking bass","country, honky-tonk, classic",chirp-v5,country
country,alt-country,"alt-country, bittersweet atmosphere, featuring honky-tonk piano and shuffling snare over walking bass","country, guitar, fiddle",chirp-v5,country
country,honky-tonk,"honky-tonk country, bittersweet atmosphere, featuring honky-tonk piano and shuffling snare over walking bass","country, bluegrass, banjo",chirp-v5,country
country,red dirt country,"red dirt country, bittersweet atmosphere, featuring honky-tonk piano and shuffling snare over walking bass","country, outlaw, Americana",chirp-v5,country
country,folk country,"folk country, bittersweet atmosphere, featuring honky-tonk piano and shuffling snare over walking bass","country, pedal steel, acoustic",chirp-v5,country
country,country pop,"country pop, bittersweet atmosphere, featuring honky-tonk piano and shuffling snare over walking bass","country, honky-tonk, classic",chirp-v5,country
country,classic country,"classic country, joyful atmosphere, featuring honky-tonk piano and shuffling snare over walking bass","country, guitar, fiddle",chirp-v5,country
country,outlaw country,"outlaw country, joyful atmosphere, featuring honky-tonk piano and shuffling snare over walking bass","country, bluegrass, banjo",chirp-v5,country
country,country rock,"country rock, joyful atmosphere, featuring honky-tonk piano and shuffling snare over walking bass","country, outlaw, Americana",chirp-v5,country
country,bluegrass,"bluegrass country, joyful atmosphere, featuring honky-tonk piano and shuffling snare over walking bass","country, pedal steel, acoustic",chirp-v5,country
country,Americana,"Americana country, joyful atmosphere, featuring honky-tonk piano and shuffling snare over walking bass","country, honky-tonk, classic",chirp-v5,country
country,alt-country,"alt-country, joyful atmosphere, featuring honky-tonk piano and shuffling snare over walking bass","country, guitar, fiddle",chirp-v5,country
country,honky-tonk,"honky-tonk country, joyful atmosphere, featuring honky-tonk piano and shuffling snare over walking bass","country, bluegrass, banjo",chirp-v5,country
country,red dirt country,"red dirt country, joyful atmosphere, featuring honky-tonk piano and shuffling snare over walking bass","country, outlaw, Americana",chirp-v5,country
country,folk country,"folk country, joyful atmosphere, featuring honky-tonk piano and shuffling snare over walking bass","country, pedal steel, acoustic",chirp-v5,country
country,country pop,"country pop, joyful atmosphere, featuring honky-tonk piano and shuffling snare over walking bass","country, honky-tonk, classic",chirp-v5,country
country,classic country,"classic country, lonesome atmosphere, featuring honky-tonk piano and shuffling snare over walking bass","country, guitar, fiddle",chirp-v5,country
country,outlaw country,"outlaw country, lonesome atmosphere, featuring honky-tonk piano and shuffling snare over walking bass","country, bluegrass, banjo",chirp-v5,country
country,country rock,"country rock, lonesome atmosphere, featuring honky-tonk piano and shuffling snare over walking bass","country, outlaw, Americana",chirp-v5,country
country,bluegrass,"bluegrass country, lonesome atmosphere, featuring honky-tonk piano and shuffling snare over walking bass","country, pedal steel, acoustic",chirp-v5,country
country,Americana,"Americana country, lonesome atmosphere, featuring honky-tonk piano and shuffling snare over walking bass","country, honky-tonk, classic",chirp-v5,country
country,alt-country,"alt-country, lonesome atmosphere, featuring honky-tonk piano and shuffling snare over walking bass","country, guitar, fiddle",chirp-v5,country
country,honky-tonk,"honky-tonk country, lonesome atmosphere, featuring honky-tonk piano and shuffling snare over walking bass","country, bluegrass, banjo",chirp-v5,country
country,red dirt country,"red dirt country, lonesome atmosphere, featuring honky-tonk piano and shuffling snare over walking bass","country, outlaw, Americana",chirp-v5,country
country,folk country,"folk country, lonesome atmosphere, featuring honky-tonk piano and shuffling snare over walking bass","country, pedal steel, acoustic",chirp-v5,country
country,country pop,"country pop, lonesome atmosphere, featuring honky-tonk piano and shuffling snare over walking bass","country, honky-tonk, classic",chirp-v5,country
country,classic country,"classic country, celebratory atmosphere, featuring honky-tonk piano and shuffling snare over walking bass","country, guitar, fiddle",chirp-v5,country
country,outlaw country,"outlaw country, celebratory atmosphere, featuring honky-tonk piano and shuffling snare over walking bass","country, bluegrass, banjo",chirp-v5,country
country,country rock,"country rock, celebratory atmosphere, featuring honky-tonk piano and shuffling snare over walking bass","country, outlaw, Americana",chirp-v5,country
country,bluegrass,"bluegrass country, celebratory atmosphere, featuring honky-tonk piano and shuffling snare over walking bass","country, pedal steel, acoustic",chirp-v5,country
country,Americana,"Americana country, celebratory atmosphere, featuring honky-tonk piano and shuffling snare over walking bass","country, honky-tonk, classic",chirp-v5,country
country,alt-country,"alt-country, celebratory atmosphere, featuring honky-tonk piano and shuffling snare over walking bass","country, guitar, fiddle",chirp-v5,country
country,honky-tonk,"honky-tonk country, celebratory atmosphere, featuring honky-tonk piano and shuffling snare over walking bass","country, bluegrass, banjo",chirp-v5,country
country,red dirt country,"red dirt country, celebratory atmosphere, featuring honky-tonk piano and shuffling snare over walking bass","country, outlaw, Americana",chirp-v5,country
country,folk country,"folk country, celebratory atmosphere, featuring honky-tonk piano and shuffling snare over walking bass","country, pedal steel, acoustic",chirp-v5,country
country,country pop,"country pop, celebratory atmosphere, featuring honky-tonk piano and shuffling snare over walking bass","country, honky-tonk, classic",chirp-v5,country
country,classic country,"classic country, melancholic atmosphere, featuring honky-tonk piano and shuffling snare over walking bass","country, guitar, fiddle",chirp-v5,country
country,outlaw country,"outlaw country, melancholic atmosphere, featuring honky-tonk piano and shuffling snare over walking bass","country, bluegrass, banjo",chirp-v5,country
country,country rock,"country rock, melancholic atmosphere, featuring honky-tonk piano and shuffling snare over walking bass","country, outlaw, Americana",chirp-v5,country
country,bluegrass,"bluegrass country, melancholic atmosphere, featuring honky-tonk piano and shuffling snare over walking bass","country, pedal steel, acoustic",chirp-v5,country
country,Americana,"Americana country, melancholic atmosphere, featuring honky-tonk piano and shuffling snare over walking bass","country, honky-tonk, classic",chirp-v5,country
country,alt-country,"alt-country, melancholic atmosphere, featuring honky-tonk piano and shuffling snare over walking bass","country, guitar, fiddle",chirp-v5,country
country,honky-tonk,"honky-tonk country, melancholic atmosphere, featuring honky-tonk piano and shuffling snare over walking bass","country, bluegrass, banjo",chirp-v5,country
country,red dirt country,"red dirt country, melancholic atmosphere, featuring honky-tonk piano and shuffling snare over walking bass","country, outlaw, Americana",chirp-v5,country
country,folk country,"folk country, melancholic atmosphere, featuring honky-tonk piano and shuffling snare over walking bass","country, pedal steel, acoustic",chirp-v5,country
country,country pop,"country pop, melancholic atmosphere, featuring honky-tonk piano and shuffling snare over walking bass","country, honky-tonk, classic",chirp-v5,country
country,classic country,"classic country, earthy atmosphere, featuring honky-tonk piano and shuffling snare over walking bass","country, guitar, fiddle",chirp-v5,country
country,outlaw country,"outlaw country, earthy atmosphere, featuring honky-tonk piano and shuffling snare over walking bass","country, bluegrass, banjo",chirp-v5,country
country,country rock,"country rock, earthy atmosphere, featuring honky-tonk piano and shuffling snare over walking bass","country, outlaw, Americana",chirp-v5,country
country,bluegrass,"bluegrass country, earthy atmosphere, featuring honky-tonk piano and shuffling snare over walking bass","country, pedal steel, acoustic",chirp-v5,country
country,Americana,"Americana country, earthy atmosphere, featuring honky-tonk piano and shuffling snare over walking bass","country, honky-tonk, classic",chirp-v5,country
country,alt-country,"alt-country, earthy atmosphere, featuring honky-tonk piano and shuffling snare over walking bass","country, guitar, fiddle",chirp-v5,country
country,honky-tonk,"honky-tonk country, earthy atmosphere, featuring honky-tonk piano and shuffling snare over walking bass","country, bluegrass, banjo",chirp-v5,country
country,red dirt country,"red dirt country, earthy atmosphere, featuring honky-tonk piano and shuffling snare over walking bass","country, outlaw, Americana",chirp-v5,country
country,folk country,"folk country, earthy atmosphere, featuring honky-tonk piano and shuffling snare over walking bass","country, pedal steel, acoustic",chirp-v5,country
country,country pop,"country pop, earthy atmosphere, featuring honky-tonk piano and shuffling snare over walking bass","country, honky-tonk, classic",chirp-v5,country
country,classic country,"classic country, sentimental atmosphere, featuring honky-tonk piano and shuffling snare over walking bass","country, guitar, fiddle",chirp-v5,country
country,outlaw country,"outlaw country, sentimental atmosphere, featuring honky-tonk piano and shuffling snare over walking bass","country, bluegrass, banjo",chirp-v5,country
country,country rock,"country rock, sentimental atmosphere, featuring honky-tonk piano and shuffling snare over walking bass","country, outlaw, Americana",chirp-v5,country
country,bluegrass,"bluegrass country, sentimental atmosphere, featuring honky-tonk piano and shuffling snare over walking bass","country, pedal steel, acoustic",chirp-v5,country
country,Americana,"Americana country, sentimental atmosphere, featuring honky-tonk piano and shuffling snare over walking bass","country, honky-tonk, classic",chirp-v5,country
country,alt-country,"alt-country, sentimental atmosphere, featuring honky-tonk piano and shuffling snare over walking bass","country, guitar, fiddle",chirp-v5,country
country,honky-tonk,"honky-tonk country, sentimental atmosphere, featuring honky-tonk piano and shuffling snare over walking bass","country, bluegrass, banjo",chirp-v5,country
country,red dirt country,"red dirt country, sentimental atmosphere, featuring honky-tonk piano and shuffling snare over walking bass","country, outlaw, Americana",chirp-v5,country
country,folk country,"folk country, sentimental atmosphere, featuring honky-tonk piano and shuffling snare over walking bass","country, pedal steel, acoustic",chirp-v5,country
country,country pop,"country pop, sentimental atmosphere, featuring honky-tonk piano and shuffling snare over walking bass","country, honky-tonk, classic",chirp-v5,country
country,classic country,"classic country, defiant atmosphere, featuring honky-tonk piano and shuffling snare over walking bass","country, guitar, fiddle",chirp-v5,country
country,outlaw country,"outlaw country, defiant atmosphere, featuring honky-tonk piano and shuffling snare over walking bass","country, bluegrass, banjo",chirp-v5,country
country,country rock,"country rock, defiant atmosphere, featuring honky-tonk piano and shuffling snare over walking bass","country, outlaw, Americana",chirp-v5,country
country,bluegrass,"bluegrass country, defiant atmosphere, featuring honky-tonk piano and shuffling snare over walking bass","country, pedal steel, acoustic",chirp-v5,country
country,Americana,"Americana country, defiant atmosphere, featuring honky-tonk piano and shuffling snare over walking bass","country, honky-tonk, classic",chirp-v5,country
country,alt-country,"alt-country, defiant atmosphere, featuring honky-tonk piano and shuffling snare over walking bass","country, guitar, fiddle",chirp-v5,country
country,honky-tonk,"honky-tonk country, defiant atmosphere, featuring honky-tonk piano and shuffling snare over walking bass","country, bluegrass, banjo",chirp-v5,country
country,red dirt country,"red dirt country, defiant atmosphere, featuring honky-tonk piano and shuffling snare over walking bass","country, outlaw, Americana",chirp-v5,country
country,folk country,"folk country, defiant atmosphere, featuring honky-tonk piano and shuffling snare over walking bass","country, pedal steel, acoustic",chirp-v5,country
country,country pop,"country pop, defiant atmosphere, featuring honky-tonk piano and shuffling snare over walking bass","country, honky-tonk, classic",chirp-v5,country
country,classic country,"classic country, nostalgic atmosphere, featuring pedal steel weeping over strummed acoustic and standup bass","country, guitar, fiddle",chirp-v5,country
country,outlaw country,"outlaw country, nostalgic atmosphere, featuring pedal steel weeping over strummed acoustic and standup bass","country, bluegrass, banjo",chirp-v5,country
country,country rock,"country rock, nostalgic atmosphere, featuring pedal steel weeping over strummed acoustic and standup bass","country, outlaw, Americana",chirp-v5,country
country,bluegrass,"bluegrass country, nostalgic atmosphere, featuring pedal steel weeping over strummed acoustic and standup bass","country, pedal steel, acoustic",chirp-v5,country
country,Americana,"Americana country, nostalgic atmosphere, featuring pedal steel weeping over strummed acoustic and standup bass","country, honky-tonk, classic",chirp-v5,country
country,alt-country,"alt-country, nostalgic atmosphere, featuring pedal steel weeping over strummed acoustic and standup bass","country, guitar, fiddle",chirp-v5,country
country,honky-tonk,"honky-tonk country, nostalgic atmosphere, featuring pedal steel weeping over strummed acoustic and standup bass","country, bluegrass, banjo",chirp-v5,country
country,red dirt country,"red dirt country, nostalgic atmosphere, featuring pedal steel weeping over strummed acoustic and standup bass","country, outlaw, Americana",chirp-v5,country
country,folk country,"folk country, nostalgic atmosphere, featuring pedal steel weeping over strummed acoustic and standup bass","country, pedal steel, acoustic",chirp-v5,country
country,country pop,"country pop, nostalgic atmosphere, featuring pedal steel weeping over strummed acoustic and standup bass","country, honky-tonk, classic",chirp-v5,country
country,classic country,"classic country, heartfelt atmosphere, featuring pedal steel weeping over strummed acoustic and standup bass","country, guitar, fiddle",chirp-v5,country
country,outlaw country,"outlaw country, heartfelt atmosphere, featuring pedal steel weeping over strummed acoustic and standup bass","country, bluegrass, banjo",chirp-v5,country
country,country rock,"country rock, heartfelt atmosphere, featuring pedal steel weeping over strummed acoustic and standup bass","country, outlaw, Americana",chirp-v5,country
country,bluegrass,"bluegrass country, heartfelt atmosphere, featuring pedal steel weeping over strummed acoustic and standup bass","country, pedal steel, acoustic",chirp-v5,country
country,Americana,"Americana country, heartfelt atmosphere, featuring pedal steel weeping over strummed acoustic and standup bass","country, honky-tonk, classic",chirp-v5,country
country,alt-country,"alt-country, heartfelt atmosphere, featuring pedal steel weeping over strummed acoustic and standup bass","country, guitar, fiddle",chirp-v5,country
country,honky-tonk,"honky-tonk country, heartfelt atmosphere, featuring pedal steel weeping over strummed acoustic and standup bass","country, bluegrass, banjo",chirp-v5,country
country,red dirt country,"red dirt country, heartfelt atmosphere, featuring pedal steel weeping over strummed acoustic and standup bass","country, outlaw, Americana",chirp-v5,country
country,folk country,"folk country, heartfelt atmosphere, featuring pedal steel weeping over strummed acoustic and standup bass","country, pedal steel, acoustic",chirp-v5,country
country,country pop,"country pop, heartfelt atmosphere, featuring pedal steel weeping over strummed acoustic and standup bass","country, honky-tonk, classic",chirp-v5,country
country,classic country,"classic country, bittersweet atmosphere, featuring pedal steel weeping over strummed acoustic and standup bass","country, guitar, fiddle",chirp-v5,country
country,outlaw country,"outlaw country, bittersweet atmosphere, featuring pedal steel weeping over strummed acoustic and standup bass","country, bluegrass, banjo",chirp-v5,country
country,country rock,"country rock, bittersweet atmosphere, featuring pedal steel weeping over strummed acoustic and standup bass","country, outlaw, Americana",chirp-v5,country
country,bluegrass,"bluegrass country, bittersweet atmosphere, featuring pedal steel weeping over strummed acoustic and standup bass","country, pedal steel, acoustic",chirp-v5,country
country,Americana,"Americana country, bittersweet atmosphere, featuring pedal steel weeping over strummed acoustic and standup bass","country, honky-tonk, classic",chirp-v5,country
country,alt-country,"alt-country, bittersweet atmosphere, featuring pedal steel weeping over strummed acoustic and standup bass","country, guitar, fiddle",chirp-v5,country
country,honky-tonk,"honky-tonk country, bittersweet atmosphere, featuring pedal steel weeping over strummed acoustic and standup bass","country, bluegrass, banjo",chirp-v5,country
country,red dirt country,"red dirt country, bittersweet atmosphere, featuring pedal steel weeping over strummed acoustic and standup bass","country, outlaw, Americana",chirp-v5,country
country,folk country,"folk country, bittersweet atmosphere, featuring pedal steel weeping over strummed acoustic and standup bass","country, pedal steel, acoustic",chirp-v5,country
country,country pop,"country pop, bittersweet atmosphere, featuring pedal steel weeping over strummed acoustic and standup bass","country, honky-tonk, classic",chirp-v5,country
country,classic country,"classic country, joyful atmosphere, featuring pedal steel weeping over strummed acoustic and standup bass","country, guitar, fiddle",chirp-v5,country
country,outlaw country,"outlaw country, joyful atmosphere, featuring pedal steel weeping over strummed acoustic and standup bass","country, bluegrass, banjo",chirp-v5,country
country,country rock,"country rock, joyful atmosphere, featuring pedal steel weeping over strummed acoustic and standup bass","country, outlaw, Americana",chirp-v5,country
country,bluegrass,"bluegrass country, joyful atmosphere, featuring pedal steel weeping over strummed acoustic and standup bass","country, pedal steel, acoustic",chirp-v5,country
country,Americana,"Americana country, joyful atmosphere, featuring pedal steel weeping over strummed acoustic and standup bass","country, honky-tonk, classic",chirp-v5,country
country,alt-country,"alt-country, joyful atmosphere, featuring pedal steel weeping over strummed acoustic and standup bass","country, guitar, fiddle",chirp-v5,country
country,honky-tonk,"honky-tonk country, joyful atmosphere, featuring pedal steel weeping over strummed acoustic and standup bass","country, bluegrass, banjo",chirp-v5,country
country,red dirt country,"red dirt country, joyful atmosphere, featuring pedal steel weeping over strummed acoustic and standup bass","country, outlaw, Americana",chirp-v5,country
country,folk country,"folk country, joyful atmosphere, featuring pedal steel weeping over strummed acoustic and standup bass","country, pedal steel, acoustic",chirp-v5,country
country,country pop,"country pop, joyful atmosphere, featuring pedal steel weeping over strummed acoustic and standup bass","country, honky-tonk, classic",chirp-v5,country
country,classic country,"classic country, lonesome atmosphere, featuring pedal steel weeping over strummed acoustic and standup bass","country, guitar, fiddle",chirp-v5,country
country,outlaw country,"outlaw country, lonesome atmosphere, featuring pedal steel weeping over strummed acoustic and standup bass","country, bluegrass, banjo",chirp-v5,country
country,country rock,"country rock, lonesome atmosphere, featuring pedal steel weeping over strummed acoustic and standup bass","country, outlaw, Americana",chirp-v5,country
country,bluegrass,"bluegrass country, lonesome atmosphere, featuring pedal steel weeping over strummed acoustic and standup bass","country, pedal steel, acoustic",chirp-v5,country
country,Americana,"Americana country, lonesome atmosphere, featuring pedal steel weeping over strummed acoustic and standup bass","country, honky-tonk, classic",chirp-v5,country
country,alt-country,"alt-country, lonesome atmosphere, featuring pedal steel weeping over strummed acoustic and standup bass","country, guitar, fiddle",chirp-v5,country
country,honky-tonk,"honky-tonk country, lonesome atmosphere, featuring pedal steel weeping over strummed acoustic and standup bass","country, bluegrass, banjo",chirp-v5,country
country,red dirt country,"red dirt country, lonesome atmosphere, featuring pedal steel weeping over strummed acoustic and standup bass","country, outlaw, Americana",chirp-v5,country
country,folk country,"folk country, lonesome atmosphere, featuring pedal steel weeping over strummed acoustic and standup bass","country, pedal steel, acoustic",chirp-v5,country
country,country pop,"country pop, lonesome atmosphere, featuring pedal steel weeping over strummed acoustic and standup bass","country, honky-tonk, classic",chirp-v5,country
country,classic country,"classic country, celebratory atmosphere, featuring pedal steel weeping over strummed acoustic and standup bass","country, guitar, fiddle",chirp-v5,country
country,outlaw country,"outlaw country, celebratory atmosphere, featuring pedal steel weeping over strummed acoustic and standup bass","country, bluegrass, banjo",chirp-v5,country
country,country rock,"country rock, celebratory atmosphere, featuring pedal steel weeping over strummed acoustic and standup bass","country, outlaw, Americana",chirp-v5,country
country,bluegrass,"bluegrass country, celebratory atmosphere, featuring pedal steel weeping over strummed acoustic and standup bass","country, pedal steel, acoustic",chirp-v5,country
country,Americana,"Americana country, celebratory atmosphere, featuring pedal steel weeping over strummed acoustic and standup bass","country, honky-tonk, classic",chirp-v5,country
country,alt-country,"alt-country, celebratory atmosphere, featuring pedal steel weeping over strummed acoustic and standup bass","country, guitar, fiddle",chirp-v5,country
country,honky-tonk,"honky-tonk country, celebratory atmosphere, featuring pedal steel weeping over strummed acoustic and standup bass","country, bluegrass, banjo",chirp-v5,country
country,red dirt country,"red dirt country, celebratory atmosphere, featuring pedal steel weeping over strummed acoustic and standup bass","country, outlaw, Americana",chirp-v5,country
country,folk country,"folk country, celebratory atmosphere, featuring pedal steel weeping over strummed acoustic and standup bass","country, pedal steel, acoustic",chirp-v5,country
country,country pop,"country pop, celebratory atmosphere, featuring pedal steel weeping over strummed acoustic and standup bass","country, honky-tonk, classic",chirp-v5,country
country,classic country,"classic country, melancholic atmosphere, featuring pedal steel weeping over strummed acoustic and standup bass","country, guitar, fiddle",chirp-v5,country
country,outlaw country,"outlaw country, melancholic atmosphere, featuring pedal steel weeping over strummed acoustic and standup bass","country, bluegrass, banjo",chirp-v5,country
country,country rock,"country rock, melancholic atmosphere, featuring pedal steel weeping over strummed acoustic and standup bass","country, outlaw, Americana",chirp-v5,country
country,bluegrass,"bluegrass country, melancholic atmosphere, featuring pedal steel weeping over strummed acoustic and standup bass","country, pedal steel, acoustic",chirp-v5,country
country,Americana,"Americana country, melancholic atmosphere, featuring pedal steel weeping over strummed acoustic and standup bass","country, honky-tonk, classic",chirp-v5,country
country,alt-country,"alt-country, melancholic atmosphere, featuring pedal steel weeping over strummed acoustic and standup bass","country, guitar, fiddle",chirp-v5,country
country,honky-tonk,"honky-tonk country, melancholic atmosphere, featuring pedal steel weeping over strummed acoustic and standup bass","country, bluegrass, banjo",chirp-v5,country
country,red dirt country,"red dirt country, melancholic atmosphere, featuring pedal steel weeping over strummed acoustic and standup bass","country, outlaw, Americana",chirp-v5,country
country,folk country,"folk country, melancholic atmosphere, featuring pedal steel weeping over strummed acoustic and standup bass","country, pedal steel, acoustic",chirp-v5,country
country,country pop,"country pop, melancholic atmosphere, featuring pedal steel weeping over strummed acoustic and standup bass","country, honky-tonk, classic",chirp-v5,country
country,classic country,"classic country, earthy atmosphere, featuring pedal steel weeping over strummed acoustic and standup bass","country, guitar, fiddle",chirp-v5,country
country,outlaw country,"outlaw country, earthy atmosphere, featuring pedal steel weeping over strummed acoustic and standup bass","country, bluegrass, banjo",chirp-v5,country
country,country rock,"country rock, earthy atmosphere, featuring pedal steel weeping over strummed acoustic and standup bass","country, outlaw, Americana",chirp-v5,country
country,bluegrass,"bluegrass country, earthy atmosphere, featuring pedal steel weeping over strummed acoustic and standup bass","country, pedal steel, acoustic",chirp-v5,country
country,Americana,"Americana country, earthy atmosphere, featuring pedal steel weeping over strummed acoustic and standup bass","country, honky-tonk, classic",chirp-v5,country
country,alt-country,"alt-country, earthy atmosphere, featuring pedal steel weeping over strummed acoustic and standup bass","country, guitar, fiddle",chirp-v5,country
country,honky-tonk,"honky-tonk country, earthy atmosphere, featuring pedal steel weeping over strummed acoustic and standup bass","country, bluegrass, banjo",chirp-v5,country
country,red dirt country,"red dirt country, earthy atmosphere, featuring pedal steel weeping over strummed acoustic and standup bass","country, outlaw, Americana",chirp-v5,country
country,folk country,"folk country, earthy atmosphere, featuring pedal steel weeping over strummed acoustic and standup bass","country, pedal steel, acoustic",chirp-v5,country
country,country pop,"country pop, earthy atmosphere, featuring pedal steel weeping over strummed acoustic and standup bass","country, honky-tonk, classic",chirp-v5,country
country,classic country,"classic country, sentimental atmosphere, featuring pedal steel weeping over strummed acoustic and standup bass","country, guitar, fiddle",chirp-v5,country
country,outlaw country,"outlaw country, sentimental atmosphere, featuring pedal steel weeping over strummed acoustic and standup bass","country, bluegrass, banjo",chirp-v5,country
country,country rock,"country rock, sentimental atmosphere, featuring pedal steel weeping over strummed acoustic and standup bass","country, outlaw, Americana",chirp-v5,country
country,bluegrass,"bluegrass country, sentimental atmosphere, featuring pedal steel weeping over strummed acoustic and standup bass","country, pedal steel, acoustic",chirp-v5,country
country,Americana,"Americana country, sentimental atmosphere, featuring pedal steel weeping over strummed acoustic and standup bass","country, honky-tonk, classic",chirp-v5,country
country,alt-country,"alt-country, sentimental atmosphere, featuring pedal steel weeping over strummed acoustic and standup bass","country, guitar, fiddle",chirp-v5,country
country,honky-tonk,"honky-tonk country, sentimental atmosphere, featuring pedal steel weeping over strummed acoustic and standup bass","country, bluegrass, banjo",chirp-v5,country
country,red dirt country,"red dirt country, sentimental atmosphere, featuring pedal steel weeping over strummed acoustic and standup bass","country, outlaw, Americana",chirp-v5,country
country,folk country,"folk country, sentimental atmosphere, featuring pedal steel weeping over strummed acoustic and standup bass","country, pedal steel, acoustic",chirp-v5,country
country,country pop,"country pop, sentimental atmosphere, featuring pedal steel weeping over strummed acoustic and standup bass","country, honky-tonk, classic",chirp-v5,country
country,classic country,"classic country, defiant atmosphere, featuring pedal steel weeping over strummed acoustic and standup bass","country, guitar, fiddle",chirp-v5,country
country,outlaw country,"outlaw country, defiant atmosphere, featuring pedal steel weeping over strummed acoustic and standup bass","country, bluegrass, banjo",chirp-v5,country
country,country rock,"country rock, defiant atmosphere, featuring pedal steel weeping over strummed acoustic and standup bass","country, outlaw, Americana",chirp-v5,country
country,bluegrass,"bluegrass country, defiant atmosphere, featuring pedal steel weeping over strummed acoustic and standup bass","country, pedal steel, acoustic",chirp-v5,country
country,Americana,"Americana country, defiant atmosphere, featuring pedal steel weeping over strummed acoustic and standup bass","country, honky-tonk, classic",chirp-v5,country
country,alt-country,"alt-country, defiant atmosphere, featuring pedal steel weeping over strummed acoustic and standup bass","country, guitar, fiddle",chirp-v5,country
country,honky-tonk,"honky-tonk country, defiant atmosphere, featuring pedal steel weeping over strummed acoustic and standup bass","country, bluegrass, banjo",chirp-v5,country
country,red dirt country,"red dirt country, defiant atmosphere, featuring pedal steel weeping over strummed acoustic and standup bass","country, outlaw, Americana",chirp-v5,country
country,folk country,"folk country, defiant atmosphere, featuring pedal steel weeping over strummed acoustic and standup bass","country, pedal steel, acoustic",chirp-v5,country
country,country pop,"country pop, defiant atmosphere, featuring pedal steel weeping over strummed acoustic and standup bass","country, honky-tonk, classic",chirp-v5,country
country,classic country,"classic country, nostalgic atmosphere, featuring twin fiddles in harmony with twangy Telecaster","country, guitar, fiddle",chirp-v5,country
country,outlaw country,"outlaw country, nostalgic atmosphere, featuring twin fiddles in harmony with twangy Telecaster","country, bluegrass, banjo",chirp-v5,country
country,country rock,"country rock, nostalgic atmosphere, featuring twin fiddles in harmony with twangy Telecaster","country, outlaw, Americana",chirp-v5,country
country,bluegrass,"bluegrass country, nostalgic atmosphere, featuring twin fiddles in harmony with twangy Telecaster","country, pedal steel, acoustic",chirp-v5,country
country,Americana,"Americana country, nostalgic atmosphere, featuring twin fiddles in harmony with twangy Telecaster","country, honky-tonk, classic",chirp-v5,country
country,alt-country,"alt-country, nostalgic atmosphere, featuring twin fiddles in harmony with twangy Telecaster","country, guitar, fiddle",chirp-v5,country
country,honky-tonk,"honky-tonk country, nostalgic atmosphere, featuring twin fiddles in harmony with twangy Telecaster","country, bluegrass, banjo",chirp-v5,country
country,red dirt country,"red dirt country, nostalgic atmosphere, featuring twin fiddles in harmony with twangy Telecaster","country, outlaw, Americana",chirp-v5,country
country,folk country,"folk country, nostalgic atmosphere, featuring twin fiddles in harmony with twangy Telecaster","country, pedal steel, acoustic",chirp-v5,country
country,country pop,"country pop, nostalgic atmosphere, featuring twin fiddles in harmony with twangy Telecaster","country, honky-tonk, classic",chirp-v5,country
country,classic country,"classic country, heartfelt atmosphere, featuring twin fiddles in harmony with twangy Telecaster","country, guitar, fiddle",chirp-v5,country
country,outlaw country,"outlaw country, heartfelt atmosphere, featuring twin fiddles in harmony with twangy Telecaster","country, bluegrass, banjo",chirp-v5,country
country,country rock,"country rock, heartfelt atmosphere, featuring twin fiddles in harmony with twangy Telecaster","country, outlaw, Americana",chirp-v5,country
country,bluegrass,"bluegrass country, heartfelt atmosphere, featuring twin fiddles in harmony with twangy Telecaster","country, pedal steel, acoustic",chirp-v5,country
country,Americana,"Americana country, heartfelt atmosphere, featuring twin fiddles in harmony with twangy Telecaster","country, honky-tonk, classic",chirp-v5,country
country,alt-country,"alt-country, heartfelt atmosphere, featuring twin fiddles in harmony with twangy Telecaster","country, guitar, fiddle",chirp-v5,country
country,honky-tonk,"honky-tonk country, heartfelt atmosphere, featuring twin fiddles in harmony with twangy Telecaster","country, bluegrass, banjo",chirp-v5,country
country,red dirt country,"red dirt country, heartfelt atmosphere, featuring twin fiddles in harmony with twangy Telecaster","country, outlaw, Americana",chirp-v5,country
country,folk country,"folk country, heartfelt atmosphere, featuring twin fiddles in harmony with twangy Telecaster","country, pedal steel, acoustic",chirp-v5,country
country,country pop,"country pop, heartfelt atmosphere, featuring twin fiddles in harmony with twangy Telecaster","country, honky-tonk, classic",chirp-v5,country
country,classic country,"classic country, bittersweet atmosphere, featuring twin fiddles in harmony with twangy Telecaster","country, guitar, fiddle",chirp-v5,country
country,outlaw country,"outlaw country, bittersweet atmosphere, featuring twin fiddles in harmony with twangy Telecaster","country, bluegrass, banjo",chirp-v5,country
country,country rock,"country rock, bittersweet atmosphere, featuring twin fiddles in harmony with twangy Telecaster","country, outlaw, Americana",chirp-v5,country
country,bluegrass,"bluegrass country, bittersweet atmosphere, featuring twin fiddles in harmony with twangy Telecaster","country, pedal steel, acoustic",chirp-v5,country
country,Americana,"Americana country, bittersweet atmosphere, featuring twin fiddles in harmony with twangy Telecaster","country, honky-tonk, classic",chirp-v5,country
country,alt-country,"alt-country, bittersweet atmosphere, featuring twin fiddles in harmony with twangy Telecaster","country, guitar, fiddle",chirp-v5,country
country,honky-tonk,"honky-tonk country, bittersweet atmosphere, featuring twin fiddles in harmony with twangy Telecaster","country, bluegrass, banjo",chirp-v5,country
country,red dirt country,"red dirt country, bittersweet atmosphere, featuring twin fiddles in harmony with twangy Telecaster","country, outlaw, Americana",chirp-v5,country
country,folk country,"folk country, bittersweet atmosphere, featuring twin fiddles in harmony with twangy Telecaster","country, pedal steel, acoustic",chirp-v5,country
country,country pop,"country pop, bittersweet atmosphere, featuring twin fiddles in harmony with twangy Telecaster","country, honky-tonk, classic",chirp-v5,country
country,classic country,"classic country, joyful atmosphere, featuring twin fiddles in harmony with twangy Telecaster","country, guitar, fiddle",chirp-v5,country
country,outlaw country,"outlaw country, joyful atmosphere, featuring twin fiddles in harmony with twangy Telecaster","country, bluegrass, banjo",chirp-v5,country
country,country rock,"country rock, joyful atmosphere, featuring twin fiddles in harmony with twangy Telecaster","country, outlaw, Americana",chirp-v5,country
country,bluegrass,"bluegrass country, joyful atmosphere, featuring twin fiddles in harmony with twangy Telecaster","country, pedal steel, acoustic",chirp-v5,country
country,Americana,"Americana country, joyful atmosphere, featuring twin fiddles in harmony with twangy Telecaster","country, honky-tonk, classic",chirp-v5,country
country,alt-country,"alt-country, joyful atmosphere, featuring twin fiddles in harmony with twangy Telecaster","country, guitar, fiddle",chirp-v5,country
country,honky-tonk,"honky-tonk country, joyful atmosphere, featuring twin fiddles in harmony with twangy Telecaster","country, bluegrass, banjo",chirp-v5,country
country,red dirt country,"red dirt country, joyful atmosphere, featuring twin fiddles in harmony with twangy Telecaster","country, outlaw, Americana",chirp-v5,country
country,folk country,"folk country, joyful atmosphere, featuring twin fiddles in harmony with twangy Telecaster","country, pedal steel, acoustic",chirp-v5,country
country,country pop,"country pop, joyful atmosphere, featuring twin fiddles in harmony with twangy Telecaster","country, honky-tonk, classic",chirp-v5,country
country,classic country,"classic country, lonesome atmosphere, featuring twin fiddles in harmony with twangy Telecaster","country, guitar, fiddle",chirp-v5,country
country,outlaw country,"outlaw country, lonesome atmosphere, featuring twin fiddles in harmony with twangy Telecaster","country, bluegrass, banjo",chirp-v5,country
country,country rock,"country rock, lonesome atmosphere, featuring twin fiddles in harmony with twangy Telecaster","country, outlaw, Americana",chirp-v5,country
country,bluegrass,"bluegrass country, lonesome atmosphere, featuring twin fiddles in harmony with twangy Telecaster","country, pedal steel, acoustic",chirp-v5,country
country,Americana,"Americana country, lonesome atmosphere, featuring twin fiddles in harmony with twangy Telecaster","country, honky-tonk, classic",chirp-v5,country
country,alt-country,"alt-country, lonesome atmosphere, featuring twin fiddles in harmony with twangy Telecaster","country, guitar, fiddle",chirp-v5,country
country,honky-tonk,"honky-tonk country, lonesome atmosphere, featuring twin fiddles in harmony with twangy Telecaster","country, bluegrass, banjo",chirp-v5,country
country,red dirt country,"red dirt country, lonesome atmosphere, featuring twin fiddles in harmony with twangy Telecaster","country, outlaw, Americana",chirp-v5,country
country,folk country,"folk country, lonesome atmosphere, featuring twin fiddles in harmony with twangy Telecaster","country, pedal steel, acoustic",chirp-v5,country
country,country pop,"country pop, lonesome atmosphere, featuring twin fiddles in harmony with twangy Telecaster","country, honky-tonk, classic",chirp-v5,country
country,classic country,"classic country, celebratory atmosphere, featuring twin fiddles in harmony with twangy Telecaster","country, guitar, fiddle",chirp-v5,country
country,outlaw country,"outlaw country, celebratory atmosphere, featuring twin fiddles in harmony with twangy Telecaster","country, bluegrass, banjo",chirp-v5,country
country,country rock,"country rock, celebratory atmosphere, featuring twin fiddles in harmony with twangy Telecaster","country, outlaw, Americana",chirp-v5,country
country,bluegrass,"bluegrass country, celebratory atmosphere, featuring twin fiddles in harmony with twangy Telecaster","country, pedal steel, acoustic",chirp-v5,country
country,Americana,"Americana country, celebratory atmosphere, featuring twin fiddles in harmony with twangy Telecaster","country, honky-tonk, classic",chirp-v5,country
country,alt-country,"alt-country, celebratory atmosphere, featuring twin fiddles in harmony with twangy Telecaster","country, guitar, fiddle",chirp-v5,country
country,honky-tonk,"honky-tonk country, celebratory atmosphere, featuring twin fiddles in harmony with twangy Telecaster","country, bluegrass, banjo",chirp-v5,country
country,red dirt country,"red dirt country, celebratory atmosphere, featuring twin fiddles in harmony with twangy Telecaster","country, outlaw, Americana",chirp-v5,country
country,folk country,"folk country, celebratory atmosphere, featuring twin fiddles in harmony with twangy Telecaster","country, pedal steel, acoustic",chirp-v5,country
country,country pop,"country pop, celebratory atmosphere, featuring twin fiddles in harmony with twangy Telecaster","country, honky-tonk, classic",chirp-v5,country
country,classic country,"classic country, melancholic atmosphere, featuring twin fiddles in harmony with twangy Telecaster","country, guitar, fiddle",chirp-v5,country
country,outlaw country,"outlaw country, melancholic atmosphere, featuring twin fiddles in harmony with twangy Telecaster","country, bluegrass, banjo",chirp-v5,country
country,country rock,"country rock, melancholic atmosphere, featuring twin fiddles in harmony with twangy Telecaster","country, outlaw, Americana",chirp-v5,country
country,bluegrass,"bluegrass country, melancholic atmosphere, featuring twin fiddles in harmony with twangy Telecaster","country, pedal steel, acoustic",chirp-v5,country
country,Americana,"Americana country, melancholic atmosphere, featuring twin fiddles in harmony with twangy Telecaster","country, honky-tonk, classic",chirp-v5,country
country,alt-country,"alt-country, melancholic atmosphere, featuring twin fiddles in harmony with twangy Telecaster","country, guitar, fiddle",chirp-v5,country
country,honky-tonk,"honky-tonk country, melancholic atmosphere, featuring twin fiddles in harmony with twangy Telecaster","country, bluegrass, banjo",chirp-v5,country
country,red dirt country,"red dirt country, melancholic atmosphere, featuring twin fiddles in harmony with twangy Telecaster","country, outlaw, Americana",chirp-v5,country
country,folk country,"folk country, melancholic atmosphere, featuring twin fiddles in harmony with twangy Telecaster","country, pedal steel, acoustic",chirp-v5,country
country,country pop,"country pop, melancholic atmosphere, featuring twin fiddles in harmony with twangy Telecaster","country, honky-tonk, classic",chirp-v5,country
country,classic country,"classic country, earthy atmosphere, featuring twin fiddles in harmony with twangy Telecaster","country, guitar, fiddle",chirp-v5,country
country,outlaw country,"outlaw country, earthy atmosphere, featuring twin fiddles in harmony with twangy Telecaster","country, bluegrass, banjo",chirp-v5,country
country,country rock,"country rock, earthy atmosphere, featuring twin fiddles in harmony with twangy Telecaster","country, outlaw, Americana",chirp-v5,country
country,bluegrass,"bluegrass country, earthy atmosphere, featuring twin fiddles in harmony with twangy Telecaster","country, pedal steel, acoustic",chirp-v5,country
country,Americana,"Americana country, earthy atmosphere, featuring twin fiddles in harmony with twangy Telecaster","country, honky-tonk, classic",chirp-v5,country
country,alt-country,"alt-country, earthy atmosphere, featuring twin fiddles in harmony with twangy Telecaster","country, guitar, fiddle",chirp-v5,country
country,honky-tonk,"honky-tonk country, earthy atmosphere, featuring twin fiddles in harmony with twangy Telecaster","country, bluegrass, banjo",chirp-v5,country
country,red dirt country,"red dirt country, earthy atmosphere, featuring twin fiddles in harmony with twangy Telecaster","country, outlaw, Americana",chirp-v5,country
country,folk country,"folk country, earthy atmosphere, featuring twin fiddles in harmony with twangy Telecaster","country, pedal steel, acoustic",chirp-v5,country
country,country pop,"country pop, earthy atmosphere, featuring twin fiddles in harmony with twangy Telecaster","country, honky-tonk, classic",chirp-v5,country
country,classic country,"classic country, sentimental atmosphere, featuring twin fiddles in harmony with twangy Telecaster","country, guitar, fiddle",chirp-v5,country
country,outlaw country,"outlaw country, sentimental atmosphere, featuring twin fiddles in harmony with twangy Telecaster","country, bluegrass, banjo",chirp-v5,country
country,country rock,"country rock, sentimental atmosphere, featuring twin fiddles in harmony with twangy Telecaster","country, outlaw, Americana",chirp-v5,country
country,bluegrass,"bluegrass country, sentimental atmosphere, featuring twin fiddles in harmony with twangy Telecaster","country, pedal steel, acoustic",chirp-v5,country
country,Americana,"Americana country, sentimental atmosphere, featuring twin fiddles in harmony with twangy Telecaster","country, honky-tonk, classic",chirp-v5,country
country,alt-country,"alt-country, sentimental atmosphere, featuring twin fiddles in harmony with twangy Telecaster","country, guitar, fiddle",chirp-v5,country
country,honky-tonk,"honky-tonk country, sentimental atmosphere, featuring twin fiddles in harmony with twangy Telecaster","country, bluegrass, banjo",chirp-v5,country
country,red dirt country,"red dirt country, sentimental atmosphere, featuring twin fiddles in harmony with twangy Telecaster","country, outlaw, Americana",chirp-v5,country
country,folk country,"folk country, sentimental atmosphere, featuring twin fiddles in harmony with twangy Telecaster","country, pedal steel, acoustic",chirp-v5,country
country,country pop,"country pop, sentimental atmosphere, featuring twin fiddles in harmony with twangy Telecaster","country, honky-tonk, classic",chirp-v5,country
country,classic country,"classic country, defiant atmosphere, featuring twin fiddles in harmony with twangy Telecaster","country, guitar, fiddle",chirp-v5,country
country,outlaw country,"outlaw country, defiant atmosphere, featuring twin fiddles in harmony with twangy Telecaster","country, bluegrass, banjo",chirp-v5,country
country,country rock,"country rock, defiant atmosphere, featuring twin fiddles in harmony with twangy Telecaster","country, outlaw, Americana",chirp-v5,country
country,bluegrass,"bluegrass country, defiant atmosphere, featuring twin fiddles in harmony with twangy Telecaster","country, pedal steel, acoustic",chirp-v5,country
country,Americana,"Americana country, defiant atmosphere, featuring twin fiddles in harmony with twangy Telecaster","country, honky-tonk, classic",chirp-v5,country
country,alt-country,"alt-country, defiant atmosphere, featuring twin fiddles in harmony with twangy Telecaster","country, guitar, fiddle",chirp-v5,country
country,honky-tonk,"honky-tonk country, defiant atmosphere, featuring twin fiddles in harmony with twangy Telecaster","country, bluegrass, banjo",chirp-v5,country
country,red dirt country,"red dirt country, defiant atmosphere, featuring twin fiddles in harmony with twangy Telecaster","country, outlaw, Americana",chirp-v5,country
country,folk country,"folk country, defiant atmosphere, featuring twin fiddles in harmony with twangy Telecaster","country, pedal steel, acoustic",chirp-v5,country
country,country pop,"country pop, defiant atmosphere, featuring twin fiddles in harmony with twangy Telecaster","country, honky-tonk, classic",chirp-v5,country
country,classic country,"classic country, nostalgic atmosphere, featuring fingerstyle acoustic guitar with close-mic'ed vocal warmth","country, guitar, fiddle",chirp-v5,country
country,outlaw country,"outlaw country, nostalgic atmosphere, featuring fingerstyle acoustic guitar with close-mic'ed vocal warmth","country, bluegrass, banjo",chirp-v5,country
country,country rock,"country rock, nostalgic atmosphere, featuring fingerstyle acoustic guitar with close-mic'ed vocal warmth","country, outlaw, Americana",chirp-v5,country
country,bluegrass,"bluegrass country, nostalgic atmosphere, featuring fingerstyle acoustic guitar with close-mic'ed vocal warmth","country, pedal steel, acoustic",chirp-v5,country
country,Americana,"Americana country, nostalgic atmosphere, featuring fingerstyle acoustic guitar with close-mic'ed vocal warmth","country, honky-tonk, classic",chirp-v5,country
country,alt-country,"alt-country, nostalgic atmosphere, featuring fingerstyle acoustic guitar with close-mic'ed vocal warmth","country, guitar, fiddle",chirp-v5,country
country,honky-tonk,"honky-tonk country, nostalgic atmosphere, featuring fingerstyle acoustic guitar with close-mic'ed vocal warmth","country, bluegrass, banjo",chirp-v5,country
country,red dirt country,"red dirt country, nostalgic atmosphere, featuring fingerstyle acoustic guitar with close-mic'ed vocal warmth","country, outlaw, Americana",chirp-v5,country
country,folk country,"folk country, nostalgic atmosphere, featuring fingerstyle acoustic guitar with close-mic'ed vocal warmth","country, pedal steel, acoustic",chirp-v5,country
country,country pop,"country pop, nostalgic atmosphere, featuring fingerstyle acoustic guitar with close-mic'ed vocal warmth","country, honky-tonk, classic",chirp-v5,country
country,classic country,"classic country, heartfelt atmosphere, featuring fingerstyle acoustic guitar with close-mic'ed vocal warmth","country, guitar, fiddle",chirp-v5,country
country,outlaw country,"outlaw country, heartfelt atmosphere, featuring fingerstyle acoustic guitar with close-mic'ed vocal warmth","country, bluegrass, banjo",chirp-v5,country
country,country rock,"country rock, heartfelt atmosphere, featuring fingerstyle acoustic guitar with close-mic'ed vocal warmth","country, outlaw, Americana",chirp-v5,country
country,bluegrass,"bluegrass country, heartfelt atmosphere, featuring fingerstyle acoustic guitar with close-mic'ed vocal warmth","country, pedal steel, acoustic",chirp-v5,country
country,Americana,"Americana country, heartfelt atmosphere, featuring fingerstyle acoustic guitar with close-mic'ed vocal warmth","country, honky-tonk, classic",chirp-v5,country
country,alt-country,"alt-country, heartfelt atmosphere, featuring fingerstyle acoustic guitar with close-mic'ed vocal warmth","country, guitar, fiddle",chirp-v5,country
country,honky-tonk,"honky-tonk country, heartfelt atmosphere, featuring fingerstyle acoustic guitar with close-mic'ed vocal warmth","country, bluegrass, banjo",chirp-v5,country
country,red dirt country,"red dirt country, heartfelt atmosphere, featuring fingerstyle acoustic guitar with close-mic'ed vocal warmth","country, outlaw, Americana",chirp-v5,country
country,folk country,"folk country, heartfelt atmosphere, featuring fingerstyle acoustic guitar with close-mic'ed vocal warmth","country, pedal steel, acoustic",chirp-v5,country
country,country pop,"country pop, heartfelt atmosphere, featuring fingerstyle acoustic guitar with close-mic'ed vocal warmth","country, honky-tonk, classic",chirp-v5,country
country,classic country,"classic country, bittersweet atmosphere, featuring fingerstyle acoustic guitar with close-mic'ed vocal warmth","country, guitar, fiddle",chirp-v5,country
country,outlaw country,"outlaw country, bittersweet atmosphere, featuring fingerstyle acoustic guitar with close-mic'ed vocal warmth","country, bluegrass, banjo",chirp-v5,country
country,country rock,"country rock, bittersweet atmosphere, featuring fingerstyle acoustic guitar with close-mic'ed vocal warmth","country, outlaw, Americana",chirp-v5,country
country,bluegrass,"bluegrass country, bittersweet atmosphere, featuring fingerstyle acoustic guitar with close-mic'ed vocal warmth","country, pedal steel, acoustic",chirp-v5,country
country,Americana,"Americana country, bittersweet atmosphere, featuring fingerstyle acoustic guitar with close-mic'ed vocal warmth","country, honky-tonk, classic",chirp-v5,country
country,alt-country,"alt-country, bittersweet atmosphere, featuring fingerstyle acoustic guitar with close-mic'ed vocal warmth","country, guitar, fiddle",chirp-v5,country
country,honky-tonk,"honky-tonk country, bittersweet atmosphere, featuring fingerstyle acoustic guitar with close-mic'ed vocal warmth","country, bluegrass, banjo",chirp-v5,country
country,red dirt country,"red dirt country, bittersweet atmosphere, featuring fingerstyle acoustic guitar with close-mic'ed vocal warmth","country, outlaw, Americana",chirp-v5,country
country,folk country,"folk country, bittersweet atmosphere, featuring fingerstyle acoustic guitar with close-mic'ed vocal warmth","country, pedal steel, acoustic",chirp-v5,country
country,country pop,"country pop, bittersweet atmosphere, featuring fingerstyle acoustic guitar with close-mic'ed vocal warmth","country, honky-tonk, classic",chirp-v5,country
country,classic country,"classic country, joyful atmosphere, featuring fingerstyle acoustic guitar with close-mic'ed vocal warmth","country, guitar, fiddle",chirp-v5,country
country,outlaw country,"outlaw country, joyful atmosphere, featuring fingerstyle acoustic guitar with close-mic'ed vocal warmth","country, bluegrass, banjo",chirp-v5,country
country,country rock,"country rock, joyful atmosphere, featuring fingerstyle acoustic guitar with close-mic'ed vocal warmth","country, outlaw, Americana",chirp-v5,country
country,bluegrass,"bluegrass country, joyful atmosphere, featuring fingerstyle acoustic guitar with close-mic'ed vocal warmth","country, pedal steel, acoustic",chirp-v5,country
country,Americana,"Americana country, joyful atmosphere, featuring fingerstyle acoustic guitar with close-mic'ed vocal warmth","country, honky-tonk, classic",chirp-v5,country
country,alt-country,"alt-country, joyful atmosphere, featuring fingerstyle acoustic guitar with close-mic'ed vocal warmth","country, guitar, fiddle",chirp-v5,country
country,honky-tonk,"honky-tonk country, joyful atmosphere, featuring fingerstyle acoustic guitar with close-mic'ed vocal warmth","country, bluegrass, banjo",chirp-v5,country
country,red dirt country,"red dirt country, joyful atmosphere, featuring fingerstyle acoustic guitar with close-mic'ed vocal warmth","country, outlaw, Americana",chirp-v5,country
country,folk country,"folk country, joyful atmosphere, featuring fingerstyle acoustic guitar with close-mic'ed vocal warmth","country, pedal steel, acoustic",chirp-v5,country
country,country pop,"country pop, joyful atmosphere, featuring fingerstyle acoustic guitar with close-mic'ed vocal warmth","country, honky-tonk, classic",chirp-v5,country
country,classic country,"classic country, lonesome atmosphere, featuring fingerstyle acoustic guitar with close-mic'ed vocal warmth","country, guitar, fiddle",chirp-v5,country
country,outlaw country,"outlaw country, lonesome atmosphere, featuring fingerstyle acoustic guitar with close-mic'ed vocal warmth","country, bluegrass, banjo",chirp-v5,country
country,country rock,"country rock, lonesome atmosphere, featuring fingerstyle acoustic guitar with close-mic'ed vocal warmth","country, outlaw, Americana",chirp-v5,country
country,bluegrass,"bluegrass country, lonesome atmosphere, featuring fingerstyle acoustic guitar with close-mic'ed vocal warmth","country, pedal steel, acoustic",chirp-v5,country
country,Americana,"Americana country, lonesome atmosphere, featuring fingerstyle acoustic guitar with close-mic'ed vocal warmth","country, honky-tonk, classic",chirp-v5,country
country,alt-country,"alt-country, lonesome atmosphere, featuring fingerstyle acoustic guitar with close-mic'ed vocal warmth","country, guitar, fiddle",chirp-v5,country
country,honky-tonk,"honky-tonk country, lonesome atmosphere, featuring fingerstyle acoustic guitar with close-mic'ed vocal warmth","country, bluegrass, banjo",chirp-v5,country
country,red dirt country,"red dirt country, lonesome atmosphere, featuring fingerstyle acoustic guitar with close-mic'ed vocal warmth","country, outlaw, Americana",chirp-v5,country
country,folk country,"folk country, lonesome atmosphere, featuring fingerstyle acoustic guitar with close-mic'ed vocal warmth","country, pedal steel, acoustic",chirp-v5,country
country,country pop,"country pop, lonesome atmosphere, featuring fingerstyle acoustic guitar with close-mic'ed vocal warmth","country, honky-tonk, classic",chirp-v5,country
country,classic country,"classic country, celebratory atmosphere, featuring fingerstyle acoustic guitar with close-mic'ed vocal warmth","country, guitar, fiddle",chirp-v5,country
country,outlaw country,"outlaw country, celebratory atmosphere, featuring fingerstyle acoustic guitar with close-mic'ed vocal warmth","country, bluegrass, banjo",chirp-v5,country
country,country rock,"country rock, celebratory atmosphere, featuring fingerstyle acoustic guitar with close-mic'ed vocal warmth","country, outlaw, Americana",chirp-v5,country
country,bluegrass,"bluegrass country, celebratory atmosphere, featuring fingerstyle acoustic guitar with close-mic'ed vocal warmth","country, pedal steel, acoustic",chirp-v5,country
country,Americana,"Americana country, celebratory atmosphere, featuring fingerstyle acoustic guitar with close-mic'ed vocal warmth","country, honky-tonk, classic",chirp-v5,country
country,alt-country,"alt-country, celebratory atmosphere, featuring fingerstyle acoustic guitar with close-mic'ed vocal warmth","country, guitar, fiddle",chirp-v5,country
country,honky-tonk,"honky-tonk country, celebratory atmosphere, featuring fingerstyle acoustic guitar with close-mic'ed vocal warmth","country, bluegrass, banjo",chirp-v5,country
country,red dirt country,"red dirt country, celebratory atmosphere, featuring fingerstyle acoustic guitar with close-mic'ed vocal warmth","country, outlaw, Americana",chirp-v5,country
country,folk country,"folk country, celebratory atmosphere, featuring fingerstyle acoustic guitar with close-mic'ed vocal warmth","country, pedal steel, acoustic",chirp-v5,country
country,country pop,"country pop, celebratory atmosphere, featuring fingerstyle acoustic guitar with close-mic'ed vocal warmth","country, honky-tonk, classic",chirp-v5,country
country,classic country,"classic country, melancholic atmosphere, featuring fingerstyle acoustic guitar with close-mic'ed vocal warmth","country, guitar, fiddle",chirp-v5,country
country,outlaw country,"outlaw country, melancholic atmosphere, featuring fingerstyle acoustic guitar with close-mic'ed vocal warmth","country, bluegrass, banjo",chirp-v5,country
country,country rock,"country rock, melancholic atmosphere, featuring fingerstyle acoustic guitar with close-mic'ed vocal warmth","country, outlaw, Americana",chirp-v5,country
country,bluegrass,"bluegrass country, melancholic atmosphere, featuring fingerstyle acoustic guitar with close-mic'ed vocal warmth","country, pedal steel, acoustic",chirp-v5,country
country,Americana,"Americana country, melancholic atmosphere, featuring fingerstyle acoustic guitar with close-mic'ed vocal warmth","country, honky-tonk, classic",chirp-v5,country
country,alt-country,"alt-country, melancholic atmosphere, featuring fingerstyle acoustic guitar with close-mic'ed vocal warmth","country, guitar, fiddle",chirp-v5,country
country,honky-tonk,"honky-tonk country, melancholic atmosphere, featuring fingerstyle acoustic guitar with close-mic'ed vocal warmth","country, bluegrass, banjo",chirp-v5,country
country,red dirt country,"red dirt country, melancholic atmosphere, featuring fingerstyle acoustic guitar with close-mic'ed vocal warmth","country, outlaw, Americana",chirp-v5,country
country,folk country,"folk country, melancholic atmosphere, featuring fingerstyle acoustic guitar with close-mic'ed vocal warmth","country, pedal steel, acoustic",chirp-v5,country
country,country pop,"country pop, melancholic atmosphere, featuring fingerstyle acoustic guitar with close-mic'ed vocal warmth","country, honky-tonk, classic",chirp-v5,country
country,classic country,"classic country, earthy atmosphere, featuring fingerstyle acoustic guitar with close-mic'ed vocal warmth","country, guitar, fiddle",chirp-v5,country
country,outlaw country,"outlaw country, earthy atmosphere, featuring fingerstyle acoustic guitar with close-mic'ed vocal warmth","country, bluegrass, banjo",chirp-v5,country
country,country rock,"country rock, earthy atmosphere, featuring fingerstyle acoustic guitar with close-mic'ed vocal warmth","country, outlaw, Americana",chirp-v5,country
country,bluegrass,"bluegrass country, earthy atmosphere, featuring fingerstyle acoustic guitar with close-mic'ed vocal warmth","country, pedal steel, acoustic",chirp-v5,country
country,Americana,"Americana country, earthy atmosphere, featuring fingerstyle acoustic guitar with close-mic'ed vocal warmth","country, honky-tonk, classic",chirp-v5,country
country,alt-country,"alt-country, earthy atmosphere, featuring fingerstyle acoustic guitar with close-mic'ed vocal warmth","country, guitar, fiddle",chirp-v5,country
country,honky-tonk,"honky-tonk country, earthy atmosphere, featuring fingerstyle acoustic guitar with close-mic'ed vocal warmth","country, bluegrass, banjo",chirp-v5,country
country,red dirt country,"red dirt country, earthy atmosphere, featuring fingerstyle acoustic guitar with close-mic'ed vocal warmth","country, outlaw, Americana",chirp-v5,country
country,folk country,"folk country, earthy atmosphere, featuring fingerstyle acoustic guitar with close-mic'ed vocal warmth","country, pedal steel, acoustic",chirp-v5,country
country,country pop,"country pop, earthy atmosphere, featuring fingerstyle acoustic guitar with close-mic'ed vocal warmth","country, honky-tonk, classic",chirp-v5,country
country,classic country,"classic country, sentimental atmosphere, featuring fingerstyle acoustic guitar with close-mic'ed vocal warmth","country, guitar, fiddle",chirp-v5,country
country,outlaw country,"outlaw country, sentimental atmosphere, featuring fingerstyle acoustic guitar with close-mic'ed vocal warmth","country, bluegrass, banjo",chirp-v5,country
country,country rock,"country rock, sentimental atmosphere, featuring fingerstyle acoustic guitar with close-mic'ed vocal warmth","country, outlaw, Americana",chirp-v5,country
country,bluegrass,"bluegrass country, sentimental atmosphere, featuring fingerstyle acoustic guitar with close-mic'ed vocal warmth","country, pedal steel, acoustic",chirp-v5,country
country,Americana,"Americana country, sentimental atmosphere, featuring fingerstyle acoustic guitar with close-mic'ed vocal warmth","country, honky-tonk, classic",chirp-v5,country
country,alt-country,"alt-country, sentimental atmosphere, featuring fingerstyle acoustic guitar with close-mic'ed vocal warmth","country, guitar, fiddle",chirp-v5,country
country,honky-tonk,"honky-tonk country, sentimental atmosphere, featuring fingerstyle acoustic guitar with close-mic'ed vocal warmth","country, bluegrass, banjo",chirp-v5,country
country,red dirt country,"red dirt country, sentimental atmosphere, featuring fingerstyle acoustic guitar with close-mic'ed vocal warmth","country, outlaw, Americana",chirp-v5,country
country,folk country,"folk country, sentimental atmosphere, featuring fingerstyle acoustic guitar with close-mic'ed vocal warmth","country, pedal steel, acoustic",chirp-v5,country
country,country pop,"country pop, sentimental atmosphere, featuring fingerstyle acoustic guitar with close-mic'ed vocal warmth","country, honky-tonk, classic",chirp-v5,country
country,classic country,"classic country, defiant atmosphere, featuring fingerstyle acoustic guitar with close-mic'ed vocal warmth","country, guitar, fiddle",chirp-v5,country
country,outlaw country,"outlaw country, defiant atmosphere, featuring fingerstyle acoustic guitar with close-mic'ed vocal warmth","country, bluegrass, banjo",chirp-v5,country
country,country rock,"country rock, defiant atmosphere, featuring fingerstyle acoustic guitar with close-mic'ed vocal warmth","country, outlaw, Americana",chirp-v5,country
country,bluegrass,"bluegrass country, defiant atmosphere, featuring fingerstyle acoustic guitar with close-mic'ed vocal warmth","country, pedal steel, acoustic",chirp-v5,country
country,Americana,"Americana country, defiant atmosphere, featuring fingerstyle acoustic guitar with close-mic'ed vocal warmth","country, honky-tonk, classic",chirp-v5,country
country,alt-country,"alt-country, defiant atmosphere, featuring fingerstyle acoustic guitar with close-mic'ed vocal warmth","country, guitar, fiddle",chirp-v5,country
country,honky-tonk,"honky-tonk country, defiant atmosphere, featuring fingerstyle acoustic guitar with close-mic'ed vocal warmth","country, bluegrass, banjo",chirp-v5,country
country,red dirt country,"red dirt country, defiant atmosphere, featuring fingerstyle acoustic guitar with close-mic'ed vocal warmth","country, outlaw, Americana",chirp-v5,country
country,folk country,"folk country, defiant atmosphere, featuring fingerstyle acoustic guitar with close-mic'ed vocal warmth","country, pedal steel, acoustic",chirp-v5,country
country,country pop,"country pop, defiant atmosphere, featuring fingerstyle acoustic guitar with close-mic'ed vocal warmth","country, honky-tonk, classic",chirp-v5,country
country,classic country,"classic country, nostalgic atmosphere, featuring country-rock electric guitar over a driving 4/4 backbeat","country, guitar, fiddle",chirp-v5,country
country,outlaw country,"outlaw country, nostalgic atmosphere, featuring country-rock electric guitar over a driving 4/4 backbeat","country, bluegrass, banjo",chirp-v5,country
country,country rock,"country rock, nostalgic atmosphere, featuring country-rock electric guitar over a driving 4/4 backbeat","country, outlaw, Americana",chirp-v5,country
country,bluegrass,"bluegrass country, nostalgic atmosphere, featuring country-rock electric guitar over a driving 4/4 backbeat","country, pedal steel, acoustic",chirp-v5,country
country,Americana,"Americana country, nostalgic atmosphere, featuring country-rock electric guitar over a driving 4/4 backbeat","country, honky-tonk, classic",chirp-v5,country
country,alt-country,"alt-country, nostalgic atmosphere, featuring country-rock electric guitar over a driving 4/4 backbeat","country, guitar, fiddle",chirp-v5,country
country,honky-tonk,"honky-tonk country, nostalgic atmosphere, featuring country-rock electric guitar over a driving 4/4 backbeat","country, bluegrass, banjo",chirp-v5,country
country,red dirt country,"red dirt country, nostalgic atmosphere, featuring country-rock electric guitar over a driving 4/4 backbeat","country, outlaw, Americana",chirp-v5,country
country,folk country,"folk country, nostalgic atmosphere, featuring country-rock electric guitar over a driving 4/4 backbeat","country, pedal steel, acoustic",chirp-v5,country
country,country pop,"country pop, nostalgic atmosphere, featuring country-rock electric guitar over a driving 4/4 backbeat","country, honky-tonk, classic",chirp-v5,country
country,classic country,"classic country, heartfelt atmosphere, featuring country-rock electric guitar over a driving 4/4 backbeat","country, guitar, fiddle",chirp-v5,country
country,outlaw country,"outlaw country, heartfelt atmosphere, featuring country-rock electric guitar over a driving 4/4 backbeat","country, bluegrass, banjo",chirp-v5,country
country,country rock,"country rock, heartfelt atmosphere, featuring country-rock electric guitar over a driving 4/4 backbeat","country, outlaw, Americana",chirp-v5,country
country,bluegrass,"bluegrass country, heartfelt atmosphere, featuring country-rock electric guitar over a driving 4/4 backbeat","country, pedal steel, acoustic",chirp-v5,country
country,Americana,"Americana country, heartfelt atmosphere, featuring country-rock electric guitar over a driving 4/4 backbeat","country, honky-tonk, classic",chirp-v5,country
country,alt-country,"alt-country, heartfelt atmosphere, featuring country-rock electric guitar over a driving 4/4 backbeat","country, guitar, fiddle",chirp-v5,country
country,honky-tonk,"honky-tonk country, heartfelt atmosphere, featuring country-rock electric guitar over a driving 4/4 backbeat","country, bluegrass, banjo",chirp-v5,country
country,red dirt country,"red dirt country, heartfelt atmosphere, featuring country-rock electric guitar over a driving 4/4 backbeat","country, outlaw, Americana",chirp-v5,country
country,folk country,"folk country, heartfelt atmosphere, featuring country-rock electric guitar over a driving 4/4 backbeat","country, pedal steel, acoustic",chirp-v5,country
country,country pop,"country pop, heartfelt atmosphere, featuring country-rock electric guitar over a driving 4/4 backbeat","country, honky-tonk, classic",chirp-v5,country
country,classic country,"classic country, bittersweet atmosphere, featuring country-rock electric guitar over a driving 4/4 backbeat","country, guitar, fiddle",chirp-v5,country
country,outlaw country,"outlaw country, bittersweet atmosphere, featuring country-rock electric guitar over a driving 4/4 backbeat","country, bluegrass, banjo",chirp-v5,country
country,country rock,"country rock, bittersweet atmosphere, featuring country-rock electric guitar over a driving 4/4 backbeat","country, outlaw, Americana",chirp-v5,country
country,bluegrass,"bluegrass country, bittersweet atmosphere, featuring country-rock electric guitar over a driving 4/4 backbeat","country, pedal steel, acoustic",chirp-v5,country
country,Americana,"Americana country, bittersweet atmosphere, featuring country-rock electric guitar over a driving 4/4 backbeat","country, honky-tonk, classic",chirp-v5,country
country,alt-country,"alt-country, bittersweet atmosphere, featuring country-rock electric guitar over a driving 4/4 backbeat","country, guitar, fiddle",chirp-v5,country
country,honky-tonk,"honky-tonk country, bittersweet atmosphere, featuring country-rock electric guitar over a driving 4/4 backbeat","country, bluegrass, banjo",chirp-v5,country
country,red dirt country,"red dirt country, bittersweet atmosphere, featuring country-rock electric guitar over a driving 4/4 backbeat","country, outlaw, Americana",chirp-v5,country
country,folk country,"folk country, bittersweet atmosphere, featuring country-rock electric guitar over a driving 4/4 backbeat","country, pedal steel, acoustic",chirp-v5,country
country,country pop,"country pop, bittersweet atmosphere, featuring country-rock electric guitar over a driving 4/4 backbeat","country, honky-tonk, classic",chirp-v5,country
country,classic country,"classic country, joyful atmosphere, featuring country-rock electric guitar over a driving 4/4 backbeat","country, guitar, fiddle",chirp-v5,country
country,outlaw country,"outlaw country, joyful atmosphere, featuring country-rock electric guitar over a driving 4/4 backbeat","country, bluegrass, banjo",chirp-v5,country
country,country rock,"country rock, joyful atmosphere, featuring country-rock electric guitar over a driving 4/4 backbeat","country, outlaw, Americana",chirp-v5,country
country,bluegrass,"bluegrass country, joyful atmosphere, featuring country-rock electric guitar over a driving 4/4 backbeat","country, pedal steel, acoustic",chirp-v5,country
country,Americana,"Americana country, joyful atmosphere, featuring country-rock electric guitar over a driving 4/4 backbeat","country, honky-tonk, classic",chirp-v5,country
country,alt-country,"alt-country, joyful atmosphere, featuring country-rock electric guitar over a driving 4/4 backbeat","country, guitar, fiddle",chirp-v5,country
country,honky-tonk,"honky-tonk country, joyful atmosphere, featuring country-rock electric guitar over a driving 4/4 backbeat","country, bluegrass, banjo",chirp-v5,country
country,red dirt country,"red dirt country, joyful atmosphere, featuring country-rock electric guitar over a driving 4/4 backbeat","country, outlaw, Americana",chirp-v5,country
country,folk country,"folk country, joyful atmosphere, featuring country-rock electric guitar over a driving 4/4 backbeat","country, pedal steel, acoustic",chirp-v5,country
country,country pop,"country pop, joyful atmosphere, featuring country-rock electric guitar over a driving 4/4 backbeat","country, honky-tonk, classic",chirp-v5,country
country,classic country,"classic country, lonesome atmosphere, featuring country-rock electric guitar over a driving 4/4 backbeat","country, guitar, fiddle",chirp-v5,country
country,outlaw country,"outlaw country, lonesome atmosphere, featuring country-rock electric guitar over a driving 4/4 backbeat","country, bluegrass, banjo",chirp-v5,country
country,country rock,"country rock, lonesome atmosphere, featuring country-rock electric guitar over a driving 4/4 backbeat","country, outlaw, Americana",chirp-v5,country
country,bluegrass,"bluegrass country, lonesome atmosphere, featuring country-rock electric guitar over a driving 4/4 backbeat","country, pedal steel, acoustic",chirp-v5,country
country,Americana,"Americana country, lonesome atmosphere, featuring country-rock electric guitar over a driving 4/4 backbeat","country, honky-tonk, classic",chirp-v5,country
country,alt-country,"alt-country, lonesome atmosphere, featuring country-rock electric guitar over a driving 4/4 backbeat","country, guitar, fiddle",chirp-v5,country
country,honky-tonk,"honky-tonk country, lonesome atmosphere, featuring country-rock electric guitar over a driving 4/4 backbeat","country, bluegrass, banjo",chirp-v5,country
country,red dirt country,"red dirt country, lonesome atmosphere, featuring country-rock electric guitar over a driving 4/4 backbeat","country, outlaw, Americana",chirp-v5,country
country,folk country,"folk country, lonesome atmosphere, featuring country-rock electric guitar over a driving 4/4 backbeat","country, pedal steel, acoustic",chirp-v5,country
country,country pop,"country pop, lonesome atmosphere, featuring country-rock electric guitar over a driving 4/4 backbeat","country, honky-tonk, classic",chirp-v5,country
country,classic country,"classic country, celebratory atmosphere, featuring country-rock electric guitar over a driving 4/4 backbeat","country, guitar, fiddle",chirp-v5,country
country,outlaw country,"outlaw country, celebratory atmosphere, featuring country-rock electric guitar over a driving 4/4 backbeat","country, bluegrass, banjo",chirp-v5,country
country,country rock,"country rock, celebratory atmosphere, featuring country-rock electric guitar over a driving 4/4 backbeat","country, outlaw, Americana",chirp-v5,country
country,bluegrass,"bluegrass country, celebratory atmosphere, featuring country-rock electric guitar over a driving 4/4 backbeat","country, pedal steel, acoustic",chirp-v5,country
country,Americana,"Americana country, celebratory atmosphere, featuring country-rock electric guitar over a driving 4/4 backbeat","country, honky-tonk, classic",chirp-v5,country
country,alt-country,"alt-country, celebratory atmosphere, featuring country-rock electric guitar over a driving 4/4 backbeat","country, guitar, fiddle",chirp-v5,country
country,honky-tonk,"honky-tonk country, celebratory atmosphere, featuring country-rock electric guitar over a driving 4/4 backbeat","country, bluegrass, banjo",chirp-v5,country
country,red dirt country,"red dirt country, celebratory atmosphere, featuring country-rock electric guitar over a driving 4/4 backbeat","country, outlaw, Americana",chirp-v5,country
country,folk country,"folk country, celebratory atmosphere, featuring country-rock electric guitar over a driving 4/4 backbeat","country, pedal steel, acoustic",chirp-v5,country
country,country pop,"country pop, celebratory atmosphere, featuring country-rock electric guitar over a driving 4/4 backbeat","country, honky-tonk, classic",chirp-v5,country
country,classic country,"classic country, melancholic atmosphere, featuring country-rock electric guitar over a driving 4/4 backbeat","country, guitar, fiddle",chirp-v5,country
country,outlaw country,"outlaw country, melancholic atmosphere, featuring country-rock electric guitar over a driving 4/4 backbeat","country, bluegrass, banjo",chirp-v5,country
country,country rock,"country rock, melancholic atmosphere, featuring country-rock electric guitar over a driving 4/4 backbeat","country, outlaw, Americana",chirp-v5,country
country,bluegrass,"bluegrass country, melancholic atmosphere, featuring country-rock electric guitar over a driving 4/4 backbeat","country, pedal steel, acoustic",chirp-v5,country
country,Americana,"Americana country, melancholic atmosphere, featuring country-rock electric guitar over a driving 4/4 backbeat","country, honky-tonk, classic",chirp-v5,country
country,alt-country,"alt-country, melancholic atmosphere, featuring country-rock electric guitar over a driving 4/4 backbeat","country, guitar, fiddle",chirp-v5,country
country,honky-tonk,"honky-tonk country, melancholic atmosphere, featuring country-rock electric guitar over a driving 4/4 backbeat","country, bluegrass, banjo",chirp-v5,country
country,red dirt country,"red dirt country, melancholic atmosphere, featuring country-rock electric guitar over a driving 4/4 backbeat","country, outlaw, Americana",chirp-v5,country
country,folk country,"folk country, melancholic atmosphere, featuring country-rock electric guitar over a driving 4/4 backbeat","country, pedal steel, acoustic",chirp-v5,country
country,country pop,"country pop, melancholic atmosphere, featuring country-rock electric guitar over a driving 4/4 backbeat","country, honky-tonk, classic",chirp-v5,country
country,classic country,"classic country, earthy atmosphere, featuring country-rock electric guitar over a driving 4/4 backbeat","country, guitar, fiddle",chirp-v5,country
country,outlaw country,"outlaw country, earthy atmosphere, featuring country-rock electric guitar over a driving 4/4 backbeat","country, bluegrass, banjo",chirp-v5,country
country,country rock,"country rock, earthy atmosphere, featuring country-rock electric guitar over a driving 4/4 backbeat","country, outlaw, Americana",chirp-v5,country
country,bluegrass,"bluegrass country, earthy atmosphere, featuring country-rock electric guitar over a driving 4/4 backbeat","country, pedal steel, acoustic",chirp-v5,country
country,Americana,"Americana country, earthy atmosphere, featuring country-rock electric guitar over a driving 4/4 backbeat","country, honky-tonk, classic",chirp-v5,country
country,alt-country,"alt-country, earthy atmosphere, featuring country-rock electric guitar over a driving 4/4 backbeat","country, guitar, fiddle",chirp-v5,country
country,honky-tonk,"honky-tonk country, earthy atmosphere, featuring country-rock electric guitar over a driving 4/4 backbeat","country, bluegrass, banjo",chirp-v5,country
country,red dirt country,"red dirt country, earthy atmosphere, featuring country-rock electric guitar over a driving 4/4 backbeat","country, outlaw, Americana",chirp-v5,country
country,folk country,"folk country, earthy atmosphere, featuring country-rock electric guitar over a driving 4/4 backbeat","country, pedal steel, acoustic",chirp-v5,country
country,country pop,"country pop, earthy atmosphere, featuring country-rock electric guitar over a driving 4/4 backbeat","country, honky-tonk, classic",chirp-v5,country
country,classic country,"classic country, sentimental atmosphere, featuring country-rock electric guitar over a driving 4/4 backbeat","country, guitar, fiddle",chirp-v5,country
country,outlaw country,"outlaw country, sentimental atmosphere, featuring country-rock electric guitar over a driving 4/4 backbeat","country, bluegrass, banjo",chirp-v5,country
country,country rock,"country rock, sentimental atmosphere, featuring country-rock electric guitar over a driving 4/4 backbeat","country, outlaw, Americana",chirp-v5,country
country,bluegrass,"bluegrass country, sentimental atmosphere, featuring country-rock electric guitar over a driving 4/4 backbeat","country, pedal steel, acoustic",chirp-v5,country
country,Americana,"Americana country, sentimental atmosphere, featuring country-rock electric guitar over a driving 4/4 backbeat","country, honky-tonk, classic",chirp-v5,country
country,alt-country,"alt-country, sentimental atmosphere, featuring country-rock electric guitar over a driving 4/4 backbeat","country, guitar, fiddle",chirp-v5,country
country,honky-tonk,"honky-tonk country, sentimental atmosphere, featuring country-rock electric guitar over a driving 4/4 backbeat","country, bluegrass, banjo",chirp-v5,country
country,red dirt country,"red dirt country, sentimental atmosphere, featuring country-rock electric guitar over a driving 4/4 backbeat","country, outlaw, Americana",chirp-v5,country
country,folk country,"folk country, sentimental atmosphere, featuring country-rock electric guitar over a driving 4/4 backbeat","country, pedal steel, acoustic",chirp-v5,country
country,country pop,"country pop, sentimental atmosphere, featuring country-rock electric guitar over a driving 4/4 backbeat","country, honky-tonk, classic",chirp-v5,country
country,classic country,"classic country, defiant atmosphere, featuring country-rock electric guitar over a driving 4/4 backbeat","country, guitar, fiddle",chirp-v5,country
country,outlaw country,"outlaw country, defiant atmosphere, featuring country-rock electric guitar over a driving 4/4 backbeat","country, bluegrass, banjo",chirp-v5,country
country,country rock,"country rock, defiant atmosphere, featuring country-rock electric guitar over a driving 4/4 backbeat","country, outlaw, Americana",chirp-v5,country
country,bluegrass,"bluegrass country, defiant atmosphere, featuring country-rock electric guitar over a driving 4/4 backbeat","country, pedal steel, acoustic",chirp-v5,country
country,Americana,"Americana country, defiant atmosphere, featuring country-rock electric guitar over a driving 4/4 backbeat","country, honky-tonk, classic",chirp-v5,country
country,alt-country,"alt-country, defiant atmosphere, featuring country-rock electric guitar over a driving 4/4 backbeat","country, guitar, fiddle",chirp-v5,country
country,honky-tonk,"honky-tonk country, defiant atmosphere, featuring country-rock electric guitar over a driving 4/4 backbeat","country, bluegrass, banjo",chirp-v5,country
country,red dirt country,"red dirt country, defiant atmosphere, featuring country-rock electric guitar over a driving 4/4 backbeat","country, outlaw, Americana",chirp-v5,country
country,folk country,"folk country, defiant atmosphere, featuring country-rock electric guitar over a driving 4/4 backbeat","country, pedal steel, acoustic",chirp-v5,country
country,country pop,"country pop, defiant atmosphere, featuring country-rock electric guitar over a driving 4/4 backbeat","country, honky-tonk, classic",chirp-v5,country
country,classic country,"classic country, nostalgic atmosphere, featuring bluegrass flat-picking with rapid-fire banjo rolls","country, guitar, fiddle",chirp-v5,country
country,outlaw country,"outlaw country, nostalgic atmosphere, featuring bluegrass flat-picking with rapid-fire banjo rolls","country, bluegrass, banjo",chirp-v5,country
country,country rock,"country rock, nostalgic atmosphere, featuring bluegrass flat-picking with rapid-fire banjo rolls","country, outlaw, Americana",chirp-v5,country
country,bluegrass,"bluegrass country, nostalgic atmosphere, featuring bluegrass flat-picking with rapid-fire banjo rolls","country, pedal steel, acoustic",chirp-v5,country
country,Americana,"Americana country, nostalgic atmosphere, featuring bluegrass flat-picking with rapid-fire banjo rolls","country, honky-tonk, classic",chirp-v5,country
country,alt-country,"alt-country, nostalgic atmosphere, featuring bluegrass flat-picking with rapid-fire banjo rolls","country, guitar, fiddle",chirp-v5,country
country,honky-tonk,"honky-tonk country, nostalgic atmosphere, featuring bluegrass flat-picking with rapid-fire banjo rolls","country, bluegrass, banjo",chirp-v5,country
country,red dirt country,"red dirt country, nostalgic atmosphere, featuring bluegrass flat-picking with rapid-fire banjo rolls","country, outlaw, Americana",chirp-v5,country
country,folk country,"folk country, nostalgic atmosphere, featuring bluegrass flat-picking with rapid-fire banjo rolls","country, pedal steel, acoustic",chirp-v5,country
country,country pop,"country pop, nostalgic atmosphere, featuring bluegrass flat-picking with rapid-fire banjo rolls","country, honky-tonk, classic",chirp-v5,country
country,classic country,"classic country, heartfelt atmosphere, featuring bluegrass flat-picking with rapid-fire banjo rolls","country, guitar, fiddle",chirp-v5,country
country,outlaw country,"outlaw country, heartfelt atmosphere, featuring bluegrass flat-picking with rapid-fire banjo rolls","country, bluegrass, banjo",chirp-v5,country
country,country rock,"country rock, heartfelt atmosphere, featuring bluegrass flat-picking with rapid-fire banjo rolls","country, outlaw, Americana",chirp-v5,country
country,bluegrass,"bluegrass country, heartfelt atmosphere, featuring bluegrass flat-picking with rapid-fire banjo rolls","country, pedal steel, acoustic",chirp-v5,country
country,Americana,"Americana country, heartfelt atmosphere, featuring bluegrass flat-picking with rapid-fire banjo rolls","country, honky-tonk, classic",chirp-v5,country
country,alt-country,"alt-country, heartfelt atmosphere, featuring bluegrass flat-picking with rapid-fire banjo rolls","country, guitar, fiddle",chirp-v5,country
country,honky-tonk,"honky-tonk country, heartfelt atmosphere, featuring bluegrass flat-picking with rapid-fire banjo rolls","country, bluegrass, banjo",chirp-v5,country
country,red dirt country,"red dirt country, heartfelt atmosphere, featuring bluegrass flat-picking with rapid-fire banjo rolls","country, outlaw, Americana",chirp-v5,country
country,folk country,"folk country, heartfelt atmosphere, featuring bluegrass flat-picking with rapid-fire banjo rolls","country, pedal steel, acoustic",chirp-v5,country
country,country pop,"country pop, heartfelt atmosphere, featuring bluegrass flat-picking with rapid-fire banjo rolls","country, honky-tonk, classic",chirp-v5,country
country,classic country,"classic country, bittersweet atmosphere, featuring bluegrass flat-picking with rapid-fire banjo rolls","country, guitar, fiddle",chirp-v5,country
country,outlaw country,"outlaw country, bittersweet atmosphere, featuring bluegrass flat-picking with rapid-fire banjo rolls","country, bluegrass, banjo",chirp-v5,country
country,country rock,"country rock, bittersweet atmosphere, featuring bluegrass flat-picking with rapid-fire banjo rolls","country, outlaw, Americana",chirp-v5,country
country,bluegrass,"bluegrass country, bittersweet atmosphere, featuring bluegrass flat-picking with rapid-fire banjo rolls","country, pedal steel, acoustic",chirp-v5,country
country,Americana,"Americana country, bittersweet atmosphere, featuring bluegrass flat-picking with rapid-fire banjo rolls","country, honky-tonk, classic",chirp-v5,country
country,alt-country,"alt-country, bittersweet atmosphere, featuring bluegrass flat-picking with rapid-fire banjo rolls","country, guitar, fiddle",chirp-v5,country
country,honky-tonk,"honky-tonk country, bittersweet atmosphere, featuring bluegrass flat-picking with rapid-fire banjo rolls","country, bluegrass, banjo",chirp-v5,country
country,red dirt country,"red dirt country, bittersweet atmosphere, featuring bluegrass flat-picking with rapid-fire banjo rolls","country, outlaw, Americana",chirp-v5,country
country,folk country,"folk country, bittersweet atmosphere, featuring bluegrass flat-picking with rapid-fire banjo rolls","country, pedal steel, acoustic",chirp-v5,country
country,country pop,"country pop, bittersweet atmosphere, featuring bluegrass flat-picking with rapid-fire banjo rolls","country, honky-tonk, classic",chirp-v5,country
country,classic country,"classic country, joyful atmosphere, featuring bluegrass flat-picking with rapid-fire banjo rolls","country, guitar, fiddle",chirp-v5,country
country,outlaw country,"outlaw country, joyful atmosphere, featuring bluegrass flat-picking with rapid-fire banjo rolls","country, bluegrass, banjo",chirp-v5,country
country,country rock,"country rock, joyful atmosphere, featuring bluegrass flat-picking with rapid-fire banjo rolls","country, outlaw, Americana",chirp-v5,country
country,bluegrass,"bluegrass country, joyful atmosphere, featuring bluegrass flat-picking with rapid-fire banjo rolls","country, pedal steel, acoustic",chirp-v5,country
country,Americana,"Americana country, joyful atmosphere, featuring bluegrass flat-picking with rapid-fire banjo rolls","country, honky-tonk, classic",chirp-v5,country
country,alt-country,"alt-country, joyful atmosphere, featuring bluegrass flat-picking with rapid-fire banjo rolls","country, guitar, fiddle",chirp-v5,country
country,honky-tonk,"honky-tonk country, joyful atmosphere, featuring bluegrass flat-picking with rapid-fire banjo rolls","country, bluegrass, banjo",chirp-v5,country
country,red dirt country,"red dirt country, joyful atmosphere, featuring bluegrass flat-picking with rapid-fire banjo rolls","country, outlaw, Americana",chirp-v5,country
country,folk country,"folk country, joyful atmosphere, featuring bluegrass flat-picking with rapid-fire banjo rolls","country, pedal steel, acoustic",chirp-v5,country
country,country pop,"country pop, joyful atmosphere, featuring bluegrass flat-picking with rapid-fire banjo rolls","country, honky-tonk, classic",chirp-v5,country
country,classic country,"classic country, lonesome atmosphere, featuring bluegrass flat-picking with rapid-fire banjo rolls","country, guitar, fiddle",chirp-v5,country
country,outlaw country,"outlaw country, lonesome atmosphere, featuring bluegrass flat-picking with rapid-fire banjo rolls","country, bluegrass, banjo",chirp-v5,country
country,country rock,"country rock, lonesome atmosphere, featuring bluegrass flat-picking with rapid-fire banjo rolls","country, outlaw, Americana",chirp-v5,country
country,bluegrass,"bluegrass country, lonesome atmosphere, featuring bluegrass flat-picking with rapid-fire banjo rolls","country, pedal steel, acoustic",chirp-v5,country
country,Americana,"Americana country, lonesome atmosphere, featuring bluegrass flat-picking with rapid-fire banjo rolls","country, honky-tonk, classic",chirp-v5,country
country,alt-country,"alt-country, lonesome atmosphere, featuring bluegrass flat-picking with rapid-fire banjo rolls","country, guitar, fiddle",chirp-v5,country
country,honky-tonk,"honky-tonk country, lonesome atmosphere, featuring bluegrass flat-picking with rapid-fire banjo rolls","country, bluegrass, banjo",chirp-v5,country
country,red dirt country,"red dirt country, lonesome atmosphere, featuring bluegrass flat-picking with rapid-fire banjo rolls","country, outlaw, Americana",chirp-v5,country
country,folk country,"folk country, lonesome atmosphere, featuring bluegrass flat-picking with rapid-fire banjo rolls","country, pedal steel, acoustic",chirp-v5,country
country,country pop,"country pop, lonesome atmosphere, featuring bluegrass flat-picking with rapid-fire banjo rolls","country, honky-tonk, classic",chirp-v5,country
country,classic country,"classic country, celebratory atmosphere, featuring bluegrass flat-picking with rapid-fire banjo rolls","country, guitar, fiddle",chirp-v5,country
country,outlaw country,"outlaw country, celebratory atmosphere, featuring bluegrass flat-picking with rapid-fire banjo rolls","country, bluegrass, banjo",chirp-v5,country
country,country rock,"country rock, celebratory atmosphere, featuring bluegrass flat-picking with rapid-fire banjo rolls","country, outlaw, Americana",chirp-v5,country
country,bluegrass,"bluegrass country, celebratory atmosphere, featuring bluegrass flat-picking with rapid-fire banjo rolls","country, pedal steel, acoustic",chirp-v5,country
country,Americana,"Americana country, celebratory atmosphere, featuring bluegrass flat-picking with rapid-fire banjo rolls","country, honky-tonk, classic",chirp-v5,country
country,alt-country,"alt-country, celebratory atmosphere, featuring bluegrass flat-picking with rapid-fire banjo rolls","country, guitar, fiddle",chirp-v5,country
country,honky-tonk,"honky-tonk country, celebratory atmosphere, featuring bluegrass flat-picking with rapid-fire banjo rolls","country, bluegrass, banjo",chirp-v5,country
country,red dirt country,"red dirt country, celebratory atmosphere, featuring bluegrass flat-picking with rapid-fire banjo rolls","country, outlaw, Americana",chirp-v5,country
country,folk country,"folk country, celebratory atmosphere, featuring bluegrass flat-picking with rapid-fire banjo rolls","country, pedal steel, acoustic",chirp-v5,country
country,country pop,"country pop, celebratory atmosphere, featuring bluegrass flat-picking with rapid-fire banjo rolls","country, honky-tonk, classic",chirp-v5,country
country,classic country,"classic country, melancholic atmosphere, featuring bluegrass flat-picking with rapid-fire banjo rolls","country, guitar, fiddle",chirp-v5,country
country,outlaw country,"outlaw country, melancholic atmosphere, featuring bluegrass flat-picking with rapid-fire banjo rolls","country, bluegrass, banjo",chirp-v5,country
country,country rock,"country rock, melancholic atmosphere, featuring bluegrass flat-picking with rapid-fire banjo rolls","country, outlaw, Americana",chirp-v5,country
country,bluegrass,"bluegrass country, melancholic atmosphere, featuring bluegrass flat-picking with rapid-fire banjo rolls","country, pedal steel, acoustic",chirp-v5,country
country,Americana,"Americana country, melancholic atmosphere, featuring bluegrass flat-picking with rapid-fire banjo rolls","country, honky-tonk, classic",chirp-v5,country
country,alt-country,"alt-country, melancholic atmosphere, featuring bluegrass flat-picking with rapid-fire banjo rolls","country, guitar, fiddle",chirp-v5,country
country,honky-tonk,"honky-tonk country, melancholic atmosphere, featuring bluegrass flat-picking with rapid-fire banjo rolls","country, bluegrass, banjo",chirp-v5,country
country,red dirt country,"red dirt country, melancholic atmosphere, featuring bluegrass flat-picking with rapid-fire banjo rolls","country, outlaw, Americana",chirp-v5,country
country,folk country,"folk country, melancholic atmosphere, featuring bluegrass flat-picking with rapid-fire banjo rolls","country, pedal steel, acoustic",chirp-v5,country
country,country pop,"country pop, melancholic atmosphere, featuring bluegrass flat-picking with rapid-fire banjo rolls","country, honky-tonk, classic",chirp-v5,country
country,classic country,"classic country, earthy atmosphere, featuring bluegrass flat-picking with rapid-fire banjo rolls","country, guitar, fiddle",chirp-v5,country
country,outlaw country,"outlaw country, earthy atmosphere, featuring bluegrass flat-picking with rapid-fire banjo rolls","country, bluegrass, banjo",chirp-v5,country
country,country rock,"country rock, earthy atmosphere, featuring bluegrass flat-picking with rapid-fire banjo rolls","country, outlaw, Americana",chirp-v5,country
country,bluegrass,"bluegrass country, earthy atmosphere, featuring bluegrass flat-picking with rapid-fire banjo rolls","country, pedal steel, acoustic",chirp-v5,country
country,Americana,"Americana country, earthy atmosphere, featuring bluegrass flat-picking with rapid-fire banjo rolls","country, honky-tonk, classic",chirp-v5,country
country,alt-country,"alt-country, earthy atmosphere, featuring bluegrass flat-picking with rapid-fire banjo rolls","country, guitar, fiddle",chirp-v5,country
country,honky-tonk,"honky-tonk country, earthy atmosphere, featuring bluegrass flat-picking with rapid-fire banjo rolls","country, bluegrass, banjo",chirp-v5,country
country,red dirt country,"red dirt country, earthy atmosphere, featuring bluegrass flat-picking with rapid-fire banjo rolls","country, outlaw, Americana",chirp-v5,country
country,folk country,"folk country, earthy atmosphere, featuring bluegrass flat-picking with rapid-fire banjo rolls","country, pedal steel, acoustic",chirp-v5,country
country,country pop,"country pop, earthy atmosphere, featuring bluegrass flat-picking with rapid-fire banjo rolls","country, honky-tonk, classic",chirp-v5,country
country,classic country,"classic country, sentimental atmosphere, featuring bluegrass flat-picking with rapid-fire banjo rolls","country, guitar, fiddle",chirp-v5,country
country,outlaw country,"outlaw country, sentimental atmosphere, featuring bluegrass flat-picking with rapid-fire banjo rolls","country, bluegrass, banjo",chirp-v5,country
country,country rock,"country rock, sentimental atmosphere, featuring bluegrass flat-picking with rapid-fire banjo rolls","country, outlaw, Americana",chirp-v5,country
country,bluegrass,"bluegrass country, sentimental atmosphere, featuring bluegrass flat-picking with rapid-fire banjo rolls","country, pedal steel, acoustic",chirp-v5,country
country,Americana,"Americana country, sentimental atmosphere, featuring bluegrass flat-picking with rapid-fire banjo rolls","country, honky-tonk, classic",chirp-v5,country
country,alt-country,"alt-country, sentimental atmosphere, featuring bluegrass flat-picking with rapid-fire banjo rolls","country, guitar, fiddle",chirp-v5,country
country,honky-tonk,"honky-tonk country, sentimental atmosphere, featuring bluegrass flat-picking with rapid-fire banjo rolls","country, bluegrass, banjo",chirp-v5,country
country,red dirt country,"red dirt country, sentimental atmosphere, featuring bluegrass flat-picking with rapid-fire banjo rolls","country, outlaw, Americana",chirp-v5,country
country,folk country,"folk country, sentimental atmosphere, featuring bluegrass flat-picking with rapid-fire banjo rolls","country, pedal steel, acoustic",chirp-v5,country
country,country pop,"country pop, sentimental atmosphere, featuring bluegrass flat-picking with rapid-fire banjo rolls","country, honky-tonk, classic",chirp-v5,country
country,classic country,"classic country, defiant atmosphere, featuring bluegrass flat-picking with rapid-fire banjo rolls","country, guitar, fiddle",chirp-v5,country
country,outlaw country,"outlaw country, defiant atmosphere, featuring bluegrass flat-picking with rapid-fire banjo rolls","country, bluegrass, banjo",chirp-v5,country
country,country rock,"country rock, defiant atmosphere, featuring bluegrass flat-picking with rapid-fire banjo rolls","country, outlaw, Americana",chirp-v5,country
country,bluegrass,"bluegrass country, defiant atmosphere, featuring bluegrass flat-picking with rapid-fire banjo rolls","country, pedal steel, acoustic",chirp-v5,country
country,Americana,"Americana country, defiant atmosphere, featuring bluegrass flat-picking with rapid-fire banjo rolls","country, honky-tonk, classic",chirp-v5,country
country,alt-country,"alt-country, defiant atmosphere, featuring bluegrass flat-picking with rapid-fire banjo rolls","country, guitar, fiddle",chirp-v5,country
country,honky-tonk,"honky-tonk country, defiant atmosphere, featuring bluegrass flat-picking with rapid-fire banjo rolls","country, bluegrass, banjo",chirp-v5,country
country,red dirt country,"red dirt country, defiant atmosphere, featuring bluegrass flat-picking with rapid-fire banjo rolls","country, outlaw, Americana",chirp-v5,country
country,folk country,"folk country, defiant atmosphere, featuring bluegrass flat-picking with rapid-fire banjo rolls","country, pedal steel, acoustic",chirp-v5,country
country,country pop,"country pop, defiant atmosphere, featuring bluegrass flat-picking with rapid-fire banjo rolls","country, honky-tonk, classic",chirp-v5,country
country,classic country,"classic country, nostalgic atmosphere, featuring acoustic guitar and fiddle with pedal steel guitar","country, guitar, fiddle",chirp-v5,country
country,outlaw country,"outlaw country, nostalgic atmosphere, featuring acoustic guitar and fiddle with pedal steel guitar","country, bluegrass, banjo",chirp-v5,country
country,country rock,"country rock, nostalgic atmosphere, featuring acoustic guitar and fiddle with pedal steel guitar","country, outlaw, Americana",chirp-v5,country
country,bluegrass,"bluegrass country, nostalgic atmosphere, featuring acoustic guitar and fiddle with pedal steel guitar","country, pedal steel, acoustic",chirp-v5,country
country,Americana,"Americana country, nostalgic atmosphere, featuring acoustic guitar and fiddle with pedal steel guitar","country, honky-tonk, classic",chirp-v5,country
country,alt-country,"alt-country, nostalgic atmosphere, featuring acoustic guitar and fiddle with pedal steel guitar","country, guitar, fiddle",chirp-v5,country
country,honky-tonk,"honky-tonk country, nostalgic atmosphere, featuring acoustic guitar and fiddle with pedal steel guitar","country, bluegrass, banjo",chirp-v5,country
country,red dirt country,"red dirt country, nostalgic atmosphere, featuring acoustic guitar and fiddle with pedal steel guitar","country, outlaw, Americana",chirp-v5,country
country,folk country,"folk country, nostalgic atmosphere, featuring acoustic guitar and fiddle with pedal steel guitar","country, pedal steel, acoustic",chirp-v5,country
country,country pop,"country pop, nostalgic atmosphere, featuring acoustic guitar and fiddle with pedal steel guitar","country, honky-tonk, classic",chirp-v5,country
country,classic country,"classic country, heartfelt atmosphere, featuring acoustic guitar and fiddle with pedal steel guitar","country, guitar, fiddle",chirp-v5,country
country,outlaw country,"outlaw country, heartfelt atmosphere, featuring acoustic guitar and fiddle with pedal steel guitar","country, bluegrass, banjo",chirp-v5,country
country,country rock,"country rock, heartfelt atmosphere, featuring acoustic guitar and fiddle with pedal steel guitar","country, outlaw, Americana",chirp-v5,country
country,bluegrass,"bluegrass country, heartfelt atmosphere, featuring acoustic guitar and fiddle with pedal steel guitar","country, pedal steel, acoustic",chirp-v5,country
country,Americana,"Americana country, heartfelt atmosphere, featuring acoustic guitar and fiddle with pedal steel guitar","country, honky-tonk, classic",chirp-v5,country
country,alt-country,"alt-country, heartfelt atmosphere, featuring acoustic guitar and fiddle with pedal steel guitar","country, guitar, fiddle",chirp-v5,country
country,honky-tonk,"honky-tonk country, heartfelt atmosphere, featuring acoustic guitar and fiddle with pedal steel guitar","country, bluegrass, banjo",chirp-v5,country
country,red dirt country,"red dirt country, heartfelt atmosphere, featuring acoustic guitar and fiddle with pedal steel guitar","country, outlaw, Americana",chirp-v5,country
country,folk country,"folk country, heartfelt atmosphere, featuring acoustic guitar and fiddle with pedal steel guitar","country, pedal steel, acoustic",chirp-v5,country
country,country pop,"country pop, heartfelt atmosphere, featuring acoustic guitar and fiddle with pedal steel guitar","country, honky-tonk, classic",chirp-v5,country
country,classic country,"classic country, bittersweet atmosphere, featuring acoustic guitar and fiddle with pedal steel guitar","country, guitar, fiddle",chirp-v5,country
country,outlaw country,"outlaw country, bittersweet atmosphere, featuring acoustic guitar and fiddle with pedal steel guitar","country, bluegrass, banjo",chirp-v5,country
country,country rock,"country rock, bittersweet atmosphere, featuring acoustic guitar and fiddle with pedal steel guitar","country, outlaw, Americana",chirp-v5,country
country,bluegrass,"bluegrass country, bittersweet atmosphere, featuring acoustic guitar and fiddle with pedal steel guitar","country, pedal steel, acoustic",chirp-v5,country
country,Americana,"Americana country, bittersweet atmosphere, featuring acoustic guitar and fiddle with pedal steel guitar","country, honky-tonk, classic",chirp-v5,country
country,alt-country,"alt-country, bittersweet atmosphere, featuring acoustic guitar and fiddle with pedal steel guitar","country, guitar, fiddle",chirp-v5,country
country,honky-tonk,"honky-tonk country, bittersweet atmosphere, featuring acoustic guitar and fiddle with pedal steel guitar","country, bluegrass, banjo",chirp-v5,country
country,red dirt country,"red dirt country, bittersweet atmosphere, featuring acoustic guitar and fiddle with pedal steel guitar","country, outlaw, Americana",chirp-v5,country
country,folk country,"folk country, bittersweet atmosphere, featuring acoustic guitar and fiddle with pedal steel guitar","country, pedal steel, acoustic",chirp-v5,country
country,country pop,"country pop, bittersweet atmosphere, featuring acoustic guitar and fiddle with pedal steel guitar","country, honky-tonk, classic",chirp-v5,country
country,classic country,"classic country, joyful atmosphere, featuring acoustic guitar and fiddle with pedal steel guitar","country, guitar, fiddle",chirp-v5,country
country,outlaw country,"outlaw country, joyful atmosphere, featuring acoustic guitar and fiddle with pedal steel guitar","country, bluegrass, banjo",chirp-v5,country
country,country rock,"country rock, joyful atmosphere, featuring acoustic guitar and fiddle with pedal steel guitar","country, outlaw, Americana",chirp-v5,country
country,bluegrass,"bluegrass country, joyful atmosphere, featuring acoustic guitar and fiddle with pedal steel guitar","country, pedal steel, acoustic",chirp-v5,country
country,Americana,"Americana country, joyful atmosphere, featuring acoustic guitar and fiddle with pedal steel guitar","country, honky-tonk, classic",chirp-v5,country
country,alt-country,"alt-country, joyful atmosphere, featuring acoustic guitar and fiddle with pedal steel guitar","country, guitar, fiddle",chirp-v5,country
country,honky-tonk,"honky-tonk country, joyful atmosphere, featuring acoustic guitar and fiddle with pedal steel guitar","country, bluegrass, banjo",chirp-v5,country
country,red dirt country,"red dirt country, joyful atmosphere, featuring acoustic guitar and fiddle with pedal steel guitar","country, outlaw, Americana",chirp-v5,country
country,folk country,"folk country, joyful atmosphere, featuring acoustic guitar and fiddle with pedal steel guitar","country, pedal steel, acoustic",chirp-v5,country
country,country pop,"country pop, joyful atmosphere, featuring acoustic guitar and fiddle with pedal steel guitar","country, honky-tonk, classic",chirp-v5,country
country,classic country,"classic country, lonesome atmosphere, featuring acoustic guitar and fiddle with pedal steel guitar","country, guitar, fiddle",chirp-v5,country
country,outlaw country,"outlaw country, lonesome atmosphere, featuring acoustic guitar and fiddle with pedal steel guitar","country, bluegrass, banjo",chirp-v5,country
country,country rock,"country rock, lonesome atmosphere, featuring acoustic guitar and fiddle with pedal steel guitar","country, outlaw, Americana",chirp-v5,country
country,bluegrass,"bluegrass country, lonesome atmosphere, featuring acoustic guitar and fiddle with pedal steel guitar","country, pedal steel, acoustic",chirp-v5,country
country,Americana,"Americana country, lonesome atmosphere, featuring acoustic guitar and fiddle with pedal steel guitar","country, honky-tonk, classic",chirp-v5,country
country,alt-country,"alt-country, lonesome atmosphere, featuring acoustic guitar and fiddle with pedal steel guitar","country, guitar, fiddle",chirp-v5,country
country,honky-tonk,"honky-tonk country, lonesome atmosphere, featuring acoustic guitar and fiddle with pedal steel guitar","country, bluegrass, banjo",chirp-v5,country
country,red dirt country,"red dirt country, lonesome atmosphere, featuring acoustic guitar and fiddle with pedal steel guitar","country, outlaw, Americana",chirp-v5,country
country,folk country,"folk country, lonesome atmosphere, featuring acoustic guitar and fiddle with pedal steel guitar","country, pedal steel, acoustic",chirp-v5,country
country,country pop,"country pop, lonesome atmosphere, featuring acoustic guitar and fiddle with pedal steel guitar","country, honky-tonk, classic",chirp-v5,country
country,classic country,"classic country, celebratory atmosphere, featuring acoustic guitar and fiddle with pedal steel guitar","country, guitar, fiddle",chirp-v5,country
country,outlaw country,"outlaw country, celebratory atmosphere, featuring acoustic guitar and fiddle with pedal steel guitar","country, bluegrass, banjo",chirp-v5,country
country,country rock,"country rock, celebratory atmosphere, featuring acoustic guitar and fiddle with pedal steel guitar","country, outlaw, Americana",chirp-v5,country
country,bluegrass,"bluegrass country, celebratory atmosphere, featuring acoustic guitar and fiddle with pedal steel guitar","country, pedal steel, acoustic",chirp-v5,country
country,Americana,"Americana country, celebratory atmosphere, featuring acoustic guitar and fiddle with pedal steel guitar","country, honky-tonk, classic",chirp-v5,country
country,alt-country,"alt-country, celebratory atmosphere, featuring acoustic guitar and fiddle with pedal steel guitar","country, guitar, fiddle",chirp-v5,country
country,honky-tonk,"honky-tonk country, celebratory atmosphere, featuring acoustic guitar and fiddle with pedal steel guitar","country, bluegrass, banjo",chirp-v5,country
country,red dirt country,"red dirt country, celebratory atmosphere, featuring acoustic guitar and fiddle with pedal steel guitar","country, outlaw, Americana",chirp-v5,country
country,folk country,"folk country, celebratory atmosphere, featuring acoustic guitar and fiddle with pedal steel guitar","country, pedal steel, acoustic",chirp-v5,country
country,country pop,"country pop, celebratory atmosphere, featuring acoustic guitar and fiddle with pedal steel guitar","country, honky-tonk, classic",chirp-v5,country
country,classic country,"classic country, melancholic atmosphere, featuring acoustic guitar and fiddle with pedal steel guitar","country, guitar, fiddle",chirp-v5,country
country,outlaw country,"outlaw country, melancholic atmosphere, featuring acoustic guitar and fiddle with pedal steel guitar","country, bluegrass, banjo",chirp-v5,country
country,country rock,"country rock, melancholic atmosphere, featuring acoustic guitar and fiddle with pedal steel guitar","country, outlaw, Americana",chirp-v5,country
country,bluegrass,"bluegrass country, melancholic atmosphere, featuring acoustic guitar and fiddle with pedal steel guitar","country, pedal steel, acoustic",chirp-v5,country
country,Americana,"Americana country, melancholic atmosphere, featuring acoustic guitar and fiddle with pedal steel guitar","country, honky-tonk, classic",chirp-v5,country
country,alt-country,"alt-country, melancholic atmosphere, featuring acoustic guitar and fiddle with pedal steel guitar","country, guitar, fiddle",chirp-v5,country
country,honky-tonk,"honky-tonk country, melancholic atmosphere, featuring acoustic guitar and fiddle with pedal steel guitar","country, bluegrass, banjo",chirp-v5,country
country,red dirt country,"red dirt country, melancholic atmosphere, featuring acoustic guitar and fiddle with pedal steel guitar","country, outlaw, Americana",chirp-v5,country
country,folk country,"folk country, melancholic atmosphere, featuring acoustic guitar and fiddle with pedal steel guitar","country, pedal steel, acoustic",chirp-v5,country
country,country pop,"country pop, melancholic atmosphere, featuring acoustic guitar and fiddle with pedal steel guitar","country, honky-tonk, classic",chirp-v5,country
country,classic country,"classic country, earthy atmosphere, featuring acoustic guitar and fiddle with pedal steel guitar","country, guitar, fiddle",chirp-v5,country
country,outlaw country,"outlaw country, earthy atmosphere, featuring acoustic guitar and fiddle with pedal steel guitar","country, bluegrass, banjo",chirp-v5,country
country,country rock,"country rock, earthy atmosphere, featuring acoustic guitar and fiddle with pedal steel guitar","country, outlaw, Americana",chirp-v5,country
country,bluegrass,"bluegrass country, earthy atmosphere, featuring acoustic guitar and fiddle with pedal steel guitar","country, pedal steel, acoustic",chirp-v5,country
country,Americana,"Americana country, earthy atmosphere, featuring acoustic guitar and fiddle with pedal steel guitar","country, honky-tonk, classic",chirp-v5,country
country,alt-country,"alt-country, earthy atmosphere, featuring acoustic guitar and fiddle with pedal steel guitar","country, guitar, fiddle",chirp-v5,country
country,honky-tonk,"honky-tonk country, earthy atmosphere, featuring acoustic guitar and fiddle with pedal steel guitar","country, bluegrass, banjo",chirp-v5,country
country,red dirt country,"red dirt country, earthy atmosphere, featuring acoustic guitar and fiddle with pedal steel guitar","country, outlaw, Americana",chirp-v5,country
country,folk country,"folk country, earthy atmosphere, featuring acoustic guitar and fiddle with pedal steel guitar","country, pedal steel, acoustic",chirp-v5,country
country,country pop,"country pop, earthy atmosphere, featuring acoustic guitar and fiddle with pedal steel guitar","country, honky-tonk, classic",chirp-v5,country
country,classic country,"classic country, sentimental atmosphere, featuring acoustic guitar and fiddle with pedal steel guitar","country, guitar, fiddle",chirp-v5,country
country,outlaw country,"outlaw country, sentimental atmosphere, featuring acoustic guitar and fiddle with pedal steel guitar","country, bluegrass, banjo",chirp-v5,country
country,country rock,"country rock, sentimental atmosphere, featuring acoustic guitar and fiddle with pedal steel guitar","country, outlaw, Americana",chirp-v5,country
country,bluegrass,"bluegrass country, sentimental atmosphere, featuring acoustic guitar and fiddle with pedal steel guitar","country, pedal steel, acoustic",chirp-v5,country
country,Americana,"Americana country, sentimental atmosphere, featuring acoustic guitar and fiddle with pedal steel guitar","country, honky-tonk, classic",chirp-v5,country
country,alt-country,"alt-country, sentimental atmosphere, featuring acoustic guitar and fiddle with pedal steel guitar","country, guitar, fiddle",chirp-v5,country
country,honky-tonk,"honky-tonk country, sentimental atmosphere, featuring acoustic guitar and fiddle with pedal steel guitar","country, bluegrass, banjo",chirp-v5,country
country,red dirt country,"red dirt country, sentimental atmosphere, featuring acoustic guitar and fiddle with pedal steel guitar","country, outlaw, Americana",chirp-v5,country
country,folk country,"folk country, sentimental atmosphere, featuring acoustic guitar and fiddle with pedal steel guitar","country, pedal steel, acoustic",chirp-v5,country
country,country pop,"country pop, sentimental atmosphere, featuring acoustic guitar and fiddle with pedal steel guitar","country, honky-tonk, classic",chirp-v5,country
country,classic country,"classic country, defiant atmosphere, featuring acoustic guitar and fiddle with pedal steel guitar","country, guitar, fiddle",chirp-v5,country
country,outlaw country,"outlaw country, defiant atmosphere, featuring acoustic guitar and fiddle with pedal steel guitar","country, bluegrass, banjo",chirp-v5,country
country,country rock,"country rock, defiant atmosphere, featuring acoustic guitar and fiddle with pedal steel guitar","country, outlaw, Americana",chirp-v5,country
country,bluegrass,"bluegrass country, defiant atmosphere, featuring acoustic guitar and fiddle with pedal steel guitar","country, pedal steel, acoustic",chirp-v5,country
country,Americana,"Americana country, defiant atmosphere, featuring acoustic guitar and fiddle with pedal steel guitar","country, honky-tonk, classic",chirp-v5,country
country,alt-country,"alt-country, defiant atmosphere, featuring acoustic guitar and fiddle with pedal steel guitar","country, guitar, fiddle",chirp-v5,country
country,honky-tonk,"honky-tonk country, defiant atmosphere, featuring acoustic guitar and fiddle with pedal steel guitar","country, bluegrass, banjo",chirp-v5,country
country,red dirt country,"red dirt country, defiant atmosphere, featuring acoustic guitar and fiddle with pedal steel guitar","country, outlaw, Americana",chirp-v5,country
country,folk country,"folk country, defiant atmosphere, featuring acoustic guitar and fiddle with pedal steel guitar","country, pedal steel, acoustic",chirp-v5,country
country,country pop,"country pop, defiant atmosphere, featuring acoustic guitar and fiddle with pedal steel guitar","country, honky-tonk, classic",chirp-v5,country
country,classic country,"classic country, nostalgic atmosphere, featuring banjo and mandolin over a rolling bluegrass groove","country, guitar, fiddle",chirp-v5,country
country,outlaw country,"outlaw country, nostalgic atmosphere, featuring banjo and mandolin over a rolling bluegrass groove","country, bluegrass, banjo",chirp-v5,country
country,country rock,"country rock, nostalgic atmosphere, featuring banjo and mandolin over a rolling bluegrass groove","country, outlaw, Americana",chirp-v5,country
country,bluegrass,"bluegrass country, nostalgic atmosphere, featuring banjo and mandolin over a rolling bluegrass groove","country, pedal steel, acoustic",chirp-v5,country
country,Americana,"Americana country, nostalgic atmosphere, featuring banjo and mandolin over a rolling bluegrass groove","country, honky-tonk, classic",chirp-v5,country
country,alt-country,"alt-country, nostalgic atmosphere, featuring banjo and mandolin over a rolling bluegrass groove","country, guitar, fiddle",chirp-v5,country
country,honky-tonk,"honky-tonk country, nostalgic atmosphere, featuring banjo and mandolin over a rolling bluegrass groove","country, bluegrass, banjo",chirp-v5,country
country,red dirt country,"red dirt country, nostalgic atmosphere, featuring banjo and mandolin over a rolling bluegrass groove","country, outlaw, Americana",chirp-v5,country
country,folk country,"folk country, nostalgic atmosphere, featuring banjo and mandolin over a rolling bluegrass groove","country, pedal steel, acoustic",chirp-v5,country
country,country pop,"country pop, nostalgic atmosphere, featuring banjo and mandolin over a rolling bluegrass groove","country, honky-tonk, classic",chirp-v5,country
country,classic country,"classic country, heartfelt atmosphere, featuring banjo and mandolin over a rolling bluegrass groove","country, guitar, fiddle",chirp-v5,country
country,outlaw country,"outlaw country, heartfelt atmosphere, featuring banjo and mandolin over a rolling bluegrass groove","country, bluegrass, banjo",chirp-v5,country
country,country rock,"country rock, heartfelt atmosphere, featuring banjo and mandolin over a rolling bluegrass groove","country, outlaw, Americana",chirp-v5,country
country,bluegrass,"bluegrass country, heartfelt atmosphere, featuring banjo and mandolin over a rolling bluegrass groove","country, pedal steel, acoustic",chirp-v5,country
country,Americana,"Americana country, heartfelt atmosphere, featuring banjo and mandolin over a rolling bluegrass groove","country, honky-tonk, classic",chirp-v5,country
country,alt-country,"alt-country, heartfelt atmosphere, featuring banjo and mandolin over a rolling bluegrass groove","country, guitar, fiddle",chirp-v5,country
country,honky-tonk,"honky-tonk country, heartfelt atmosphere, featuring banjo and mandolin over a rolling bluegrass groove","country, bluegrass, banjo",chirp-v5,country
country,red dirt country,"red dirt country, heartfelt atmosphere, featuring banjo and mandolin over a rolling bluegrass groove","country, outlaw, Americana",chirp-v5,country
country,folk country,"folk country, heartfelt atmosphere, featuring banjo and mandolin over a rolling bluegrass groove","country, pedal steel, acoustic",chirp-v5,country
country,country pop,"country pop, heartfelt atmosphere, featuring banjo and mandolin over a rolling bluegrass groove","country, honky-tonk, classic",chirp-v5,country
country,classic country,"classic country, bittersweet atmosphere, featuring banjo and mandolin over a rolling bluegrass groove","country, guitar, fiddle",chirp-v5,country
country,outlaw country,"outlaw country, bittersweet atmosphere, featuring banjo and mandolin over a rolling bluegrass groove","country, bluegrass, banjo",chirp-v5,country
country,country rock,"country rock, bittersweet atmosphere, featuring banjo and mandolin over a rolling bluegrass groove","country, outlaw, Americana",chirp-v5,country
country,bluegrass,"bluegrass country, bittersweet atmosphere, featuring banjo and mandolin over a rolling bluegrass groove","country, pedal steel, acoustic",chirp-v5,country
country,Americana,"Americana country, bittersweet atmosphere, featuring banjo and mandolin over a rolling bluegrass groove","country, honky-tonk, classic",chirp-v5,country
country,alt-country,"alt-country, bittersweet atmosphere, featuring banjo and mandolin over a rolling bluegrass groove","country, guitar, fiddle",chirp-v5,country
country,honky-tonk,"honky-tonk country, bittersweet atmosphere, featuring banjo and mandolin over a rolling bluegrass groove","country, bluegrass, banjo",chirp-v5,country
country,red dirt country,"red dirt country, bittersweet atmosphere, featuring banjo and mandolin over a rolling bluegrass groove","country, outlaw, Americana",chirp-v5,country
country,folk country,"folk country, bittersweet atmosphere, featuring banjo and mandolin over a rolling bluegrass groove","country, pedal steel, acoustic",chirp-v5,country
country,country pop,"country pop, bittersweet atmosphere, featuring banjo and mandolin over a rolling bluegrass groove","country, honky-tonk, classic",chirp-v5,country
country,classic country,"classic country, joyful atmosphere, featuring banjo and mandolin over a rolling bluegrass groove","country, guitar, fiddle",chirp-v5,country
country,outlaw country,"outlaw country, joyful atmosphere, featuring banjo and mandolin over a rolling bluegrass groove","country, bluegrass, banjo",chirp-v5,country
country,country rock,"country rock, joyful atmosphere, featuring banjo and mandolin over a rolling bluegrass groove","country, outlaw, Americana",chirp-v5,country
country,bluegrass,"bluegrass country, joyful atmosphere, featuring banjo and mandolin over a rolling bluegrass groove","country, pedal steel, acoustic",chirp-v5,country
country,Americana,"Americana country, joyful atmosphere, featuring banjo and mandolin over a rolling bluegrass groove","country, honky-tonk, classic",chirp-v5,country
country,alt-country,"alt-country, joyful atmosphere, featuring banjo and mandolin over a rolling bluegrass groove","country, guitar, fiddle",chirp-v5,country
country,honky-tonk,"honky-tonk country, joyful atmosphere, featuring banjo and mandolin over a rolling bluegrass groove","country, bluegrass, banjo",chirp-v5,country
country,red dirt country,"red dirt country, joyful atmosphere, featuring banjo and mandolin over a rolling bluegrass groove","country, outlaw, Americana",chirp-v5,country
country,folk country,"folk country, joyful atmosphere, featuring banjo and mandolin over a rolling bluegrass groove","country, pedal steel, acoustic",chirp-v5,country
country,country pop,"country pop, joyful atmosphere, featuring banjo and mandolin over a rolling bluegrass groove","country, honky-tonk, classic",chirp-v5,country
country,classic country,"classic country, lonesome atmosphere, featuring banjo and mandolin over a rolling bluegrass groove","country, guitar, fiddle",chirp-v5,country
country,outlaw country,"outlaw country, lonesome atmosphere, featuring banjo and mandolin over a rolling bluegrass groove","country, bluegrass, banjo",chirp-v5,country
country,country rock,"country rock, lonesome atmosphere, featuring banjo and mandolin over a rolling bluegrass groove","country, outlaw, Americana",chirp-v5,country
country,bluegrass,"bluegrass country, lonesome atmosphere, featuring banjo and mandolin over a rolling bluegrass groove","country, pedal steel, acoustic",chirp-v5,country
country,Americana,"Americana country, lonesome atmosphere, featuring banjo and mandolin over a rolling bluegrass groove","country, honky-tonk, classic",chirp-v5,country
country,alt-country,"alt-country, lonesome atmosphere, featuring banjo and mandolin over a rolling bluegrass groove","country, guitar, fiddle",chirp-v5,country
country,honky-tonk,"honky-tonk country, lonesome atmosphere, featuring banjo and mandolin over a rolling bluegrass groove","country, bluegrass, banjo",chirp-v5,country
country,red dirt country,"red dirt country, lonesome atmosphere, featuring banjo and mandolin over a rolling bluegrass groove","country, outlaw, Americana",chirp-v5,country
country,folk country,"folk country, lonesome atmosphere, featuring banjo and mandolin over a rolling bluegrass groove","country, pedal steel, acoustic",chirp-v5,country
country,country pop,"country pop, lonesome atmosphere, featuring banjo and mandolin over a rolling bluegrass groove","country, honky-tonk, classic",chirp-v5,country
country,classic country,"classic country, celebratory atmosphere, featuring banjo and mandolin over a rolling bluegrass groove","country, guitar, fiddle",chirp-v5,country
country,outlaw country,"outlaw country, celebratory atmosphere, featuring banjo and mandolin over a rolling bluegrass groove","country, bluegrass, banjo",chirp-v5,country
country,country rock,"country rock, celebratory atmosphere, featuring banjo and mandolin over a rolling bluegrass groove","country, outlaw, Americana",chirp-v5,country
country,bluegrass,"bluegrass country, celebratory atmosphere, featuring banjo and mandolin over a rolling bluegrass groove","country, pedal steel, acoustic",chirp-v5,country
country,Americana,"Americana country, celebratory atmosphere, featuring banjo and mandolin over a rolling bluegrass groove","country, honky-tonk, classic",chirp-v5,country
country,alt-country,"alt-country, celebratory atmosphere, featuring banjo and mandolin over a rolling bluegrass groove","country, guitar, fiddle",chirp-v5,country
country,honky-tonk,"honky-tonk country, celebratory atmosphere, featuring banjo and mandolin over a rolling bluegrass groove","country, bluegrass, banjo",chirp-v5,country
country,red dirt country,"red dirt country, celebratory atmosphere, featuring banjo and mandolin over a rolling bluegrass groove","country, outlaw, Americana",chirp-v5,country
country,folk country,"folk country, celebratory atmosphere, featuring banjo and mandolin over a rolling bluegrass groove","country, pedal steel, acoustic",chirp-v5,country
country,country pop,"country pop, celebratory atmosphere, featuring banjo and mandolin over a rolling bluegrass groove","country, honky-tonk, classic",chirp-v5,country
country,classic country,"classic country, melancholic atmosphere, featuring banjo and mandolin over a rolling bluegrass groove","country, guitar, fiddle",chirp-v5,country
country,outlaw country,"outlaw country, melancholic atmosphere, featuring banjo and mandolin over a rolling bluegrass groove","country, bluegrass, banjo",chirp-v5,country
country,country rock,"country rock, melancholic atmosphere, featuring banjo and mandolin over a rolling bluegrass groove","country, outlaw, Americana",chirp-v5,country
country,bluegrass,"bluegrass country, melancholic atmosphere, featuring banjo and mandolin over a rolling bluegrass groove","country, pedal steel, acoustic",chirp-v5,country
country,Americana,"Americana country, melancholic atmosphere, featuring banjo and mandolin over a rolling bluegrass groove","country, honky-tonk, classic",chirp-v5,country
country,alt-country,"alt-country, melancholic atmosphere, featuring banjo and mandolin over a rolling bluegrass groove","country, guitar, fiddle",chirp-v5,country
country,honky-tonk,"honky-tonk country, melancholic atmosphere, featuring banjo and mandolin over a rolling bluegrass groove","country, bluegrass, banjo",chirp-v5,country
country,red dirt country,"red dirt country, melancholic atmosphere, featuring banjo and mandolin over a rolling bluegrass groove","country, outlaw, Americana",chirp-v5,country
country,folk country,"folk country, melancholic atmosphere, featuring banjo and mandolin over a rolling bluegrass groove","country, pedal steel, acoustic",chirp-v5,country
country,country pop,"country pop, melancholic atmosphere, featuring banjo and mandolin over a rolling bluegrass groove","country, honky-tonk, classic",chirp-v5,country
country,classic country,"classic country, earthy atmosphere, featuring banjo and mandolin over a rolling bluegrass groove","country, guitar, fiddle",chirp-v5,country
country,outlaw country,"outlaw country, earthy atmosphere, featuring banjo and mandolin over a rolling bluegrass groove","country, bluegrass, banjo",chirp-v5,country
country,country rock,"country rock, earthy atmosphere, featuring banjo and mandolin over a rolling bluegrass groove","country, outlaw, Americana",chirp-v5,country
country,bluegrass,"bluegrass country, earthy atmosphere, featuring banjo and mandolin over a rolling bluegrass groove","country, pedal steel, acoustic",chirp-v5,country
country,Americana,"Americana country, earthy atmosphere, featuring banjo and mandolin over a rolling bluegrass groove","country, honky-tonk, classic",chirp-v5,country
country,alt-country,"alt-country, earthy atmosphere, featuring banjo and mandolin over a rolling bluegrass groove","country, guitar, fiddle",chirp-v5,country
country,honky-tonk,"honky-tonk country, earthy atmosphere, featuring banjo and mandolin over a rolling bluegrass groove","country, bluegrass, banjo",chirp-v5,country
country,red dirt country,"red dirt country, earthy atmosphere, featuring banjo and mandolin over a rolling bluegrass groove","country, outlaw, Americana",chirp-v5,country
country,folk country,"folk country, earthy atmosphere, featuring banjo and mandolin over a rolling bluegrass groove","country, pedal steel, acoustic",chirp-v5,country
country,country pop,"country pop, earthy atmosphere, featuring banjo and mandolin over a rolling bluegrass groove","country, honky-tonk, classic",chirp-v5,country
country,classic country,"classic country, sentimental atmosphere, featuring banjo and mandolin over a rolling bluegrass groove","country, guitar, fiddle",chirp-v5,country
country,outlaw country,"outlaw country, sentimental atmosphere, featuring banjo and mandolin over a rolling bluegrass groove","country, bluegrass, banjo",chirp-v5,country
country,country rock,"country rock, sentimental atmosphere, featuring banjo and mandolin over a rolling bluegrass groove","country, outlaw, Americana",chirp-v5,country
country,bluegrass,"bluegrass country, sentimental atmosphere, featuring banjo and mandolin over a rolling bluegrass groove","country, pedal steel, acoustic",chirp-v5,country
country,Americana,"Americana country, sentimental atmosphere, featuring banjo and mandolin over a rolling bluegrass groove","country, honky-tonk, classic",chirp-v5,country
country,alt-country,"alt-country, sentimental atmosphere, featuring banjo and mandolin over a rolling bluegrass groove","country, guitar, fiddle",chirp-v5,country
country,honky-tonk,"honky-tonk country, sentimental atmosphere, featuring banjo and mandolin over a rolling bluegrass groove","country, bluegrass, banjo",chirp-v5,country
country,red dirt country,"red dirt country, sentimental atmosphere, featuring banjo and mandolin over a rolling bluegrass groove","country, outlaw, Americana",chirp-v5,country
country,folk country,"folk country, sentimental atmosphere, featuring banjo and mandolin over a rolling bluegrass groove","country, pedal steel, acoustic",chirp-v5,country
country,country pop,"country pop, sentimental atmosphere, featuring banjo and mandolin over a rolling bluegrass groove","country, honky-tonk, classic",chirp-v5,country
country,classic country,"classic country, defiant atmosphere, featuring banjo and mandolin over a rolling bluegrass groove","country, guitar, fiddle",chirp-v5,country
country,outlaw country,"outlaw country, defiant atmosphere, featuring banjo and mandolin over a rolling bluegrass groove","country, bluegrass, banjo",chirp-v5,country
country,country rock,"country rock, defiant atmosphere, featuring banjo and mandolin over a rolling bluegrass groove","country, outlaw, Americana",chirp-v5,country
country,bluegrass,"bluegrass country, defiant atmosphere, featuring banjo and mandolin over a rolling bluegrass groove","country, pedal steel, acoustic",chirp-v5,country
country,Americana,"Americana country, defiant atmosphere, featuring banjo and mandolin over a rolling bluegrass groove","country, honky-tonk, classic",chirp-v5,country
country,alt-country,"alt-country, defiant atmosphere, featuring banjo and mandolin over a rolling bluegrass groove","country, guitar, fiddle",chirp-v5,country
country,honky-tonk,"honky-tonk country, defiant atmosphere, featuring banjo and mandolin over a rolling bluegrass groove","country, bluegrass, banjo",chirp-v5,country
country,red dirt country,"red dirt country, defiant atmosphere, featuring banjo and mandolin over a rolling bluegrass groove","country, outlaw, Americana",chirp-v5,country
country,folk country,"folk country, defiant atmosphere, featuring banjo and mandolin over a rolling bluegrass groove","country, pedal steel, acoustic",chirp-v5,country
country,country pop,"country pop, defiant atmosphere, featuring banjo and mandolin over a rolling bluegrass groove","country, honky-tonk, classic",chirp-v5,country
country,classic country,"classic country, nostalgic atmosphere, featuring storytelling vocals with lap steel and fingerpicked guitar","country, guitar, fiddle",chirp-v5,country
country,outlaw country,"outlaw country, nostalgic atmosphere, featuring storytelling vocals with lap steel and fingerpicked guitar","country, bluegrass, banjo",chirp-v5,country
country,country rock,"country rock, nostalgic atmosphere, featuring storytelling vocals with lap steel and fingerpicked guitar","country, outlaw, Americana",chirp-v5,country
country,bluegrass,"bluegrass country, nostalgic atmosphere, featuring storytelling vocals with lap steel and fingerpicked guitar","country, pedal steel, acoustic",chirp-v5,country
country,Americana,"Americana country, nostalgic atmosphere, featuring storytelling vocals with lap steel and fingerpicked guitar","country, honky-tonk, classic",chirp-v5,country
country,alt-country,"alt-country, nostalgic atmosphere, featuring storytelling vocals with lap steel and fingerpicked guitar","country, guitar, fiddle",chirp-v5,country
country,honky-tonk,"honky-tonk country, nostalgic atmosphere, featuring storytelling vocals with lap steel and fingerpicked guitar","country, bluegrass, banjo",chirp-v5,country
country,red dirt country,"red dirt country, nostalgic atmosphere, featuring storytelling vocals with lap steel and fingerpicked guitar","country, outlaw, Americana",chirp-v5,country
country,folk country,"folk country, nostalgic atmosphere, featuring storytelling vocals with lap steel and fingerpicked guitar","country, pedal steel, acoustic",chirp-v5,country
country,country pop,"country pop, nostalgic atmosphere, featuring storytelling vocals with lap steel and fingerpicked guitar","country, honky-tonk, classic",chirp-v5,country
country,classic country,"classic country, heartfelt atmosphere, featuring storytelling vocals with lap steel and fingerpicked guitar","country, guitar, fiddle",chirp-v5,country
country,outlaw country,"outlaw country, heartfelt atmosphere, featuring storytelling vocals with lap steel and fingerpicked guitar","country, bluegrass, banjo",chirp-v5,country
country,country rock,"country rock, heartfelt atmosphere, featuring storytelling vocals with lap steel and fingerpicked guitar","country, outlaw, Americana",chirp-v5,country
country,bluegrass,"bluegrass country, heartfelt atmosphere, featuring storytelling vocals with lap steel and fingerpicked guitar","country, pedal steel, acoustic",chirp-v5,country
country,Americana,"Americana country, heartfelt atmosphere, featuring storytelling vocals with lap steel and fingerpicked guitar","country, honky-tonk, classic",chirp-v5,country
country,alt-country,"alt-country, heartfelt atmosphere, featuring storytelling vocals with lap steel and fingerpicked guitar","country, guitar, fiddle",chirp-v5,country
country,honky-tonk,"honky-tonk country, heartfelt atmosphere, featuring storytelling vocals with lap steel and fingerpicked guitar","country, bluegrass, banjo",chirp-v5,country
country,red dirt country,"red dirt country, heartfelt atmosphere, featuring storytelling vocals with lap steel and fingerpicked guitar","country, outlaw, Americana",chirp-v5,country
country,folk country,"folk country, heartfelt atmosphere, featuring storytelling vocals with lap steel and fingerpicked guitar","country, pedal steel, acoustic",chirp-v5,country
country,country pop,"country pop, heartfelt atmosphere, featuring storytelling vocals with lap steel and fingerpicked guitar","country, honky-tonk, classic",chirp-v5,country
country,classic country,"classic country, bittersweet atmosphere, featuring storytelling vocals with lap steel and fingerpicked guitar","country, guitar, fiddle",chirp-v5,country
country,outlaw country,"outlaw country, bittersweet atmosphere, featuring storytelling vocals with lap steel and fingerpicked guitar","country, bluegrass, banjo",chirp-v5,country
country,country rock,"country rock, bittersweet atmosphere, featuring storytelling vocals with lap steel and fingerpicked guitar","country, outlaw, Americana",chirp-v5,country
country,bluegrass,"bluegrass country, bittersweet atmosphere, featuring storytelling vocals with lap steel and fingerpicked guitar","country, pedal steel, acoustic",chirp-v5,country
country,Americana,"Americana country, bittersweet atmosphere, featuring storytelling vocals with lap steel and fingerpicked guitar","country, honky-tonk, classic",chirp-v5,country
country,alt-country,"alt-country, bittersweet atmosphere, featuring storytelling vocals with lap steel and fingerpicked guitar","country, guitar, fiddle",chirp-v5,country
country,honky-tonk,"honky-tonk country, bittersweet atmosphere, featuring storytelling vocals with lap steel and fingerpicked guitar","country, bluegrass, banjo",chirp-v5,country
country,red dirt country,"red dirt country, bittersweet atmosphere, featuring storytelling vocals with lap steel and fingerpicked guitar","country, outlaw, Americana",chirp-v5,country
country,folk country,"folk country, bittersweet atmosphere, featuring storytelling vocals with lap steel and fingerpicked guitar","country, pedal steel, acoustic",chirp-v5,country
country,country pop,"country pop, bittersweet atmosphere, featuring storytelling vocals with lap steel and fingerpicked guitar","country, honky-tonk, classic",chirp-v5,country
country,classic country,"classic country, joyful atmosphere, featuring storytelling vocals with lap steel and fingerpicked guitar","country, guitar, fiddle",chirp-v5,country
country,outlaw country,"outlaw country, joyful atmosphere, featuring storytelling vocals with lap steel and fingerpicked guitar","country, bluegrass, banjo",chirp-v5,country
country,country rock,"country rock, joyful atmosphere, featuring storytelling vocals with lap steel and fingerpicked guitar","country, outlaw, Americana",chirp-v5,country
country,bluegrass,"bluegrass country, joyful atmosphere, featuring storytelling vocals with lap steel and fingerpicked guitar","country, pedal steel, acoustic",chirp-v5,country
country,Americana,"Americana country, joyful atmosphere, featuring storytelling vocals with lap steel and fingerpicked guitar","country, honky-tonk, classic",chirp-v5,country
country,alt-country,"alt-country, joyful atmosphere, featuring storytelling vocals with lap steel and fingerpicked guitar","country, guitar, fiddle",chirp-v5,country
country,honky-tonk,"honky-tonk country, joyful atmosphere, featuring storytelling vocals with lap steel and fingerpicked guitar","country, bluegrass, banjo",chirp-v5,country
country,red dirt country,"red dirt country, joyful atmosphere, featuring storytelling vocals with lap steel and fingerpicked guitar","country, outlaw, Americana",chirp-v5,country
country,folk country,"folk country, joyful atmosphere, featuring storytelling vocals with lap steel and fingerpicked guitar","country, pedal steel, acoustic",chirp-v5,country
country,country pop,"country pop, joyful atmosphere, featuring storytelling vocals with lap steel and fingerpicked guitar","country, honky-tonk, classic",chirp-v5,country
country,classic country,"classic country, lonesome atmosphere, featuring storytelling vocals with lap steel and fingerpicked guitar","country, guitar, fiddle",chirp-v5,country
country,outlaw country,"outlaw country, lonesome atmosphere, featuring storytelling vocals with lap steel and fingerpicked guitar","country, bluegrass, banjo",chirp-v5,country
country,country rock,"country rock, lonesome atmosphere, featuring storytelling vocals with lap steel and fingerpicked guitar","country, outlaw, Americana",chirp-v5,country
country,bluegrass,"bluegrass country, lonesome atmosphere, featuring storytelling vocals with lap steel and fingerpicked guitar","country, pedal steel, acoustic",chirp-v5,country
country,Americana,"Americana country, lonesome atmosphere, featuring storytelling vocals with lap steel and fingerpicked guitar","country, honky-tonk, classic",chirp-v5,country
country,alt-country,"alt-country, lonesome atmosphere, featuring storytelling vocals with lap steel and fingerpicked guitar","country, guitar, fiddle",chirp-v5,country
country,honky-tonk,"honky-tonk country, lonesome atmosphere, featuring storytelling vocals with lap steel and fingerpicked guitar","country, bluegrass, banjo",chirp-v5,country
country,red dirt country,"red dirt country, lonesome atmosphere, featuring storytelling vocals with lap steel and fingerpicked guitar","country, outlaw, Americana",chirp-v5,country
country,folk country,"folk country, lonesome atmosphere, featuring storytelling vocals with lap steel and fingerpicked guitar","country, pedal steel, acoustic",chirp-v5,country
country,country pop,"country pop, lonesome atmosphere, featuring storytelling vocals with lap steel and fingerpicked guitar","country, honky-tonk, classic",chirp-v5,country
