genre,subgenre,prompt,tags,mv,pair_group
rock,classic rock,"classic rock, energetic atmosphere, featuring electric guitar riffs and power chords over a driving drum beat","rock, guitar, electric",chirp-v5,rock
rock,alternative rock,"alternative rock, energetic atmosphere, featuring electric guitar riffs and power chords over a driving drum beat","rock, drums, bass",chirp-v5,rock
rock,punk rock,"punk rock, energetic atmosphere, featuring electric guitar riffs and power chords over a driving drum beat","rock, punk, distortion",chirp-v5,rock
rock,indie rock,"indie rock, energetic atmosphere, featuring electric guitar riffs and power chords over a driving drum beat","rock, indie, alternative",chirp-v5,rock
rock,hard rock,"hard rock, energetic atmosphere, featuring electric guitar riffs and power chords over a driving drum beat","rock, classic, anthem",chirp-v5,rock
rock,grunge,"grunge rock, energetic atmosphere, featuring electric guitar riffs and power chords over a driving drum beat","rock, guitar, electric",chirp-v5,rock
rock,progressive rock,"progressive rock, energetic atmosphere, featuring electric guitar riffs and power chords over a driving drum beat","rock, drums, bass",chirp-v5,rock
rock,psychedelic rock,"psychedelic rock, energetic atmosphere, featuring electric guitar riffs and power chords over a driving drum beat","rock, punk, distortion",chirp-v5,rock
rock,garage rock,"garage rock, energetic atmosphere, featuring electric guitar riffs and power chords over a driving drum beat","rock, indie, alternative",chirp-v5,rock
rock,glam rock,"glam rock, energetic atmosphere, featuring electric guitar riffs and power chords over a driving drum beat","rock, classic, anthem",chirp-v5,rock
rock,classic rock,"classic rock, rebellious atmosphere, featuring electric guitar riffs and power chords over a driving drum beat","rock, guitar, electric",chirp-v5,rock
rock,alternative rock,"alternative rock, rebellious atmosphere, featuring electric guitar riffs and power chords over a driving drum beat","rock, drums, bass",chirp-v5,rock
rock,punk rock,"punk rock, rebellious atmosphere, featuring electric guitar riffs and power chords over a driving drum beat","rock, punk, distortion",chirp-v5,rock
rock,indie rock,"indie rock, rebellious atmosphere, featuring electric guitar riffs and power chords over a driving drum beat","rock, indie, alternative",chirp-v5,rock
rock,hard rock,"hard rock, rebellious atmosphere, featuring electric guitar riffs and power chords over a driving drum beat","rock, classic, anthem",chirp-v5,rock
rock,grunge,"grunge rock, rebellious atmosphere, featuring electric guitar riffs and power chords over a driving drum beat","rock, guitar, electric",chirp-v5,rock
rock,progressive rock,"progressive rock, rebellious atmosphere, featuring electric guitar riffs and power chords over a driving drum beat","rock, drums, bass",chirp-v5,rock
rock,psychedelic rock,"psychedelic rock, rebellious atmosphere, featuring electric guitar riffs and power chords over a driving drum beat","rock, punk, distortion",chirp-v5,rock
rock,garage rock,"garage rock, rebellious atmosphere, featuring electric guitar riffs and power chords over a driving drum beat","rock, indie, alternative",chirp-v5,rock
rock,glam rock,"glam rock, rebellious atmosphere, featuring electric guitar riffs and power chords over a driving drum beat","rock, classic, anthem",chirp-v5,rock
rock,classic rock,"classic rock, melancholic atmosphere, featuring electric guitar riffs and power chords over a driving drum beat","rock, guitar, electric",chirp-v5,rock
rock,alternative rock,"alternative rock, melancholic atmosphere, featuring electric guitar riffs and power chords over a driving drum beat","rock, drums, bass",chirp-v5,rock
rock,punk rock,"punk rock, melancholic atmosphere, featuring electric guitar riffs and power chords over a driving drum beat","rock, punk, distortion",chirp-v5,rock
rock,indie rock,"indie rock, melancholic atmosphere, featuring electric guitar riffs and power chords over a driving drum beat","rock, indie, alternative",chirp-v5,rock
rock,hard rock,"hard rock, melancholic atmosphere, featuring electric guitar riffs and power chords over a driving drum beat","rock, classic, anthem",chirp-v5,rock
rock,grunge,"grunge rock, melancholic atmosphere, featuring electric guitar riffs and power chords over a driving drum beat","rock, guitar, electric",chirp-v5,rock
rock,progressive rock,"progressive rock, melancholic atmosphere, featuring electric guitar riffs and power chords over a driving drum beat","rock, drums, bass",chirp-v5,rock
rock,psychedelic rock,"psychedelic rock, melancholic atmosphere, featuring electric guitar riffs and power chords over a driving drum beat","rock, punk, distortion",chirp-v5,rock
rock,garage rock,"garage rock, melancholic atmosphere, featuring electric guitar riffs and power chords over a driving drum beat","rock, indie, alternative",chirp-v5,rock
rock,glam rock,"glam rock, melancholic atmosphere, featuring electric guitar riffs and power chords over a driving drum beat","rock, classic, anthem",chirp-v5,rock
rock,classic rock,"classic rock, triumphant atmosphere, featuring electric guitar riffs and power chords over a driving drum beat","rock, guitar, electric",chirp-v5,rock
rock,alternative rock,"alternative rock, triumphant atmosphere, featuring electric guitar riffs and power chords over a driving drum beat","rock, drums, bass",chirp-v5,rock
rock,punk rock,"punk rock, triumphant atmosphere, featuring electric guitar riffs and power chords over a driving drum beat","rock, punk, distortion",chirp-v5,rock
rock,indie rock,"indie rock, triumphant atmosphere, featuring electric guitar riffs and power chords over a driving drum beat","rock, indie, alternative",chirp-v5,rock
rock,hard rock,"hard rock, triumphant atmosphere, featuring electric guitar riffs and power chords over a driving drum beat","rock, classic, anthem",chirp-v5,rock
rock,grunge,"grunge rock, triumphant atmosphere, featuring electric guitar riffs and power chords over a driving drum beat","rock, guitar, electric",chirp-v5,rock
rock,progressive rock,"progressive rock, triumphant atmosphere, featuring electric guitar riffs and power chords over a driving drum beat","rock, drums, bass",chirp-v5,rock
rock,psychedelic rock,"psychedelic rock, triumphant atmosphere, featuring electric guitar riffs and power chords over a driving drum beat","rock, punk, distortion",chirp-v5,rock
rock,garage rock,"garage rock, triumphant atmosphere, featuring electric guitar riffs and power chords over a driving drum beat","rock, indie, alternative",chirp-v5,rock
rock,glam rock,"glam rock, triumphant atmosphere, featuring electric guitar riffs and power chords over a driving drum beat","rock, classic, anthem",chirp-v5,rock
rock,classic rock,"classic rock, gritty atmosphere, featuring electric guitar riffs and power chords over a driving drum beat","rock, guitar, electric",chirp-v5,rock
rock,alternative rock,"alternative rock, gritty atmosphere, featuring electric guitar riffs and power chords over a driving drum beat","rock, drums, bass",chirp-v5,rock
rock,punk rock,"punk rock, gritty atmosphere, featuring electric guitar riffs and power chords over a driving drum beat","rock, punk, distortion",chirp-v5,rock
rock,indie rock,"indie rock, gritty atmosphere, featuring electric guitar riffs and power chords over a driving drum beat","rock, indie, alternative",chirp-v5,rock
rock,hard rock,"hard rock, gritty atmosphere, featuring electric guitar riffs and power chords over a driving drum beat","rock, classic, anthem",chirp-v5,rock
rock,grunge,"grunge rock, gritty atmosphere, featuring electric guitar riffs and power chords over a driving drum beat","rock, guitar, electric",chirp-v5,rock
rock,progressive rock,"progressive rock, gritty atmosphere, featuring electric guitar riffs and power chords over a driving drum beat","rock, drums, bass",chirp-v5,rock
rock,psychedelic rock,"psychedelic rock, gritty atmosphere, featuring electric guitar riffs and power chords over a driving drum beat","rock, punk, distortion",chirp-v5,rock
rock,garage rock,"garage rock, gritty atmosphere, featuring electric guitar riffs and power chords over a driving drum beat","rock, indie, alternative",chirp-v5,rock
rock,glam rock,"glam rock, gritty atmosphere, featuring electric guitar riffs and power chords over a driving drum beat","rock, classic, anthem",chirp-v5,rock
rock,classic rock,"classic rock, anthemic atmosphere, featuring electric guitar riffs and power chords over a driving drum beat","rock, guitar, electric",chirp-v5,rock
rock,alternative rock,"alternative rock, anthemic atmosphere, featuring electric guitar riffs and power chords over a driving drum beat","rock, drums, bass",chirp-v5,rock
rock,punk rock,"punk rock, anthemic atmosphere, featuring electric guitar riffs and power chords over a driving drum beat","rock, punk, distortion",chirp-v5,rock
rock,indie rock,"indie rock, anthemic atmosphere, featuring electric guitar riffs and power chords over a driving drum beat","rock, indie, alternative",chirp-v5,rock
rock,hard rock,"hard rock, anthemic atmosphere, featuring electric guitar riffs and power chords over a driving drum beat","rock, classic, anthem",chirp-v5,rock
rock,grunge,"grunge rock, anthemic atmosphere, featuring electric guitar riffs and power chords over a driving drum beat","rock, guitar, electric",chirp-v5,rock
rock,progressive rock,"progressive rock, anthemic atmosphere, featuring electric guitar riffs and power chords over a driving drum beat","rock, drums, bass",chirp-v5,rock
rock,psychedelic rock,"psychedelic rock, anthemic atmosphere, featuring electric guitar riffs and power chords over a driving drum beat","rock, punk, distortion",chirp-v5,rock
rock,garage rock,"garage rock, anthemic atmosphere, featuring electric guitar riffs and power chords over a driving drum beat","rock, indie, alternative",chirp-v5,rock
rock,glam rock,"glam rock, anthemic atmosphere, featuring electric guitar riffs and power chords over a driving drum beat","rock, classic, anthem",chirp-v5,rock
rock,classic rock,"classic rock, dreamy atmosphere, featuring electric guitar riffs and power chords over a driving drum beat","rock, guitar, electric",chirp-v5,rock
rock,alternative rock,"alternative rock, dreamy atmosphere, featuring electric guitar riffs and power chords over a driving drum beat","rock, drums, bass",chirp-v5,rock
rock,punk rock,"punk rock, dreamy atmosphere, featuring electric guitar riffs and power chords over a driving drum beat","rock, punk, distortion",chirp-v5,rock
rock,indie rock,"indie rock, dreamy atmosphere, featuring electric guitar riffs and power chords over a driving drum beat","rock, indie, alternative",chirp-v5,rock
rock,hard rock,"hard rock, dreamy atmosphere, featuring electric guitar riffs and power chords over a driving drum beat","rock, classic, anthem",chirp-v5,rock
rock,grunge,"grunge rock, dreamy atmosphere, featuring electric guitar riffs and power chords over a driving drum beat","rock, guitar, electric",chirp-v5,rock
rock,progressive rock,"progressive rock, dreamy atmosphere, featuring electric guitar riffs and power chords over a driving drum beat","rock, drums, bass",chirp-v5,rock
rock,psychedelic rock,"psychedelic rock, dreamy atmosphere, featuring electric guitar riffs and power chords over a driving drum beat","rock, punk, distortion",chirp-v5,rock
rock,garage rock,"garage rock, dreamy atmosphere, featuring electric guitar riffs and power chords over a driving drum beat","rock, indie, alternative",chirp-v5,rock
rock,glam rock,"glam rock, dreamy atmosphere, featuring electric guitar riffs and power chords over a driving drum beat","rock, classic, anthem",chirp-v5,rock
rock,classic rock,"classic rock, raw atmosphere, featuring electric guitar riffs and power chords over a driving drum beat","rock, guitar, electric",chirp-v5,rock
rock,alternative rock,"alternative rock, raw atmosphere, featuring electric guitar riffs and power chords over a driving drum beat","rock, drums, bass",chirp-v5,rock
rock,punk rock,"punk rock, raw atmosphere, featuring electric guitar riffs and power chords over a driving drum beat","rock, punk, distortion",chirp-v5,rock
rock,indie rock,"indie rock, raw atmosphere, featuring electric guitar riffs and power chords over a driving drum beat","rock, indie, alternative",chirp-v5,rock
rock,hard rock,"hard rock, raw atmosphere, featuring electric guitar riffs and power chords over a driving drum beat","rock, classic, anthem",chirp-v5,rock
rock,grunge,"grunge rock, raw atmosphere, featuring electric guitar riffs and power chords over a driving drum beat","rock, guitar, electric",chirp-v5,rock
rock,progressive rock,"progressive rock, raw atmosphere, featuring electric guitar riffs and power chords over a driving drum beat","rock, drums, bass",chirp-v5,rock
rock,psychedelic rock,"psychedelic rock, raw atmosphere, featuring electric guitar riffs and power chords over a driving drum beat","rock, punk, distortion",chirp-v5,rock
rock,garage rock,"garage rock, raw atmosphere, featuring electric guitar riffs and power chords over a driving drum beat","rock, indie, alternative",chirp-v5,rock
rock,glam rock,"glam rock, raw atmosphere, featuring electric guitar riffs and power chords over a driving drum beat","rock, classic, anthem",chirp-v5,rock
rock,classic rock,"classic rock, powerful atmosphere, featuring electric guitar riffs and power chords over a driving drum beat","rock, guitar, electric",chirp-v5,rock
rock,alternative rock,"alternative rock, powerful atmosphere, featuring electric guitar riffs and power chords over a driving drum beat","rock, drums, bass",chirp-v5,rock
rock,punk rock,"punk rock, powerful atmosphere, featuring electric guitar riffs and power chords over a driving drum beat","rock, punk, distortion",chirp-v5,rock
rock,indie rock,"indie rock, powerful atmosphere, featuring electric guitar riffs and power chords over a driving drum beat","rock, indie, alternative",chirp-v5,rock
rock,hard rock,"hard rock, powerful atmosphere, featuring electric guitar riffs and power chords over a driving drum beat","rock, classic, anthem",chirp-v5,rock
rock,grunge,"grunge rock, powerful atmosphere, featuring electric guitar riffs and power chords over a driving drum beat","rock, guitar, electric",chirp-v5,rock
rock,progressive rock,"progressive rock, powerful atmosphere, featuring electric guitar riffs and power chords over a driving drum beat","rock, drums, bass",chirp-v5,rock
rock,psychedelic rock,"psychedelic rock, powerful atmosphere, featuring electric guitar riffs and power chords over a driving drum beat","rock, punk, distortion",chirp-v5,rock
rock,garage rock,"garage rock, powerful atmosphere, featuring electric guitar riffs and power chords over a driving drum beat","rock, indie, alternative",chirp-v5,rock
rock,glam rock,"glam rock, powerful atmosphere, featuring electric guitar riffs and power chords over a driving drum beat","rock, classic, anthem",chirp-v5,rock
rock,classic rock,"classic rock, introspective atmosphere, featuring electric guitar riffs and power chords over a driving drum beat","rock, guitar, electric",chirp-v5,rock
rock,alternative rock,"alternative rock, introspective atmosphere, featuring electric guitar riffs and power chords over a driving drum beat","rock, drums, bass",chirp-v5,rock
rock,punk rock,"punk rock, introspective atmosphere, featuring electric guitar riffs and power chords over a driving drum beat","rock, punk, distortion",chirp-v5,rock
rock,indie rock,"indie rock, introspective atmosphere, featuring electric guitar riffs and power chords over a driving drum beat","rock, indie, alternative",chirp-v5,rock
rock,hard rock,"hard rock, introspective atmosphere, featuring electric guitar riffs and power chords over a driving drum beat","rock, classic, anthem",chirp-v5,rock
rock,grunge,"grunge rock, introspective atmosphere, featuring electric guitar riffs and power chords over a driving drum beat","rock, guitar, electric",chirp-v5,rock
rock,progressive rock,"progressive rock, introspective atmosphere, featuring electric guitar riffs and power chords over a driving drum beat","rock, drums, bass",chirp-v5,rock
rock,psychedelic rock,"psychedelic rock, introspective atmosphere, featuring electric guitar riffs and power chords over a driving drum beat","rock, punk, distortion",chirp-v5,rock
rock,garage rock,"garage rock, introspective atmosphere, featuring electric guitar riffs and power chords over a driving drum beat","rock, indie, alternative",chirp-v5,rock
rock,glam rock,"glam rock, introspective atmosphere, featuring electric guitar riffs and power chords over a driving drum beat","rock, classic, anthem",chirp-v5,rock
rock,classic rock,"classic rock, energetic atmosphere, featuring distorted lead guitar solo with crunchy rhythm section","rock, guitar, electric",chirp-v5,rock
rock,alternative rock,"alternative rock, energetic atmosphere, featuring distorted lead guitar solo with crunchy rhythm section","rock, drums, bass",chirp-v5,rock
rock,punk rock,"punk rock, energetic atmosphere, featuring distorted lead guitar solo with crunchy rhythm section","rock, punk, distortion",chirp-v5,rock
rock,indie rock,"indie rock, energetic atmosphere, featuring distorted lead guitar solo with crunchy rhythm section","rock, indie, alternative",chirp-v5,rock
rock,hard rock,"hard rock, energetic atmosphere, featuring distorted lead guitar solo with crunchy rhythm section","rock, classic, anthem",chirp-v5,rock
rock,grunge,"grunge rock, energetic atmosphere, featuring distorted lead guitar solo with crunchy rhythm section","rock, guitar, electric",chirp-v5,rock
rock,progressive rock,"progressive rock, energetic atmosphere, featuring distorted lead guitar solo with crunchy rhythm section","rock, drums, bass",chirp-v5,rock
rock,psychedelic rock,"psychedelic rock, energetic atmosphere, featuring distorted lead guitar solo with crunchy rhythm section","rock, punk, distortion",chirp-v5,rock
rock,garage rock,"garage rock, energetic atmosphere, featuring distorted lead guitar solo with crunchy rhythm section","rock, indie, alternative",chirp-v5,rock
rock,glam rock,"glam rock, energetic atmosphere, featuring distorted lead guitar solo with crunchy rhythm section","rock, classic, anthem",chirp-v5,rock
rock,classic rock,"classic rock, rebellious atmosphere, featuring distorted lead guitar solo with crunchy rhythm section","rock, guitar, electric",chirp-v5,rock
rock,alternative rock,"alternative rock, rebellious atmosphere, featuring distorted lead guitar solo with crunchy rhythm section","rock, drums, bass",chirp-v5,rock
rock,punk rock,"punk rock, rebellious atmosphere, featuring distorted lead guitar solo with crunchy rhythm section","rock, punk, distortion",chirp-v5,rock
rock,indie rock,"indie rock, rebellious atmosphere, featuring distorted lead guitar solo with crunchy rhythm section","rock, indie, alternative",chirp-v5,rock
rock,hard rock,"hard rock, rebellious atmosphere, featuring distorted lead guitar solo with crunchy rhythm section","rock, classic, anthem",chirp-v5,rock
rock,grunge,"grunge rock, rebellious atmosphere, featuring distorted lead guitar solo with crunchy rhythm section","rock, guitar, electric",chirp-v5,rock
rock,progressive rock,"progressive rock, rebellious atmosphere, featuring distorted lead guitar solo with crunchy rhythm section","rock, drums, bass",chirp-v5,rock
rock,psychedelic rock,"psychedelic rock, rebellious atmosphere, featuring distorted lead guitar solo with crunchy rhythm section","rock, punk, distortion",chirp-v5,rock
rock,garage rock,"garage rock, rebellious atmosphere, featuring distorted lead guitar solo with crunchy rhythm section","rock, indie, alternative",chirp-v5,rock
rock,glam rock,"glam rock, rebellious atmosphere, featuring distorted lead guitar solo with crunchy rhythm section","rock, classic, anthem",chirp-v5,rock
rock,classic rock,"classic rock, melancholic atmosphere, featuring distorted lead guitar solo with crunchy rhythm section","rock, guitar, electric",chirp-v5,rock
rock,alternative rock,"alternative rock, melancholic atmosphere, featuring distorted lead guitar solo with crunchy rhythm section","rock, drums, bass",chirp-v5,rock
rock,punk rock,"punk rock, melancholic atmosphere, featuring distorted lead guitar solo with crunchy rhythm section","rock, punk, distortion",chirp-v5,rock
rock,indie rock,"indie rock, melancholic atmosphere, featuring distorted lead guitar solo with crunchy rhythm section","rock, indie, alternative",chirp-v5,rock
rock,hard rock,"hard rock, melancholic atmosphere, featuring distorted lead guitar solo with crunchy rhythm section","rock, classic, anthem",chirp-v5,rock
rock,grunge,"grunge rock, melancholic atmosphere, featuring distorted lead guitar solo with crunchy rhythm section","rock, guitar, electric",chirp-v5,rock
rock,progressive rock,"progressive rock, melancholic atmosphere, featuring distorted lead guitar solo with crunchy rhythm section","rock, drums, bass",chirp-v5,rock
rock,psychedelic rock,"psychedelic rock, melancholic atmosphere, featuring distorted lead guitar solo with crunchy rhythm section","rock, punk, distortion",chirp-v5,rock
rock,garage rock,"garage rock, melancholic atmosphere, featuring distorted lead guitar solo with crunchy rhythm section","rock, indie, alternative",chirp-v5,rock
rock,glam rock,"glam rock, melancholic atmosphere, featuring distorted lead guitar solo with crunchy rhythm section","rock, classic, anthem",chirp-v5,rock
rock,classic rock,"classic rock, triumphant atmosphere, featuring distorted lead guitar solo with crunchy rhythm section","rock, guitar, electric",chirp-v5,rock
rock,alternative rock,"alternative rock, triumphant atmosphere, featuring distorted lead guitar solo with crunchy rhythm section","rock, drums, bass",chirp-v5,rock
rock,punk rock,"punk rock, triumphant atmosphere, featuring distorted lead guitar solo with crunchy rhythm section","rock, punk, distortion",chirp-v5,rock
rock,indie rock,"indie rock, triumphant atmosphere, featuring distorted lead guitar solo with crunchy rhythm section","rock, indie, alternative",chirp-v5,rock
rock,hard rock,"hard rock, triumphant atmosphere, featuring distorted lead guitar solo with crunchy rhythm section","rock, classic, anthem",chirp-v5,rock
rock,grunge,"grunge rock, triumphant atmosphere, featuring distorted lead guitar solo with crunchy rhythm section","rock, guitar, electric",chirp-v5,rock
rock,progressive rock,"progressive rock, triumphant atmosphere, featuring distorted lead guitar solo with crunchy rhythm section","rock, drums, bass",chirp-v5,rock
rock,psychedelic rock,"psychedelic rock, triumphant atmosphere, featuring distorted lead guitar solo with crunchy rhythm section","rock, punk, distortion",chirp-v5,rock
rock,garage rock,"garage rock, triumphant atmosphere, featuring distorted lead guitar solo with crunchy rhythm section","rock, indie, alternative",chirp-v5,rock
rock,glam rock,"glam rock, triumphant atmosphere, featuring distorted lead guitar solo with crunchy rhythm section","rock, classic, anthem",chirp-v5,rock
rock,classic rock,"classic rock, gritty atmosphere, featuring distorted lead guitar solo with crunchy rhythm section","rock, guitar, electric",chirp-v5,rock
rock,alternative rock,"alternative rock, gritty atmosphere, featuring distorted lead guitar solo with crunchy rhythm section","rock, drums, bass",chirp-v5,rock
rock,punk rock,"punk rock, gritty atmosphere, featuring distorted lead guitar solo with crunchy rhythm section","rock, punk, distortion",chirp-v5,rock
rock,indie rock,"indie rock, gritty atmosphere, featuring distorted lead guitar solo with crunchy rhythm section","rock, indie, alternative",chirp-v5,rock
rock,hard rock,"hard rock, gritty atmosphere, featuring distorted lead guitar solo with crunchy rhythm section","rock, classic, anthem",chirp-v5,rock
rock,grunge,"grunge rock, gritty atmosphere, featuring distorted lead guitar solo with crunchy rhythm section","rock, guitar, electric",chirp-v5,rock
rock,progressive rock,"progressive rock, gritty atmosphere, featuring distorted lead guitar solo with crunchy rhythm section","rock, drums, bass",chirp-v5,rock
rock,psychedelic rock,"psychedelic rock, gritty atmosphere, featuring distorted lead guitar solo with crunchy rhythm section","rock, punk, distortion",chirp-v5,rock
rock,garage rock,"garage rock, gritty atmosphere, featuring distorted lead guitar solo with crunchy rhythm section","rock, indie, alternative",chirp-v5,rock
rock,glam rock,"glam rock, gritty atmosphere, featuring distorted lead guitar solo with crunchy rhythm section","rock, classic, anthem",chirp-v5,rock
rock,classic rock,"classic rock, anthemic atmosphere, featuring distorted lead guitar solo with crunchy rhythm section","rock, guitar, electric",chirp-v5,rock
rock,alternative rock,"alternative rock, anthemic atmosphere, featuring distorted lead guitar solo with crunchy rhythm section","rock, drums, bass",chirp-v5,rock
rock,punk rock,"punk rock, anthemic atmosphere, featuring distorted lead guitar solo with crunchy rhythm section","rock, punk, distortion",chirp-v5,rock
rock,indie rock,"indie rock, anthemic atmosphere, featuring distorted lead guitar solo with crunchy rhythm section","rock, indie, alternative",chirp-v5,rock
rock,hard rock,"hard rock, anthemic atmosphere, featuring distorted lead guitar solo with crunchy rhythm section","rock, classic, anthem",chirp-v5,rock
rock,grunge,"grunge rock, anthemic atmosphere, featuring distorted lead guitar solo with crunchy rhythm section","rock, guitar, electric",chirp-v5,rock
rock,progressive rock,"progressive rock, anthemic atmosphere, featuring distorted lead guitar solo with crunchy rhythm section","rock, drums, bass",chirp-v5,rock
rock,psychedelic rock,"psychedelic rock, anthemic atmosphere, featuring distorted lead guitar solo with crunchy rhythm section","rock, punk, distortion",chirp-v5,rock
rock,garage rock,"garage rock, anthemic atmosphere, featuring distorted lead guitar solo with crunchy rhythm section","rock, indie, alternative",chirp-v5,rock
rock,glam rock,"glam rock, anthemic atmosphere, featuring distorted lead guitar solo with crunchy rhythm section","rock, classic, anthem",chirp-v5,rock
rock,classic rock,"classic rock, dreamy atmosphere, featuring distorted lead guitar solo with crunchy rhythm section","rock, guitar, electric",chirp-v5,rock
rock,alternative rock,"alternative rock, dreamy atmosphere, featuring distorted lead guitar solo with crunchy rhythm section","rock, drums, bass",chirp-v5,rock
rock,punk rock,"punk rock, dreamy atmosphere, featuring distorted lead guitar solo with crunchy rhythm section","rock, punk, distortion",chirp-v5,rock
rock,indie rock,"indie rock, dreamy atmosphere, featuring distorted lead guitar solo with crunchy rhythm section","rock, indie, alternative",chirp-v5,rock
rock,hard rock,"hard rock, dreamy atmosphere, featuring distorted lead guitar solo with crunchy rhythm section","rock, classic, anthem",chirp-v5,rock
rock,grunge,"grunge rock, dreamy atmosphere, featuring distorted lead guitar solo with crunchy rhythm section","rock, guitar, electric",chirp-v5,rock
rock,progressive rock,"progressive rock, dreamy atmosphere, featuring distorted lead guitar solo with crunchy rhythm section","rock, drums, bass",chirp-v5,rock
rock,psychedelic rock,"psychedelic rock, dreamy atmosphere, featuring distorted lead guitar solo with crunchy rhythm section","rock, punk, distortion",chirp-v5,rock
rock,garage rock,"garage rock, dreamy atmosphere, featuring distorted lead guitar solo with crunchy rhythm section","rock, indie, alternative",chirp-v5,rock
rock,glam rock,"glam rock, dreamy atmosphere, featuring distorted lead guitar solo with crunchy rhythm section","rock, classic, anthem",chirp-v5,rock
rock,classic rock,"classic rock, raw atmosphere, featuring distorted lead guitar solo with crunchy rhythm section","rock, guitar, electric",chirp-v5,rock
rock,alternative rock,"alternative rock, raw atmosphere, featuring distorted lead guitar solo with crunchy rhythm section","rock, drums, bass",chirp-v5,rock
rock,punk rock,"punk rock, raw atmosphere, featuring distorted lead guitar solo with crunchy rhythm section","rock, punk, distortion",chirp-v5,rock
rock,indie rock,"indie rock, raw atmosphere, featuring distorted lead guitar solo with crunchy rhythm section","rock, indie, alternative",chirp-v5,rock
rock,hard rock,"hard rock, raw atmosphere, featuring distorted lead guitar solo with crunchy rhythm section","rock, classic, anthem",chirp-v5,rock
rock,grunge,"grunge rock, raw atmosphere, featuring distorted lead guitar solo with crunchy rhythm section","rock, guitar, electric",chirp-v5,rock
rock,progressive rock,"progressive rock, raw atmosphere, featuring distorted lead guitar solo with crunchy rhythm section","rock, drums, bass",chirp-v5,rock
rock,psychedelic rock,"psychedelic rock, raw atmosphere, featuring distorted lead guitar solo with crunchy rhythm section","rock, punk, distortion",chirp-v5,rock
rock,garage rock,"garage rock, raw atmosphere, featuring distorted lead guitar solo with crunchy rhythm section","rock, indie, alternative",chirp-v5,rock
rock,glam rock,"glam rock, raw atmosphere, featuring distorted lead guitar solo with crunchy rhythm section","rock, classic, anthem",chirp-v5,rock
rock,classic rock,"classic rock, powerful atmosphere, featuring distorted lead guitar solo with crunchy rhythm section","rock, guitar, electric",chirp-v5,rock
rock,alternative rock,"alternative rock, powerful atmosphere, featuring distorted lead guitar solo with crunchy rhythm section","rock, drums, bass",chirp-v5,rock
rock,punk rock,"punk rock, powerful atmosphere, featuring distorted lead guitar solo with crunchy rhythm section","rock, punk, distortion",chirp-v5,rock
rock,indie rock,"indie rock, powerful atmosphere, featuring distorted lead guitar solo with crunchy rhythm section","rock, indie, alternative",chirp-v5,rock
rock,hard rock,"hard rock, powerful atmosphere, featuring distorted lead guitar solo with crunchy rhythm section","rock, classic, anthem",chirp-v5,rock
rock,grunge,"grunge rock, powerful atmosphere, featuring distorted lead guitar solo with crunchy rhythm section","rock, guitar, electric",chirp-v5,rock
rock,progressive rock,"progressive rock, powerful atmosphere, featuring distorted lead guitar solo with crunchy rhythm section","rock, drums, bass",chirp-v5,rock
rock,psychedelic rock,"psychedelic rock, powerful atmosphere, featuring distorted lead guitar solo with crunchy rhythm section","rock, punk, distortion",chirp-v5,rock
rock,garage rock,"garage rock, powerful atmosphere, featuring distorted lead guitar solo with crunchy rhythm section","rock, indie, alternative",chirp-v5,rock
rock,glam rock,"glam rock, powerful atmosphere, featuring distorted lead guitar solo with crunchy rhythm section","rock, classic, anthem",chirp-v5,rock
rock,classic rock,"classic rock, introspective atmosphere, featuring distorted lead guitar solo with crunchy rhythm section","rock, guitar, electric",chirp-v5,rock
rock,alternative rock,"alternative rock, introspective atmosphere, featuring distorted lead guitar solo with crunchy rhythm section","rock, drums, bass",chirp-v5,rock
rock,punk rock,"punk rock, introspective atmosphere, featuring distorted lead guitar solo with crunchy rhythm section","rock, punk, distortion",chirp-v5,rock
rock,indie rock,"indie rock, introspective atmosphere, featuring distorted lead guitar solo with crunchy rhythm section","rock, indie, alternative",chirp-v5,rock
rock,hard rock,"hard rock, introspective atmosphere, featuring distorted lead guitar solo with crunchy rhythm section","rock, classic, anthem",chirp-v5,rock
rock,grunge,"grunge rock, introspective atmosphere, featuring distorted lead guitar solo with crunchy rhythm section","rock, guitar, electric",chirp-v5,rock
rock,progressive rock,"progressive rock, introspective atmosphere, featuring distorted lead guitar solo with crunchy rhythm section","rock, drums, bass",chirp-v5,rock
rock,psychedelic rock,"psychedelic rock, introspective atmosphere, featuring distorted lead guitar solo with crunchy rhythm section","rock, punk, distortion",chirp-v5,rock
rock,garage rock,"garage rock, introspective atmosphere, featuring distorted lead guitar solo with crunchy rhythm section","rock, indie, alternative",chirp-v5,rock
rock,glam rock,"glam rock, introspective atmosphere, featuring distorted lead guitar solo with crunchy rhythm section","rock, classic, anthem",chirp-v5,rock
rock,classic rock,"classic rock, energetic atmosphere, featuring dual guitar harmonics and thundering bass lines","rock, guitar, electric",chirp-v5,rock
rock,alternative rock,"alternative rock, energetic atmosphere, featuring dual guitar harmonics and thundering bass lines","rock, drums, bass",chirp-v5,rock
rock,punk rock,"punk rock, energetic atmosphere, featuring dual guitar harmonics and thundering bass lines","rock, punk, distortion",chirp-v5,rock
rock,indie rock,"indie rock, energetic atmosphere, featuring dual guitar harmonics and thundering bass lines","rock, indie, alternative",chirp-v5,rock
rock,hard rock,"hard rock, energetic atmosphere, featuring dual guitar harmonics and thundering bass lines","rock, classic, anthem",chirp-v5,rock
rock,grunge,"grunge rock, energetic atmosphere, featuring dual guitar harmonics and thundering bass lines","rock, guitar, electric",chirp-v5,rock
rock,progressive rock,"progressive rock, energetic atmosphere, featuring dual guitar harmonics and thundering bass lines","rock, drums, bass",chirp-v5,rock
rock,psychedelic rock,"psychedelic rock, energetic atmosphere, featuring dual guitar harmonics and thundering bass lines","rock, punk, distortion",chirp-v5,rock
rock,garage rock,"garage rock, energetic atmosphere, featuring dual guitar harmonics and thundering bass lines","rock, indie, alternative",chirp-v5,rock
rock,glam rock,"glam rock, energetic atmosphere, featuring dual guitar harmonics and thundering bass lines","rock, classic, anthem",chirp-v5,rock
rock,classic rock,"classic rock, rebellious atmosphere, featuring dual guitar harmonics and thundering bass lines","rock, guitar, electric",chirp-v5,rock
rock,alternative rock,"alternative rock, rebellious atmosphere, featuring dual guitar harmonics and thundering bass lines","rock, drums, bass",chirp-v5,rock
rock,punk rock,"punk rock, rebellious atmosphere, featuring dual guitar harmonics and thundering bass lines","rock, punk, distortion",chirp-v5,rock
rock,indie rock,"indie rock, rebellious atmosphere, featuring dual guitar harmonics and thundering bass lines","rock, indie, alternative",chirp-v5,rock
rock,hard rock,"hard rock, rebellious atmosphere, featuring dual guitar harmonics and thundering bass lines","rock, classic, anthem",chirp-v5,rock
rock,grunge,"grunge rock, rebellious atmosphere, featuring dual guitar harmonics and thundering bass lines","rock, guitar, electric",chirp-v5,rock
rock,progressive rock,"progressive rock, rebellious atmosphere, featuring dual guitar harmonics and thundering bass lines","rock, drums, bass",chirp-v5,rock
rock,psychedelic rock,"psychedelic rock, rebellious atmosphere, featuring dual guitar harmonics and thundering bass lines","rock, punk, distortion",chirp-v5,rock
rock,garage rock,"garage rock, rebellious atmosphere, featuring dual guitar harmonics and thundering bass lines","rock, indie, alternative",chirp-v5,rock
rock,glam rock,"glam rock, rebellious atmosphere, featuring dual guitar harmonics and thundering bass lines","rock, classic, anthem",chirp-v5,rock
rock,classic rock,"classic rock, melancholic atmosphere, featuring dual guitar harmonics and thundering bass lines","rock, guitar, electric",chirp-v5,rock
rock,alternative rock,"alternative rock, melancholic atmosphere, featuring dual guitar harmonics and thundering bass lines","rock, drums, bass",chirp-v5,rock
rock,punk rock,"punk rock, melancholic atmosphere, featuring dual guitar harmonics and thundering bass lines","rock, punk, distortion",chirp-v5,rock
rock,indie rock,"indie rock, melancholic atmosphere, featuring dual guitar harmonics and thundering bass lines","rock, indie, alternative",chirp-v5,rock
rock,hard rock,"hard rock, melancholic atmosphere, featuring dual guitar harmonics and thundering bass lines","rock, classic, anthem",chirp-v5,rock
rock,grunge,"grunge rock, melancholic atmosphere, featuring dual guitar harmonics and thundering bass lines","rock, guitar, electric",chirp-v5,rock
rock,progressive rock,"progressive rock, melancholic atmosphere, featuring dual guitar harmonics and thundering bass lines","rock, drums, bass",chirp-v5,rock
rock,psychedelic rock,"psychedelic rock, melancholic atmosphere, featuring dual guitar harmonics and thundering bass lines","rock, punk, distortion",chirp-v5,rock
rock,garage rock,"garage rock, melancholic atmosphere, featuring dual guitar harmonics and thundering bass lines","rock, indie, alternative",chirp-v5,rock
rock,glam rock,"glam rock, melancholic atmosphere, featuring dual guitar harmonics and thundering bass lines","rock, classic, anthem",chirp-v5,rock
rock,classic rock,"classic rock, triumphant atmosphere, featuring dual guitar harmonics and thundering bass lines","rock, guitar, electric",chirp-v5,rock
rock,alternative rock,"alternative rock, triumphant atmosphere, featuring dual guitar harmonics and thundering bass lines","rock, drums, bass",chirp-v5,rock
rock,punk rock,"punk rock, triumphant atmosphere, featuring dual guitar harmonics and thundering bass lines","rock, punk, distortion",chirp-v5,rock
rock,indie rock,"indie rock, triumphant atmosphere, featuring dual guitar harmonics and thundering bass lines","rock, indie, alternative",chirp-v5,rock
rock,hard rock,"hard rock, triumphant atmosphere, featuring dual guitar harmonics and thundering bass lines","rock, classic, anthem",chirp-v5,rock
rock,grunge,"grunge rock, triumphant atmosphere, featuring dual guitar harmonics and thundering bass lines","rock, guitar, electric",chirp-v5,rock
rock,progressive rock,"progressive rock, triumphant atmosphere, featuring dual guitar harmonics and thundering bass lines","rock, drums, bass",chirp-v5,rock
rock,psychedelic rock,"psychedelic rock, triumphant atmosphere, featuring dual guitar harmonics and thundering bass lines","rock, punk, distortion",chirp-v5,rock
rock,garage rock,"garage rock, triumphant atmosphere, featuring dual guitar harmonics and thundering bass lines","rock, indie, alternative",chirp-v5,rock
rock,glam rock,"glam rock, triumphant atmosphere, featuring dual guitar harmonics and thundering bass lines","rock, classic, anthem",chirp-v5,rock
rock,classic rock,"classic rock, gritty atmosphere, featuring dual guitar harmonics and thundering bass lines","rock, guitar, electric",chirp-v5,rock
rock,alternative rock,"alternative rock, gritty atmosphere, featuring dual guitar harmonics and thundering bass lines","rock, drums, bass",chirp-v5,rock
rock,punk rock,"punk rock, gritty atmosphere, featuring dual guitar harmonics and thundering bass lines","rock, punk, distortion",chirp-v5,rock
rock,indie rock,"indie rock, gritty atmosphere, featuring dual guitar harmonics and thundering bass lines","rock, indie, alternative",chirp-v5,rock
rock,hard rock,"hard rock, gritty atmosphere, featuring dual guitar harmonics and thundering bass lines","rock, classic, anthem",chirp-v5,rock
rock,grunge,"grunge rock, gritty atmosphere, featuring dual guitar harmonics and thundering bass lines","rock, guitar, electric",chirp-v5,rock
rock,progressive rock,"progressive rock, gritty atmosphere, featuring dual guitar harmonics and thundering bass lines","rock, drums, bass",chirp-v5,rock
rock,psychedelic rock,"psychedelic rock, gritty atmosphere, featuring dual guitar harmonics and thundering bass lines","rock, punk, distortion",chirp-v5,rock
rock,garage rock,"garage rock, gritty atmosphere, featuring dual guitar harmonics and thundering bass lines","rock, indie, alternative",chirp-v5,rock
rock,glam rock,"glam rock, gritty atmosphere, featuring dual guitar harmonics and thundering bass lines","rock, classic, anthem",chirp-v5,rock
rock,classic rock,"classic rock, anthemic atmosphere, featuring dual guitar harmonics and thundering bass lines","rock, guitar, electric",chirp-v5,rock
rock,alternative rock,"alternative rock, anthemic atmosphere, featuring dual guitar harmonics and thundering bass lines","rock, drums, bass",chirp-v5,rock
rock,punk rock,"punk rock, anthemic atmosphere, featuring dual guitar harmonics and thundering bass lines","rock, punk, distortion",chirp-v5,rock
rock,indie rock,"indie rock, anthemic atmosphere, featuring dual guitar harmonics and thundering bass lines","rock, indie, alternative",chirp-v5,rock
rock,hard rock,"hard rock, anthemic atmosphere, featuring dual guitar harmonics and thundering bass lines","rock, classic, anthem",chirp-v5,rock
rock,grunge,"grunge rock, anthemic atmosphere, featuring dual guitar harmonics and thundering bass lines","rock, guitar, electric",chirp-v5,rock
rock,progressive rock,"progressive rock, anthemic atmosphere, featuring dual guitar harmonics and thundering bass lines","rock, drums, bass",chirp-v5,rock
rock,psychedelic rock,"psychedelic rock, anthemic atmosphere, featuring dual guitar harmonics and thundering bass lines","rock, punk, distortion",chirp-v5,rock
rock,garage rock,"garage rock, anthemic atmosphere, featuring dual guitar harmonics and thundering bass lines","rock, indie, alternative",chirp-v5,rock
rock,glam rock,"glam rock, anthemic atmosphere, featuring dual guitar harmonics and thundering bass lines","rock, classic, anthem",chirp-v5,rock
rock,classic rock,"classic rock, dreamy atmosphere, featuring dual guitar harmonics and thundering bass lines","rock, guitar, electric",chirp-v5,rock
rock,alternative rock,"alternative rock, dreamy atmosphere, featuring dual guitar harmonics and thundering bass lines","rock, drums, bass",chirp-v5,rock
rock,punk rock,"punk rock, dreamy atmosphere, featuring dual guitar harmonics and thundering bass lines","rock, punk, distortion",chirp-v5,rock
rock,indie rock,"indie rock, dreamy atmosphere, featuring dual guitar harmonics and thundering bass lines","rock, indie, alternative",chirp-v5,rock
rock,hard rock,"hard rock, dreamy atmosphere, featuring dual guitar harmonics and thundering bass lines","rock, classic, anthem",chirp-v5,rock
rock,grunge,"grunge rock, dreamy atmosphere, featuring dual guitar harmonics and thundering bass lines","rock, guitar, electric",chirp-v5,rock
rock,progressive rock,"progressive rock, dreamy atmosphere, featuring dual guitar harmonics and thundering bass lines","rock, drums, bass",chirp-v5,rock
rock,psychedelic rock,"psychedelic rock, dreamy atmosphere, featuring dual guitar harmonics and thundering bass lines","rock, punk, distortion",chirp-v5,rock
rock,garage rock,"garage rock, dreamy atmosphere, featuring dual guitar harmonics and thundering bass lines","rock, indie, alternative",chirp-v5,rock
rock,glam rock,"glam rock, dreamy atmosphere, featuring dual guitar harmonics and thundering bass lines","rock, classic, anthem",chirp-v5,rock
rock,classic rock,"classic rock, raw atmosphere, featuring dual guitar harmonics and thundering bass lines","rock, guitar, electric",chirp-v5,rock
rock,alternative rock,"alternative rock, raw atmosphere, featuring dual guitar harmonics and thundering bass lines","rock, drums, bass",chirp-v5,rock
rock,punk rock,"punk rock, raw atmosphere, featuring dual guitar harmonics and thundering bass lines","rock, punk, distortion",chirp-v5,rock
rock,indie rock,"indie rock, raw atmosphere, featuring dual guitar harmonics and thundering bass lines","rock, indie, alternative",chirp-v5,rock
rock,hard rock,"hard rock, raw atmosphere, featuring dual guitar harmonics and thundering bass lines","rock, classic, anthem",chirp-v5,rock
rock,grunge,"grunge rock, raw atmosphere, featuring dual guitar harmonics and thundering bass lines","rock, guitar, electric",chirp-v5,rock
rock,progressive rock,"progressive rock, raw atmosphere, featuring dual guitar harmonics and thundering bass lines","rock, drums, bass",chirp-v5,rock
rock,psychedelic rock,"psychedelic rock, raw atmosphere, featuring dual guitar harmonics and thundering bass lines","rock, punk, distortion",chirp-v5,rock
rock,garage rock,"garage rock, raw atmosphere, featuring dual guitar harmonics and thundering bass lines","rock, indie, alternative",chirp-v5,rock
rock,glam rock,"glam rock, raw atmosphere, featuring dual guitar harmonics and thundering bass lines","rock, classic, anthem",chirp-v5,rock
rock,classic rock,"classic rock, powerful atmosphere, featuring dual guitar harmonics and thundering bass lines","rock, guitar, electric",chirp-v5,rock
rock,alternative rock,"alternative rock, powerful atmosphere, featuring dual guitar harmonics and thundering bass lines","rock, drums, bass",chirp-v5,rock
rock,punk rock,"punk rock, powerful atmosphere, featuring dual guitar harmonics and thundering bass lines","rock, punk, distortion",chirp-v5,rock
rock,indie rock,"indie rock, powerful atmosphere, featuring dual guitar harmonics and thundering bass lines","rock, indie, alternative",chirp-v5,rock
rock,hard rock,"hard rock, powerful atmosphere, featuring dual guitar harmonics and thundering bass lines","rock, classic, anthem",chirp-v5,rock
rock,grunge,"grunge rock, powerful atmosphere, featuring dual guitar harmonics and thundering bass lines","rock, guitar, electric",chirp-v5,rock
rock,progressive rock,"progressive rock, powerful atmosphere, featuring dual guitar harmonics and thundering bass lines","rock, drums, bass",chirp-v5,rock
rock,psychedelic rock,"psychedelic rock, powerful atmosphere, featuring dual guitar harmonics and thundering bass lines","rock, punk, distortion",chirp-v5,rock
rock,garage rock,"garage rock, powerful atmosphere, featuring dual guitar harmonics and thundering bass lines","rock, indie, alternative",chirp-v5,rock
rock,glam rock,"glam rock, powerful atmosphere, featuring dual guitar harmonics and thundering bass lines","rock, classic, anthem",chirp-v5,rock
rock,classic rock,"classic rock, introspective atmosphere, featuring dual guitar harmonics and thundering bass lines","rock, guitar, electric",chirp-v5,rock
rock,alternative rock,"alternative rock, introspective atmosphere, featuring dual guitar harmonics and thundering bass lines","rock, drums, bass",chirp-v5,rock
rock,punk rock,"punk rock, introspective atmosphere, featuring dual guitar harmonics and thundering bass lines","rock, punk, distortion",chirp-v5,rock
rock,indie rock,"indie rock, introspective atmosphere, featuring dual guitar harmonics and thundering bass lines","rock, indie, alternative",chirp-v5,rock
rock,hard rock,"hard rock, introspective atmosphere, featuring dual guitar harmonics and thundering bass lines","rock, classic, anthem",chirp-v5,rock
rock,grunge,"grunge rock, introspective atmosphere, featuring dual guitar harmonics and thundering bass lines","rock, guitar, electric",chirp-v5,rock
rock,progressive rock,"progressive rock, introspective atmosphere, featuring dual guitar harmonics and thundering bass lines","rock, drums, bass",chirp-v5,rock
rock,psychedelic rock,"psychedelic rock, introspective atmosphere, featuring dual guitar harmonics and thundering bass lines","rock, punk, distortion",chirp-v5,rock
rock,garage rock,"garage rock, introspective atmosphere, featuring dual guitar harmonics and thundering bass lines","rock, indie, alternative",chirp-v5,rock
rock,glam rock,"glam rock, introspective atmosphere, featuring dual guitar harmonics and thundering bass lines","rock, classic, anthem",chirp-v5,rock
rock,classic rock,"classic rock, energetic atmosphere, featuring arena-scale wall of sound with layered guitars","rock, guitar, electric",chirp-v5,rock
rock,alternative rock,"alternative rock, energetic atmosphere, featuring arena-scale wall of sound with layered guitars","rock, drums, bass",chirp-v5,rock
rock,punk rock,"punk rock, energetic atmosphere, featuring arena-scale wall of sound with layered guitars","rock, punk, distortion",chirp-v5,rock
rock,indie rock,"indie rock, energetic atmosphere, featuring arena-scale wall of sound with layered guitars","rock, indie, alternative",chirp-v5,rock
rock,hard rock,"hard rock, energetic atmosphere, featuring arena-scale wall of sound with layered guitars","rock, classic, anthem",chirp-v5,rock
rock,grunge,"grunge rock, energetic atmosphere, featuring arena-scale wall of sound with layered guitars","rock, guitar, electric",chirp-v5,rock
rock,progressive rock,"progressive rock, energetic atmosphere, featuring arena-scale wall of sound with layered guitars","rock, drums, bass",chirp-v5,rock
rock,psychedelic rock,"psychedelic rock, energetic atmosphere, featuring arena-scale wall of sound with layered guitars","rock, punk, distortion",chirp-v5,rock
rock,garage rock,"garage rock, energetic atmosphere, featuring arena-scale wall of sound with layered guitars","rock, indie, alternative",chirp-v5,rock
rock,glam rock,"glam rock, energetic atmosphere, featuring arena-scale wall of sound with layered guitars","rock, classic, anthem",chirp-v5,rock
rock,classic rock,"classic rock, rebellious atmosphere, featuring arena-scale wall of sound with layered guitars","rock, guitar, electric",chirp-v5,rock
rock,alternative rock,"alternative rock, rebellious atmosphere, featuring arena-scale wall of sound with layered guitars","rock, drums, bass",chirp-v5,rock
rock,punk rock,"punk rock, rebellious atmosphere, featuring arena-scale wall of sound with layered guitars","rock, punk, distortion",chirp-v5,rock
rock,indie rock,"indie rock, rebellious atmosphere, featuring arena-scale wall of sound with layered guitars","rock, indie, alternative",chirp-v5,rock
rock,hard rock,"hard rock, rebellious atmosphere, featuring arena-scale wall of sound with layered guitars","rock, classic, anthem",chirp-v5,rock
rock,grunge,"grunge rock, rebellious atmosphere, featuring arena-scale wall of sound with layered guitars","rock, guitar, electric",chirp-v5,rock
rock,progressive rock,"progressive rock, rebellious atmosphere, featuring arena-scale wall of sound with layered guitars","rock, drums, bass",chirp-v5,rock
rock,psychedelic rock,"psychedelic rock, rebellious atmosphere, featuring arena-scale wall of sound with layered guitars","rock, punk, distortion",chirp-v5,rock
rock,garage rock,"garage rock, rebellious atmosphere, featuring arena-scale wall of sound with layered guitars","rock, indie, alternative",chirp-v5,rock
rock,glam rock,"glam rock, rebellious atmosphere, featuring arena-scale wall of sound with layered guitars","rock, classic, anthem",chirp-v5,rock
rock,classic rock,"classic rock, melancholic atmosphere, featuring arena-scale wall of sound with layered guitars","rock, guitar, electric",chirp-v5,rock
rock,alternative rock,"alternative rock, melancholic atmosphere, featuring arena-scale wall of sound with layered guitars","rock, drums, bass",chirp-v5,rock
rock,punk rock,"punk rock, melancholic atmosphere, featuring arena-scale wall of sound with layered guitars","rock, punk, distortion",chirp-v5,rock
rock,indie rock,"indie rock, melancholic atmosphere, featuring arena-scale wall of sound with layered guitars","rock, indie, alternative",chirp-v5,rock
rock,hard rock,"hard rock, melancholic atmosphere, featuring arena-scale wall of sound with layered guitars","rock, classic, anthem",chirp-v5,rock
rock,grunge,"grunge rock, melancholic atmosphere, featuring arena-scale wall of sound with layered guitars","rock, guitar, electric",chirp-v5,rock
rock,progressive rock,"progressive rock, melancholic atmosphere, featuring arena-scale wall of sound with layered guitars","rock, drums, bass",chirp-v5,rock
rock,psychedelic rock,"psychedelic rock, melancholic atmosphere, featuring arena-scale wall of sound with layered guitars","rock, punk, distortion",chirp-v5,rock
rock,garage rock,"garage rock, melancholic atmosphere, featuring arena-scale wall of sound with layered guitars","rock, indie, alternative",chirp-v5,rock
rock,glam rock,"glam rock, melancholic atmosphere, featuring arena-scale wall of sound with layered guitars","rock, classic, anthem",chirp-v5,rock
rock,classic rock,"classic rock, triumphant atmosphere, featuring arena-scale wall of sound with layered guitars","rock, guitar, electric",chirp-v5,rock
rock,alternative rock,"alternative rock, triumphant atmosphere, featuring arena-scale wall of sound with layered guitars","rock, drums, bass",chirp-v5,rock
rock,punk rock,"punk rock, triumphant atmosphere, featuring arena-scale wall of sound with layered guitars","rock, punk, distortion",chirp-v5,rock
rock,indie rock,"indie rock, triumphant atmosphere, featuring arena-scale wall of sound with layered guitars","rock, indie, alternative",chirp-v5,rock
rock,hard rock,"hard rock, triumphant atmosphere, featuring arena-scale wall of sound with layered guitars","rock, classic, anthem",chirp-v5,rock
rock,grunge,"grunge rock, triumphant atmosphere, featuring arena-scale wall of sound with layered guitars","rock, guitar, electric",chirp-v5,rock
rock,progressive rock,"progressive rock, triumphant atmosphere, featuring arena-scale wall of sound with layered guitars","rock, drums, bass",chirp-v5,rock
rock,psychedelic rock,"psychedelic rock, triumphant atmosphere, featuring arena-scale wall of sound with layered guitars","rock, punk, distortion",chirp-v5,rock
rock,garage rock,"garage rock, triumphant atmosphere, featuring arena-scale wall of sound with layered guitars","rock, indie, alternative",chirp-v5,rock
rock,glam rock,"glam rock, triumphant atmosphere, featuring arena-scale wall of sound with layered guitars","rock, classic, anthem",chirp-v5,rock
rock,classic rock,"classic rock, gritty atmosphere, featuring arena-scale wall of sound with layered guitars","rock, guitar, electric",chirp-v5,rock
rock,alternative rock,"alternative rock, gritty atmosphere, featuring arena-scale wall of sound with layered guitars","rock, drums, bass",chirp-v5,rock
rock,punk rock,"punk rock, gritty atmosphere, featuring arena-scale wall of sound with layered guitars","rock, punk, distortion",chirp-v5,rock
rock,indie rock,"indie rock, gritty atmosphere, featuring arena-scale wall of sound with layered guitars","rock, indie, alternative",chirp-v5,rock
rock,hard rock,"hard rock, gritty atmosphere, featuring arena-scale wall of sound with layered guitars","rock, classic, anthem",chirp-v5,rock
rock,grunge,"grunge rock, gritty atmosphere, featuring arena-scale wall of sound with layered guitars","rock, guitar, electric",chirp-v5,rock
rock,progressive rock,"progressive rock, gritty atmosphere, featuring arena-scale wall of sound with layered guitars","rock, drums, bass",chirp-v5,rock
rock,psychedelic rock,"psychedelic rock, gritty atmosphere, featuring arena-scale wall of sound with layered guitars","rock, punk, distortion",chirp-v5,rock
rock,garage rock,"garage rock, gritty atmosphere, featuring arena-scale wall of sound with layered guitars","rock, indie, alternative",chirp-v5,rock
rock,glam rock,"glam rock, gritty atmosphere, featuring arena-scale wall of sound with layered guitars","rock, classic, anthem",chirp-v5,rock
rock,classic rock,"classic rock, anthemic atmosphere, featuring arena-scale wall of sound with layered guitars","rock, guitar, electric",chirp-v5,rock
rock,alternative rock,"alternative rock, anthemic atmosphere, featuring arena-scale wall of sound with layered guitars","rock, drums, bass",chirp-v5,rock
rock,punk rock,"punk rock, anthemic atmosphere, featuring arena-scale wall of sound with layered guitars","rock, punk, distortion",chirp-v5,rock
rock,indie rock,"indie rock, anthemic atmosphere, featuring arena-scale wall of sound with layered guitars","rock, indie, alternative",chirp-v5,rock
rock,hard rock,"hard rock, anthemic atmosphere, featuring arena-scale wall of sound with layered guitars","rock, classic, anthem",chirp-v5,rock
rock,grunge,"grunge rock, anthemic atmosphere, featuring arena-scale wall of sound with layered guitars","rock, guitar, electric",chirp-v5,rock
rock,progressive rock,"progressive rock, anthemic atmosphere, featuring arena-scale wall of sound with layered guitars","rock, drums, bass",chirp-v5,rock
rock,psychedelic rock,"psychedelic rock, anthemic atmosphere, featuring arena-scale wall of sound with layered guitars","rock, punk, distortion",chirp-v5,rock
rock,garage rock,"garage rock, anthemic atmosphere, featuring arena-scale wall of sound with layered guitars","rock, indie, alternative",chirp-v5,rock
rock,glam rock,"glam rock, anthemic atmosphere, featuring arena-scale wall of sound with layered guitars","rock, classic, anthem",chirp-v5,rock
rock,classic rock,"classic rock, dreamy atmosphere, featuring arena-scale wall of sound with layered guitars","rock, guitar, electric",chirp-v5,rock
rock,alternative rock,"alternative rock, dreamy atmosphere, featuring arena-scale wall of sound with layered guitars","rock, drums, bass",chirp-v5,rock
rock,punk rock,"punk rock, dreamy atmosphere, featuring arena-scale wall of sound with layered guitars","rock, punk, distortion",chirp-v5,rock
rock,indie rock,"indie rock, dreamy atmosphere, featuring arena-scale wall of sound with layered guitars","rock, indie, alternative",chirp-v5,rock
rock,hard rock,"hard rock, dreamy atmosphere, featuring arena-scale wall of sound with layered guitars","rock, classic, anthem",chirp-v5,rock
rock,grunge,"grunge rock, dreamy atmosphere, featuring arena-scale wall of sound with layered guitars","rock, guitar, electric",chirp-v5,rock
rock,progressive rock,"progressive rock, dreamy atmosphere, featuring arena-scale wall of sound with layered guitars","rock, drums, bass",chirp-v5,rock
rock,psychedelic rock,"psychedelic rock, dreamy atmosphere, featuring arena-scale wall of sound with layered guitars","rock, punk, distortion",chirp-v5,rock
rock,garage rock,"garage rock, dreamy atmosphere, featuring arena-scale wall of sound with layered guitars","rock, indie, alternative",chirp-v5,rock
rock,glam rock,"glam rock, dreamy atmosphere, featuring arena-scale wall of sound with layered guitars","rock, classic, anthem",chirp-v5,rock
rock,classic rock,"classic rock, raw atmosphere, featuring arena-scale wall of sound with layered guitars","rock, guitar, electric",chirp-v5,rock
rock,alternative rock,"alternative rock, raw atmosphere, featuring arena-scale wall of sound with layered guitars","rock, drums, bass",chirp-v5,rock
rock,punk rock,"punk rock, raw atmosphere, featuring arena-scale wall of sound with layered guitars","rock, punk, distortion",chirp-v5,rock
rock,indie rock,"indie rock, raw atmosphere, featuring arena-scale wall of sound with layered guitars","rock, indie, alternative",chirp-v5,rock
rock,hard rock,"hard rock, raw atmosphere, featuring arena-scale wall of sound with layered guitars","rock, classic, anthem",chirp-v5,rock
rock,grunge,"grunge rock, raw atmosphere, featuring arena-scale wall of sound with layered guitars","rock, guitar, electric",chirp-v5,rock
rock,progressive rock,"progressive rock, raw atmosphere, featuring arena-scale wall of sound with layered guitars","rock, drums, bass",chirp-v5,rock
rock,psychedelic rock,"psychedelic rock, raw atmosphere, featuring arena-scale wall of sound with layered guitars","rock, punk, distortion",chirp-v5,rock
rock,garage rock,"garage rock, raw atmosphere, featuring arena-scale wall of sound with layered guitars","rock, indie, alternative",chirp-v5,rock
rock,glam rock,"glam rock, raw atmosphere, featuring arena-scale wall of sound with layered guitars","rock, classic, anthem",chirp-v5,rock
rock,classic rock,"classic rock, powerful atmosphere, featuring arena-scale wall of sound with layered guitars","rock, guitar, electric",chirp-v5,rock
rock,alternative rock,"alternative rock, powerful atmosphere, featuring arena-scale wall of sound with layered guitars","rock, drums, bass",chirp-v5,rock
rock,punk rock,"punk rock, powerful atmosphere, featuring arena-scale wall of sound with layered guitars","rock, punk, distortion",chirp-v5,rock
rock,indie rock,"indie rock, powerful atmosphere, featuring arena-scale wall of sound with layered guitars","rock, indie, alternative",chirp-v5,rock
rock,hard rock,"hard rock, powerful atmosphere, featuring arena-scale wall of sound with layered guitars","rock, classic, anthem",chirp-v5,rock
rock,grunge,"grunge rock, powerful atmosphere, featuring arena-scale wall of sound with layered guitars","rock, guitar, electric",chirp-v5,rock
rock,progressive rock,"progressive rock, powerful atmosphere, featuring arena-scale wall of sound with layered guitars","rock, drums, bass",chirp-v5,rock
rock,psychedelic rock,"psychedelic rock, powerful atmosphere, featuring arena-scale wall of sound with layered guitars","rock, punk, distortion",chirp-v5,rock
rock,garage rock,"garage rock, powerful atmosphere, featuring arena-scale wall of sound with layered guitars","rock, indie, alternative",chirp-v5,rock
rock,glam rock,"glam rock, powerful atmosphere, featuring arena-scale wall of sound with layered guitars","rock, classic, anthem",chirp-v5,rock
rock,classic rock,"classic rock, introspective atmosphere, featuring arena-scale wall of sound with layered guitars","rock, guitar, electric",chirp-v5,rock
rock,alternative rock,"alternative rock, introspective atmosphere, featuring arena-scale wall of sound with layered guitars","rock, drums, bass",chirp-v5,rock
rock,punk rock,"punk rock, introspective atmosphere, featuring arena-scale wall of sound with layered guitars","rock, punk, distortion",chirp-v5,rock
rock,indie rock,"indie rock, introspective atmosphere, featuring arena-scale wall of sound with layered guitars","rock, indie, alternative",chirp-v5,rock
rock,hard rock,"hard rock, introspective atmosphere, featuring arena-scale wall of sound with layered guitars","rock, classic, anthem",chirp-v5,rock
rock,grunge,"grunge rock, introspective atmosphere, featuring arena-scale wall of sound with layered guitars","rock, guitar, electric",chirp-v5,rock
rock,progressive rock,"progressive rock, introspective atmosphere, featuring arena-scale wall of sound with layered guitars","rock, drums, bass",chirp-v5,rock
rock,psychedelic rock,"psychedelic rock, introspective atmosphere, featuring arena-scale wall of sound with layered guitars","rock, punk, distortion",chirp-v5,rock
rock,garage rock,"garage rock, introspective atmosphere, featuring arena-scale wall of sound with layered guitars","rock, indie, alternative",chirp-v5,rock
rock,glam rock,"glam rock, introspective atmosphere, featuring arena-scale wall of sound with layered guitars","rock, classic, anthem",chirp-v5,rock
rock,classic rock,"classic rock, energetic atmosphere, featuring palm-muted riff with crashing cymbals and punchy bass","rock, guitar, electric",chirp-v5,rock
rock,alternative rock,"alternative rock, energetic atmosphere, featuring palm-muted riff with crashing cymbals and punchy bass","rock, drums, bass",chirp-v5,rock
rock,punk rock,"punk rock, energetic atmosphere, featuring palm-muted riff with crashing cymbals and punchy bass","rock, punk, distortion",chirp-v5,rock
rock,indie rock,"indie rock, energetic atmosphere, featuring palm-muted riff with crashing cymbals and punchy bass","rock, indie, alternative",chirp-v5,rock
rock,hard rock,"hard rock, energetic atmosphere, featuring palm-muted riff with crashing cymbals and punchy bass","rock, classic, anthem",chirp-v5,rock
rock,grunge,"grunge rock, energetic atmosphere, featuring palm-muted riff with crashing cymbals and punchy bass","rock, guitar, electric",chirp-v5,rock
rock,progressive rock,"progressive rock, energetic atmosphere, featuring palm-muted riff with crashing cymbals and punchy bass","rock, drums, bass",chirp-v5,rock
rock,psychedelic rock,"psychedelic rock, energetic atmosphere, featuring palm-muted riff with crashing cymbals and punchy bass","rock, punk, distortion",chirp-v5,rock
rock,garage rock,"garage rock, energetic atmosphere, featuring palm-muted riff with crashing cymbals and punchy bass","rock, indie, alternative",chirp-v5,rock
rock,glam rock,"glam rock, energetic atmosphere, featuring palm-muted riff with crashing cymbals and punchy bass","rock, classic, anthem",chirp-v5,rock
rock,classic rock,"classic rock, rebellious atmosphere, featuring palm-muted riff with crashing cymbals and punchy bass","rock, guitar, electric",chirp-v5,rock
rock,alternative rock,"alternative rock, rebellious atmosphere, featuring palm-muted riff with crashing cymbals and punchy bass","rock, drums, bass",chirp-v5,rock
rock,punk rock,"punk rock, rebellious atmosphere, featuring palm-muted riff with crashing cymbals and punchy bass","rock, punk, distortion",chirp-v5,rock
rock,indie rock,"indie rock, rebellious atmosphere, featuring palm-muted riff with crashing cymbals and punchy bass","rock, indie, alternative",chirp-v5,rock
rock,hard rock,"hard rock, rebellious atmosphere, featuring palm-muted riff with crashing cymbals and punchy bass","rock, classic, anthem",chirp-v5,rock
rock,grunge,"grunge rock, rebellious atmosphere, featuring palm-muted riff with crashing cymbals and punchy bass","rock, guitar, electric",chirp-v5,rock
rock,progressive rock,"progressive rock, rebellious atmosphere, featuring palm-muted riff with crashing cymbals and punchy bass","rock, drums, bass",chirp-v5,rock
rock,psychedelic rock,"psychedelic rock, rebellious atmosphere, featuring palm-muted riff with crashing cymbals and punchy bass","rock, punk, distortion",chirp-v5,rock
rock,garage rock,"garage rock, rebellious atmosphere, featuring palm-muted riff with crashing cymbals and punchy bass","rock, indie, alternative",chirp-v5,rock
rock,glam rock,"glam rock, rebellious atmosphere, featuring palm-muted riff with crashing cymbals and punchy bass","rock, classic, anthem",chirp-v5,rock
rock,classic rock,"classic rock, melancholic atmosphere, featuring palm-muted riff with crashing cymbals and punchy bass","rock, guitar, electric",chirp-v5,rock
rock,alternative rock,"alternative rock, melancholic atmosphere, featuring palm-muted riff with crashing cymbals and punchy bass","rock, drums, bass",chirp-v5,rock
rock,punk rock,"punk rock, melancholic atmosphere, featuring palm-muted riff with crashing cymbals and punchy bass","rock, punk, distortion",chirp-v5,rock
rock,indie rock,"indie rock, melancholic atmosphere, featuring palm-muted riff with crashing cymbals and punchy bass","rock, indie, alternative",chirp-v5,rock
rock,hard rock,"hard rock, melancholic atmosphere, featuring palm-muted riff with crashing cymbals and punchy bass","rock, classic, anthem",chirp-v5,rock
rock,grunge,"grunge rock, melancholic atmosphere, featuring palm-muted riff with crashing cymbals and punchy bass","rock, guitar, electric",chirp-v5,rock
rock,progressive rock,"progressive rock, melancholic atmosphere, featuring palm-muted riff with crashing cymbals and punchy bass","rock, drums, bass",chirp-v5,rock
rock,psychedelic rock,"psychedelic rock, melancholic atmosphere, featuring palm-muted riff with crashing cymbals and punchy bass","rock, punk, distortion",chirp-v5,rock
rock,garage rock,"garage rock, melancholic atmosphere, featuring palm-muted riff with crashing cymbals and punchy bass","rock, indie, alternative",chirp-v5,rock
rock,glam rock,"glam rock, melancholic atmosphere, featuring palm-muted riff with crashing cymbals and punchy bass","rock, classic, anthem",chirp-v5,rock
rock,classic rock,"classic rock, triumphant atmosphere, featuring palm-muted riff with crashing cymbals and punchy bass","rock, guitar, electric",chirp-v5,rock
rock,alternative rock,"alternative rock, triumphant atmosphere, featuring palm-muted riff with crashing cymbals and punchy bass","rock, drums, bass",chirp-v5,rock
rock,punk rock,"punk rock, triumphant atmosphere, featuring palm-muted riff with crashing cymbals and punchy bass","rock, punk, distortion",chirp-v5,rock
rock,indie rock,"indie rock, triumphant atmosphere, featuring palm-muted riff with crashing cymbals and punchy bass","rock, indie, alternative",chirp-v5,rock
rock,hard rock,"hard rock, triumphant atmosphere, featuring palm-muted riff with crashing cymbals and punchy bass","rock, classic, anthem",chirp-v5,rock
rock,grunge,"grunge rock, triumphant atmosphere, featuring palm-muted riff with crashing cymbals and punchy bass","rock, guitar, electric",chirp-v5,rock
rock,progressive rock,"progressive rock, triumphant atmosphere, featuring palm-muted riff with crashing cymbals and punchy bass","rock, drums, bass",chirp-v5,rock
rock,psychedelic rock,"psychedelic rock, triumphant atmosphere, featuring palm-muted riff with crashing cymbals and punchy bass","rock, punk, distortion",chirp-v5,rock
rock,garage rock,"garage rock, triumphant atmosphere, featuring palm-muted riff with crashing cymbals and punchy bass","rock, indie, alternative",chirp-v5,rock
rock,glam rock,"glam rock, triumphant atmosphere, featuring palm-muted riff with crashing cymbals and punchy bass","rock, classic, anthem",chirp-v5,rock
rock,classic rock,"classic rock, gritty atmosphere, featuring palm-muted riff with crashing cymbals and punchy bass","rock, guitar, electric",chirp-v5,rock
rock,alternative rock,"alternative rock, gritty atmosphere, featuring palm-muted riff with crashing cymbals and punchy bass","rock, drums, bass",chirp-v5,rock
rock,punk rock,"punk rock, gritty atmosphere, featuring palm-muted riff with crashing cymbals and punchy bass","rock, punk, distortion",chirp-v5,rock
rock,indie rock,"indie rock, gritty atmosphere, featuring palm-muted riff with crashing cymbals and punchy bass","rock, indie, alternative",chirp-v5,rock
rock,hard rock,"hard rock, gritty atmosphere, featuring palm-muted riff with crashing cymbals and punchy bass","rock, classic, anthem",chirp-v5,rock
rock,grunge,"grunge rock, gritty atmosphere, featuring palm-muted riff with crashing cymbals and punchy bass","rock, guitar, electric",chirp-v5,rock
rock,progressive rock,"progressive rock, gritty atmosphere, featuring palm-muted riff with crashing cymbals and punchy bass","rock, drums, bass",chirp-v5,rock
rock,psychedelic rock,"psychedelic rock, gritty atmosphere, featuring palm-muted riff with crashing cymbals and punchy bass","rock, punk, distortion",chirp-v5,rock
rock,garage rock,"garage rock, gritty atmosphere, featuring palm-muted riff with crashing cymbals and punchy bass","rock, indie, alternative",chirp-v5,rock
rock,glam rock,"glam rock, gritty atmosphere, featuring palm-muted riff with crashing cymbals and punchy bass","rock, classic, anthem",chirp-v5,rock
rock,classic rock,"classic rock, anthemic atmosphere, featuring palm-muted riff with crashing cymbals and punchy bass","rock, guitar, electric",chirp-v5,rock
rock,alternative rock,"alternative rock, anthemic atmosphere, featuring palm-muted riff with crashing cymbals and punchy bass","rock, drums, bass",chirp-v5,rock
rock,punk rock,"punk rock, anthemic atmosphere, featuring palm-muted riff with crashing cymbals and punchy bass","rock, punk, distortion",chirp-v5,rock
rock,indie rock,"indie rock, anthemic atmosphere, featuring palm-muted riff with crashing cymbals and punchy bass","rock, indie, alternative",chirp-v5,rock
rock,hard rock,"hard rock, anthemic atmosphere, featuring palm-muted riff with crashing cymbals and punchy bass","rock, classic, anthem",chirp-v5,rock
rock,grunge,"grunge rock, anthemic atmosphere, featuring palm-muted riff with crashing cymbals and punchy bass","rock, guitar, electric",chirp-v5,rock
rock,progressive rock,"progressive rock, anthemic atmosphere, featuring palm-muted riff with crashing cymbals and punchy bass","rock, drums, bass",chirp-v5,rock
rock,psychedelic rock,"psychedelic rock, anthemic atmosphere, featuring palm-muted riff with crashing cymbals and punchy bass","rock, punk, distortion",chirp-v5,rock
rock,garage rock,"garage rock, anthemic atmosphere, featuring palm-muted riff with crashing cymbals and punchy bass","rock, indie, alternative",chirp-v5,rock
rock,glam rock,"glam rock, anthemic atmosphere, featuring palm-muted riff with crashing cymbals and punchy bass","rock, classic, anthem",chirp-v5,rock
rock,classic rock,"classic rock, dreamy atmosphere, featuring palm-muted riff with crashing cymbals and punchy bass","rock, guitar, electric",chirp-v5,rock
rock,alternative rock,"alternative rock, dreamy atmosphere, featuring palm-muted riff with crashing cymbals and punchy bass","rock, drums, bass",chirp-v5,rock
rock,punk rock,"punk rock, dreamy atmosphere, featuring palm-muted riff with crashing cymbals and punchy bass","rock, punk, distortion",chirp-v5,rock
rock,indie rock,"indie rock, dreamy atmosphere, featuring palm-muted riff with crashing cymbals and punchy bass","rock, indie, alternative",chirp-v5,rock
rock,hard rock,"hard rock, dreamy atmosphere, featuring palm-muted riff with crashing cymbals and punchy bass","rock, classic, anthem",chirp-v5,rock
rock,grunge,"grunge rock, dreamy atmosphere, featuring palm-muted riff with crashing cymbals and punchy bass","rock, guitar, electric",chirp-v5,rock
rock,progressive rock,"progressive rock, dreamy atmosphere, featuring palm-muted riff with crashing cymbals and punchy bass","rock, drums, bass",chirp-v5,rock
rock,psychedelic rock,"psychedelic rock, dreamy atmosphere, featuring palm-muted riff with crashing cymbals and punchy bass","rock, punk, distortion",chirp-v5,rock
rock,garage rock,"garage rock, dreamy atmosphere, featuring palm-muted riff with crashing cymbals and punchy bass","rock, indie, alternative",chirp-v5,rock
rock,glam rock,"glam rock, dreamy atmosphere, featuring palm-muted riff with crashing cymbals and punchy bass","rock, classic, anthem",chirp-v5,rock
rock,classic rock,"classic rock, raw atmosphere, featuring palm-muted riff with crashing cymbals and punchy bass","rock, guitar, electric",chirp-v5,rock
rock,alternative rock,"alternative rock, raw atmosphere, featuring palm-muted riff with crashing cymbals and punchy bass","rock, drums, bass",chirp-v5,rock
rock,punk rock,"punk rock, raw atmosphere, featuring palm-muted riff with crashing cymbals and punchy bass","rock, punk, distortion",chirp-v5,rock
rock,indie rock,"indie rock, raw atmosphere, featuring palm-muted riff with crashing cymbals and punchy bass","rock, indie, alternative",chirp-v5,rock
rock,hard rock,"hard rock, raw atmosphere, featuring palm-muted riff with crashing cymbals and punchy bass","rock, classic, anthem",chirp-v5,rock
rock,grunge,"grunge rock, raw atmosphere, featuring palm-muted riff with crashing cymbals and punchy bass","rock, guitar, electric",chirp-v5,rock
rock,progressive rock,"progressive rock, raw atmosphere, featuring palm-muted riff with crashing cymbals and punchy bass","rock, drums, bass",chirp-v5,rock
rock,psychedelic rock,"psychedelic rock, raw atmosphere, featuring palm-muted riff with crashing cymbals and punchy bass","rock, punk, distortion",chirp-v5,rock
rock,garage rock,"garage rock, raw atmosphere, featuring palm-muted riff with crashing cymbals and punchy bass","rock, indie, alternative",chirp-v5,rock
rock,glam rock,"glam rock, raw atmosphere, featuring palm-muted riff with crashing cymbals and punchy bass","rock, classic, anthem",chirp-v5,rock
rock,classic rock,"classic rock, powerful atmosphere, featuring palm-muted riff with crashing cymbals and punchy bass","rock, guitar, electric",chirp-v5,rock
rock,alternative rock,"alternative rock, powerful atmosphere, featuring palm-muted riff with crashing cymbals and punchy bass","rock, drums, bass",chirp-v5,rock
rock,punk rock,"punk rock, powerful atmosphere, featuring palm-muted riff with crashing cymbals and punchy bass","rock, punk, distortion",chirp-v5,rock
rock,indie rock,"indie rock, powerful atmosphere, featuring palm-muted riff with crashing cymbals and punchy bass","rock, indie, alternative",chirp-v5,rock
rock,hard rock,"hard rock, powerful atmosphere, featuring palm-muted riff with crashing cymbals and punchy bass","rock, classic, anthem",chirp-v5,rock
rock,grunge,"grunge rock, powerful atmosphere, featuring palm-muted riff with crashing cymbals and punchy bass","rock, guitar, electric",chirp-v5,rock
rock,progressive rock,"progressive rock, powerful atmosphere, featuring palm-muted riff with crashing cymbals and punchy bass","rock, drums, bass",chirp-v5,rock
rock,psychedelic rock,"psychedelic rock, powerful atmosphere, featuring palm-muted riff with crashing cymbals and punchy bass","rock, punk, distortion",chirp-v5,rock
rock,garage rock,"garage rock, powerful atmosphere, featuring palm-muted riff with crashing cymbals and punchy bass","rock, indie, alternative",chirp-v5,rock
rock,glam rock,"glam rock, powerful atmosphere, featuring palm-muted riff with crashing cymbals and punchy bass","rock, classic, anthem",chirp-v5,rock
rock,classic rock,"classic rock, introspective atmosphere, featuring palm-muted riff with crashing cymbals and punchy bass","rock, guitar, electric",chirp-v5,rock
rock,alternative rock,"alternative rock, introspective atmosphere, featuring palm-muted riff with crashing cymbals and punchy bass","rock, drums, bass",chirp-v5,rock
rock,punk rock,"punk rock, introspective atmosphere, featuring palm-muted riff with crashing cymbals and punchy bass","rock, punk, distortion",chirp-v5,rock
rock,indie rock,"indie rock, introspective atmosphere, featuring palm-muted riff with crashing cymbals and punchy bass","rock, indie, alternative",chirp-v5,rock
rock,hard rock,"hard rock, introspective atmosphere, featuring palm-muted riff with crashing cymbals and punchy bass","rock, classic, anthem",chirp-v5,rock
rock,grunge,"grunge rock, introspective atmosphere, featuring palm-muted riff with crashing cymbals and punchy bass","rock, guitar, electric",chirp-v5,rock
rock,progressive rock,"progressive rock, introspective atmosphere, featuring palm-muted riff with crashing cymbals and punchy bass","rock, drums, bass",chirp-v5,rock
rock,psychedelic rock,"psychedelic rock, introspective atmosphere, featuring palm-muted riff with crashing cymbals and punchy bass","rock, punk, distortion",chirp-v5,rock
rock,garage rock,"garage rock, introspective atmosphere, featuring palm-muted riff with crashing cymbals and punchy bass","rock, indie, alternative",chirp-v5,rock
rock,glam rock,"glam rock, introspective atmosphere, featuring palm-muted riff with crashing cymbals and punchy bass","rock, classic, anthem",chirp-v5,rock
rock,classic rock,"classic rock, energetic atmosphere, featuring jangly clean guitar and melodic bass line","rock, guitar, electric",chirp-v5,rock
rock,alternative rock,"alternative rock, energetic atmosphere, featuring jangly clean guitar and melodic bass line","rock, drums, bass",chirp-v5,rock
rock,punk rock,"punk rock, energetic atmosphere, featuring jangly clean guitar and melodic bass line","rock, punk, distortion",chirp-v5,rock
rock,indie rock,"indie rock, energetic atmosphere, featuring jangly clean guitar and melodic bass line","rock, indie, alternative",chirp-v5,rock
rock,hard rock,"hard rock, energetic atmosphere, featuring jangly clean guitar and melodic bass line","rock, classic, anthem",chirp-v5,rock
rock,grunge,"grunge rock, energetic atmosphere, featuring jangly clean guitar and melodic bass line","rock, guitar, electric",chirp-v5,rock
rock,progressive rock,"progressive rock, energetic atmosphere, featuring jangly clean guitar and melodic bass line","rock, drums, bass",chirp-v5,rock
rock,psychedelic rock,"psychedelic rock, energetic atmosphere, featuring jangly clean guitar and melodic bass line","rock, punk, distortion",chirp-v5,rock
rock,garage rock,"garage rock, energetic atmosphere, featuring jangly clean guitar and melodic bass line","rock, indie, alternative",chirp-v5,rock
rock,glam rock,"glam rock, energetic atmosphere, featuring jangly clean guitar and melodic bass line","rock, classic, anthem",chirp-v5,rock
rock,classic rock,"classic rock, rebellious atmosphere, featuring jangly clean guitar and melodic bass line","rock, guitar, electric",chirp-v5,rock
rock,alternative rock,"alternative rock, rebellious atmosphere, featuring jangly clean guitar and melodic bass line","rock, drums, bass",chirp-v5,rock
rock,punk rock,"punk rock, rebellious atmosphere, featuring jangly clean guitar and melodic bass line","rock, punk, distortion",chirp-v5,rock
rock,indie rock,"indie rock, rebellious atmosphere, featuring jangly clean guitar and melodic bass line","rock, indie, alternative",chirp-v5,rock
rock,hard rock,"hard rock, rebellious atmosphere, featuring jangly clean guitar and melodic bass line","rock, classic, anthem",chirp-v5,rock
rock,grunge,"grunge rock, rebellious atmosphere, featuring jangly clean guitar and melodic bass line","rock, guitar, electric",chirp-v5,rock
rock,progressive rock,"progressive rock, rebellious atmosphere, featuring jangly clean guitar and melodic bass line","rock, drums, bass",chirp-v5,rock
rock,psychedelic rock,"psychedelic rock, rebellious atmosphere, featuring jangly clean guitar and melodic bass line","rock, punk, distortion",chirp-v5,rock
rock,garage rock,"garage rock, rebellious atmosphere, featuring jangly clean guitar and melodic bass line","rock, indie, alternative",chirp-v5,rock
rock,glam rock,"glam rock, rebellious atmosphere, featuring jangly clean guitar and melodic bass line","rock, classic, anthem",chirp-v5,rock
rock,classic rock,"classic rock, melancholic atmosphere, featuring jangly clean guitar and melodic bass line","rock, guitar, electric",chirp-v5,rock
rock,alternative rock,"alternative rock, melancholic atmosphere, featuring jangly clean guitar and melodic bass line","rock, drums, bass",chirp-v5,rock
rock,punk rock,"punk rock, melancholic atmosphere, featuring jangly clean guitar and melodic bass line","rock, punk, distortion",chirp-v5,rock
rock,indie rock,"indie rock, melancholic atmosphere, featuring jangly clean guitar and melodic bass line","rock, indie, alternative",chirp-v5,rock
rock,hard rock,"hard rock, melancholic atmosphere, featuring jangly clean guitar and melodic bass line","rock, classic, anthem",chirp-v5,rock
rock,grunge,"grunge rock, melancholic atmosphere, featuring jangly clean guitar and melodic bass line","rock, guitar, electric",chirp-v5,rock
rock,progressive rock,"progressive rock, melancholic atmosphere, featuring jangly clean guitar and melodic bass line","rock, drums, bass",chirp-v5,rock
rock,psychedelic rock,"psychedelic rock, melancholic atmosphere, featuring jangly clean guitar and melodic bass line","rock, punk, distortion",chirp-v5,rock
rock,garage rock,"garage rock, melancholic atmosphere, featuring jangly clean guitar and melodic bass line","rock, indie, alternative",chirp-v5,rock
rock,glam rock,"glam rock, melancholic atmosphere, featuring jangly clean guitar and melodic bass line","rock, classic, anthem",chirp-v5,rock
rock,classic rock,"classic rock, triumphant atmosphere, featuring jangly clean guitar and melodic bass line","rock, guitar, electric",chirp-v5,rock
rock,alternative rock,"alternative rock, triumphant atmosphere, featuring jangly clean guitar and melodic bass line","rock, drums, bass",chirp-v5,rock
rock,punk rock,"punk rock, triumphant atmosphere, featuring jangly clean guitar and melodic bass line","rock, punk, distortion",chirp-v5,rock
rock,indie rock,"indie rock, triumphant atmosphere, featuring jangly clean guitar and melodic bass line","rock, indie, alternative",chirp-v5,rock
rock,hard rock,"hard rock, triumphant atmosphere, featuring jangly clean guitar and melodic bass line","rock, classic, anthem",chirp-v5,rock
rock,grunge,"grunge rock, triumphant atmosphere, featuring jangly clean guitar and melodic bass line","rock, guitar, electric",chirp-v5,rock
rock,progressive rock,"progressive rock, triumphant atmosphere, featuring jangly clean guitar and melodic bass line","rock, drums, bass",chirp-v5,rock
rock,psychedelic rock,"psychedelic rock, triumphant atmosphere, featuring jangly clean guitar and melodic bass line","rock, punk, distortion",chirp-v5,rock
rock,garage rock,"garage rock, triumphant atmosphere, featuring jangly clean guitar and melodic bass line","rock, indie, alternative",chirp-v5,rock
rock,glam rock,"glam rock, triumphant atmosphere, featuring jangly clean guitar and melodic bass line","rock, classic, anthem",chirp-v5,rock
rock,classic rock,"classic rock, gritty atmosphere, featuring jangly clean guitar and melodic bass line","rock, guitar, electric",chirp-v5,rock
rock,alternative rock,"alternative rock, gritty atmosphere, featuring jangly clean guitar and melodic bass line","rock, drums, bass",chirp-v5,rock
rock,punk rock,"punk rock, gritty atmosphere, featuring jangly clean guitar and melodic bass line","rock, punk, distortion",chirp-v5,rock
rock,indie rock,"indie rock, gritty atmosphere, featuring jangly clean guitar and melodic bass line","rock, indie, alternative",chirp-v5,rock
rock,hard rock,"hard rock, gritty atmosphere, featuring jangly clean guitar and melodic bass line","rock, classic, anthem",chirp-v5,rock
rock,grunge,"grunge rock, gritty atmosphere, featuring jangly clean guitar and melodic bass line","rock, guitar, electric",chirp-v5,rock
rock,progressive rock,"progressive rock, gritty atmosphere, featuring jangly clean guitar and melodic bass line","rock, drums, bass",chirp-v5,rock
rock,psychedelic rock,"psychedelic rock, gritty atmosphere, featuring jangly clean guitar and melodic bass line","rock, punk, distortion",chirp-v5,rock
rock,garage rock,"garage rock, gritty atmosphere, featuring jangly clean guitar and melodic bass line","rock, indie, alternative",chirp-v5,rock
rock,glam rock,"glam rock, gritty atmosphere, featuring jangly clean guitar and melodic bass line","rock, classic, anthem",chirp-v5,rock
rock,classic rock,"classic rock, anthemic atmosphere, featuring jangly clean guitar and melodic bass line","rock, guitar, electric",chirp-v5,rock
rock,alternative rock,"alternative rock, anthemic atmosphere, featuring jangly clean guitar and melodic bass line","rock, drums, bass",chirp-v5,rock
rock,punk rock,"punk rock, anthemic atmosphere, featuring jangly clean guitar and melodic bass line","rock, punk, distortion",chirp-v5,rock
rock,indie rock,"indie rock, anthemic atmosphere, featuring jangly clean guitar and melodic bass line","rock, indie, alternative",chirp-v5,rock
rock,hard rock,"hard rock, anthemic atmosphere, featuring jangly clean guitar and melodic bass line","rock, classic, anthem",chirp-v5,rock
rock,grunge,"grunge rock, anthemic atmosphere, featuring jangly clean guitar and melodic bass line","rock, guitar, electric",chirp-v5,rock
rock,progressive rock,"progressive rock, anthemic atmosphere, featuring jangly clean guitar and melodic bass line","rock, drums, bass",chirp-v5,rock
rock,psychedelic rock,"psychedelic rock, anthemic atmosphere, featuring jangly clean guitar and melodic bass line","rock, punk, distortion",chirp-v5,rock
rock,garage rock,"garage rock, anthemic atmosphere, featuring jangly clean guitar and melodic bass line","rock, indie, alternative",chirp-v5,rock
rock,glam rock,"glam rock, anthemic atmosphere, featuring jangly clean guitar and melodic bass line","rock, classic, anthem",chirp-v5,rock
rock,classic rock,"classic rock, dreamy atmosphere, featuring jangly clean guitar and melodic bass line","rock, guitar, electric",chirp-v5,rock
rock,alternative rock,"alternative rock, dreamy atmosphere, featuring jangly clean guitar and melodic bass line","rock, drums, bass",chirp-v5,rock
rock,punk rock,"punk rock, dreamy atmosphere, featuring jangly clean guitar and melodic bass line","rock, punk, distortion",chirp-v5,rock
rock,indie rock,"indie rock, dreamy atmosphere, featuring jangly clean guitar and melodic bass line","rock, indie, alternative",chirp-v5,rock
rock,hard rock,"hard rock, dreamy atmosphere, featuring jangly clean guitar and melodic bass line","rock, classic, anthem",chirp-v5,rock
rock,grunge,"grunge rock, dreamy atmosphere, featuring jangly clean guitar and melodic bass line","rock, guitar, electric",chirp-v5,rock
rock,progressive rock,"progressive rock, dreamy atmosphere, featuring jangly clean guitar and melodic bass line","rock, drums, bass",chirp-v5,rock
rock,psychedelic rock,"psychedelic rock, dreamy atmosphere, featuring jangly clean guitar and melodic bass line","rock, punk, distortion",chirp-v5,rock
rock,garage rock,"garage rock, dreamy atmosphere, featuring jangly clean guitar and melodic bass line","rock, indie, alternative",chirp-v5,rock
rock,glam rock,"glam rock, dreamy atmosphere, featuring jangly clean guitar and melodic bass line","rock, classic, anthem",chirp-v5,rock
rock,classic rock,"classic rock, raw atmosphere, featuring jangly clean guitar and melodic bass line","rock, guitar, electric",chirp-v5,rock
rock,alternative rock,"alternative rock, raw atmosphere, featuring jangly clean guitar and melodic bass line","rock, drums, bass",chirp-v5,rock
rock,punk rock,"punk rock, raw atmosphere, featuring jangly clean guitar and melodic bass line","rock, punk, distortion",chirp-v5,rock
rock,indie rock,"indie rock, raw atmosphere, featuring jangly clean guitar and melodic bass line","rock, indie, alternative",chirp-v5,rock
rock,hard rock,"hard rock, raw atmosphere, featuring jangly clean guitar and melodic bass line","rock, classic, anthem",chirp-v5,rock
rock,grunge,"grunge rock, raw atmosphere, featuring jangly clean guitar and melodic bass line","rock, guitar, electric",chirp-v5,rock
rock,progressive rock,"progressive rock, raw atmosphere, featuring jangly clean guitar and melodic bass line","rock, drums, bass",chirp-v5,rock
rock,psychedelic rock,"psychedelic rock, raw atmosphere, featuring jangly clean guitar and melodic bass line","rock, punk, distortion",chirp-v5,rock
rock,garage rock,"garage rock, raw atmosphere, featuring jangly clean guitar and melodic bass line","rock, indie, alternative",chirp-v5,rock
rock,glam rock,"glam rock, raw atmosphere, featuring jangly clean guitar and melodic bass line","rock, classic, anthem",chirp-v5,rock
rock,classic rock,"classic rock, powerful atmosphere, featuring jangly clean guitar and melodic bass line","rock, guitar, electric",chirp-v5,rock
rock,alternative rock,"alternative rock, powerful atmosphere, featuring jangly clean guitar and melodic bass line","rock, drums, bass",chirp-v5,rock
rock,punk rock,"punk rock, powerful atmosphere, featuring jangly clean guitar and melodic bass line","rock, punk, distortion",chirp-v5,rock
rock,indie rock,"indie rock, powerful atmosphere, featuring jangly clean guitar and melodic bass line","rock, indie, alternative",chirp-v5,rock
rock,hard rock,"hard rock, powerful atmosphere, featuring jangly clean guitar and melodic bass line","rock, classic, anthem",chirp-v5,rock
rock,grunge,"grunge rock, powerful atmosphere, featuring jangly clean guitar and melodic bass line","rock, guitar, electric",chirp-v5,rock
rock,progressive rock,"progressive rock, powerful atmosphere, featuring jangly clean guitar and melodic bass line","rock, drums, bass",chirp-v5,rock
rock,psychedelic rock,"psychedelic rock, powerful atmosphere, featuring jangly clean guitar and melodic bass line","rock, punk, distortion",chirp-v5,rock
rock,garage rock,"garage rock, powerful atmosphere, featuring jangly clean guitar and melodic bass line","rock, indie, alternative",chirp-v5,rock
rock,glam rock,"glam rock, powerful atmosphere, featuring jangly clean guitar and melodic bass line","rock, classic, anthem",chirp-v5,rock
rock,classic rock,"classic rock, introspective atmosphere, featuring jangly clean guitar and melodic bass line","rock, guitar, electric",chirp-v5,rock
rock,alternative rock,"alternative rock, introspective atmosphere, featuring jangly clean guitar and melodic bass line","rock, drums, bass",chirp-v5,rock
rock,punk rock,"punk rock, introspective atmosphere, featuring jangly clean guitar and melodic bass line","rock, punk, distortion",chirp-v5,rock
rock,indie rock,"indie rock, introspective atmosphere, featuring jangly clean guitar and melodic bass line","rock, indie, alternative",chirp-v5,rock
rock,hard rock,"hard rock, introspective atmosphere, featuring jangly clean guitar and melodic bass line","rock, classic, anthem",chirp-v5,rock
rock,grunge,"grunge rock, introspective atmosphere, featuring jangly clean guitar and melodic bass line","rock, guitar, electric",chirp-v5,rock
rock,progressive rock,"progressive rock, introspective atmosphere, featuring jangly clean guitar and melodic bass line","rock, drums, bass",chirp-v5,rock
rock,psychedelic rock,"psychedelic rock, introspective atmosphere, featuring jangly clean guitar and melodic bass line","rock, punk, distortion",chirp-v5,rock
rock,garage rock,"garage rock, introspective atmosphere, featuring jangly clean guitar and melodic bass line","rock, indie, alternative",chirp-v5,rock
rock,glam rock,"glam rock, introspective atmosphere, featuring jangly clean guitar and melodic bass line","rock, classic, anthem",chirp-v5,rock
rock,classic rock,"classic rock, energetic atmosphere, featuring overdriven power trio with raw live-room energy","rock, guitar, electric",chirp-v5,rock
rock,alternative rock,"alternative rock, energetic atmosphere, featuring overdriven power trio with raw live-room energy","rock, drums, bass",chirp-v5,rock
rock,punk rock,"punk rock, energetic atmosphere, featuring overdriven power trio with raw live-room energy","rock, punk, distortion",chirp-v5,rock
rock,indie rock,"indie rock, energetic atmosphere, featuring overdriven power trio with raw live-room energy","rock, indie, alternative",chirp-v5,rock
rock,hard rock,"hard rock, energetic atmosphere, featuring overdriven power trio with raw live-room energy","rock, classic, anthem",chirp-v5,rock
rock,grunge,"grunge rock, energetic atmosphere, featuring overdriven power trio with raw live-room energy","rock, guitar, electric",chirp-v5,rock
rock,progressive rock,"progressive rock, energetic atmosphere, featuring overdriven power trio with raw live-room energy","rock, drums, bass",chirp-v5,rock
rock,psychedelic rock,"psychedelic rock, energetic atmosphere, featuring overdriven power trio with raw live-room energy","rock, punk, distortion",chirp-v5,rock
rock,garage rock,"garage rock, energetic atmosphere, featuring overdriven power trio with raw live-room energy","rock, indie, alternative",chirp-v5,rock
rock,glam rock,"glam rock, energetic atmosphere, featuring overdriven power trio with raw live-room energy","rock, classic, anthem",chirp-v5,rock
rock,classic rock,"classic rock, rebellious atmosphere, featuring overdriven power trio with raw live-room energy","rock, guitar, electric",chirp-v5,rock
rock,alternative rock,"alternative rock, rebellious atmosphere, featuring overdriven power trio with raw live-room energy","rock, drums, bass",chirp-v5,rock
rock,punk rock,"punk rock, rebellious atmosphere, featuring overdriven power trio with raw live-room energy","rock, punk, distortion",chirp-v5,rock
rock,indie rock,"indie rock, rebellious atmosphere, featuring overdriven power trio with raw live-room energy","rock, indie, alternative",chirp-v5,rock
rock,hard rock,"hard rock, rebellious atmosphere, featuring overdriven power trio with raw live-room energy","rock, classic, anthem",chirp-v5,rock
rock,grunge,"grunge rock, rebellious atmosphere, featuring overdriven power trio with raw live-room energy","rock, guitar, electric",chirp-v5,rock
rock,progressive rock,"progressive rock, rebellious atmosphere, featuring overdriven power trio with raw live-room energy","rock, drums, bass",chirp-v5,rock
rock,psychedelic rock,"psychedelic rock, rebellious atmosphere, featuring overdriven power trio with raw live-room energy","rock, punk, distortion",chirp-v5,rock
rock,garage rock,"garage rock, rebellious atmosphere, featuring overdriven power trio with raw live-room energy","rock, indie, alternative",chirp-v5,rock
rock,glam rock,"glam rock, rebellious atmosphere, featuring overdriven power trio with raw live-room energy","rock, classic, anthem",chirp-v5,rock
rock,classic rock,"classic rock, melancholic atmosphere, featuring overdriven power trio with raw live-room energy","rock, guitar, electric",chirp-v5,rock
rock,alternative rock,"alternative rock, melancholic atmosphere, featuring overdriven power trio with raw live-room energy","rock, drums, bass",chirp-v5,rock
rock,punk rock,"punk rock, melancholic atmosphere, featuring overdriven power trio with raw live-room energy","rock, punk, distortion",chirp-v5,rock
rock,indie rock,"indie rock, melancholic atmosphere, featuring overdriven power trio with raw live-room energy","rock, indie, alternative",chirp-v5,rock
rock,hard rock,"hard rock, melancholic atmosphere, featuring overdriven power trio with raw live-room energy","rock, classic, anthem",chirp-v5,rock
rock,grunge,"grunge rock, melancholic atmosphere, featuring overdriven power trio with raw live-room energy","rock, guitar, electric",chirp-v5,rock
rock,progressive rock,"progressive rock, melancholic atmosphere, featuring overdriven power trio with raw live-room energy","rock, drums, bass",chirp-v5,rock
rock,psychedelic rock,"psychedelic rock, melancholic atmosphere, featuring overdriven power trio with raw live-room energy","rock, punk, distortion",chirp-v5,rock
rock,garage rock,"garage rock, melancholic atmosphere, featuring overdriven power trio with raw live-room energy","rock, indie, alternative",chirp-v5,rock
rock,glam rock,"glam rock, melancholic atmosphere, featuring overdriven power trio with raw live-room energy","rock, classic, anthem",chirp-v5,rock
rock,classic rock,"classic rock, triumphant atmosphere, featuring overdriven power trio with raw live-room energy","rock, guitar, electric",chirp-v5,rock
rock,alternative rock,"alternative rock, triumphant atmosphere, featuring overdriven power trio with raw live-room energy","rock, drums, bass",chirp-v5,rock
rock,punk rock,"punk rock, triumphant atmosphere, featuring overdriven power trio with raw live-room energy","rock, punk, distortion",chirp-v5,rock
rock,indie rock,"indie rock, triumphant atmosphere, featuring overdriven power trio with raw live-room energy","rock, indie, alternative",chirp-v5,rock
rock,hard rock,"hard rock, triumphant atmosphere, featuring overdriven power trio with raw live-room energy","rock, classic, anthem",chirp-v5,rock
rock,grunge,"grunge rock, triumphant atmosphere, featuring overdriven power trio with raw live-room energy","rock, guitar, electric",chirp-v5,rock
rock,progressive rock,"progressive rock, triumphant atmosphere, featuring overdriven power trio with raw live-room energy","rock, drums, bass",chirp-v5,rock
rock,psychedelic rock,"psychedelic rock, triumphant atmosphere, featuring overdriven power trio with raw live-room energy","rock, punk, distortion",chirp-v5,rock
rock,garage rock,"garage rock, triumphant atmosphere, featuring overdriven power trio with raw live-room energy","rock, indie, alternative",chirp-v5,rock
rock,glam rock,"glam rock, triumphant atmosphere, featuring overdriven power trio with raw live-room energy","rock, classic, anthem",chirp-v5,rock
rock,classic rock,"classic rock, gritty atmosphere, featuring overdriven power trio with raw live-room energy","rock, guitar, electric",chirp-v5,rock
rock,alternative rock,"alternative rock, gritty atmosphere, featuring overdriven power trio with raw live-room energy","rock, drums, bass",chirp-v5,rock
rock,punk rock,"punk rock, gritty atmosphere, featuring overdriven power trio with raw live-room energy","rock, punk, distortion",chirp-v5,rock
rock,indie rock,"indie rock, gritty atmosphere, featuring overdriven power trio with raw live-room energy","rock, indie, alternative",chirp-v5,rock
rock,hard rock,"hard rock, gritty atmosphere, featuring overdriven power trio with raw live-room energy","rock, classic, anthem",chirp-v5,rock
rock,grunge,"grunge rock, gritty atmosphere, featuring overdriven power trio with raw live-room energy","rock, guitar, electric",chirp-v5,rock
rock,progressive rock,"progressive rock, gritty atmosphere, featuring overdriven power trio with raw live-room energy","rock, drums, bass",chirp-v5,rock
rock,psychedelic rock,"psychedelic rock, gritty atmosphere, featuring overdriven power trio with raw live-room energy","rock, punk, distortion",chirp-v5,rock
rock,garage rock,"garage rock, gritty atmosphere, featuring overdriven power trio with raw live-room energy","rock, indie, alternative",chirp-v5,rock
rock,glam rock,"glam rock, gritty atmosphere, featuring overdriven power trio with raw live-room energy","rock, classic, anthem",chirp-v5,rock
rock,classic rock,"classic rock, anthemic atmosphere, featuring overdriven power trio with raw live-room energy","rock, guitar, electric",chirp-v5,rock
rock,alternative rock,"alternative rock, anthemic atmosphere, featuring overdriven power trio with raw live-room energy","rock, drums, bass",chirp-v5,rock
rock,punk rock,"punk rock, anthemic atmosphere, featuring overdriven power trio with raw live-room energy","rock, punk, distortion",chirp-v5,rock
rock,indie rock,"indie rock, anthemic atmosphere, featuring overdriven power trio with raw live-room energy","rock, indie, alternative",chirp-v5,rock
rock,hard rock,"hard rock, anthemic atmosphere, featuring overdriven power trio with raw live-room energy","rock, classic, anthem",chirp-v5,rock
rock,grunge,"grunge rock, anthemic atmosphere, featuring overdriven power trio with raw live-room energy","rock, guitar, electric",chirp-v5,rock
rock,progressive rock,"progressive rock, anthemic atmosphere, featuring overdriven power trio with raw live-room energy","rock, drums, bass",chirp-v5,rock
rock,psychedelic rock,"psychedelic rock, anthemic atmosphere, featuring overdriven power trio with raw live-room energy","rock, punk, distortion",chirp-v5,rock
rock,garage rock,"garage rock, anthemic atmosphere, featuring overdriven power trio with raw live-room energy","rock, indie, alternative",chirp-v5,rock
rock,glam rock,"glam rock, anthemic atmosphere, featuring overdriven power trio with raw live-room energy","rock, classic, anthem",chirp-v5,rock
rock,classic rock,"classic rock, dreamy atmosphere, featuring overdriven power trio with raw live-room energy","rock, guitar, electric",chirp-v5,rock
rock,alternative rock,"alternative rock, dreamy atmosphere, featuring overdriven power trio with raw live-room energy","rock, drums, bass",chirp-v5,rock
rock,punk rock,"punk rock, dreamy atmosphere, featuring overdriven power trio with raw live-room energy","rock, punk, distortion",chirp-v5,rock
rock,indie rock,"indie rock, dreamy atmosphere, featuring overdriven power trio with raw live-room energy","rock, indie, alternative",chirp-v5,rock
rock,hard rock,"hard rock, dreamy atmosphere, featuring overdriven power trio with raw live-room energy","rock, classic, anthem",chirp-v5,rock
rock,grunge,"grunge rock, dreamy atmosphere, featuring overdriven power trio with raw live-room energy","rock, guitar, electric",chirp-v5,rock
rock,progressive rock,"progressive rock, dreamy atmosphere, featuring overdriven power trio with raw live-room energy","rock, drums, bass",chirp-v5,rock
rock,psychedelic rock,"psychedelic rock, dreamy atmosphere, featuring overdriven power trio with raw live-room energy","rock, punk, distortion",chirp-v5,rock
rock,garage rock,"garage rock, dreamy atmosphere, featuring overdriven power trio with raw live-room energy","rock, indie, alternative",chirp-v5,rock
rock,glam rock,"glam rock, dreamy atmosphere, featuring overdriven power trio with raw live-room energy","rock, classic, anthem",chirp-v5,rock
rock,classic rock,"classic rock, raw atmosphere, featuring overdriven power trio with raw live-room energy","rock, guitar, electric",chirp-v5,rock
rock,alternative rock,"alternative rock, raw atmosphere, featuring overdriven power trio with raw live-room energy","rock, drums, bass",chirp-v5,rock
rock,punk rock,"punk rock, raw atmosphere, featuring overdriven power trio with raw live-room energy","rock, punk, distortion",chirp-v5,rock
rock,indie rock,"indie rock, raw atmosphere, featuring overdriven power trio with raw live-room energy","rock, indie, alternative",chirp-v5,rock
rock,hard rock,"hard rock, raw atmosphere, featuring overdriven power trio with raw live-room energy","rock, classic, anthem",chirp-v5,rock
rock,grunge,"grunge rock, raw atmosphere, featuring overdriven power trio with raw live-room energy","rock, guitar, electric",chirp-v5,rock
rock,progressive rock,"progressive rock, raw atmosphere, featuring overdriven power trio with raw live-room energy","rock, drums, bass",chirp-v5,rock
rock,psychedelic rock,"psychedelic rock, raw atmosphere, featuring overdriven power trio with raw live-room energy","rock, punk, distortion",chirp-v5,rock
rock,garage rock,"garage rock, raw atmosphere, featuring overdriven power trio with raw live-room energy","rock, indie, alternative",chirp-v5,rock
rock,glam rock,"glam rock, raw atmosphere, featuring overdriven power trio with raw live-room energy","rock, classic, anthem",chirp-v5,rock
rock,classic rock,"classic rock, powerful atmosphere, featuring overdriven power trio with raw live-room energy","rock, guitar, electric",chirp-v5,rock
rock,alternative rock,"alternative rock, powerful atmosphere, featuring overdriven power trio with raw live-room energy","rock, drums, bass",chirp-v5,rock
rock,punk rock,"punk rock, powerful atmosphere, featuring overdriven power trio with raw live-room energy","rock, punk, distortion",chirp-v5,rock
rock,indie rock,"indie rock, powerful atmosphere, featuring overdriven power trio with raw live-room energy","rock, indie, alternative",chirp-v5,rock
rock,hard rock,"hard rock, powerful atmosphere, featuring overdriven power trio with raw live-room energy","rock, classic, anthem",chirp-v5,rock
rock,grunge,"grunge rock, powerful atmosphere, featuring overdriven power trio with raw live-room energy","rock, guitar, electric",chirp-v5,rock
rock,progressive rock,"progressive rock, powerful atmosphere, featuring overdriven power trio with raw live-room energy","rock, drums, bass",chirp-v5,rock
rock,psychedelic rock,"psychedelic rock, powerful atmosphere, featuring overdriven power trio with raw live-room energy","rock, punk, distortion",chirp-v5,rock
rock,garage rock,"garage rock, powerful atmosphere, featuring overdriven power trio with raw live-room energy","rock, indie, alternative",chirp-v5,rock
rock,glam rock,"glam rock, powerful atmosphere, featuring overdriven power trio with raw live-room energy","rock, classic, anthem",chirp-v5,rock
rock,classic rock,"classic rock, introspective atmosphere, featuring overdriven power trio with raw live-room energy","rock, guitar, electric",chirp-v5,rock
rock,alternative rock,"alternative rock, introspective atmosphere, featuring overdriven power trio with raw live-room energy","rock, drums, bass",chirp-v5,rock
rock,punk rock,"punk rock, introspective atmosphere, featuring overdriven power trio with raw live-room energy","rock, punk, distortion",chirp-v5,rock
rock,indie rock,"indie rock, introspective atmosphere, featuring overdriven power trio with raw live-room energy","rock, indie, alternative",chirp-v5,rock
rock,hard rock,"hard rock, introspective atmosphere, featuring overdriven power trio with raw live-room energy","rock, classic, anthem",chirp-v5,rock
rock,grunge,"grunge rock, introspective atmosphere, featuring overdriven power trio with raw live-room energy","rock, guitar, electric",chirp-v5,rock
rock,progressive rock,"progressive rock, introspective atmosphere, featuring overdriven power trio with raw live-room energy","rock, drums, bass",chirp-v5,rock
rock,psychedelic rock,"psychedelic rock, introspective atmosphere, featuring overdriven power trio with raw live-room energy","rock, punk, distortion",chirp-v5,rock
rock,garage rock,"garage rock, introspective atmosphere, featuring overdriven power trio with raw live-room energy","rock, indie, alternative",chirp-v5,rock
rock,glam rock,"glam rock, introspective atmosphere, featuring overdriven power trio with raw live-room energy","rock, classic, anthem",chirp-v5,rock
rock,classic rock,"classic rock, energetic atmosphere, featuring whammy-bar dive bombs and reverb-soaked chords","rock, guitar, electric",chirp-v5,rock
rock,alternative rock,"alternative rock, energetic atmosphere, featuring whammy-bar dive bombs and reverb-soaked chords","rock, drums, bass",chirp-v5,rock
rock,punk rock,"punk rock, energetic atmosphere, featuring whammy-bar dive bombs and reverb-soaked chords","rock, punk, distortion",chirp-v5,rock
rock,indie rock,"indie rock, energetic atmosphere, featuring whammy-bar dive bombs and reverb-soaked chords","rock, indie, alternative",chirp-v5,rock
rock,hard rock,"hard rock, energetic atmosphere, featuring whammy-bar dive bombs and reverb-soaked chords","rock, classic, anthem",chirp-v5,rock
rock,grunge,"grunge rock, energetic atmosphere, featuring whammy-bar dive bombs and reverb-soaked chords","rock, guitar, electric",chirp-v5,rock
rock,progressive rock,"progressive rock, energetic atmosphere, featuring whammy-bar dive bombs and reverb-soaked chords","rock, drums, bass",chirp-v5,rock
rock,psychedelic rock,"psychedelic rock, energetic atmosphere, featuring whammy-bar dive bombs and reverb-soaked chords","rock, punk, distortion",chirp-v5,rock
rock,garage rock,"garage rock, energetic atmosphere, featuring whammy-bar dive bombs and reverb-soaked chords","rock, indie, alternative",chirp-v5,rock
rock,glam rock,"glam rock, energetic atmosphere, featuring whammy-bar dive bombs and reverb-soaked chords","rock, classic, anthem",chirp-v5,rock
rock,classic rock,"classic rock, rebellious atmosphere, featuring whammy-bar dive bombs and reverb-soaked chords","rock, guitar, electric",chirp-v5,rock
rock,alternative rock,"alternative rock, rebellious atmosphere, featuring whammy-bar dive bombs and reverb-soaked chords","rock, drums, bass",chirp-v5,rock
rock,punk rock,"punk rock, rebellious atmosphere, featuring whammy-bar dive bombs and reverb-soaked chords","rock, punk, distortion",chirp-v5,rock
rock,indie rock,"indie rock, rebellious atmosphere, featuring whammy-bar dive bombs and reverb-soaked chords","rock, indie, alternative",chirp-v5,rock
rock,hard rock,"hard rock, rebellious atmosphere, featuring whammy-bar dive bombs and reverb-soaked chords","rock, classic, anthem",chirp-v5,rock
rock,grunge,"grunge rock, rebellious atmosphere, featuring whammy-bar dive bombs and reverb-soaked chords","rock, guitar, electric",chirp-v5,rock
rock,progressive rock,"progressive rock, rebellious atmosphere, featuring whammy-bar dive bombs and reverb-soaked chords","rock, drums, bass",chirp-v5,rock
rock,psychedelic rock,"psychedelic rock, rebellious atmosphere, featuring whammy-bar dive bombs and reverb-soaked chords","rock, punk, distortion",chirp-v5,rock
rock,garage rock,"garage rock, rebellious atmosphere, featuring whammy-bar dive bombs and reverb-soaked chords","rock, indie, alternative",chirp-v5,rock
rock,glam rock,"glam rock, rebellious atmosphere, featuring whammy-bar dive bombs and reverb-soaked chords","rock, classic, anthem",chirp-v5,rock
rock,classic rock,"classic rock, melancholic atmosphere, featuring whammy-bar dive bombs and reverb-soaked chords","rock, guitar, electric",chirp-v5,rock
rock,alternative rock,"alternative rock, melancholic atmosphere, featuring whammy-bar dive bombs and reverb-soaked chords","rock, drums, bass",chirp-v5,rock
rock,punk rock,"punk rock, melancholic atmosphere, featuring whammy-bar dive bombs and reverb-soaked chords","rock, punk, distortion",chirp-v5,rock
rock,indie rock,"indie rock, melancholic atmosphere, featuring whammy-bar dive bombs and reverb-soaked chords","rock, indie, alternative",chirp-v5,rock
rock,hard rock,"hard rock, melancholic atmosphere, featuring whammy-bar dive bombs and reverb-soaked chords","rock, classic, anthem",chirp-v5,rock
rock,grunge,"grunge rock, melancholic atmosphere, featuring whammy-bar dive bombs and reverb-soaked chords","rock, guitar, electric",chirp-v5,rock
rock,progressive rock,"progressive rock, melancholic atmosphere, featuring whammy-bar dive bombs and reverb-soaked chords","rock, drums, bass",chirp-v5,rock
rock,psychedelic rock,"psychedelic rock, melancholic atmosphere, featuring whammy-bar dive bombs and reverb-soaked chords","rock, punk, distortion",chirp-v5,rock
rock,garage rock,"garage rock, melancholic atmosphere, featuring whammy-bar dive bombs and reverb-soaked chords","rock, indie, alternative",chirp-v5,rock
rock,glam rock,"glam rock, melancholic atmosphere, featuring whammy-bar dive bombs and reverb-soaked chords","rock, classic, anthem",chirp-v5,rock
rock,classic rock,"classic rock, triumphant atmosphere, featuring whammy-bar dive bombs and reverb-soaked chords","rock, guitar, electric",chirp-v5,rock
rock,alternative rock,"alternative rock, triumphant atmosphere, featuring whammy-bar dive bombs and reverb-soaked chords","rock, drums, bass",chirp-v5,rock
rock,punk rock,"punk rock, triumphant atmosphere, featuring whammy-bar dive bombs and reverb-soaked chords","rock, punk, distortion",chirp-v5,rock
rock,indie rock,"indie rock, triumphant atmosphere, featuring whammy-bar dive bombs and reverb-soaked chords","rock, indie, alternative",chirp-v5,rock
rock,hard rock,"hard rock, triumphant atmosphere, featuring whammy-bar dive bombs and reverb-soaked chords","rock, classic, anthem",chirp-v5,rock
rock,grunge,"grunge rock, triumphant atmosphere, featuring whammy-bar dive bombs and reverb-soaked chords","rock, guitar, electric",chirp-v5,rock
rock,progressive rock,"progressive rock, triumphant atmosphere, featuring whammy-bar dive bombs and reverb-soaked chords","rock, drums, bass",chirp-v5,rock
rock,psychedelic rock,"psychedelic rock, triumphant atmosphere, featuring whammy-bar dive bombs and reverb-soaked chords","rock, punk, distortion",chirp-v5,rock
rock,garage rock,"garage rock, triumphant atmosphere, featuring whammy-bar dive bombs and reverb-soaked chords","rock, indie, alternative",chirp-v5,rock
rock,glam rock,"glam rock, triumphant atmosphere, featuring whammy-bar dive bombs and reverb-soaked chords","rock, classic, anthem",chirp-v5,rock
rock,classic rock,"classic rock, gritty atmosphere, featuring whammy-bar dive bombs and reverb-soaked chords","rock, guitar, electric",chirp-v5,rock
rock,alternative rock,"alternative rock, gritty atmosphere, featuring whammy-bar dive bombs and reverb-soaked chords","rock, drums, bass",chirp-v5,rock
rock,punk rock,"punk rock, gritty atmosphere, featuring whammy-bar dive bombs and reverb-soaked chords","rock, punk, distortion",chirp-v5,rock
rock,indie rock,"indie rock, gritty atmosphere, featuring whammy-bar dive bombs and reverb-soaked chords","rock, indie, alternative",chirp-v5,rock
rock,hard rock,"hard rock, gritty atmosphere, featuring whammy-bar dive bombs and reverb-soaked chords","rock, classic, anthem",chirp-v5,rock
rock,grunge,"grunge rock, gritty atmosphere, featuring whammy-bar dive bombs and reverb-soaked chords","rock, guitar, electric",chirp-v5,rock
rock,progressive rock,"progressive rock, gritty atmosphere, featuring whammy-bar dive bombs and reverb-soaked chords","rock, drums, bass",chirp-v5,rock
rock,psychedelic rock,"psychedelic rock, gritty atmosphere, featuring whammy-bar dive bombs and reverb-soaked chords","rock, punk, distortion",chirp-v5,rock
rock,garage rock,"garage rock, gritty atmosphere, featuring whammy-bar dive bombs and reverb-soaked chords","rock, indie, alternative",chirp-v5,rock
rock,glam rock,"glam rock, gritty atmosphere, featuring whammy-bar dive bombs and reverb-soaked chords","rock, classic, anthem",chirp-v5,rock
rock,classic rock,"classic rock, anthemic atmosphere, featuring whammy-bar dive bombs and reverb-soaked chords","rock, guitar, electric",chirp-v5,rock
rock,alternative rock,"alternative rock, anthemic atmosphere, featuring whammy-bar dive bombs and reverb-soaked chords","rock, drums, bass",chirp-v5,rock
rock,punk rock,"punk rock, anthemic atmosphere, featuring whammy-bar dive bombs and reverb-soaked chords","rock, punk, distortion",chirp-v5,rock
rock,indie rock,"indie rock, anthemic atmosphere, featuring whammy-bar dive bombs and reverb-soaked chords","rock, indie, alternative",chirp-v5,rock
rock,hard rock,"hard rock, anthemic atmosphere, featuring whammy-bar dive bombs and reverb-soaked chords","rock, classic, anthem",chirp-v5,rock
rock,grunge,"grunge rock, anthemic atmosphere, featuring whammy-bar dive bombs and reverb-soaked chords","rock, guitar, electric",chirp-v5,rock
rock,progressive rock,"progressive rock, anthemic atmosphere, featuring whammy-bar dive bombs and reverb-soaked chords","rock, drums, bass",chirp-v5,rock
rock,psychedelic rock,"psychedelic rock, anthemic atmosphere, featuring whammy-bar dive bombs and reverb-soaked chords","rock, punk, distortion",chirp-v5,rock
rock,garage rock,"garage rock, anthemic atmosphere, featuring whammy-bar dive bombs and reverb-soaked chords","rock, indie, alternative",chirp-v5,rock
rock,glam rock,"glam rock, anthemic atmosphere, featuring whammy-bar dive bombs and reverb-soaked chords","rock, classic, anthem",chirp-v5,rock
rock,classic rock,"classic rock, dreamy atmosphere, featuring whammy-bar dive bombs and reverb-soaked chords","rock, guitar, electric",chirp-v5,rock
rock,alternative rock,"alternative rock, dreamy atmosphere, featuring whammy-bar dive bombs and reverb-soaked chords","rock, drums, bass",chirp-v5,rock
rock,punk rock,"punk rock, dreamy atmosphere, featuring whammy-bar dive bombs and reverb-soaked chords","rock, punk, distortion",chirp-v5,rock
rock,indie rock,"indie rock, dreamy atmosphere, featuring whammy-bar dive bombs and reverb-soaked chords","rock, indie, alternative",chirp-v5,rock
rock,hard rock,"hard rock, dreamy atmosphere, featuring whammy-bar dive bombs and reverb-soaked chords","rock, classic, anthem",chirp-v5,rock
rock,grunge,"grunge rock, dreamy atmosphere, featuring whammy-bar dive bombs and reverb-soaked chords","rock, guitar, electric",chirp-v5,rock
rock,progressive rock,"progressive rock, dreamy atmosphere, featuring whammy-bar dive bombs and reverb-soaked chords","rock, drums, bass",chirp-v5,rock
rock,psychedelic rock,"psychedelic rock, dreamy atmosphere, featuring whammy-bar dive bombs and reverb-soaked chords","rock, punk, distortion",chirp-v5,rock
rock,garage rock,"garage rock, dreamy atmosphere, featuring whammy-bar dive bombs and reverb-soaked chords","rock, indie, alternative",chirp-v5,rock
rock,glam rock,"glam rock, dreamy atmosphere, featuring whammy-bar dive bombs and reverb-soaked chords","rock, classic, anthem",chirp-v5,rock
rock,classic rock,"classic rock, raw atmosphere, featuring whammy-bar dive bombs and reverb-soaked chords","rock, guitar, electric",chirp-v5,rock
rock,alternative rock,"alternative rock, raw atmosphere, featuring whammy-bar dive bombs and reverb-soaked chords","rock, drums, bass",chirp-v5,rock
rock,punk rock,"punk rock, raw atmosphere, featuring whammy-bar dive bombs and reverb-soaked chords","rock, punk, distortion",chirp-v5,rock
rock,indie rock,"indie rock, raw atmosphere, featuring whammy-bar dive bombs and reverb-soaked chords","rock, indie, alternative",chirp-v5,rock
rock,hard rock,"hard rock, raw atmosphere, featuring whammy-bar dive bombs and reverb-soaked chords","rock, classic, anthem",chirp-v5,rock
rock,grunge,"grunge rock, raw atmosphere, featuring whammy-bar dive bombs and reverb-soaked chords","rock, guitar, electric",chirp-v5,rock
rock,progressive rock,"progressive rock, raw atmosphere, featuring whammy-bar dive bombs and reverb-soaked chords","rock, drums, bass",chirp-v5,rock
rock,psychedelic rock,"psychedelic rock, raw atmosphere, featuring whammy-bar dive bombs and reverb-soaked chords","rock, punk, distortion",chirp-v5,rock
rock,garage rock,"garage rock, raw atmosphere, featuring whammy-bar dive bombs and reverb-soaked chords","rock, indie, alternative",chirp-v5,rock
rock,glam rock,"glam rock, raw atmosphere, featuring whammy-bar dive bombs and reverb-soaked chords","rock, classic, anthem",chirp-v5,rock
rock,classic rock,"classic rock, powerful atmosphere, featuring whammy-bar dive bombs and reverb-soaked chords","rock, guitar, electric",chirp-v5,rock
rock,alternative rock,"alternative rock, powerful atmosphere, featuring whammy-bar dive bombs and reverb-soaked chords","rock, drums, bass",chirp-v5,rock
rock,punk rock,"punk rock, powerful atmosphere, featuring whammy-bar dive bombs and reverb-soaked chords","rock, punk, distortion",chirp-v5,rock
rock,indie rock,"indie rock, powerful atmosphere, featuring whammy-bar dive bombs and reverb-soaked chords","rock, indie, alternative",chirp-v5,rock
rock,hard rock,"hard rock, powerful atmosphere, featuring whammy-bar dive bombs and reverb-soaked chords","rock, classic, anthem",chirp-v5,rock
rock,grunge,"grunge rock, powerful atmosphere, featuring whammy-bar dive bombs and reverb-soaked chords","rock, guitar, electric",chirp-v5,rock
rock,progressive rock,"progressive rock, powerful atmosphere, featuring whammy-bar dive bombs and reverb-soaked chords","rock, drums, bass",chirp-v5,rock
rock,psychedelic rock,"psychedelic rock, powerful atmosphere, featuring whammy-bar dive bombs and reverb-soaked chords","rock, punk, distortion",chirp-v5,rock
rock,garage rock,"garage rock, powerful atmosphere, featuring whammy-bar dive bombs and reverb-soaked chords","rock, indie, alternative",chirp-v5,rock
rock,glam rock,"glam rock, powerful atmosphere, featuring whammy-bar dive bombs and reverb-soaked chords","rock, classic, anthem",chirp-v5,rock
rock,classic rock,"classic rock, introspective atmosphere, featuring whammy-bar dive bombs and reverb-soaked chords","rock, guitar, electric",chirp-v5,rock
rock,alternative rock,"alternative rock, introspective atmosphere, featuring whammy-bar dive bombs and reverb-soaked chords","rock, drums, bass",chirp-v5,rock
rock,punk rock,"punk rock, introspective atmosphere, featuring whammy-bar dive bombs and reverb-soaked chords","rock, punk, distortion",chirp-v5,rock
rock,indie rock,"indie rock, introspective atmosphere, featuring whammy-bar dive bombs and reverb-soaked chords","rock, indie, alternative",chirp-v5,rock
rock,hard rock,"hard rock, introspective atmosphere, featuring whammy-bar dive bombs and reverb-soaked chords","rock, classic, anthem",chirp-v5,rock
rock,grunge,"grunge rock, introspective atmosphere, featuring whammy-bar dive bombs and reverb-soaked chords","rock, guitar, electric",chirp-v5,rock
rock,progressive rock,"progressive rock, introspective atmosphere, featuring whammy-bar dive bombs and reverb-soaked chords","rock, drums, bass",chirp-v5,rock
rock,psychedelic rock,"psychedelic rock, introspective atmosphere, featuring whammy-bar dive bombs and reverb-soaked chords","rock, punk, distortion",chirp-v5,rock
rock,garage rock,"garage rock, introspective atmosphere, featuring whammy-bar dive bombs and reverb-soaked chords","rock, indie, alternative",chirp-v5,rock
rock,glam rock,"glam rock, introspective atmosphere, featuring whammy-bar dive bombs and reverb-soaked chords","rock, classic, anthem",chirp-v5,rock
rock,classic rock,"classic rock, energetic atmosphere, featuring drop-tuned rhythms and syncopated drum pattern","rock, guitar, electric",chirp-v5,rock
rock,alternative rock,"alternative rock, energetic atmosphere, featuring drop-tuned rhythms and syncopated drum pattern","rock, drums, bass",chirp-v5,rock
rock,punk rock,"punk rock, energetic atmosphere, featuring drop-tuned rhythms and syncopated drum pattern","rock, punk, distortion",chirp-v5,rock
rock,indie rock,"indie rock, energetic atmosphere, featuring drop-tuned rhythms and syncopated drum pattern","rock, indie, alternative",chirp-v5,rock
rock,hard rock,"hard rock, energetic atmosphere, featuring drop-tuned rhythms and syncopated drum pattern","rock, classic, anthem",chirp-v5,rock
rock,grunge,"grunge rock, energetic atmosphere, featuring drop-tuned rhythms and syncopated drum pattern","rock, guitar, electric",chirp-v5,rock
rock,progressive rock,"progressive rock, energetic atmosphere, featuring drop-tuned rhythms and syncopated drum pattern","rock, drums, bass",chirp-v5,rock
rock,psychedelic rock,"psychedelic rock, energetic atmosphere, featuring drop-tuned rhythms and syncopated drum pattern","rock, punk, distortion",chirp-v5,rock
rock,garage rock,"garage rock, energetic atmosphere, featuring drop-tuned rhythms and syncopated drum pattern","rock, indie, alternative",chirp-v5,rock
rock,glam rock,"glam rock, energetic atmosphere, featuring drop-tuned rhythms and syncopated drum pattern","rock, classic, anthem",chirp-v5,rock
rock,classic rock,"classic rock, rebellious atmosphere, featuring drop-tuned rhythms and syncopated drum pattern","rock, guitar, electric",chirp-v5,rock
rock,alternative rock,"alternative rock, rebellious atmosphere, featuring drop-tuned rhythms and syncopated drum pattern","rock, drums, bass",chirp-v5,rock
rock,punk rock,"punk rock, rebellious atmosphere, featuring drop-tuned rhythms and syncopated drum pattern","rock, punk, distortion",chirp-v5,rock
rock,indie rock,"indie rock, rebellious atmosphere, featuring drop-tuned rhythms and syncopated drum pattern","rock, indie, alternative",chirp-v5,rock
rock,hard rock,"hard rock, rebellious atmosphere, featuring drop-tuned rhythms and syncopated drum pattern","rock, classic, anthem",chirp-v5,rock
rock,grunge,"grunge rock, rebellious atmosphere, featuring drop-tuned rhythms and syncopated drum pattern","rock, guitar, electric",chirp-v5,rock
rock,progressive rock,"progressive rock, rebellious atmosphere, featuring drop-tuned rhythms and syncopated drum pattern","rock, drums, bass",chirp-v5,rock
rock,psychedelic rock,"psychedelic rock, rebellious atmosphere, featuring drop-tuned rhythms and syncopated drum pattern","rock, punk, distortion",chirp-v5,rock
rock,garage rock,"garage rock, rebellious atmosphere, featuring drop-tuned rhythms and syncopated drum pattern","rock, indie, alternative",chirp-v5,rock
rock,glam rock,"glam rock, rebellious atmosphere, featuring drop-tuned rhythms and syncopated drum pattern","rock, classic, anthem",chirp-v5,rock
rock,classic rock,"classic rock, melancholic atmosphere, featuring drop-tuned rhythms and syncopated drum pattern","rock, guitar, electric",chirp-v5,rock
rock,alternative rock,"alternative rock, melancholic atmosphere, featuring drop-tuned rhythms and syncopated drum pattern","rock, drums, bass",chirp-v5,rock
rock,punk rock,"punk rock, melancholic atmosphere, featuring drop-tuned rhythms and syncopated drum pattern","rock, punk, distortion",chirp-v5,rock
rock,indie rock,"indie rock, melancholic atmosphere, featuring drop-tuned rhythms and syncopated drum pattern","rock, indie, alternative",chirp-v5,rock
rock,hard rock,"hard rock, melancholic atmosphere, featuring drop-tuned rhythms and syncopated drum pattern","rock, classic, anthem",chirp-v5,rock
rock,grunge,"grunge rock, melancholic atmosphere, featuring drop-tuned rhythms and syncopated drum pattern","rock, guitar, electric",chirp-v5,rock
rock,progressive rock,"progressive rock, melancholic atmosphere, featuring drop-tuned rhythms and syncopated drum pattern","rock, drums, bass",chirp-v5,rock
rock,psychedelic rock,"psychedelic rock, melancholic atmosphere, featuring drop-tuned rhythms and syncopated drum pattern","rock, punk, distortion",chirp-v5,rock
rock,garage rock,"garage rock, melancholic atmosphere, featuring drop-tuned rhythms and syncopated drum pattern","rock, indie, alternative",chirp-v5,rock
rock,glam rock,"glam rock, melancholic atmosphere, featuring drop-tuned rhythms and syncopated drum pattern","rock, classic, anthem",chirp-v5,rock
rock,classic rock,"classic rock, triumphant atmosphere, featuring drop-tuned rhythms and syncopated drum pattern","rock, guitar, electric",chirp-v5,rock
rock,alternative rock,"alternative rock, triumphant atmosphere, featuring drop-tuned rhythms and syncopated drum pattern","rock, drums, bass",chirp-v5,rock
rock,punk rock,"punk rock, triumphant atmosphere, featuring drop-tuned rhythms and syncopated drum pattern","rock, punk, distortion",chirp-v5,rock
rock,indie rock,"indie rock, triumphant atmosphere, featuring drop-tuned rhythms and syncopated drum pattern","rock, indie, alternative",chirp-v5,rock
rock,hard rock,"hard rock, triumphant atmosphere, featuring drop-tuned rhythms and syncopated drum pattern","rock, classic, anthem",chirp-v5,rock
rock,grunge,"grunge rock, triumphant atmosphere, featuring drop-tuned rhythms and syncopated drum pattern","rock, guitar, electric",chirp-v5,rock
rock,progressive rock,"progressive rock, triumphant atmosphere, featuring drop-tuned rhythms and syncopated drum pattern","rock, drums, bass",chirp-v5,rock
rock,psychedelic rock,"psychedelic rock, triumphant atmosphere, featuring drop-tuned rhythms and syncopated drum pattern","rock, punk, distortion",chirp-v5,rock
rock,garage rock,"garage rock, triumphant atmosphere, featuring drop-tuned rhythms and syncopated drum pattern","rock, indie, alternative",chirp-v5,rock
rock,glam rock,"glam rock, triumphant atmosphere, featuring drop-tuned rhythms and syncopated drum pattern","rock, classic, anthem",chirp-v5,rock
rock,classic rock,"classic rock, gritty atmosphere, featuring drop-tuned rhythms and syncopated drum pattern","rock, guitar, electric",chirp-v5,rock
rock,alternative rock,"alternative rock, gritty atmosphere, featuring drop-tuned rhythms and syncopated drum pattern","rock, drums, bass",chirp-v5,rock
rock,punk rock,"punk rock, gritty atmosphere, featuring drop-tuned rhythms and syncopated drum pattern","rock, punk, distortion",chirp-v5,rock
rock,indie rock,"indie rock, gritty atmosphere, featuring drop-tuned rhythms and syncopated drum pattern","rock, indie, alternative",chirp-v5,rock
rock,hard rock,"hard rock, gritty atmosphere, featuring drop-tuned rhythms and syncopated drum pattern","rock, classic, anthem",chirp-v5,rock
rock,grunge,"grunge rock, gritty atmosphere, featuring drop-tuned rhythms and syncopated drum pattern","rock, guitar, electric",chirp-v5,rock
rock,progressive rock,"progressive rock, gritty atmosphere, featuring drop-tuned rhythms and syncopated drum pattern","rock, drums, bass",chirp-v5,rock
rock,psychedelic rock,"psychedelic rock, gritty atmosphere, featuring drop-tuned rhythms and syncopated drum pattern","rock, punk, distortion",chirp-v5,rock
rock,garage rock,"garage rock, gritty atmosphere, featuring drop-tuned rhythms and syncopated drum pattern","rock, indie, alternative",chirp-v5,rock
rock,glam rock,"glam rock, gritty atmosphere, featuring drop-tuned rhythms and syncopated drum pattern","rock, classic, anthem",chirp-v5,rock
rock,classic rock,"classic rock, anthemic atmosphere, featuring drop-tuned rhythms and syncopated drum pattern","rock, guitar, electric",chirp-v5,rock
rock,alternative rock,"alternative rock, anthemic atmosphere, featuring drop-tuned rhythms and syncopated drum pattern","rock, drums, bass",chirp-v5,rock
rock,punk rock,"punk rock, anthemic atmosphere, featuring drop-tuned rhythms and syncopated drum pattern","rock, punk, distortion",chirp-v5,rock
rock,indie rock,"indie rock, anthemic atmosphere, featuring drop-tuned rhythms and syncopated drum pattern","rock, indie, alternative",chirp-v5,rock
rock,hard rock,"hard rock, anthemic atmosphere, featuring drop-tuned rhythms and syncopated drum pattern","rock, classic, anthem",chirp-v5,rock
rock,grunge,"grunge rock, anthemic atmosphere, featuring drop-tuned rhythms and syncopated drum pattern","rock, guitar, electric",chirp-v5,rock
rock,progressive rock,"progressive rock, anthemic atmosphere, featuring drop-tuned rhythms and syncopated drum pattern","rock, drums, bass",chirp-v5,rock
rock,psychedelic rock,"psychedelic rock, anthemic atmosphere, featuring drop-tuned rhythms and syncopated drum pattern","rock, punk, distortion",chirp-v5,rock
rock,garage rock,"garage rock, anthemic atmosphere, featuring drop-tuned rhythms and syncopated drum pattern","rock, indie, alternative",chirp-v5,rock
rock,glam rock,"glam rock, anthemic atmosphere, featuring drop-tuned rhythms and syncopated drum pattern","rock, classic, anthem",chirp-v5,rock
rock,classic rock,"classic rock, dreamy atmosphere, featuring drop-tuned rhythms and syncopated drum pattern","rock, guitar, electric",chirp-v5,rock
rock,alternative rock,"alternative rock, dreamy atmosphere, featuring drop-tuned rhythms and syncopated drum pattern","rock, drums, bass",chirp-v5,rock
rock,punk rock,"punk rock, dreamy atmosphere, featuring drop-tuned rhythms and syncopated drum pattern","rock, punk, distortion",chirp-v5,rock
rock,indie rock,"indie rock, dreamy atmosphere, featuring drop-tuned rhythms and syncopated drum pattern","rock, indie, alternative",chirp-v5,rock
rock,hard rock,"hard rock, dreamy atmosphere, featuring drop-tuned rhythms and syncopated drum pattern","rock, classic, anthem",chirp-v5,rock
rock,grunge,"grunge rock, dreamy atmosphere, featuring drop-tuned rhythms and syncopated drum pattern","rock, guitar, electric",chirp-v5,rock
rock,progressive rock,"progressive rock, dreamy atmosphere, featuring drop-tuned rhythms and syncopated drum pattern","rock, drums, bass",chirp-v5,rock
rock,psychedelic rock,"psychedelic rock, dreamy atmosphere, featuring drop-tuned rhythms and syncopated drum pattern","rock, punk, distortion",chirp-v5,rock
rock,garage rock,"garage rock, dreamy atmosphere, featuring drop-tuned rhythms and syncopated drum pattern","rock, indie, alternative",chirp-v5,rock
rock,glam rock,"glam rock, dreamy atmosphere, featuring drop-tuned rhythms and syncopated drum pattern","rock, classic, anthem",chirp-v5,rock
rock,classic rock,"classic rock, raw atmosphere, featuring drop-tuned rhythms and syncopated drum pattern","rock, guitar, electric",chirp-v5,rock
rock,alternative rock,"alternative rock, raw atmosphere, featuring drop-tuned rhythms and syncopated drum pattern","rock, drums, bass",chirp-v5,rock
rock,punk rock,"punk rock, raw atmosphere, featuring drop-tuned rhythms and syncopated drum pattern","rock, punk, distortion",chirp-v5,rock
rock,indie rock,"indie rock, raw atmosphere, featuring drop-tuned rhythms and syncopated drum pattern","rock, indie, alternative",chirp-v5,rock
rock,hard rock,"hard rock, raw atmosphere, featuring drop-tuned rhythms and syncopated drum pattern","rock, classic, anthem",chirp-v5,rock
rock,grunge,"grunge rock, raw atmosphere, featuring drop-tuned rhythms and syncopated drum pattern","rock, guitar, electric",chirp-v5,rock
rock,progressive rock,"progressive rock, raw atmosphere, featuring drop-tuned rhythms and syncopated drum pattern","rock, drums, bass",chirp-v5,rock
rock,psychedelic rock,"psychedelic rock, raw atmosphere, featuring drop-tuned rhythms and syncopated drum pattern","rock, punk, distortion",chirp-v5,rock
rock,garage rock,"garage rock, raw atmosphere, featuring drop-tuned rhythms and syncopated drum pattern","rock, indie, alternative",chirp-v5,rock
rock,glam rock,"glam rock, raw atmosphere, featuring drop-tuned rhythms and syncopated drum pattern","rock, classic, anthem",chirp-v5,rock
rock,classic rock,"classic rock, powerful atmosphere, featuring drop-tuned rhythms and syncopated drum pattern","rock, guitar, electric",chirp-v5,rock
rock,alternative rock,"alternative rock, powerful atmosphere, featuring drop-tuned rhythms and syncopated drum pattern","rock, drums, bass",chirp-v5,rock
rock,punk rock,"punk rock, powerful atmosphere, featuring drop-tuned rhythms and syncopated drum pattern","rock, punk, distortion",chirp-v5,rock
rock,indie rock,"indie rock, powerful atmosphere, featuring drop-tuned rhythms and syncopated drum pattern","rock, indie, alternative",chirp-v5,rock
rock,hard rock,"hard rock, powerful atmosphere, featuring drop-tuned rhythms and syncopated drum pattern","rock, classic, anthem",chirp-v5,rock
rock,grunge,"grunge rock, powerful atmosphere, featuring drop-tuned rhythms and syncopated drum pattern","rock, guitar, electric",chirp-v5,rock
rock,progressive rock,"progressive rock, powerful atmosphere, featuring drop-tuned rhythms and syncopated drum pattern","rock, drums, bass",chirp-v5,rock
rock,psychedelic rock,"psychedelic rock, powerful atmosphere, featuring drop-tuned rhythms and syncopated drum pattern","rock, punk, distortion",chirp-v5,rock
rock,garage rock,"garage rock, powerful atmosphere, featuring drop-tuned rhythms and syncopated drum pattern","rock, indie, alternative",chirp-v5,rock
rock,glam rock,"glam rock, powerful atmosphere, featuring drop-tuned rhythms and syncopated drum pattern","rock, classic, anthem",chirp-v5,rock
rock,classic rock,"classic rock, introspective atmosphere, featuring drop-tuned rhythms and syncopated drum pattern","rock, guitar, electric",chirp-v5,rock
rock,alternative rock,"alternative rock, introspective atmosphere, featuring drop-tuned rhythms and syncopated drum pattern","rock, drums, bass",chirp-v5,rock
rock,punk rock,"punk rock, introspective atmosphere, featuring drop-tuned rhythms and syncopated drum pattern","rock, punk, distortion",chirp-v5,rock
rock,indie rock,"indie rock, introspective atmosphere, featuring drop-tuned rhythms and syncopated drum pattern","rock, indie, alternative",chirp-v5,rock
rock,hard rock,"hard rock, introspective atmosphere, featuring drop-tuned rhythms and syncopated drum pattern","rock, classic, anthem",chirp-v5,rock
rock,grunge,"grunge rock, introspective atmosphere, featuring drop-tuned rhythms and syncopated drum pattern","rock, guitar, electric",chirp-v5,rock
rock,progressive rock,"progressive rock, introspective atmosphere, featuring drop-tuned rhythms and syncopated drum pattern","rock, drums, bass",chirp-v5,rock
rock,psychedelic rock,"psychedelic rock, introspective atmosphere, featuring drop-tuned rhythms and syncopated drum pattern","rock, punk, distortion",chirp-v5,rock
rock,garage rock,"garage rock, introspective atmosphere, featuring drop-tuned rhythms and syncopated drum pattern","rock, indie, alternative",chirp-v5,rock
rock,glam rock,"glam rock, introspective atmosphere, featuring drop-tuned rhythms and syncopated drum pattern","rock, classic, anthem",chirp-v5,rock
rock,classic rock,"classic rock, energetic atmosphere, featuring fingerpicked arpeggios building into a full-band climax","rock, guitar, electric",chirp-v5,rock
rock,alternative rock,"alternative rock, energetic atmosphere, featuring fingerpicked arpeggios building into a full-band climax","rock, drums, bass",chirp-v5,rock
rock,punk rock,"punk rock, energetic atmosphere, featuring fingerpicked arpeggios building into a full-band climax","rock, punk, distortion",chirp-v5,rock
rock,indie rock,"indie rock, energetic atmosphere, featuring fingerpicked arpeggios building into a full-band climax","rock, indie, alternative",chirp-v5,rock
rock,hard rock,"hard rock, energetic atmosphere, featuring fingerpicked arpeggios building into a full-band climax","rock, classic, anthem",chirp-v5,rock
rock,grunge,"grunge rock, energetic atmosphere, featuring fingerpicked arpeggios building into a full-band climax","rock, guitar, electric",chirp-v5,rock
rock,progressive rock,"progressive rock, energetic atmosphere, featuring fingerpicked arpeggios building into a full-band climax","rock, drums, bass",chirp-v5,rock
rock,psychedelic rock,"psychedelic rock, energetic atmosphere, featuring fingerpicked arpeggios building into a full-band climax","rock, punk, distortion",chirp-v5,rock
rock,garage rock,"garage rock, energetic atmosphere, featuring fingerpicked arpeggios building into a full-band climax","rock, indie, alternative",chirp-v5,rock
rock,glam rock,"glam rock, energetic atmosphere, featuring fingerpicked arpeggios building into a full-band climax","rock, classic, anthem",chirp-v5,rock
rock,classic rock,"classic rock, rebellious atmosphere, featuring fingerpicked arpeggios building into a full-band climax","rock, guitar, electric",chirp-v5,rock
rock,alternative rock,"alternative rock, rebellious atmosphere, featuring fingerpicked arpeggios building into a full-band climax","rock, drums, bass",chirp-v5,rock
rock,punk rock,"punk rock, rebellious atmosphere, featuring fingerpicked arpeggios building into a full-band climax","rock, punk, distortion",chirp-v5,rock
rock,indie rock,"indie rock, rebellious atmosphere, featuring fingerpicked arpeggios building into a full-band climax","rock, indie, alternative",chirp-v5,rock
rock,hard rock,"hard rock, rebellious atmosphere, featuring fingerpicked arpeggios building into a full-band climax","rock, classic, anthem",chirp-v5,rock
rock,grunge,"grunge rock, rebellious atmosphere, featuring fingerpicked arpeggios building into a full-band climax","rock, guitar, electric",chirp-v5,rock
rock,progressive rock,"progressive rock, rebellious atmosphere, featuring fingerpicked arpeggios building into a full-band climax","rock, drums, bass",chirp-v5,rock
rock,psychedelic rock,"psychedelic rock, rebellious atmosphere, featuring fingerpicked arpeggios building into a full-band climax","rock, punk, distortion",chirp-v5,rock
rock,garage rock,"garage rock, rebellious atmosphere, featuring fingerpicked arpeggios building into a full-band climax","rock, indie, alternative",chirp-v5,rock
rock,glam rock,"glam rock, rebellious atmosphere, featuring fingerpicked arpeggios building into a full-band climax","rock, classic, anthem",chirp-v5,rock
rock,classic rock,"classic rock, melancholic atmosphere, featuring fingerpicked arpeggios building into a full-band climax","rock, guitar, electric",chirp-v5,rock
rock,alternative rock,"alternative rock, melancholic atmosphere, featuring fingerpicked arpeggios building into a full-band climax","rock, drums, bass",chirp-v5,rock
rock,punk rock,"punk rock, melancholic atmosphere, featuring fingerpicked arpeggios building into a full-band climax","rock, punk, distortion",chirp-v5,rock
rock,indie rock,"indie rock, melancholic atmosphere, featuring fingerpicked arpeggios building into a full-band climax","rock, indie, alternative",chirp-v5,rock
rock,hard rock,"hard rock, melancholic atmosphere, featuring fingerpicked arpeggios building into a full-band climax","rock, classic, anthem",chirp-v5,rock
rock,grunge,"grunge rock, melancholic atmosphere, featuring fingerpicked arpeggios building into a full-band climax","rock, guitar, electric",chirp-v5,rock
rock,progressive rock,"progressive rock, melancholic atmosphere, featuring fingerpicked arpeggios building into a full-band climax","rock, drums, bass",chirp-v5,rock
rock,psychedelic rock,"psychedelic rock, melancholic atmosphere, featuring fingerpicked arpeggios building into a full-band climax","rock, punk, distortion",chirp-v5,rock
rock,garage rock,"garage rock, melancholic atmosphere, featuring fingerpicked arpeggios building into a full-band climax","rock, indie, alternative",chirp-v5,rock
rock,glam rock,"glam rock, melancholic atmosphere, featuring fingerpicked arpeggios building into a full-band climax","rock, classic, anthem",chirp-v5,rock
rock,classic rock,"classic rock, triumphant atmosphere, featuring fingerpicked arpeggios building into a full-band climax","rock, guitar, electric",chirp-v5,rock
rock,alternative rock,"alternative rock, triumphant atmosphere, featuring fingerpicked arpeggios building into a full-band climax","rock, drums, bass",chirp-v5,rock
rock,punk rock,"punk rock, triumphant atmosphere, featuring fingerpicked arpeggios building into a full-band climax","rock, punk, distortion",chirp-v5,rock
rock,indie rock,"indie rock, triumphant atmosphere, featuring fingerpicked arpeggios building into a full-band climax","rock, indie, alternative",chirp-v5,rock
rock,hard rock,"hard rock, triumphant atmosphere, featuring fingerpicked arpeggios building into a full-band climax","rock, classic, anthem",chirp-v5,rock
rock,grunge,"grunge rock, triumphant atmosphere, featuring fingerpicked arpeggios building into a full-band climax","rock, guitar, electric",chirp-v5,rock
rock,progressive rock,"progressive rock, triumphant atmosphere, featuring fingerpicked arpeggios building into a full-band climax","rock, drums, bass",chirp-v5,rock
rock,psychedelic rock,"psychedelic rock, triumphant atmosphere, featuring fingerpicked arpeggios building into a full-band climax","rock, punk, distortion",chirp-v5,rock
rock,garage rock,"garage rock, triumphant atmosphere, featuring fingerpicked arpeggios building into a full-band climax","rock, indie, alternative",chirp-v5,rock
rock,glam rock,"glam rock, triumphant atmosphere, featuring fingerpicked arpeggios building into a full-band climax","rock, classic, anthem",chirp-v5,rock
rock,classic rock,"classic rock, gritty atmosphere, featuring fingerpicked arpeggios building into a full-band climax","rock, guitar, electric",chirp-v5,rock
rock,alternative rock,"alternative rock, gritty atmosphere, featuring fingerpicked arpeggios building into a full-band climax","rock, drums, bass",chirp-v5,rock
rock,punk rock,"punk rock, gritty atmosphere, featuring fingerpicked arpeggios building into a full-band climax","rock, punk, distortion",chirp-v5,rock
rock,indie rock,"indie rock, gritty atmosphere, featuring fingerpicked arpeggios building into a full-band climax","rock, indie, alternative",chirp-v5,rock
rock,hard rock,"hard rock, gritty atmosphere, featuring fingerpicked arpeggios building into a full-band climax","rock, classic, anthem",chirp-v5,rock
rock,grunge,"grunge rock, gritty atmosphere, featuring fingerpicked arpeggios building into a full-band climax","rock, guitar, electric",chirp-v5,rock
rock,progressive rock,"progressive rock, gritty atmosphere, featuring fingerpicked arpeggios building into a full-band climax","rock, drums, bass",chirp-v5,rock
rock,psychedelic rock,"psychedelic rock, gritty atmosphere, featuring fingerpicked arpeggios building into a full-band climax","rock, punk, distortion",chirp-v5,rock
rock,garage rock,"garage rock, gritty atmosphere, featuring fingerpicked arpeggios building into a full-band climax","rock, indie, alternative",chirp-v5,rock
rock,glam rock,"glam rock, gritty atmosphere, featuring fingerpicked arpeggios building into a full-band climax","rock, classic, anthem",chirp-v5,rock
rock,classic rock,"classic rock, anthemic atmosphere, featuring fingerpicked arpeggios building into a full-band climax","rock, guitar, electric",chirp-v5,rock
rock,alternative rock,"alternative rock, anthemic atmosphere, featuring fingerpicked arpeggios building into a full-band climax","rock, drums, bass",chirp-v5,rock
rock,punk rock,"punk rock, anthemic atmosphere, featuring fingerpicked arpeggios building into a full-band climax","rock, punk, distortion",chirp-v5,rock
rock,indie rock,"indie rock, anthemic atmosphere, featuring fingerpicked arpeggios building into a full-band climax","rock, indie, alternative",chirp-v5,rock
rock,hard rock,"hard rock, anthemic atmosphere, featuring fingerpicked arpeggios building into a full-band climax","rock, classic, anthem",chirp-v5,rock
rock,grunge,"grunge rock, anthemic atmosphere, featuring fingerpicked arpeggios building into a full-band climax","rock, guitar, electric",chirp-v5,rock
rock,progressive rock,"progressive rock, anthemic atmosphere, featuring fingerpicked arpeggios building into a full-band climax","rock, drums, bass",chirp-v5,rock
rock,psychedelic rock,"psychedelic rock, anthemic atmosphere, featuring fingerpicked arpeggios building into a full-band climax","rock, punk, distortion",chirp-v5,rock
rock,garage rock,"garage rock, anthemic atmosphere, featuring fingerpicked arpeggios building into a full-band climax","rock, indie, alternative",chirp-v5,rock
rock,glam rock,"glam rock, anthemic atmosphere, featuring fingerpicked arpeggios building into a full-band climax","rock, classic, anthem",chirp-v5,rock
rock,classic rock,"classic rock, dreamy atmosphere, featuring fingerpicked arpeggios building into a full-band climax","rock, guitar, electric",chirp-v5,rock
rock,alternative rock,"alternative rock, dreamy atmosphere, featuring fingerpicked arpeggios building into a full-band climax","rock, drums, bass",chirp-v5,rock
rock,punk rock,"punk rock, dreamy atmosphere, featuring fingerpicked arpeggios building into a full-band climax","rock, punk, distortion",chirp-v5,rock
rock,indie rock,"indie rock, dreamy atmosphere, featuring fingerpicked arpeggios building into a full-band climax","rock, indie, alternative",chirp-v5,rock
rock,hard rock,"hard rock, dreamy atmosphere, featuring fingerpicked arpeggios building into a full-band climax","rock, classic, anthem",chirp-v5,rock
rock,grunge,"grunge rock, dreamy atmosphere, featuring fingerpicked arpeggios building into a full-band climax","rock, guitar, electric",chirp-v5,rock
rock,progressive rock,"progressive rock, dreamy atmosphere, featuring fingerpicked arpeggios building into a full-band climax","rock, drums, bass",chirp-v5,rock
rock,psychedelic rock,"psychedelic rock, dreamy atmosphere, featuring fingerpicked arpeggios building into a full-band climax","rock, punk, distortion",chirp-v5,rock
rock,garage rock,"garage rock, dreamy atmosphere, featuring fingerpicked arpeggios building into a full-band climax","rock, indie, alternative",chirp-v5,rock
rock,glam rock,"glam rock, dreamy atmosphere, featuring fingerpicked arpeggios building into a full-band climax","rock, classic, anthem",chirp-v5,rock
rock,classic rock,"classic rock, raw atmosphere, featuring fingerpicked arpeggios building into a full-band climax","rock, guitar, electric",chirp-v5,rock
rock,alternative rock,"alternative rock, raw atmosphere, featuring fingerpicked arpeggios building into a full-band climax","rock, drums, bass",chirp-v5,rock
rock,punk rock,"punk rock, raw atmosphere, featuring fingerpicked arpeggios building into a full-band climax","rock, punk, distortion",chirp-v5,rock
rock,indie rock,"indie rock, raw atmosphere, featuring fingerpicked arpeggios building into a full-band climax","rock, indie, alternative",chirp-v5,rock
rock,hard rock,"hard rock, raw atmosphere, featuring fingerpicked arpeggios building into a full-band climax","rock, classic, anthem",chirp-v5,rock
rock,grunge,"grunge rock, raw atmosphere, featuring fingerpicked arpeggios building into a full-band climax","rock, guitar, electric",chirp-v5,rock
rock,progressive rock,"progressive rock, raw atmosphere, featuring fingerpicked arpeggios building into a full-band climax","rock, drums, bass",chirp-v5,rock
rock,psychedelic rock,"psychedelic rock, raw atmosphere, featuring fingerpicked arpeggios building into a full-band climax","rock, punk, distortion",chirp-v5,rock
rock,garage rock,"garage rock, raw atmosphere, featuring fingerpicked arpeggios building into a full-band climax","rock, indie, alternative",chirp-v5,rock
rock,glam rock,"glam rock, raw atmosphere, featuring fingerpicked arpeggios building into a full-band climax","rock, classic, anthem",chirp-v5,rock
rock,classic rock,"classic rock, powerful atmosphere, featuring fingerpicked arpeggios building into a full-band climax","rock, guitar, electric",chirp-v5,rock
rock,alternative rock,"alternative rock, powerful atmosphere, featuring fingerpicked arpeggios building into a full-band climax","rock, drums, bass",chirp-v5,rock
rock,punk rock,"punk rock, powerful atmosphere, featuring fingerpicked arpeggios building into a full-band climax","rock, punk, distortion",chirp-v5,rock
rock,indie rock,"indie rock, powerful atmosphere, featuring fingerpicked arpeggios building into a full-band climax","rock, indie, alternative",chirp-v5,rock
rock,hard rock,"hard rock, powerful atmosphere, featuring fingerpicked arpeggios building into a full-band climax","rock, classic, anthem",chirp-v5,rock
rock,grunge,"grunge rock, powerful atmosphere, featuring fingerpicked arpeggios building into a full-band climax","rock, guitar, electric",chirp-v5,rock
rock,progressive rock,"progressive rock, powerful atmosphere, featuring fingerpicked arpeggios building into a full-band climax","rock, drums, bass",chirp-v5,rock
rock,psychedelic rock,"psychedelic rock, powerful atmosphere, featuring fingerpicked arpeggios building into a full-band climax","rock, punk, distortion",chirp-v5,rock
rock,garage rock,"garage rock, powerful atmosphere, featuring fingerpicked arpeggios building into a full-band climax","rock, indie, alternative",chirp-v5,rock
rock,glam rock,"glam rock, powerful atmosphere, featuring fingerpicked arpeggios building into a full-band climax","rock, classic, anthem",chirp-v5,rock
rock,classic rock,"classic rock, introspective atmosphere, featuring fingerpicked arpeggios building into a full-band climax","rock, guitar, electric",chirp-v5,rock
rock,alternative rock,"alternative rock, introspective atmosphere, featuring fingerpicked arpeggios building into a full-band climax","rock, drums, bass",chirp-v5,rock
rock,punk rock,"punk rock, introspective atmosphere, featuring fingerpicked arpeggios building into a full-band climax","rock, punk, distortion",chirp-v5,rock
rock,indie rock,"indie rock, introspective atmosphere, featuring fingerpicked arpeggios building into a full-band climax","rock, indie, alternative",chirp-v5,rock
rock,hard rock,"hard rock, introspective atmosphere, featuring fingerpicked arpeggios building into a full-band climax","rock, classic, anthem",chirp-v5,rock
rock,grunge,"grunge rock, introspective atmosphere, featuring fingerpicked arpeggios building into a full-band climax","rock, guitar, electric",chirp-v5,rock
rock,progressive rock,"progressive rock, introspective atmosphere, featuring fingerpicked arpeggios building into a full-band climax","rock, drums, bass",chirp-v5,rock
rock,psychedelic rock,"psychedelic rock, introspective atmosphere, featuring fingerpicked arpeggios building into a full-band climax","rock, punk, distortion",chirp-v5,rock
rock,garage rock,"garage rock, introspective atmosphere, featuring fingerpicked arpeggios building into a full-band climax","rock, indie, alternative",chirp-v5,rock
rock,glam rock,"glam rock, introspective atmosphere, featuring fingerpicked arpeggios building into a full-band climax","rock, classic, anthem",chirp-v5,rock
rock,classic rock,"classic rock, energetic atmosphere, featuring electric guitar riffs and power chords over a driving drum beat","rock, guitar, electric",chirp-v5,rock
rock,alternative rock,"alternative rock, energetic atmosphere, featuring electric guitar riffs and power chords over a driving drum beat","rock, drums, bass",chirp-v5,rock
rock,punk rock,"punk rock, energetic atmosphere, featuring electric guitar riffs and power chords over a driving drum beat","rock, punk, distortion",chirp-v5,rock
rock,indie rock,"indie rock, energetic atmosphere, featuring electric guitar riffs and power chords over a driving drum beat","rock, indie, alternative",chirp-v5,rock
rock,hard rock,"hard rock, energetic atmosphere, featuring electric guitar riffs and power chords over a driving drum beat","rock, classic, anthem",chirp-v5,rock
rock,grunge,"grunge rock, energetic atmosphere, featuring electric guitar riffs and power chords over a driving drum beat","rock, guitar, electric",chirp-v5,rock
rock,progressive rock,"progressive rock, energetic atmosphere, featuring electric guitar riffs and power chords over a driving drum beat","rock, drums, bass",chirp-v5,rock
rock,psychedelic rock,"psychedelic rock, energetic atmosphere, featuring electric guitar riffs and power chords over a driving drum beat","rock, punk, distortion",chirp-v5,rock
rock,garage rock,"garage rock, energetic atmosphere, featuring electric guitar riffs and power chords over a driving drum beat","rock, indie, alternative",chirp-v5,rock
rock,glam rock,"glam rock, energetic atmosphere, featuring electric guitar riffs and power chords over a driving drum beat","rock, classic, anthem",chirp-v5,rock
rock,classic rock,"classic rock, rebellious atmosphere, featuring electric guitar riffs and power chords over a driving drum beat","rock, guitar, electric",chirp-v5,rock
rock,alternative rock,"alternative rock, rebellious atmosphere, featuring electric guitar riffs and power chords over a driving drum beat","rock, drums, bass",chirp-v5,rock
rock,punk rock,"punk rock, rebellious atmosphere, featuring electric guitar riffs and power chords over a driving drum beat","rock, punk, distortion",chirp-v5,rock
rock,indie rock,"indie rock, rebellious atmosphere, featuring electric guitar riffs and power chords over a driving drum beat","rock, indie, alternative",chirp-v5,rock
rock,hard rock,"hard rock, rebellious atmosphere, featuring electric guitar riffs and power chords over a driving drum beat","rock, classic, anthem",chirp-v5,rock
rock,grunge,"grunge rock, rebellious atmosphere, featuring electric guitar riffs and power chords over a driving drum beat","rock, guitar, electric",chirp-v5,rock
rock,progressive rock,"progressive rock, rebellious atmosphere, featuring electric guitar riffs and power chords over a driving drum beat","rock, drums, bass",chirp-v5,rock
rock,psychedelic rock,"psychedelic rock, rebellious atmosphere, featuring electric guitar riffs and power chords over a driving drum beat","rock, punk, distortion",chirp-v5,rock
rock,garage rock,"garage rock, rebellious atmosphere, featuring electric guitar riffs and power chords over a driving drum beat","rock, indie, alternative",chirp-v5,rock
rock,glam rock,"glam rock, rebellious atmosphere, featuring electric guitar riffs and power chords over a driving drum beat","rock, classic, anthem",chirp-v5,rock
rock,classic rock,"classic rock, melancholic atmosphere, featuring electric guitar riffs and power chords over a driving drum beat","rock, guitar, electric",chirp-v5,rock
rock,alternative rock,"alternative rock, melancholic atmosphere, featuring electric guitar riffs and power chords over a driving drum beat","rock, drums, bass",chirp-v5,rock
rock,punk rock,"punk rock, melancholic atmosphere, featuring electric guitar riffs and power chords over a driving drum beat","rock, punk, distortion",chirp-v5,rock
rock,indie rock,"indie rock, melancholic atmosphere, featuring electric guitar riffs and power chords over a driving drum beat","rock, indie, alternative",chirp-v5,rock
rock,hard rock,"hard rock, melancholic atmosphere, featuring electric guitar riffs and power chords over a driving drum beat","rock, classic, anthem",chirp-v5,rock
rock,grunge,"grunge rock, melancholic atmosphere, featuring electric guitar riffs and power chords over a driving drum beat","rock, guitar, electric",chirp-v5,rock
rock,progressive rock,"progressive rock, melancholic atmosphere, featuring electric guitar riffs and power chords over a driving drum beat","rock, drums, bass",chirp-v5,rock
rock,psychedelic rock,"psychedelic rock, melancholic atmosphere, featuring electric guitar riffs and power chords over a driving drum beat","rock, punk, distortion",chirp-v5,rock
rock,garage rock,"garage rock, melancholic atmosphere, featuring electric guitar riffs and power chords over a driving drum beat","rock, indie, alternative",chirp-v5,rock
rock,glam rock,"glam rock, melancholic atmosphere, featuring electric guitar riffs and power chords over a driving drum beat","rock, classic, anthem",chirp-v5,rock
rock,classic rock,"classic rock, triumphant atmosphere, featuring electric guitar riffs and power chords over a driving drum beat","rock, guitar, electric",chirp-v5,rock
rock,alternative rock,"alternative rock, triumphant atmosphere, featuring electric guitar riffs and power chords over a driving drum beat","rock, drums, bass",chirp-v5,rock
rock,punk rock,"punk rock, triumphant atmosphere, featuring electric guitar riffs and power chords over a driving drum beat","rock, punk, distortion",chirp-v5,rock
rock,indie rock,"indie rock, triumphant atmosphere, featuring electric guitar riffs and power chords over a driving drum beat","rock, indie, alternative",chirp-v5,rock
rock,hard rock,"hard rock, triumphant atmosphere, featuring electric guitar riffs and power chords over a driving drum beat","rock, classic, anthem",chirp-v5,rock
rock,grunge,"grunge rock, triumphant atmosphere, featuring electric guitar riffs and power chords over a driving drum beat","rock, guitar, electric",chirp-v5,rock
rock,progressive rock,"progressive rock, triumphant atmosphere, featuring electric guitar riffs and power chords over a driving drum beat","rock, drums, bass",chirp-v5,rock
rock,psychedelic rock,"psychedelic rock, triumphant atmosphere, featuring electric guitar riffs and power chords over a driving drum beat","rock, punk, distortion",chirp-v5,rock
rock,garage rock,"garage rock, triumphant atmosphere, featuring electric guitar riffs and power chords over a driving drum beat","rock, indie, alternative",chirp-v5,rock
rock,glam rock,"glam rock, triumphant atmosphere, featuring electric guitar riffs and power chords over a driving drum beat","rock, classic, anthem",chirp-v5,rock
rock,classic rock,"classic rock, gritty atmosphere, featuring electric guitar riffs and power chords over a driving drum beat","rock, guitar, electric",chirp-v5,rock
rock,alternative rock,"alternative rock, gritty atmosphere, featuring electric guitar riffs and power chords over a driving drum beat","rock, drums, bass",chirp-v5,rock
rock,punk rock,"punk rock, gritty atmosphere, featuring electric guitar riffs and power chords over a driving drum beat","rock, punk, distortion",chirp-v5,rock
rock,indie rock,"indie rock, gritty atmosphere, featuring electric guitar riffs and power chords over a driving drum beat","rock, indie, alternative",chirp-v5,rock
rock,hard rock,"hard rock, gritty atmosphere, featuring electric guitar riffs and power chords over a driving drum beat","rock, classic, anthem",chirp-v5,rock
rock,grunge,"grunge rock, gritty atmosphere, featuring electric guitar riffs and power chords over a driving drum beat","rock, guitar, electric",chirp-v5,rock
rock,progressive rock,"progressive rock, gritty atmosphere, featuring electric guitar riffs and power chords over a driving drum beat","rock, drums, bass",chirp-v5,rock
rock,psychedelic rock,"psychedelic rock, gritty atmosphere, featuring electric guitar riffs and power chords over a driving drum beat","rock, punk, distortion",chirp-v5,rock
rock,garage rock,"garage rock, gritty atmosphere, featuring electric guitar riffs and power chords over a driving drum beat","rock, indie, alternative",chirp-v5,rock
rock,glam rock,"glam rock, gritty atmosphere, featuring electric guitar riffs and power chords over a driving drum beat","rock, classic, anthem",chirp-v5,rock
rock,classic rock,"classic rock, anthemic atmosphere, featuring electric guitar riffs and power chords over a driving drum beat","rock, guitar, electric",chirp-v5,rock
rock,alternative rock,"alternative rock, anthemic atmosphere, featuring electric guitar riffs and power chords over a driving drum beat","rock, drums, bass",chirp-v5,rock
rock,punk rock,"punk rock, anthemic atmosphere, featuring electric guitar riffs and power chords over a driving drum beat","rock, punk, distortion",chirp-v5,rock
rock,indie rock,"indie rock, anthemic atmosphere, featuring electric guitar riffs and power chords over a driving drum beat","rock, indie, alternative",chirp-v5,rock
rock,hard rock,"hard rock, anthemic atmosphere, featuring electric guitar riffs and power chords over a driving drum beat","rock, classic, anthem",chirp-v5,rock
rock,grunge,"grunge rock, anthemic atmosphere, featuring electric guitar riffs and power chords over a driving drum beat","rock, guitar, electric",chirp-v5,rock
rock,progressive rock,"progressive rock, anthemic atmosphere, featuring electric guitar riffs and power chords over a driving drum beat","rock, drums, bass",chirp-v5,rock
rock,psychedelic rock,"psychedelic rock, anthemic atmosphere, featuring electric guitar riffs and power chords over a driving drum beat","rock, punk, distortion",chirp-v5,rock
rock,garage rock,"garage rock, anthemic atmosphere, featuring electric guitar riffs and power chords over a driving drum beat","rock, indie, alternative",chirp-v5,rock
rock,glam rock,"glam rock, anthemic atmosphere, featuring electric guitar riffs and power chords over a driving drum beat","rock, classic, anthem",chirp-v5,rock
rock,classic rock,"classic rock, dreamy atmosphere, featuring electric guitar riffs and power chords over a driving drum beat","rock, guitar, electric",chirp-v5,rock
rock,alternative rock,"alternative rock, dreamy atmosphere, featuring electric guitar riffs and power chords over a driving drum beat","rock, drums, bass",chirp-v5,rock
rock,punk rock,"punk rock, dreamy atmosphere, featuring electric guitar riffs and power chords over a driving drum beat","rock, punk, distortion",chirp-v5,rock
rock,indie rock,"indie rock, dreamy atmosphere, featuring electric guitar riffs and power chords over a driving drum beat","rock, indie, alternative",chirp-v5,rock
rock,hard rock,"hard rock, dreamy atmosphere, featuring electric guitar riffs and power chords over a driving drum beat","rock, classic, anthem",chirp-v5,rock
rock,grunge,"grunge rock, dreamy atmosphere, featuring electric guitar riffs and power chords over a driving drum beat","rock, guitar, electric",chirp-v5,rock
rock,progressive rock,"progressive rock, dreamy atmosphere, featuring electric guitar riffs and power chords over a driving drum beat","rock, drums, bass",chirp-v5,rock
rock,psychedelic rock,"psychedelic rock, dreamy atmosphere, featuring electric guitar riffs and power chords over a driving drum beat","rock, punk, distortion",chirp-v5,rock
rock,garage rock,"garage rock, dreamy atmosphere, featuring electric guitar riffs and power chords over a driving drum beat","rock, indie, alternative",chirp-v5,rock
rock,glam rock,"glam rock, dreamy atmosphere, featuring electric guitar riffs and power chords over a driving drum beat","rock, classic, anthem",chirp-v5,rock
rock,classic rock,"classic rock, raw atmosphere, featuring electric guitar riffs and power chords over a driving drum beat","rock, guitar, electric",chirp-v5,rock
rock,alternative rock,"alternative rock, raw atmosphere, featuring electric guitar riffs and power chords over a driving drum beat","rock, drums, bass",chirp-v5,rock
rock,punk rock,"punk rock, raw atmosphere, featuring electric guitar riffs and power chords over a driving drum beat","rock, punk, distortion",chirp-v5,rock
rock,indie rock,"indie rock, raw atmosphere, featuring electric guitar riffs and power chords over a driving drum beat","rock, indie, alternative",chirp-v5,rock
rock,hard rock,"hard rock, raw atmosphere, featuring electric guitar riffs and power chords over a driving drum beat","rock, classic, anthem",chirp-v5,rock
rock,grunge,"grunge rock, raw atmosphere, featuring electric guitar riffs and power chords over a driving drum beat","rock, guitar, electric",chirp-v5,rock
rock,progressive rock,"progressive rock, raw atmosphere, featuring electric guitar riffs and power chords over a driving drum beat","rock, drums, bass",chirp-v5,rock
rock,psychedelic rock,"psychedelic rock, raw atmosphere, featuring electric guitar riffs and power chords over a driving drum beat","rock, punk, distortion",chirp-v5,rock
rock,garage rock,"garage rock, raw atmosphere, featuring electric guitar riffs and power chords over a driving drum beat","rock, indie, alternative",chirp-v5,rock
rock,glam rock,"glam rock, raw atmosphere, featuring electric guitar riffs and power chords over a driving drum beat","rock, classic, anthem",chirp-v5,rock
rock,classic rock,"classic rock, powerful atmosphere, featuring electric guitar riffs and power chords over a driving drum beat","rock, guitar, electric",chirp-v5,rock
rock,alternative rock,"alternative rock, powerful atmosphere, featuring electric guitar riffs and power chords over a driving drum beat","rock, drums, bass",chirp-v5,rock
rock,punk rock,"punk rock, powerful atmosphere, featuring electric guitar riffs and power chords over a driving drum beat","rock, punk, distortion",chirp-v5,rock
rock,indie rock,"indie rock, powerful atmosphere, featuring electric guitar riffs and power chords over a driving drum beat","rock, indie, alternative",chirp-v5,rock
rock,hard rock,"hard rock, powerful atmosphere, featuring electric guitar riffs and power chords over a driving drum beat","rock, classic, anthem",chirp-v5,rock
rock,grunge,"grunge rock, powerful atmosphere, featuring electric guitar riffs and power chords over a driving drum beat","rock, guitar, electric",chirp-v5,rock
rock,progressive rock,"progressive rock, powerful atmosphere, featuring electric guitar riffs and power chords over a driving drum beat","rock, drums, bass",chirp-v5,rock
rock,psychedelic rock,"psychedelic rock, powerful atmosphere, featuring electric guitar riffs and power chords over a driving drum beat","rock, punk, distortion",chirp-v5,rock
rock,garage rock,"garage rock, powerful atmosphere, featuring electric guitar riffs and power chords over a driving drum beat","rock, indie, alternative",chirp-v5,rock
rock,glam rock,"glam rock, powerful atmosphere, featuring electric guitar riffs and power chords over a driving drum beat","rock, classic, anthem",chirp-v5,rock
rock,classic rock,"classic rock, introspective atmosphere, featuring electric guitar riffs and power chords over a driving drum beat","rock, guitar, electric",chirp-v5,rock
rock,alternative rock,"alternative rock, introspective atmosphere, featuring electric guitar riffs and power chords over a driving drum beat","rock, drums, bass",chirp-v5,rock
rock,punk rock,"punk rock, introspective atmosphere, featuring electric guitar riffs and power chords over a driving drum beat","rock, punk, distortion",chirp-v5,rock
rock,indie rock,"indie rock, introspective atmosphere, featuring electric guitar riffs and power chords over a driving drum beat","rock, indie, alternative",chirp-v5,rock
rock,hard rock,"hard rock, introspective atmosphere, featuring electric guitar riffs and power chords over a driving drum beat","rock, classic, anthem",chirp-v5,rock
rock,grunge,"grunge rock, introspective atmosphere, featuring electric guitar riffs and power chords over a driving drum beat","rock, guitar, electric",chirp-v5,rock
rock,progressive rock,"progressive rock, introspective atmosphere, featuring electric guitar riffs and power chords over a driving drum beat","rock, drums, bass",chirp-v5,rock
rock,psychedelic rock,"psychedelic rock, introspective atmosphere, featuring electric guitar riffs and power chords over a driving drum beat","rock, punk, distortion",chirp-v5,rock
rock,garage rock,"garage rock, introspective atmosphere, featuring electric guitar riffs and power chords over a driving drum beat","rock, indie, alternative",chirp-v5,rock
rock,glam rock,"glam rock, introspective atmosphere, featuring electric guitar riffs and power chords over a driving drum beat","rock, classic, anthem",chirp-v5,rock
rock,classic rock,"classic rock, energetic atmosphere, featuring distorted lead guitar solo with crunchy rhythm section","rock, guitar, electric",chirp-v5,rock
rock,alternative rock,"alternative rock, energetic atmosphere, featuring distorted lead guitar solo with crunchy rhythm section","rock, drums, bass",chirp-v5,rock
rock,punk rock,"punk rock, energetic atmosphere, featuring distorted lead guitar solo with crunchy rhythm section","rock, punk, distortion",chirp-v5,rock
rock,indie rock,"indie rock, energetic atmosphere, featuring distorted lead guitar solo with crunchy rhythm section","rock, indie, alternative",chirp-v5,rock
rock,hard rock,"hard rock, energetic atmosphere, featuring distorted lead guitar solo with crunchy rhythm section","rock, classic, anthem",chirp-v5,rock
rock,grunge,"grunge rock, energetic atmosphere, featuring distorted lead guitar solo with crunchy rhythm section","rock, guitar, electric",chirp-v5,rock
rock,progressive rock,"progressive rock, energetic atmosphere, featuring distorted lead guitar solo with crunchy rhythm section","rock, drums, bass",chirp-v5,rock
rock,psychedelic rock,"psychedelic rock, energetic atmosphere, featuring distorted lead guitar solo with crunchy rhythm section","rock, punk, distortion",chirp-v5,rock
rock,garage rock,"garage rock, energetic atmosphere, featuring distorted lead guitar solo with crunchy rhythm section","rock, indie, alternative",chirp-v5,rock
rock,glam rock,"glam rock, energetic atmosphere, featuring distorted lead guitar solo with crunchy rhythm section","rock, classic, anthem",chirp-v5,rock
rock,classic rock,"classic rock, rebellious atmosphere, featuring distorted lead guitar solo with crunchy rhythm section","rock, guitar, electric",chirp-v5,rock
rock,alternative rock,"alternative rock, rebellious atmosphere, featuring distorted lead guitar solo with crunchy rhythm section","rock, drums, bass",chirp-v5,rock
rock,punk rock,"punk rock, rebellious atmosphere, featuring distorted lead guitar solo with crunchy rhythm section","rock, punk, distortion",chirp-v5,rock
rock,indie rock,"indie rock, rebellious atmosphere, featuring distorted lead guitar solo with crunchy rhythm section","rock, indie, alternative",chirp-v5,rock
rock,hard rock,"hard rock, rebellious atmosphere, featuring distorted lead guitar solo with crunchy rhythm section","rock, classic, anthem",chirp-v5,rock
rock,grunge,"grunge rock, rebellious atmosphere, featuring distorted lead guitar solo with crunchy rhythm section","rock, guitar, electric",chirp-v5,rock
rock,progressive rock,"progressive rock, rebellious atmosphere, featuring distorted lead guitar solo with crunchy rhythm section","rock, drums, bass",chirp-v5,rock
rock,psychedelic rock,"psychedelic rock, rebellious atmosphere, featuring distorted lead guitar solo with crunchy rhythm section","rock, punk, distortion",chirp-v5,rock
rock,garage rock,"garage rock, rebellious atmosphere, featuring distorted lead guitar solo with crunchy rhythm section","rock, indie, alternative",chirp-v5,rock
rock,glam rock,"glam rock, rebellious atmosphere, featuring distorted lead guitar solo with crunchy rhythm section","rock, classic, anthem",chirp-v5,rock
rock,classic rock,"classic rock, melancholic atmosphere, featuring distorted lead guitar solo with crunchy rhythm section","rock, guitar, electric",chirp-v5,rock
rock,alternative rock,"alternative rock, melancholic atmosphere, featuring distorted lead guitar solo with crunchy rhythm section","rock, drums, bass",chirp-v5,rock
rock,punk rock,"punk rock, melancholic atmosphere, featuring distorted lead guitar solo with crunchy rhythm section","rock, punk, distortion",chirp-v5,rock
rock,indie rock,"indie rock, melancholic atmosphere, featuring distorted lead guitar solo with crunchy rhythm section","rock, indie, alternative",chirp-v5,rock
rock,hard rock,"hard rock, melancholic atmosphere, featuring distorted lead guitar solo with crunchy rhythm section","rock, classic, anthem",chirp-v5,rock
rock,grunge,"grunge rock, melancholic atmosphere, featuring distorted lead guitar solo with crunchy rhythm section","rock, guitar, electric",chirp-v5,rock
rock,progressive rock,"progressive rock, melancholic atmosphere, featuring distorted lead guitar solo with crunchy rhythm section","rock, drums, bass",chirp-v5,rock
rock,psychedelic rock,"psychedelic rock, melancholic atmosphere, featuring distorted lead guitar solo with crunchy rhythm section","rock, punk, distortion",chirp-v5,rock
rock,garage rock,"garage rock, melancholic atmosphere, featuring distorted lead guitar solo with crunchy rhythm section","rock, indie, alternative",chirp-v5,rock
rock,glam rock,"glam rock, melancholic atmosphere, featuring distorted lead guitar solo with crunchy rhythm section","rock, classic, anthem",chirp-v5,rock
rock,classic rock,"classic rock, triumphant atmosphere, featuring distorted lead guitar solo with crunchy rhythm section","rock, guitar, electric",chirp-v5,rock
rock,alternative rock,"alternative rock, triumphant atmosphere, featuring distorted lead guitar solo with crunchy rhythm section","rock, drums, bass",chirp-v5,rock
rock,punk rock,"punk rock, triumphant atmosphere, featuring distorted lead guitar solo with crunchy rhythm section","rock, punk, distortion",chirp-v5,rock
rock,indie rock,"indie rock, triumphant atmosphere, featuring distorted lead guitar solo with crunchy rhythm section","rock, indie, alternative",chirp-v5,rock
rock,hard rock,"hard rock, triumphant atmosphere, featuring distorted lead guitar solo with crunchy rhythm section","rock, classic, anthem",chirp-v5,rock
rock,grunge,"grunge rock, triumphant atmosphere, featuring distorted lead guitar solo with crunchy rhythm section","rock, guitar, electric",chirp-v5,rock
rock,progressive rock,"progressive rock, triumphant atmosphere, featuring distorted lead guitar solo with crunchy rhythm section","rock, drums, bass",chirp-v5,rock
rock,psychedelic rock,"psychedelic rock, triumphant atmosphere, featuring distorted lead guitar solo with crunchy rhythm section","rock, punk, distortion",chirp-v5,rock
rock,garage rock,"garage rock, triumphant atmosphere, featuring distorted lead guitar solo with crunchy rhythm section","rock, indie, alternative",chirp-v5,rock
rock,glam rock,"glam rock, triumphant atmosphere, featuring distorted lead guitar solo with crunchy rhythm section","rock, classic, anthem",chirp-v5,rock
rock,classic rock,"classic rock, gritty atmosphere, featuring distorted lead guitar solo with crunchy rhythm section","rock, guitar, electric",chirp-v5,rock
rock,alternative rock,"alternative rock, gritty atmosphere, featuring distorted lead guitar solo with crunchy rhythm section","rock, drums, bass",chirp-v5,rock
rock,punk rock,"punk rock, gritty atmosphere, featuring distorted lead guitar solo with crunchy rhythm section","rock, punk, distortion",chirp-v5,rock
rock,indie rock,"indie rock, gritty atmosphere, featuring distorted lead guitar solo with crunchy rhythm section","rock, indie, alternative",chirp-v5,rock
rock,hard rock,"hard rock, gritty atmosphere, featuring distorted lead guitar solo with crunchy rhythm section","rock, classic, anthem",chirp-v5,rock
rock,grunge,"grunge rock, gritty atmosphere, featuring distorted lead guitar solo with crunchy rhythm section","rock, guitar, electric",chirp-v5,rock
rock,progressive rock,"progressive rock, gritty atmosphere, featuring distorted lead guitar solo with crunchy rhythm section","rock, drums, bass",chirp-v5,rock
rock,psychedelic rock,"psychedelic rock, gritty atmosphere, featuring distorted lead guitar solo with crunchy rhythm section","rock, punk, distortion",chirp-v5,rock
rock,garage rock,"garage rock, gritty atmosphere, featuring distorted lead guitar solo with crunchy rhythm section","rock, indie, alternative",chirp-v5,rock
rock,glam rock,"glam rock, gritty atmosphere, featuring distorted lead guitar solo with crunchy rhythm section","rock, classic, anthem",chirp-v5,rock
rock,classic rock,"classic rock, anthemic atmosphere, featuring distorted lead guitar solo with crunchy rhythm section","rock, guitar, electric",chirp-v5,rock
rock,alternative rock,"alternative rock, anthemic atmosphere, featuring distorted lead guitar solo with crunchy rhythm section","rock, drums, bass",chirp-v5,rock
rock,punk rock,"punk rock, anthemic atmosphere, featuring distorted lead guitar solo with crunchy rhythm section","rock, punk, distortion",chirp-v5,rock
rock,indie rock,"indie rock, anthemic atmosphere, featuring distorted lead guitar solo with crunchy rhythm section","rock, indie, alternative",chirp-v5,rock
rock,hard rock,"hard rock, anthemic atmosphere, featuring distorted lead guitar solo with crunchy rhythm section","rock, classic, anthem",chirp-v5,rock
rock,grunge,"grunge rock, anthemic atmosphere, featuring distorted lead guitar solo with crunchy rhythm section","rock, guitar, electric",chirp-v5,rock
rock,progressive rock,"progressive rock, anthemic atmosphere, featuring distorted lead guitar solo with crunchy rhythm section","rock, drums, bass",chirp-v5,rock
rock,psychedelic rock,"psychedelic rock, anthemic atmosphere, featuring distorted lead guitar solo with crunchy rhythm section","rock, punk, distortion",chirp-v5,rock
rock,garage rock,"garage rock, anthemic atmosphere, featuring distorted lead guitar solo with crunchy rhythm section","rock, indie, alternative",chirp-v5,rock
rock,glam rock,"glam rock, anthemic atmosphere, featuring distorted lead guitar solo with crunchy rhythm section","rock, classic, anthem",chirp-v5,rock
rock,classic rock,"classic rock, dreamy atmosphere, featuring distorted lead guitar solo with crunchy rhythm section","rock, guitar, electric",chirp-v5,rock
rock,alternative rock,"alternative rock, dreamy atmosphere, featuring distorted lead guitar solo with crunchy rhythm section","rock, drums, bass",chirp-v5,rock
rock,punk rock,"punk rock, dreamy atmosphere, featuring distorted lead guitar solo with crunchy rhythm section","rock, punk, distortion",chirp-v5,rock
rock,indie rock,"indie rock, dreamy atmosphere, featuring distorted lead guitar solo with crunchy rhythm section","rock, indie, alternative",chirp-v5,rock
rock,hard rock,"hard rock, dreamy atmosphere, featuring distorted lead guitar solo with crunchy rhythm section","rock, classic, anthem",chirp-v5,rock
rock,grunge,"grunge rock, dreamy atmosphere, featuring distorted lead guitar solo with crunchy rhythm section","rock, guitar, electric",chirp-v5,rock
rock,progressive rock,"progressive rock, dreamy atmosphere, featuring distorted lead guitar solo with crunchy rhythm section","rock, drums, bass",chirp-v5,rock
rock,psychedelic rock,"psychedelic rock, dreamy atmosphere, featuring distorted lead guitar solo with crunchy rhythm section","rock, punk, distortion",chirp-v5,rock
rock,garage rock,"garage rock, dreamy atmosphere, featuring distorted lead guitar solo with crunchy rhythm section","rock, indie, alternative",chirp-v5,rock
rock,glam rock,"glam rock, dreamy atmosphere, featuring distorted lead guitar solo with crunchy rhythm section","rock, classic, anthem",chirp-v5,rock
rock,classic rock,"classic rock, raw atmosphere, featuring distorted lead guitar solo with crunchy rhythm section","rock, guitar, electric",chirp-v5,rock
rock,alternative rock,"alternative rock, raw atmosphere, featuring distorted lead guitar solo with crunchy rhythm section","rock, drums, bass",chirp-v5,rock
rock,punk rock,"punk rock, raw atmosphere, featuring distorted lead guitar solo with crunchy rhythm section","rock, punk, distortion",chirp-v5,rock
rock,indie rock,"indie rock, raw atmosphere, featuring distorted lead guitar solo with crunchy rhythm section","rock, indie, alternative",chirp-v5,rock
rock,hard rock,"hard rock, raw atmosphere, featuring distorted lead guitar solo with crunchy rhythm section","rock, classic, anthem",chirp-v5,rock
rock,grunge,"grunge rock, raw atmosphere, featuring distorted lead guitar solo with crunchy rhythm section","rock, guitar, electric",chirp-v5,rock
rock,progressive rock,"progressive rock, raw atmosphere, featuring distorted lead guitar solo with crunchy rhythm section","rock, drums, bass",chirp-v5,rock
rock,psychedelic rock,"psychedelic rock, raw atmosphere, featuring distorted lead guitar solo with crunchy rhythm section","rock, punk, distortion",chirp-v5,rock
rock,garage rock,"garage rock, raw atmosphere, featuring distorted lead guitar solo with crunchy rhythm section","rock, indie, alternative",chirp-v5,rock
rock,glam rock,"glam rock, raw atmosphere, featuring distorted lead guitar solo with crunchy rhythm section","rock, classic, anthem",chirp-v5,rock
rock,classic rock,"classic rock, powerful atmosphere, featuring distorted lead guitar solo with crunchy rhythm section","rock, guitar, electric",chirp-v5,rock
rock,alternative rock,"alternative rock, powerful atmosphere, featuring distorted lead guitar solo with crunchy rhythm section","rock, drums, bass",chirp-v5,rock
rock,punk rock,"punk rock, powerful atmosphere, featuring distorted lead guitar solo with crunchy rhythm section","rock, punk, distortion",chirp-v5,rock
rock,indie rock,"indie rock, powerful atmosphere, featuring distorted lead guitar solo with crunchy rhythm section","rock, indie, alternative",chirp-v5,rock
rock,hard rock,"hard rock, powerful atmosphere, featuring distorted lead guitar solo with crunchy rhythm section","rock, classic, anthem",chirp-v5,rock
rock,grunge,"grunge rock, powerful atmosphere, featuring distorted lead guitar solo with crunchy rhythm section","rock, guitar, electric",chirp-v5,rock
rock,progressive rock,"progressive rock, powerful atmosphere, featuring distorted lead guitar solo with crunchy rhythm section","rock, drums, bass",chirp-v5,rock
rock,psychedelic rock,"psychedelic rock, powerful atmosphere, featuring distorted lead guitar solo with crunchy rhythm section","rock, punk, distortion",chirp-v5,rock
rock,garage rock,"garage rock, powerful atmosphere, featuring distorted lead guitar solo with crunchy rhythm section","rock, indie, alternative",chirp-v5,rock
rock,glam rock,"glam rock, powerful atmosphere, featuring distorted lead guitar solo with crunchy rhythm section","rock, classic, anthem",chirp-v5,rock
rock,classic rock,"classic rock, introspective atmosphere, featuring distorted lead guitar solo with crunchy rhythm section","rock, guitar, electric",chirp-v5,rock
rock,alternative rock,"alternative rock, introspective atmosphere, featuring distorted lead guitar solo with crunchy rhythm section","rock, drums, bass",chirp-v5,rock
rock,punk rock,"punk rock, introspective atmosphere, featuring distorted lead guitar solo with crunchy rhythm section","rock, punk, distortion",chirp-v5,rock
rock,indie rock,"indie rock, introspective atmosphere, featuring distorted lead guitar solo with crunchy rhythm section","rock, indie, alternative",chirp-v5,rock
rock,hard rock,"hard rock, introspective atmosphere, featuring distorted lead guitar solo with crunchy rhythm section","rock, classic, anthem",chirp-v5,rock
rock,grunge,"grunge rock, introspective atmosphere, featuring distorted lead guitar solo with crunchy rhythm section","rock, guitar, electric",chirp-v5,rock
rock,progressive rock,"progressive rock, introspective atmosphere, featuring distorted lead guitar solo with crunchy rhythm section","rock, drums, bass",chirp-v5,rock
rock,psychedelic rock,"psychedelic rock, introspective atmosphere, featuring distorted lead guitar solo with crunchy rhythm section","rock, punk, distortion",chirp-v5,rock
rock,garage rock,"garage rock, introspective atmosphere, featuring distorted lead guitar solo with crunchy rhythm section","rock, indie, alternative",chirp-v5,rock
rock,glam rock,"glam rock, introspective atmosphere, featuring distorted lead guitar solo with crunchy rhythm section","rock, classic, anthem",chirp-v5,rock
rock,classic rock,"classic rock, energetic atmosphere, featuring dual guitar harmonics and thundering bass lines","rock, guitar, electric",chirp-v5,rock
rock,alternative rock,"alternative rock, energetic atmosphere, featuring dual guitar harmonics and thundering bass lines","rock, drums, bass",chirp-v5,rock
rock,punk rock,"punk rock, energetic atmosphere, featuring dual guitar harmonics and thundering bass lines","rock, punk, distortion",chirp-v5,rock
rock,indie rock,"indie rock, energetic atmosphere, featuring dual guitar harmonics and thundering bass lines","rock, indie, alternative",chirp-v5,rock
rock,hard rock,"hard rock, energetic atmosphere, featuring dual guitar harmonics and thundering bass lines","rock, classic, anthem",chirp-v5,rock
rock,grunge,"grunge rock, energetic atmosphere, featuring dual guitar harmonics and thundering bass lines","rock, guitar, electric",chirp-v5,rock
rock,progressive rock,"progressive rock, energetic atmosphere, featuring dual guitar harmonics and thundering bass lines","rock, drums, bass",chirp-v5,rock
rock,psychedelic rock,"psychedelic rock, energetic atmosphere, featuring dual guitar harmonics and thundering bass lines","rock, punk, distortion",chirp-v5,rock
rock,garage rock,"garage rock, energetic atmosphere, featuring dual guitar harmonics and thundering bass lines","rock, indie, alternative",chirp-v5,rock
rock,glam rock,"glam rock, energetic atmosphere, featuring dual guitar harmonics and thundering bass lines","rock, classic, anthem",chirp-v5,rock
rock,classic rock,"classic rock, rebellious atmosphere, featuring dual guitar harmonics and thundering bass lines","rock, guitar, electric",chirp-v5,rock
rock,alternative rock,"alternative rock, rebellious atmosphere, featuring dual guitar harmonics and thundering bass lines","rock, drums, bass",chirp-v5,rock
rock,punk rock,"punk rock, rebellious atmosphere, featuring dual guitar harmonics and thundering bass lines","rock, punk, distortion",chirp-v5,rock
rock,indie rock,"indie rock, rebellious atmosphere, featuring dual guitar harmonics and thundering bass lines","rock, indie, alternative",chirp-v5,rock
rock,hard rock,"hard rock, rebellious atmosphere, featuring dual guitar harmonics and thundering bass lines","rock, classic, anthem",chirp-v5,rock
rock,grunge,"grunge rock, rebellious atmosphere, featuring dual guitar harmonics and thundering bass lines","rock, guitar, electric",chirp-v5,rock
rock,progressive rock,"progressive rock, rebellious atmosphere, featuring dual guitar harmonics and thundering bass lines","rock, drums, bass",chirp-v5,rock
rock,psychedelic rock,"psychedelic rock, rebellious atmosphere, featuring dual guitar harmonics and thundering bass lines","rock, punk, distortion",chirp-v5,rock
rock,garage rock,"garage rock, rebellious atmosphere, featuring dual guitar harmonics and thundering bass lines","rock, indie, alternative",chirp-v5,rock
rock,glam rock,"glam rock, rebellious atmosphere, featuring dual guitar harmonics and thundering bass lines","rock, classic, anthem",chirp-v5,rock
rock,classic rock,"classic rock, melancholic atmosphere, featuring dual guitar harmonics and thundering bass lines","rock, guitar, electric",chirp-v5,rock
rock,alternative rock,"alternative rock, melancholic atmosphere, featuring dual guitar harmonics and thundering bass lines","rock, drums, bass",chirp-v5,rock
rock,punk rock,"punk rock, melancholic atmosphere, featuring dual guitar harmonics and thundering bass lines","rock, punk, distortion",chirp-v5,rock
rock,indie rock,"indie rock, melancholic atmosphere, featuring dual guitar harmonics and thundering bass lines","rock, indie, alternative",chirp-v5,rock
rock,hard rock,"hard rock, melancholic atmosphere, featuring dual guitar harmonics and thundering bass lines","rock, classic, anthem",chirp-v5,rock
rock,grunge,"grunge rock, melancholic atmosphere, featuring dual guitar harmonics and thundering bass lines","rock, guitar, electric",chirp-v5,rock
rock,progressive rock,"progressive rock, melancholic atmosphere, featuring dual guitar harmonics and thundering bass lines","rock, drums, bass",chirp-v5,rock
rock,psychedelic rock,"psychedelic rock, melancholic atmosphere, featuring dual guitar harmonics and thundering bass lines","rock, punk, distortion",chirp-v5,rock
rock,garage rock,"garage rock, melancholic atmosphere, featuring dual guitar harmonics and thundering bass lines","rock, indie, alternative",chirp-v5,rock
rock,glam rock,"glam rock, melancholic atmosphere, featuring dual guitar harmonics and thundering bass lines","rock, classic, anthem",chirp-v5,rock
rock,classic rock,"classic rock, triumphant atmosphere, featuring dual guitar harmonics and thundering bass lines","rock, guitar, electric",chirp-v5,rock
rock,alternative rock,"alternative rock, triumphant atmosphere, featuring dual guitar harmonics and thundering bass lines","rock, drums, bass",chirp-v5,rock
rock,punk rock,"punk rock, triumphant atmosphere, featuring dual guitar harmonics and thundering bass lines","rock, punk, distortion",chirp-v5,rock
rock,indie rock,"indie rock, triumphant atmosphere, featuring dual guitar harmonics and thundering bass lines","rock, indie, alternative",chirp-v5,rock
rock,hard rock,"hard rock, triumphant atmosphere, featuring dual guitar harmonics and thundering bass lines","rock, classic, anthem",chirp-v5,rock
rock,grunge,"grunge rock, triumphant atmosphere, featuring dual guitar harmonics and thundering bass lines","rock, guitar, electric",chirp-v5,rock
rock,progressive rock,"progressive rock, triumphant atmosphere, featuring dual guitar harmonics and thundering bass lines","rock, drums, bass",chirp-v5,rock
rock,psychedelic rock,"psychedelic rock, triumphant atmosphere, featuring dual guitar harmonics and thundering bass lines","rock, punk, distortion",chirp-v5,rock
rock,garage rock,"garage rock, triumphant atmosphere, featuring dual guitar harmonics and thundering bass lines","rock, indie, alternative",chirp-v5,rock
rock,glam rock,"glam rock, triumphant atmosphere, featuring dual guitar harmonics and thundering bass lines","rock, classic, anthem",chirp-v5,rock
rock,classic rock,"classic rock, gritty atmosphere, featuring dual guitar harmonics and thundering bass lines","rock, guitar, electric",chirp-v5,rock
rock,alternative rock,"alternative rock, gritty atmosphere, featuring dual guitar harmonics and thundering bass lines","rock, drums, bass",chirp-v5,rock
rock,punk rock,"punk rock, gritty atmosphere, featuring dual guitar harmonics and thundering bass lines","rock, punk, distortion",chirp-v5,rock
rock,indie rock,"indie rock, gritty atmosphere, featuring dual guitar harmonics and thundering bass lines","rock, indie, alternative",chirp-v5,rock
rock,hard rock,"hard rock, gritty atmosphere, featuring dual guitar harmonics and thundering bass lines","rock, classic, anthem",chirp-v5,rock
rock,grunge,"grunge rock, gritty atmosphere, featuring dual guitar harmonics and thundering bass lines","rock, guitar, electric",chirp-v5,rock
rock,progressive rock,"progressive rock, gritty atmosphere, featuring dual guitar harmonics and thundering bass lines","rock, drums, bass",chirp-v5,rock
rock,psychedelic rock,"psychedelic rock, gritty atmosphere, featuring dual guitar harmonics and thundering bass lines","rock, punk, distortion",chirp-v5,rock
rock,garage rock,"garage rock, gritty atmosphere, featuring dual guitar harmonics and thundering bass lines","rock, indie, alternative",chirp-v5,rock
rock,glam rock,"glam rock, gritty atmosphere, featuring dual guitar harmonics and thundering bass lines","rock, classic, anthem",chirp-v5,rock
rock,classic rock,"classic rock, anthemic atmosphere, featuring dual guitar harmonics and thundering bass lines","rock, guitar, electric",chirp-v5,rock
rock,alternative rock,"alternative rock, anthemic atmosphere, featuring dual guitar harmonics and thundering bass lines","rock, drums, bass",chirp-v5,rock
rock,punk rock,"punk rock, anthemic atmosphere, featuring dual guitar harmonics and thundering bass lines","rock, punk, distortion",chirp-v5,rock
rock,indie rock,"indie rock, anthemic atmosphere, featuring dual guitar harmonics and thundering bass lines","rock, indie, alternative",chirp-v5,rock
rock,hard rock,"hard rock, anthemic atmosphere, featuring dual guitar harmonics and thundering bass lines","rock, classic, anthem",chirp-v5,rock
rock,grunge,"grunge rock, anthemic atmosphere, featuring dual guitar harmonics and thundering bass lines","rock, guitar, electric",chirp-v5,rock
rock,progressive rock,"progressive rock, anthemic atmosphere, featuring dual guitar harmonics and thundering bass lines","rock, drums, bass",chirp-v5,rock
rock,psychedelic rock,"psychedelic rock, anthemic atmosphere, featuring dual guitar harmonics and thundering bass lines","rock, punk, distortion",chirp-v5,rock
rock,garage rock,"garage rock, anthemic atmosphere, featuring dual guitar harmonics and thundering bass lines","rock, indie, alternative",chirp-v5,rock
rock,glam rock,"glam rock, anthemic atmosphere, featuring dual guitar harmonics and thundering bass lines","rock, classic, anthem",chirp-v5,rock
rock,classic rock,"classic rock, dreamy atmosphere, featuring dual guitar harmonics and thundering bass lines","rock, guitar, electric",chirp-v5,rock
rock,alternative rock,"alternative rock, dreamy atmosphere, featuring dual guitar harmonics and thundering bass lines","rock, drums, bass",chirp-v5,rock
rock,punk rock,"punk rock, dreamy atmosphere, featuring dual guitar harmonics and thundering bass lines","rock, punk, distortion",chirp-v5,rock
rock,indie rock,"indie rock, dreamy atmosphere, featuring dual guitar harmonics and thundering bass lines","rock, indie, alternative",chirp-v5,rock
rock,hard rock,"hard rock, dreamy atmosphere, featuring dual guitar harmonics and thundering bass lines","rock, classic, anthem",chirp-v5,rock
rock,grunge,"grunge rock, dreamy atmosphere, featuring dual guitar harmonics and thundering bass lines","rock, guitar, electric",chirp-v5,rock
rock,progressive rock,"progressive rock, dreamy atmosphere, featuring dual guitar harmonics and thundering bass lines","rock, drums, bass",chirp-v5,rock
rock,psychedelic rock,"psychedelic rock, dreamy atmosphere, featuring dual guitar harmonics and thundering bass lines","rock, punk, distortion",chirp-v5,rock
rock,garage rock,"garage rock, dreamy atmosphere, featuring dual guitar harmonics and thundering bass lines","rock, indie, alternative",chirp-v5,rock
rock,glam rock,"glam rock, dreamy atmosphere, featuring dual guitar harmonics and thundering bass lines","rock, classic, anthem",chirp-v5,rock
rock,classic rock,"classic rock, raw atmosphere, featuring dual guitar harmonics and thundering bass lines","rock, guitar, electric",chirp-v5,rock
rock,alternative rock,"alternative rock, raw atmosphere, featuring dual guitar harmonics and thundering bass lines","rock, drums, bass",chirp-v5,rock
rock,punk rock,"punk rock, raw atmosphere, featuring dual guitar harmonics and thundering bass lines","rock, punk, distortion",chirp-v5,rock
rock,indie rock,"indie rock, raw atmosphere, featuring dual guitar harmonics and thundering bass lines","rock, indie, alternative",chirp-v5,rock
rock,hard rock,"hard rock, raw atmosphere, featuring dual guitar harmonics and thundering bass lines","rock, classic, anthem",chirp-v5,rock
rock,grunge,"grunge rock, raw atmosphere, featuring dual guitar harmonics and thundering bass lines","rock, guitar, electric",chirp-v5,rock
rock,progressive rock,"progressive rock, raw atmosphere, featuring dual guitar harmonics and thundering bass lines","rock, drums, bass",chirp-v5,rock
rock,psychedelic rock,"psychedelic rock, raw atmosphere, featuring dual guitar harmonics and thundering bass lines","rock, punk, distortion",chirp-v5,rock
rock,garage rock,"garage rock, raw atmosphere, featuring dual guitar harmonics and thundering bass lines","rock, indie, alternative",chirp-v5,rock
rock,glam rock,"glam rock, raw atmosphere, featuring dual guitar harmonics and thundering bass lines","rock, classic, anthem",chirp-v5,rock
rock,classic rock,"classic rock, powerful atmosphere, featuring dual guitar harmonics and thundering bass lines","rock, guitar, electric",chirp-v5,rock
rock,alternative rock,"alternative rock, powerful atmosphere, featuring dual guitar harmonics and thundering bass lines","rock, drums, bass",chirp-v5,rock
rock,punk rock,"punk rock, powerful atmosphere, featuring dual guitar harmonics and thundering bass lines","rock, punk, distortion",chirp-v5,rock
rock,indie rock,"indie rock, powerful atmosphere, featuring dual guitar harmonics and thundering bass lines","rock, indie, alternative",chirp-v5,rock
rock,hard rock,"hard rock, powerful atmosphere, featuring dual guitar harmonics and thundering bass lines","rock, classic, anthem",chirp-v5,rock
rock,grunge,"grunge rock, powerful atmosphere, featuring dual guitar harmonics and thundering bass lines","rock, guitar, electric",chirp-v5,rock
rock,progressive rock,"progressive rock, powerful atmosphere, featuring dual guitar harmonics and thundering bass lines","rock, drums, bass",chirp-v5,rock
rock,psychedelic rock,"psychedelic rock, powerful atmosphere, featuring dual guitar harmonics and thundering bass lines","rock, punk, distortion",chirp-v5,rock
rock,garage rock,"garage rock, powerful atmosphere, featuring dual guitar harmonics and thundering bass lines","rock, indie, alternative",chirp-v5,rock
rock,glam rock,"glam rock, powerful atmosphere, featuring dual guitar harmonics and thundering bass lines","rock, classic, anthem",chirp-v5,rock
rock,classic rock,"classic rock, introspective atmosphere, featuring dual guitar harmonics and thundering bass lines","rock, guitar, electric",chirp-v5,rock
rock,alternative rock,"alternative rock, introspective atmosphere, featuring dual guitar harmonics and thundering bass lines","rock, drums, bass",chirp-v5,rock
rock,punk rock,"punk rock, introspective atmosphere, featuring dual guitar harmonics and thundering bass lines","rock, punk, distortion",chirp-v5,rock
rock,indie rock,"indie rock, introspective atmosphere, featuring dual guitar harmonics and thundering bass lines","rock, indie, alternative",chirp-v5,rock
rock,hard rock,"hard rock, introspective atmosphere, featuring dual guitar harmonics and thundering bass lines","rock, classic, anthem",chirp-v5,rock
rock,grunge,"grunge rock, introspective atmosphere, featuring dual guitar harmonics and thundering bass lines","rock, guitar, electric",chirp-v5,rock
rock,progressive rock,"progressive rock, introspective atmosphere, featuring dual guitar harmonics and thundering bass lines","rock, drums, bass",chirp-v5,rock
rock,psychedelic rock,"psychedelic rock, introspective atmosphere, featuring dual guitar harmonics and thundering bass lines","rock, punk, distortion",chirp-v5,rock
rock,garage rock,"garage rock, introspective atmosphere, featuring dual guitar harmonics and thundering bass lines","rock, indie, alternative",chirp-v5,rock
rock,glam rock,"glam rock, introspective atmosphere, featuring dual guitar harmonics and thundering bass lines","rock, classic, anthem",chirp-v5,rock
rock,classic rock,"classic rock, energetic atmosphere, featuring arena-scale wall of sound with layered guitars","rock, guitar, electric",chirp-v5,rock
rock,alternative rock,"alternative rock, energetic atmosphere, featuring arena-scale wall of sound with layered guitars","rock, drums, bass",chirp-v5,rock
rock,punk rock,"punk rock, energetic atmosphere, featuring arena-scale wall of sound with layered guitars","rock, punk, distortion",chirp-v5,rock
rock,indie rock,"indie rock, energetic atmosphere, featuring arena-scale wall of sound with layered guitars","rock, indie, alternative",chirp-v5,rock
rock,hard rock,"hard rock, energetic atmosphere, featuring arena-scale wall of sound with layered guitars","rock, classic, anthem",chirp-v5,rock
rock,grunge,"grunge rock, energetic atmosphere, featuring arena-scale wall of sound with layered guitars","rock, guitar, electric",chirp-v5,rock
rock,progressive rock,"progressive rock, energetic atmosphere, featuring arena-scale wall of sound with layered guitars","rock, drums, bass",chirp-v5,rock
rock,psychedelic rock,"psychedelic rock, energetic atmosphere, featuring arena-scale wall of sound with layered guitars","rock, punk, distortion",chirp-v5,rock
rock,garage rock,"garage rock, energetic atmosphere, featuring arena-scale wall of sound with layered guitars","rock, indie, alternative",chirp-v5,rock
rock,glam rock,"glam rock, energetic atmosphere, featuring arena-scale wall of sound with layered guitars","rock, classic, anthem",chirp-v5,rock
rock,classic rock,"classic rock, rebellious atmosphere, featuring arena-scale wall of sound with layered guitars","rock, guitar, electric",chirp-v5,rock
rock,alternative rock,"alternative rock, rebellious atmosphere, featuring arena-scale wall of sound with layered guitars","rock, drums, bass",chirp-v5,rock
rock,punk rock,"punk rock, rebellious atmosphere, featuring arena-scale wall of sound with layered guitars","rock, punk, distortion",chirp-v5,rock
rock,indie rock,"indie rock, rebellious atmosphere, featuring arena-scale wall of sound with layered guitars","rock, indie, alternative",chirp-v5,rock
rock,hard rock,"hard rock, rebellious atmosphere, featuring arena-scale wall of sound with layered guitars","rock, classic, anthem",chirp-v5,rock
rock,grunge,"grunge rock, rebellious atmosphere, featuring arena-scale wall of sound with layered guitars","rock, guitar, electric",chirp-v5,rock
rock,progressive rock,"progressive rock, rebellious atmosphere, featuring arena-scale wall of sound with layered guitars","rock, drums, bass",chirp-v5,rock
rock,psychedelic rock,"psychedelic rock, rebellious atmosphere, featuring arena-scale wall of sound with layered guitars","rock, punk, distortion",chirp-v5,rock
rock,garage rock,"garage rock, rebellious atmosphere, featuring arena-scale wall of sound with layered guitars","rock, indie, alternative",chirp-v5,rock
rock,glam rock,"glam rock, rebellious atmosphere, featuring arena-scale wall of sound with layered guitars","rock, classic, anthem",chirp-v5,rock
rock,classic rock,"classic rock, melancholic atmosphere, featuring arena-scale wall of sound with layered guitars","rock, guitar, electric",chirp-v5,rock
rock,alternative rock,"alternative rock, melancholic atmosphere, featuring arena-scale wall of sound with layered guitars","rock, drums, bass",chirp-v5,rock
rock,punk rock,"punk rock, melancholic atmosphere, featuring arena-scale wall of sound with layered guitars","rock, punk, distortion",chirp-v5,rock
rock,indie rock,"indie rock, melancholic atmosphere, featuring arena-scale wall of sound with layered guitars","rock, indie, alternative",chirp-v5,rock
rock,hard rock,"hard rock, melancholic atmosphere, featuring arena-scale wall of sound with layered guitars","rock, classic, anthem",chirp-v5,rock
rock,grunge,"grunge rock, melancholic atmosphere, featuring arena-scale wall of sound with layered guitars","rock, guitar, electric",chirp-v5,rock
rock,progressive rock,"progressive rock, melancholic atmosphere, featuring arena-scale wall of sound with layered guitars","rock, drums, bass",chirp-v5,rock
rock,psychedelic rock,"psychedelic rock, melancholic atmosphere, featuring arena-scale wall of sound with layered guitars","rock, punk, distortion",chirp-v5,rock
rock,garage rock,"garage rock, melancholic atmosphere, featuring arena-scale wall of sound with layered guitars","rock, indie, alternative",chirp-v5,rock
rock,glam rock,"glam rock, melancholic atmosphere, featuring arena-scale wall of sound with layered guitars","rock, classic, anthem",chirp-v5,rock
rock,classic rock,"classic rock, triumphant atmosphere, featuring arena-scale wall of sound with layered guitars","rock, guitar, electric",chirp-v5,rock
rock,alternative rock,"alternative rock, triumphant atmosphere, featuring arena-scale wall of sound with layered guitars","rock, drums, bass",chirp-v5,rock
rock,punk rock,"punk rock, triumphant atmosphere, featuring arena-scale wall of sound with layered guitars","rock, punk, distortion",chirp-v5,rock
rock,indie rock,"indie rock, triumphant atmosphere, featuring arena-scale wall of sound with layered guitars","rock, indie, alternative",chirp-v5,rock
rock,hard rock,"hard rock, triumphant atmosphere, featuring arena-scale wall of sound with layered guitars","rock, classic, anthem",chirp-v5,rock
rock,grunge,"grunge rock, triumphant atmosphere, featuring arena-scale wall of sound with layered guitars","rock, guitar, electric",chirp-v5,rock
rock,progressive rock,"progressive rock, triumphant atmosphere, featuring arena-scale wall of sound with layered guitars","rock, drums, bass",chirp-v5,rock
rock,psychedelic rock,"psychedelic rock, triumphant atmosphere, featuring arena-scale wall of sound with layered guitars","rock, punk, distortion",chirp-v5,rock
rock,garage rock,"garage rock, triumphant atmosphere, featuring arena-scale wall of sound with layered guitars","rock, indie, alternative",chirp-v5,rock
rock,glam rock,"glam rock, triumphant atmosphere, featuring arena-scale wall of sound with layered guitars","rock, classic, anthem",chirp-v5,rock
rock,classic rock,"classic rock, gritty atmosphere, featuring arena-scale wall of sound with layered guitars","rock, guitar, electric",chirp-v5,rock
rock,alternative rock,"alternative rock, gritty atmosphere, featuring arena-scale wall of sound with layered guitars","rock, drums, bass",chirp-v5,rock
rock,punk rock,"punk rock, gritty atmosphere, featuring arena-scale wall of sound with layered guitars","rock, punk, distortion",chirp-v5,rock
rock,indie rock,"indie rock, gritty atmosphere, featuring arena-scale wall of sound with layered guitars","rock, indie, alternative",chirp-v5,rock
rock,hard rock,"hard rock, gritty atmosphere, featuring arena-scale wall of sound with layered guitars","rock, classic, anthem",chirp-v5,rock
rock,grunge,"grunge rock, gritty atmosphere, featuring arena-scale wall of sound with layered guitars","rock, guitar, electric",chirp-v5,rock
rock,progressive rock,"progressive rock, gritty atmosphere, featuring arena-scale wall of sound with layered guitars","rock, drums, bass",chirp-v5,rock
rock,psychedelic rock,"psychedelic rock, gritty atmosphere, featuring arena-scale wall of sound with layered guitars","rock, punk, distortion",chirp-v5,rock
rock,garage rock,"garage rock, gritty atmosphere, featuring arena-scale wall of sound with layered guitars","rock, indie, alternative",chirp-v5,rock
rock,glam rock,"glam rock, gritty atmosphere, featuring arena-scale wall of sound with layered guitars","rock, classic, anthem",chirp-v5,rock
rock,classic rock,"classic rock, anthemic atmosphere, featuring arena-scale wall of sound with layered guitars","rock, guitar, electric",chirp-v5,rock
rock,alternative rock,"alternative rock, anthemic atmosphere, featuring arena-scale wall of sound with layered guitars","rock, drums, bass",chirp-v5,rock
rock,punk rock,"punk rock, anthemic atmosphere, featuring arena-scale wall of sound with layered guitars","rock, punk, distortion",chirp-v5,rock
rock,indie rock,"indie rock, anthemic atmosphere, featuring arena-scale wall of sound with layered guitars","rock, indie, alternative",chirp-v5,rock
rock,hard rock,"hard rock, anthemic atmosphere, featuring arena-scale wall of sound with layered guitars","rock, classic, anthem",chirp-v5,rock
rock,grunge,"grunge rock, anthemic atmosphere, featuring arena-scale wall of sound with layered guitars","rock, guitar, electric",chirp-v5,rock
rock,progressive rock,"progressive rock, anthemic atmosphere, featuring arena-scale wall of sound with layered guitars","rock, drums, bass",chirp-v5,rock
rock,psychedelic rock,"psychedelic rock, anthemic atmosphere, featuring arena-scale wall of sound with layered guitars","rock, punk, distortion",chirp-v5,rock
rock,garage rock,"garage rock, anthemic atmosphere, featuring arena-scale wall of sound with layered guitars","rock, indie, alternative",chirp-v5,rock
rock,glam rock,"glam rock, anthemic atmosphere, featuring arena-scale wall of sound with layered guitars","rock, classic, anthem",chirp-v5,rock
rock,classic rock,"classic rock, dreamy atmosphere, featuring arena-scale wall of sound with layered guitars","rock, guitar, electric",chirp-v5,rock
rock,alternative rock,"alternative rock, dreamy atmosphere, featuring arena-scale wall of sound with layered guitars","rock, drums, bass",chirp-v5,rock
rock,punk rock,"punk rock, dreamy atmosphere, featuring arena-scale wall of sound with layered guitars","rock, punk, distortion",chirp-v5,rock
rock,indie rock,"indie rock, dreamy atmosphere, featuring arena-scale wall of sound with layered guitars","rock, indie, alternative",chirp-v5,rock
rock,hard rock,"hard rock, dreamy atmosphere, featuring arena-scale wall of sound with layered guitars","rock, classic, anthem",chirp-v5,rock
rock,grunge,"grunge rock, dreamy atmosphere, featuring arena-scale wall of sound with layered guitars","rock, guitar, electric",chirp-v5,rock
rock,progressive rock,"progressive rock, dreamy atmosphere, featuring arena-scale wall of sound with layered guitars","rock, drums, bass",chirp-v5,rock
rock,psychedelic rock,"psychedelic rock, dreamy atmosphere, featuring arena-scale wall of sound with layered guitars","rock, punk, distortion",chirp-v5,rock
rock,garage rock,"garage rock, dreamy atmosphere, featuring arena-scale wall of sound with layered guitars","rock, indie, alternative",chirp-v5,rock
rock,glam rock,"glam rock, dreamy atmosphere, featuring arena-scale wall of sound with layered guitars","rock, classic, anthem",chirp-v5,rock
rock,classic rock,"classic rock, raw atmosphere, featuring arena-scale wall of sound with layered guitars","rock, guitar, electric",chirp-v5,rock
rock,alternative rock,"alternative rock, raw atmosphere, featuring arena-scale wall of sound with layered guitars","rock, drums, bass",chirp-v5,rock
rock,punk rock,"punk rock, raw atmosphere, featuring arena-scale wall of sound with layered guitars","rock, punk, distortion",chirp-v5,rock
rock,indie rock,"indie rock, raw atmosphere, featuring arena-scale wall of sound with layered guitars","rock, indie, alternative",chirp-v5,rock
rock,hard rock,"hard rock, raw atmosphere, featuring arena-scale wall of sound with layered guitars","rock, classic, anthem",chirp-v5,rock
rock,grunge,"grunge rock, raw atmosphere, featuring arena-scale wall of sound with layered guitars","rock, guitar, electric",chirp-v5,rock
rock,progressive rock,"progressive rock, raw atmosphere, featuring arena-scale wall of sound with layered guitars","rock, drums, bass",chirp-v5,rock
rock,psychedelic rock,"psychedelic rock, raw atmosphere, featuring arena-scale wall of sound with layered guitars","rock, punk, distortion",chirp-v5,rock
rock,garage rock,"garage rock, raw atmosphere, featuring arena-scale wall of sound with layered guitars","rock, indie, alternative",chirp-v5,rock
rock,glam rock,"glam rock, raw atmosphere, featuring arena-scale wall of sound with layered guitars","rock, classic, anthem",chirp-v5,rock
rock,classic rock,"classic rock, powerful atmosphere, featuring arena-scale wall of sound with layered guitars","rock, guitar, electric",chirp-v5,rock
rock,alternative rock,"alternative rock, powerful atmosphere, featuring arena-scale wall of sound with layered guitars","rock, drums, bass",chirp-v5,rock
rock,punk rock,"punk rock, powerful atmosphere, featuring arena-scale wall of sound with layered guitars","rock, punk, distortion",chirp-v5,rock
rock,indie rock,"indie rock, powerful atmosphere, featuring arena-scale wall of sound with layered guitars","rock, indie, alternative",chirp-v5,rock
rock,hard rock,"hard rock, powerful atmosphere, featuring arena-scale wall of sound with layered guitars","rock, classic, anthem",chirp-v5,rock
rock,grunge,"grunge rock, powerful atmosphere, featuring arena-scale wall of sound with layered guitars","rock, guitar, electric",chirp-v5,rock
rock,progressive rock,"progressive rock, powerful atmosphere, featuring arena-scale wall of sound with layered guitars","rock, drums, bass",chirp-v5,rock
rock,psychedelic rock,"psychedelic rock, powerful atmosphere, featuring arena-scale wall of sound with layered guitars","rock, punk, distortion",chirp-v5,rock
rock,garage rock,"garage rock, powerful atmosphere, featuring arena-scale wall of sound with layered guitars","rock, indie, alternative",chirp-v5,rock
rock,glam rock,"glam rock, powerful atmosphere, featuring arena-scale wall of sound with layered guitars","rock, classic, anthem",chirp-v5,rock
rock,classic rock,"classic rock, introspective atmosphere, featuring arena-scale wall of sound with layered guitars","rock, guitar, electric",chirp-v5,rock
rock,alternative rock,"alternative rock, introspective atmosphere, featuring arena-scale wall of sound with layered guitars","rock, drums, bass",chirp-v5,rock
rock,punk rock,"punk rock, introspective atmosphere, featuring arena-scale wall of sound with layered guitars","rock, punk, distortion",chirp-v5,rock
rock,indie rock,"indie rock, introspective atmosphere, featuring arena-scale wall of sound with layered guitars","rock, indie, alternative",chirp-v5,rock
rock,hard rock,"hard rock, introspective atmosphere, featuring arena-scale wall of sound with layered guitars","rock, classic, anthem",chirp-v5,rock
rock,grunge,"grunge rock, introspective atmosphere, featuring arena-scale wall of sound with layered guitars","rock, guitar, electric",chirp-v5,rock
rock,progressive rock,"progressive rock, introspective atmosphere, featuring arena-scale wall of sound with layered guitars","rock, drums, bass",chirp-v5,rock
rock,psychedelic rock,"psychedelic rock, introspective atmosphere, featuring arena-scale wall of sound with layered guitars","rock, punk, distortion",chirp-v5,rock
rock,garage rock,"garage rock, introspective atmosphere, featuring arena-scale wall of sound with layered guitars","rock, indie, alternative",chirp-v5,rock
rock,glam rock,"glam rock, introspective atmosphere, featuring arena-scale wall of sound with layered guitars","rock, classic, anthem",chirp-v5,rock
rock,classic rock,"classic rock, energetic atmosphere, featuring palm-muted riff with crashing cymbals and punchy bass","rock, guitar, electric",chirp-v5,rock
rock,alternative rock,"alternative rock, energetic atmosphere, featuring palm-muted riff with crashing cymbals and punchy bass","rock, drums, bass",chirp-v5,rock
rock,punk rock,"punk rock, energetic atmosphere, featuring palm-muted riff with crashing cymbals and punchy bass","rock, punk, distortion",chirp-v5,rock
rock,indie rock,"indie rock, energetic atmosphere, featuring palm-muted riff with crashing cymbals and punchy bass","rock, indie, alternative",chirp-v5,rock
rock,hard rock,"hard rock, energetic atmosphere, featuring palm-muted riff with crashing cymbals and punchy bass","rock, classic, anthem",chirp-v5,rock
rock,grunge,"grunge rock, energetic atmosphere, featuring palm-muted riff with crashing cymbals and punchy bass","rock, guitar, electric",chirp-v5,rock
rock,progressive rock,"progressive rock, energetic atmosphere, featuring palm-muted riff with crashing cymbals and punchy bass","rock, drums, bass",chirp-v5,rock
rock,psychedelic rock,"psychedelic rock, energetic atmosphere, featuring palm-muted riff with crashing cymbals and punchy bass","rock, punk, distortion",chirp-v5,rock
rock,garage rock,"garage rock, energetic atmosphere, featuring palm-muted riff with crashing cymbals and punchy bass","rock, indie, alternative",chirp-v5,rock
rock,glam rock,"glam rock, energetic atmosphere, featuring palm-muted riff with crashing cymbals and punchy bass","rock, classic, anthem",chirp-v5,rock
rock,classic rock,"classic rock, rebellious atmosphere, featuring palm-muted riff with crashing cymbals and punchy bass","rock, guitar, electric",chirp-v5,rock
rock,alternative rock,"alternative rock, rebellious atmosphere, featuring palm-muted riff with crashing cymbals and punchy bass","rock, drums, bass",chirp-v5,rock
rock,punk rock,"punk rock, rebellious atmosphere, featuring palm-muted riff with crashing cymbals and punchy bass","rock, punk, distortion",chirp-v5,rock
rock,indie rock,"indie rock, rebellious atmosphere, featuring palm-muted riff with crashing cymbals and punchy bass","rock, indie, alternative",chirp-v5,rock
rock,hard rock,"hard rock, rebellious atmosphere, featuring palm-muted riff with crashing cymbals and punchy bass","rock, classic, anthem",chirp-v5,rock
rock,grunge,"grunge rock, rebellious atmosphere, featuring palm-muted riff with crashing cymbals and punchy bass","rock, guitar, electric",chirp-v5,rock
rock,progressive rock,"progressive rock, rebellious atmosphere, featuring palm-muted riff with crashing cymbals and punchy bass","rock, drums, bass",chirp-v5,rock
rock,psychedelic rock,"psychedelic rock, rebellious atmosphere, featuring palm-muted riff with crashing cymbals and punchy bass","rock, punk, distortion",chirp-v5,rock
rock,garage rock,"garage rock, rebellious atmosphere, featuring palm-muted riff with crashing cymbals and punchy bass","rock, indie, alternative",chirp-v5,rock
rock,glam rock,"glam rock, rebellious atmosphere, featuring palm-muted riff with crashing cymbals and punchy bass","rock, classic, anthem",chirp-v5,rock
rock,classic rock,"classic rock, melancholic atmosphere, featuring palm-muted riff with crashing cymbals and punchy bass","rock, guitar, electric",chirp-v5,rock
rock,alternative rock,"alternative rock, melancholic atmosphere, featuring palm-muted riff with crashing cymbals and punchy bass","rock, drums, bass",chirp-v5,rock
rock,punk rock,"punk rock, melancholic atmosphere, featuring palm-muted riff with crashing cymbals and punchy bass","rock, punk, distortion",chirp-v5,rock
rock,indie rock,"indie rock, melancholic atmosphere, featuring palm-muted riff with crashing cymbals and punchy bass","rock, indie, alternative",chirp-v5,rock
rock,hard rock,"hard rock, melancholic atmosphere, featuring palm-muted riff with crashing cymbals and punchy bass","rock, classic, anthem",chirp-v5,rock
rock,grunge,"grunge rock, melancholic atmosphere, featuring palm-muted riff with crashing cymbals and punchy bass","rock, guitar, electric",chirp-v5,rock
rock,progressive rock,"progressive rock, melancholic atmosphere, featuring palm-muted riff with crashing cymbals and punchy bass","rock, drums, bass",chirp-v5,rock
rock,psychedelic rock,"psychedelic rock, melancholic atmosphere, featuring palm-muted riff with crashing cymbals and punchy bass","rock, punk, distortion",chirp-v5,rock
rock,garage rock,"garage rock, melancholic atmosphere, featuring palm-muted riff with crashing cymbals and punchy bass","rock, indie, alternative",chirp-v5,rock
rock,glam rock,"glam rock, melancholic atmosphere, featuring palm-muted riff with crashing cymbals and punchy bass","rock, classic, anthem",chirp-v5,rock
rock,classic rock,"classic rock, triumphant atmosphere, featuring palm-muted riff with crashing cymbals and punchy bass","rock, guitar, electric",chirp-v5,rock
rock,alternative rock,"alternative rock, triumphant atmosphere, featuring palm-muted riff with crashing cymbals and punchy bass","rock, drums, bass",chirp-v5,rock
rock,punk rock,"punk rock, triumphant atmosphere, featuring palm-muted riff with crashing cymbals and punchy bass","rock, punk, distortion",chirp-v5,rock
rock,indie rock,"indie rock, triumphant atmosphere, featuring palm-muted riff with crashing cymbals and punchy bass","rock, indie, alternative",chirp-v5,rock
rock,hard rock,"hard rock, triumphant atmosphere, featuring palm-muted riff with crashing cymbals and punchy bass","rock, classic, anthem",chirp-v5,rock
rock,grunge,"grunge rock, triumphant atmosphere, featuring palm-muted riff with crashing cymbals and punchy bass","rock, guitar, electric",chirp-v5,rock
rock,progressive rock,"progressive rock, triumphant atmosphere, featuring palm-muted riff with crashing cymbals and punchy bass","rock, drums, bass",chirp-v5,rock
rock,psychedelic rock,"psychedelic rock, triumphant atmosphere, featuring palm-muted riff with crashing cymbals and punchy bass","rock, punk, distortion",chirp-v5,rock
rock,garage rock,"garage rock, triumphant atmosphere, featuring palm-muted riff with crashing cymbals and punchy bass","rock, indie, alternative",chirp-v5,rock
rock,glam rock,"glam rock, triumphant atmosphere, featuring palm-muted riff with crashing cymbals and punchy bass","rock, classic, anthem",chirp-v5,rock
rock,classic rock,"classic rock, gritty atmosphere, featuring palm-muted riff with crashing cymbals and punchy bass","rock, guitar, electric",chirp-v5,rock
rock,alternative rock,"alternative rock, gritty atmosphere, featuring palm-muted riff with crashing cymbals and punchy bass","rock, drums, bass",chirp-v5,rock
rock,punk rock,"punk rock, gritty atmosphere, featuring palm-muted riff with crashing cymbals and punchy bass","rock, punk, distortion",chirp-v5,rock
rock,indie rock,"indie rock, gritty atmosphere, featuring palm-muted riff with crashing cymbals and punchy bass","rock, indie, alternative",chirp-v5,rock
rock,hard rock,"hard rock, gritty atmosphere, featuring palm-muted riff with crashing cymbals and punchy bass","rock, classic, anthem",chirp-v5,rock
rock,grunge,"grunge rock, gritty atmosphere, featuring palm-muted riff with crashing cymbals and punchy bass","rock, guitar, electric",chirp-v5,rock
rock,progressive rock,"progressive rock, gritty atmosphere, featuring palm-muted riff with crashing cymbals and punchy bass","rock, drums, bass",chirp-v5,rock
rock,psychedelic rock,"psychedelic rock, gritty atmosphere, featuring palm-muted riff with crashing cymbals and punchy bass","rock, punk, distortion",chirp-v5,rock
rock,garage rock,"garage rock, gritty atmosphere, featuring palm-muted riff with crashing cymbals and punchy bass","rock, indie, alternative",chirp-v5,rock
rock,glam rock,"glam rock, gritty atmosphere, featuring palm-muted riff with crashing cymbals and punchy bass","rock, classic, anthem",chirp-v5,rock
rock,classic rock,"classic rock, anthemic atmosphere, featuring palm-muted riff with crashing cymbals and punchy bass","rock, guitar, electric",chirp-v5,rock
rock,alternative rock,"alternative rock, anthemic atmosphere, featuring palm-muted riff with crashing cymbals and punchy bass","rock, drums, bass",chirp-v5,rock
rock,punk rock,"punk rock, anthemic atmosphere, featuring palm-muted riff with crashing cymbals and punchy bass","rock, punk, distortion",chirp-v5,rock
rock,indie rock,"indie rock, anthemic atmosphere, featuring palm-muted riff with crashing cymbals and punchy bass","rock, indie, alternative",chirp-v5,rock
rock,hard rock,"hard rock, anthemic atmosphere, featuring palm-muted riff with crashing cymbals and punchy bass","rock, classic, anthem",chirp-v5,rock
rock,grunge,"grunge rock, anthemic atmosphere, featuring palm-muted riff with crashing cymbals and punchy bass","rock, guitar, electric",chirp-v5,rock
rock,progressive rock,"progressive rock, anthemic atmosphere, featuring palm-muted riff with crashing cymbals and punchy bass","rock, drums, bass",chirp-v5,rock
rock,psychedelic rock,"psychedelic rock, anthemic atmosphere, featuring palm-muted riff with crashing cymbals and punchy bass","rock, punk, distortion",chirp-v5,rock
rock,garage rock,"garage rock, anthemic atmosphere, featuring palm-muted riff with crashing cymbals and punchy bass","rock, indie, alternative",chirp-v5,rock
rock,glam rock,"glam rock, anthemic atmosphere, featuring palm-muted riff with crashing cymbals and punchy bass","rock, classic, anthem",chirp-v5,rock
rock,classic rock,"classic rock, dreamy atmosphere, featuring palm-muted riff with crashing cymbals and punchy bass","rock, guitar, electric",chirp-v5,rock
rock,alternative rock,"alternative rock, dreamy atmosphere, featuring palm-muted riff with crashing cymbals and punchy bass","rock, drums, bass",chirp-v5,rock
rock,punk rock,"punk rock, dreamy atmosphere, featuring palm-muted riff with crashing cymbals and punchy bass","rock, punk, distortion",chirp-v5,rock
rock,indie rock,"indie rock, dreamy atmosphere, featuring palm-muted riff with crashing cymbals and punchy bass","rock, indie, alternative",chirp-v5,rock
rock,hard rock,"hard rock, dreamy atmosphere, featuring palm-muted riff with crashing cymbals and punchy bass","rock, classic, anthem",chirp-v5,rock
rock,grunge,"grunge rock, dreamy atmosphere, featuring palm-muted riff with crashing cymbals and punchy bass","rock, guitar, electric",chirp-v5,rock
rock,progressive rock,"progressive rock, dreamy atmosphere, featuring palm-muted riff with crashing cymbals and punchy bass","rock, drums, bass",chirp-v5,rock
rock,psychedelic rock,"psychedelic rock, dreamy atmosphere, featuring palm-muted riff with crashing cymbals and punchy bass","rock, punk, distortion",chirp-v5,rock
rock,garage rock,"garage rock, dreamy atmosphere, featuring palm-muted riff with crashing cymbals and punchy bass","rock, indie, alternative",chirp-v5,rock
rock,glam rock,"glam rock, dreamy atmosphere, featuring palm-muted riff with crashing cymbals and punchy bass","rock, classic, anthem",chirp-v5,rock
rock,classic rock,"classic rock, raw atmosphere, featuring palm-muted riff with crashing cymbals and punchy bass","rock, guitar, electric",chirp-v5,rock
rock,alternative rock,"alternative rock, raw atmosphere, featuring palm-muted riff with crashing cymbals and punchy bass","rock, drums, bass",chirp-v5,rock
rock,punk rock,"punk rock, raw atmosphere, featuring palm-muted riff with crashing cymbals and punchy bass","rock, punk, distortion",chirp-v5,rock
rock,indie rock,"indie rock, raw atmosphere, featuring palm-muted riff with crashing cymbals and punchy bass","rock, indie, alternative",chirp-v5,rock
rock,hard rock,"hard rock, raw atmosphere, featuring palm-muted riff with crashing cymbals and punchy bass","rock, classic, anthem",chirp-v5,rock
rock,grunge,"grunge rock, raw atmosphere, featuring palm-muted riff with crashing cymbals and punchy bass","rock, guitar, electric",chirp-v5,rock
rock,progressive rock,"progressive rock, raw atmosphere, featuring palm-muted riff with crashing cymbals and punchy bass","rock, drums, bass",chirp-v5,rock
rock,psychedelic rock,"psychedelic rock, raw atmosphere, featuring palm-muted riff with crashing cymbals and punchy bass","rock, punk, distortion",chirp-v5,rock
rock,garage rock,"garage rock, raw atmosphere, featuring palm-muted riff with crashing cymbals and punchy bass","rock, indie, alternative",chirp-v5,rock
rock,glam rock,"glam rock, raw atmosphere, featuring palm-muted riff with crashing cymbals and punchy bass","rock, classic, anthem",chirp-v5,rock
rock,classic rock,"classic rock, powerful atmosphere, featuring palm-muted riff with crashing cymbals and punchy bass","rock, guitar, electric",chirp-v5,rock
rock,alternative rock,"alternative rock, powerful atmosphere, featuring palm-muted riff with crashing cymbals and punchy bass","rock, drums, bass",chirp-v5,rock
rock,punk rock,"punk rock, powerful atmosphere, featuring palm-muted riff with crashing cymbals and punchy bass","rock, punk, distortion",chirp-v5,rock
rock,indie rock,"indie rock, powerful atmosphere, featuring palm-muted riff with crashing cymbals and punchy bass","rock, indie, alternative",chirp-v5,rock
rock,hard rock,"hard rock, powerful atmosphere, featuring palm-muted riff with crashing cymbals and punchy bass","rock, classic, anthem",chirp-v5,rock
rock,grunge,"grunge rock, powerful atmosphere, featuring palm-muted riff with crashing cymbals and punchy bass","rock, guitar, electric",chirp-v5,rock
rock,progressive rock,"progressive rock, powerful atmosphere, featuring palm-muted riff with crashing cymbals and punchy bass","rock, drums, bass",chirp-v5,rock
rock,psychedelic rock,"psychedelic rock, powerful atmosphere, featuring palm-muted riff with crashing cymbals and punchy bass","rock, punk, distortion",chirp-v5,rock
rock,garage rock,"garage rock, powerful atmosphere, featuring palm-muted riff with crashing cymbals and punchy bass","rock, indie, alternative",chirp-v5,rock
rock,glam rock,"glam rock, powerful atmosphere, featuring palm-muted riff with crashing cymbals and punchy bass","rock, classic, anthem",chirp-v5,rock
rock,classic rock,"classic rock, introspective atmosphere, featuring palm-muted riff with crashing cymbals and punchy bass","rock, guitar, electric",chirp-v5,rock
rock,alternative rock,"alternative rock, introspective atmosphere, featuring palm-muted riff with crashing cymbals and punchy bass","rock, drums, bass",chirp-v5,rock
rock,punk rock,"punk rock, introspective atmosphere, featuring palm-muted riff with crashing cymbals and punchy bass","rock, punk, distortion",chirp-v5,rock
rock,indie rock,"indie rock, introspective atmosphere, featuring palm-muted riff with crashing cymbals and punchy bass","rock, indie, alternative",chirp-v5,rock
rock,hard rock,"hard rock, introspective atmosphere, featuring palm-muted riff with crashing cymbals and punchy bass","rock, classic, anthem",chirp-v5,rock
rock,grunge,"grunge rock, introspective atmosphere, featuring palm-muted riff with crashing cymbals and punchy bass","rock, guitar, electric",chirp-v5,rock
rock,progressive rock,"progressive rock, introspective atmosphere, featuring palm-muted riff with crashing cymbals and punchy bass","rock, drums, bass",chirp-v5,rock
rock,psychedelic rock,"psychedelic rock, introspective atmosphere, featuring palm-muted riff with crashing cymbals and punchy bass","rock, punk, distortion",chirp-v5,rock
rock,garage rock,"garage rock, introspective atmosphere, featuring palm-muted riff with crashing cymbals and punchy bass","rock, indie, alternative",chirp-v5,rock
rock,glam rock,"glam rock, introspective atmosphere, featuring palm-muted riff with crashing cymbals and punchy bass","rock, classic, anthem",chirp-v5,rock
pop,synth-pop,"synth-pop, upbeat atmosphere, featuring catchy chorus with layered vocal harmonies and reverb","pop, synth, vocals",chirp-v5,pop
pop,indie pop,"indie pop, upbeat atmosphere, featuring catchy chorus with layered vocal harmonies and reverb","pop, dance, electronic",chirp-v5,pop
pop,dance-pop,"dance-pop, upbeat atmosphere, featuring catchy chorus with layered vocal harmonies and reverb","pop, indie, dreamy",chirp-v5,pop
pop,electro-pop,"electro-pop, upbeat atmosphere, featuring catchy chorus with layered vocal harmonies and reverb","pop, upbeat, radio",chirp-v5,pop
pop,power pop,"power pop, upbeat atmosphere, featuring catchy chorus with layered vocal harmonies and reverb","pop, bedroom, lo-fi",chirp-v5,pop
pop,dream pop,"dream pop, upbeat atmosphere, featuring catchy chorus with layered vocal harmonies and reverb","pop, synth, vocals",chirp-v5,pop
pop,art pop,"art pop, upbeat atmosphere, featuring catchy chorus with layered vocal harmonies and reverb","pop, dance, electronic",chirp-v5,pop
pop,bedroom pop,"bedroom pop, upbeat atmosphere, featuring catchy chorus with layered vocal harmonies and reverb","pop, indie, dreamy",chirp-v5,pop
pop,bubblegum pop,"bubblegum pop, upbeat atmosphere, featuring catchy chorus with layered vocal harmonies and reverb","pop, upbeat, radio",chirp-v5,pop
pop,hyperpop,"hyperpop, upbeat atmosphere, featuring catchy chorus with layered vocal harmonies and reverb","pop, bedroom, lo-fi",chirp-v5,pop
pop,synth-pop,"synth-pop, bittersweet atmosphere, featuring catchy chorus with layered vocal harmonies and reverb","pop, synth, vocals",chirp-v5,pop
pop,indie pop,"indie pop, bittersweet atmosphere, featuring catchy chorus with layered vocal harmonies and reverb","pop, dance, electronic",chirp-v5,pop
pop,dance-pop,"dance-pop, bittersweet atmosphere, featuring catchy chorus with layered vocal harmonies and reverb","pop, indie, dreamy",chirp-v5,pop
pop,electro-pop,"electro-pop, bittersweet atmosphere, featuring catchy chorus with layered vocal harmonies and reverb","pop, upbeat, radio",chirp-v5,pop
pop,power pop,"power pop, bittersweet atmosphere, featuring catchy chorus with layered vocal harmonies and reverb","pop, bedroom, lo-fi",chirp-v5,pop
pop,dream pop,"dream pop, bittersweet atmosphere, featuring catchy chorus with layered vocal harmonies and reverb","pop, synth, vocals",chirp-v5,pop
pop,art pop,"art pop, bittersweet atmosphere, featuring catchy chorus with layered vocal harmonies and reverb","pop, dance, electronic",chirp-v5,pop
pop,bedroom pop,"bedroom pop, bittersweet atmosphere, featuring catchy chorus with layered vocal harmonies and reverb","pop, indie, dreamy",chirp-v5,pop
pop,bubblegum pop,"bubblegum pop, bittersweet atmosphere, featuring catchy chorus with layered vocal harmonies and reverb","pop, upbeat, radio",chirp-v5,pop
pop,hyperpop,"hyperpop, bittersweet atmosphere, featuring catchy chorus with layered vocal harmonies and reverb","pop, bedroom, lo-fi",chirp-v5,pop
pop,synth-pop,"synth-pop, euphoric atmosphere, featuring catchy chorus with layered vocal harmonies and reverb","pop, synth, vocals",chirp-v5,pop
pop,indie pop,"indie pop, euphoric atmosphere, featuring catchy chorus with layered vocal harmonies and reverb","pop, dance, electronic",chirp-v5,pop
pop,dance-pop,"dance-pop, euphoric atmosphere, featuring catchy chorus with layered vocal harmonies and reverb","pop, indie, dreamy",chirp-v5,pop
pop,electro-pop,"electro-pop, euphoric atmosphere, featuring catchy chorus with layered vocal harmonies and reverb","pop, upbeat, radio",chirp-v5,pop
pop,power pop,"power pop, euphoric atmosphere, featuring catchy chorus with layered vocal harmonies and reverb","pop, bedroom, lo-fi",chirp-v5,pop
pop,dream pop,"dream pop, euphoric atmosphere, featuring catchy chorus with layered vocal harmonies and reverb","pop, synth, vocals",chirp-v5,pop
pop,art pop,"art pop, euphoric atmosphere, featuring catchy chorus with layered vocal harmonies and reverb","pop, dance, electronic",chirp-v5,pop
pop,bedroom pop,"bedroom pop, euphoric atmosphere, featuring catchy chorus with layered vocal harmonies and reverb","pop, indie, dreamy",chirp-v5,pop
pop,bubblegum pop,"bubblegum pop, euphoric atmosphere, featuring catchy chorus with layered vocal harmonies and reverb","pop, upbeat, radio",chirp-v5,pop
pop,hyperpop,"hyperpop, euphoric atmosphere, featuring catchy chorus with layered vocal harmonies and reverb","pop, bedroom, lo-fi",chirp-v5,pop
pop,synth-pop,"synth-pop, wistful atmosphere, featuring catchy chorus with layered vocal harmonies and reverb","pop, synth, vocals",chirp-v5,pop
pop,indie pop,"indie pop, wistful atmosphere, featuring catchy chorus with layered vocal harmonies and reverb","pop, dance, electronic",chirp-v5,pop
pop,dance-pop,"dance-pop, wistful atmosphere, featuring catchy chorus with layered vocal harmonies and reverb","pop, indie, dreamy",chirp-v5,pop
pop,electro-pop,"electro-pop, wistful atmosphere, featuring catchy chorus with layered vocal harmonies and reverb","pop, upbeat, radio",chirp-v5,pop
pop,power pop,"power pop, wistful atmosphere, featuring catchy chorus with layered vocal harmonies and reverb","pop, bedroom, lo-fi",chirp-v5,pop
pop,dream pop,"dream pop, wistful atmosphere, featuring catchy chorus with layered vocal harmonies and reverb","pop, synth, vocals",chirp-v5,pop
pop,art pop,"art pop, wistful atmosphere, featuring catchy chorus with layered vocal harmonies and reverb","pop, dance, electronic",chirp-v5,pop
pop,bedroom pop,"bedroom pop, wistful atmosphere, featuring catchy chorus with layered vocal harmonies and reverb","pop, indie, dreamy",chirp-v5,pop
pop,bubblegum pop,"bubblegum pop, wistful atmosphere, featuring catchy chorus with layered vocal harmonies and reverb","pop, upbeat, radio",chirp-v5,pop
pop,hyperpop,"hyperpop, wistful atmosphere, featuring catchy chorus with layered vocal harmonies and reverb","pop, bedroom, lo-fi",chirp-v5,pop
pop,synth-pop,"synth-pop, carefree atmosphere, featuring catchy chorus with layered vocal harmonies and reverb","pop, synth, vocals",chirp-v5,pop
pop,indie pop,"indie pop, carefree atmosphere, featuring catchy chorus with layered vocal harmonies and reverb","pop, dance, electronic",chirp-v5,pop
pop,dance-pop,"dance-pop, carefree atmosphere, featuring catchy chorus with layered vocal harmonies and reverb","pop, indie, dreamy",chirp-v5,pop
pop,electro-pop,"electro-pop, carefree atmosphere, featuring catchy chorus with layered vocal harmonies and reverb","pop, upbeat, radio",chirp-v5,pop
pop,power pop,"power pop, carefree atmosphere, featuring catchy chorus with layered vocal harmonies and reverb","pop, bedroom, lo-fi",chirp-v5,pop
pop,dream pop,"dream pop, carefree atmosphere, featuring catchy chorus with layered vocal harmonies and reverb","pop, synth, vocals",chirp-v5,pop
pop,art pop,"art pop, carefree atmosphere, featuring catchy chorus with layered vocal harmonies and reverb","pop, dance, electronic",chirp-v5,pop
pop,bedroom pop,"bedroom pop, carefree atmosphere, featuring catchy chorus with layered vocal harmonies and reverb","pop, indie, dreamy",chirp-v5,pop
pop,bubblegum pop,"bubblegum pop, carefree atmosphere, featuring catchy chorus with layered vocal harmonies and reverb","pop, upbeat, radio",chirp-v5,pop
pop,hyperpop,"hyperpop, carefree atmosphere, featuring catchy chorus with layered vocal harmonies and reverb","pop, bedroom, lo-fi",chirp-v5,pop
pop,synth-pop,"synth-pop, romantic atmosphere, featuring catchy chorus with layered vocal harmonies and reverb","pop, synth, vocals",chirp-v5,pop
pop,indie pop,"indie pop, romantic atmosphere, featuring catchy chorus with layered vocal harmonies and reverb","pop, dance, electronic",chirp-v5,pop
pop,dance-pop,"dance-pop, romantic atmosphere, featuring catchy chorus with layered vocal harmonies and reverb","pop, indie, dreamy",chirp-v5,pop
pop,electro-pop,"electro-pop, romantic atmosphere, featuring catchy chorus with layered vocal harmonies and reverb","pop, upbeat, radio",chirp-v5,pop
pop,power pop,"power pop, romantic atmosphere, featuring catchy chorus with layered vocal harmonies and reverb","pop, bedroom, lo-fi",chirp-v5,pop
pop,dream pop,"dream pop, romantic atmosphere, featuring catchy chorus with layered vocal harmonies and reverb","pop, synth, vocals",chirp-v5,pop
pop,art pop,"art pop, romantic atmosphere, featuring catchy chorus with layered vocal harmonies and reverb","pop, dance, electronic",chirp-v5,pop
pop,bedroom pop,"bedroom pop, romantic atmosphere, featuring catchy chorus with layered vocal harmonies and reverb","pop, indie, dreamy",chirp-v5,pop
pop,bubblegum pop,"bubblegum pop, romantic atmosphere, featuring catchy chorus with layered vocal harmonies and reverb","pop, upbeat, radio",chirp-v5,pop
pop,hyperpop,"hyperpop, romantic atmosphere, featuring catchy chorus with layered vocal harmonies and reverb","pop, bedroom, lo-fi",chirp-v5,pop
pop,synth-pop,"synth-pop, nostalgic atmosphere, featuring catchy chorus with layered vocal harmonies and reverb","pop, synth, vocals",chirp-v5,pop
pop,indie pop,"indie pop, nostalgic atmosphere, featuring catchy chorus with layered vocal harmonies and reverb","pop, dance, electronic",chirp-v5,pop
pop,dance-pop,"dance-pop, nostalgic atmosphere, featuring catchy chorus with layered vocal harmonies and reverb","pop, indie, dreamy",chirp-v5,pop
pop,electro-pop,"electro-pop, nostalgic atmosphere, featuring catchy chorus with layered vocal harmonies and reverb","pop, upbeat, radio",chirp-v5,pop
pop,power pop,"power pop, nostalgic atmosphere, featuring catchy chorus with layered vocal harmonies and reverb","pop, bedroom, lo-fi",chirp-v5,pop
pop,dream pop,"dream pop, nostalgic atmosphere, featuring catchy chorus with layered vocal harmonies and reverb","pop, synth, vocals",chirp-v5,pop
pop,art pop,"art pop, nostalgic atmosphere, featuring catchy chorus with layered vocal harmonies and reverb","pop, dance, electronic",chirp-v5,pop
pop,bedroom pop,"bedroom pop, nostalgic atmosphere, featuring catchy chorus with layered vocal harmonies and reverb","pop, indie, dreamy",chirp-v5,pop
pop,bubblegum pop,"bubblegum pop, nostalgic atmosphere, featuring catchy chorus with layered vocal harmonies and reverb","pop, upbeat, radio",chirp-v5,pop
pop,hyperpop,"hyperpop, nostalgic atmosphere, featuring catchy chorus with layered vocal harmonies and reverb","pop, bedroom, lo-fi",chirp-v5,pop
pop,synth-pop,"synth-pop, summery atmosphere, featuring catchy chorus with layered vocal harmonies and reverb","pop, synth, vocals",chirp-v5,pop
pop,indie pop,"indie pop, summery atmosphere, featuring catchy chorus with layered vocal harmonies and reverb","pop, dance, electronic",chirp-v5,pop
pop,dance-pop,"dance-pop, summery atmosphere, featuring catchy chorus with layered vocal harmonies and reverb","pop, indie, dreamy",chirp-v5,pop
pop,electro-pop,"electro-pop, summery atmosphere, featuring catchy chorus with layered vocal harmonies and reverb","pop, upbeat, radio",chirp-v5,pop
pop,power pop,"power pop, summery atmosphere, featuring catchy chorus with layered vocal harmonies and reverb","pop, bedroom, lo-fi",chirp-v5,pop
pop,dream pop,"dream pop, summery atmosphere, featuring catchy chorus with layered vocal harmonies and reverb","pop, synth, vocals",chirp-v5,pop
pop,art pop,"art pop, summery atmosphere, featuring catchy chorus with layered vocal harmonies and reverb","pop, dance, electronic",chirp-v5,pop
pop,bedroom pop,"bedroom pop, summery atmosphere, featuring catchy chorus with layered vocal harmonies and reverb","pop, indie, dreamy",chirp-v5,pop
pop,bubblegum pop,"bubblegum pop, summery atmosphere, featuring catchy chorus with layered vocal harmonies and reverb","pop, upbeat, radio",chirp-v5,pop
pop,hyperpop,"hyperpop, summery atmosphere, featuring catchy chorus with layered vocal harmonies and reverb","pop, bedroom, lo-fi",chirp-v5,pop
pop,synth-pop,"synth-pop, heartbroken atmosphere, featuring catchy chorus with layered vocal harmonies and reverb","pop, synth, vocals",chirp-v5,pop
pop,indie pop,"indie pop, heartbroken atmosphere, featuring catchy chorus with layered vocal harmonies and reverb","pop, dance, electronic",chirp-v5,pop
pop,dance-pop,"dance-pop, heartbroken atmosphere, featuring catchy chorus with layered vocal harmonies and reverb","pop, indie, dreamy",chirp-v5,pop
pop,electro-pop,"electro-pop, heartbroken atmosphere, featuring catchy chorus with layered vocal harmonies and reverb","pop, upbeat, radio",chirp-v5,pop
pop,power pop,"power pop, heartbroken atmosphere, featuring catchy chorus with layered vocal harmonies and reverb","pop, bedroom, lo-fi",chirp-v5,pop
pop,dream pop,"dream pop, heartbroken atmosphere, featuring catchy chorus with layered vocal harmonies and reverb","pop, synth, vocals",chirp-v5,pop
pop,art pop,"art pop, heartbroken atmosphere, featuring catchy chorus with layered vocal harmonies and reverb","pop, dance, electronic",chirp-v5,pop
pop,bedroom pop,"bedroom pop, heartbroken atmosphere, featuring catchy chorus with layered vocal harmonies and reverb","pop, indie, dreamy",chirp-v5,pop
pop,bubblegum pop,"bubblegum pop, heartbroken atmosphere, featuring catchy chorus with layered vocal harmonies and reverb","pop, upbeat, radio",chirp-v5,pop
pop,hyperpop,"hyperpop, heartbroken atmosphere, featuring catchy chorus with layered vocal harmonies and reverb","pop, bedroom, lo-fi",chirp-v5,pop
pop,synth-pop,"synth-pop, celebratory atmosphere, featuring catchy chorus with layered vocal harmonies and reverb","pop, synth, vocals",chirp-v5,pop
pop,indie pop,"indie pop, celebratory atmosphere, featuring catchy chorus with layered vocal harmonies and reverb","pop, dance, electronic",chirp-v5,pop
pop,dance-pop,"dance-pop, celebratory atmosphere, featuring catchy chorus with layered vocal harmonies and reverb","pop, indie, dreamy",chirp-v5,pop
pop,electro-pop,"electro-pop, celebratory atmosphere, featuring catchy chorus with layered vocal harmonies and reverb","pop, upbeat, radio",chirp-v5,pop
pop,power pop,"power pop, celebratory atmosphere, featuring catchy chorus with layered vocal harmonies and reverb","pop, bedroom, lo-fi",chirp-v5,pop
pop,dream pop,"dream pop, celebratory atmosphere, featuring catchy chorus with layered vocal harmonies and reverb","pop, synth, vocals",chirp-v5,pop
pop,art pop,"art pop, celebratory atmosphere, featuring catchy chorus with layered vocal harmonies and reverb","pop, dance, electronic",chirp-v5,pop
pop,bedroom pop,"bedroom pop, celebratory atmosphere, featuring catchy chorus with layered vocal harmonies and reverb","pop, indie, dreamy",chirp-v5,pop
pop,bubblegum pop,"bubblegum pop, celebratory atmosphere, featuring catchy chorus with layered vocal harmonies and reverb","pop, upbeat, radio",chirp-v5,pop
pop,hyperpop,"hyperpop, celebratory atmosphere, featuring catchy chorus with layered vocal harmonies and reverb","pop, bedroom, lo-fi",chirp-v5,pop
pop,synth-pop,"synth-pop, upbeat atmosphere, featuring sparkling synth arpeggios over a four-on-the-floor beat","pop, synth, vocals",chirp-v5,pop
pop,indie pop,"indie pop, upbeat atmosphere, featuring sparkling synth arpeggios over a four-on-the-floor beat","pop, dance, electronic",chirp-v5,pop
pop,dance-pop,"dance-pop, upbeat atmosphere, featuring sparkling synth arpeggios over a four-on-the-floor beat","pop, indie, dreamy",chirp-v5,pop
pop,electro-pop,"electro-pop, upbeat atmosphere, featuring sparkling synth arpeggios over a four-on-the-floor beat","pop, upbeat, radio",chirp-v5,pop
pop,power pop,"power pop, upbeat atmosphere, featuring sparkling synth arpeggios over a four-on-the-floor beat","pop, bedroom, lo-fi",chirp-v5,pop
pop,dream pop,"dream pop, upbeat atmosphere, featuring sparkling synth arpeggios over a four-on-the-floor beat","pop, synth, vocals",chirp-v5,pop
pop,art pop,"art pop, upbeat atmosphere, featuring sparkling synth arpeggios over a four-on-the-floor beat","pop, dance, electronic",chirp-v5,pop
pop,bedroom pop,"bedroom pop, upbeat atmosphere, featuring sparkling synth arpeggios over a four-on-the-floor beat","pop, indie, dreamy",chirp-v5,pop
pop,bubblegum pop,"bubblegum pop, upbeat atmosphere, featuring sparkling synth arpeggios over a four-on-the-floor beat","pop, upbeat, radio",chirp-v5,pop
pop,hyperpop,"hyperpop, upbeat atmosphere, featuring sparkling synth arpeggios over a four-on-the-floor beat","pop, bedroom, lo-fi",chirp-v5,pop
pop,synth-pop,"synth-pop, bittersweet atmosphere, featuring sparkling synth arpeggios over a four-on-the-floor beat","pop, synth, vocals",chirp-v5,pop
pop,indie pop,"indie pop, bittersweet atmosphere, featuring sparkling synth arpeggios over a four-on-the-floor beat","pop, dance, electronic",chirp-v5,pop
pop,dance-pop,"dance-pop, bittersweet atmosphere, featuring sparkling synth arpeggios over a four-on-the-floor beat","pop, indie, dreamy",chirp-v5,pop
pop,electro-pop,"electro-pop, bittersweet atmosphere, featuring sparkling synth arpeggios over a four-on-the-floor beat","pop, upbeat, radio",chirp-v5,pop
pop,power pop,"power pop, bittersweet atmosphere, featuring sparkling synth arpeggios over a four-on-the-floor beat","pop, bedroom, lo-fi",chirp-v5,pop
pop,dream pop,"dream pop, bittersweet atmosphere, featuring sparkling synth arpeggios over a four-on-the-floor beat","pop, synth, vocals",chirp-v5,pop
pop,art pop,"art pop, bittersweet atmosphere, featuring sparkling synth arpeggios over a four-on-the-floor beat","pop, dance, electronic",chirp-v5,pop
pop,bedroom pop,"bedroom pop, bittersweet atmosphere, featuring sparkling synth arpeggios over a four-on-the-floor beat","pop, indie, dreamy",chirp-v5,pop
pop,bubblegum pop,"bubblegum pop, bittersweet atmosphere, featuring sparkling synth arpeggios over a four-on-the-floor beat","pop, upbeat, radio",chirp-v5,pop
pop,hyperpop,"hyperpop, bittersweet atmosphere, featuring sparkling synth arpeggios over a four-on-the-floor beat","pop, bedroom, lo-fi",chirp-v5,pop
pop,synth-pop,"synth-pop, euphoric atmosphere, featuring sparkling synth arpeggios over a four-on-the-floor beat","pop, synth, vocals",chirp-v5,pop
pop,indie pop,"indie pop, euphoric atmosphere, featuring sparkling synth arpeggios over a four-on-the-floor beat","pop, dance, electronic",chirp-v5,pop
pop,dance-pop,"dance-pop, euphoric atmosphere, featuring sparkling synth arpeggios over a four-on-the-floor beat","pop, indie, dreamy",chirp-v5,pop
pop,electro-pop,"electro-pop, euphoric atmosphere, featuring sparkling synth arpeggios over a four-on-the-floor beat","pop, upbeat, radio",chirp-v5,pop
pop,power pop,"power pop, euphoric atmosphere, featuring sparkling synth arpeggios over a four-on-the-floor beat","pop, bedroom, lo-fi",chirp-v5,pop
pop,dream pop,"dream pop, euphoric atmosphere, featuring sparkling synth arpeggios over a four-on-the-floor beat","pop, synth, vocals",chirp-v5,pop
pop,art pop,"art pop, euphoric atmosphere, featuring sparkling synth arpeggios over a four-on-the-floor beat","pop, dance, electronic",chirp-v5,pop
pop,bedroom pop,"bedroom pop, euphoric atmosphere, featuring sparkling synth arpeggios over a four-on-the-floor beat","pop, indie, dreamy",chirp-v5,pop
pop,bubblegum pop,"bubblegum pop, euphoric atmosphere, featuring sparkling synth arpeggios over a four-on-the-floor beat","pop, upbeat, radio",chirp-v5,pop
pop,hyperpop,"hyperpop, euphoric atmosphere, featuring sparkling synth arpeggios over a four-on-the-floor beat","pop, bedroom, lo-fi",chirp-v5,pop
pop,synth-pop,"synth-pop, wistful atmosphere, featuring sparkling synth arpeggios over a four-on-the-floor beat","pop, synth, vocals",chirp-v5,pop
pop,indie pop,"indie pop, wistful atmosphere, featuring sparkling synth arpeggios over a four-on-the-floor beat","pop, dance, electronic",chirp-v5,pop
pop,dance-pop,"dance-pop, wistful atmosphere, featuring sparkling synth arpeggios over a four-on-the-floor beat","pop, indie, dreamy",chirp-v5,pop
pop,electro-pop,"electro-pop, wistful atmosphere, featuring sparkling synth arpeggios over a four-on-the-floor beat","pop, upbeat, radio",chirp-v5,pop
pop,power pop,"power pop, wistful atmosphere, featuring sparkling synth arpeggios over a four-on-the-floor beat","pop, bedroom, lo-fi",chirp-v5,pop
pop,dream pop,"dream pop, wistful atmosphere, featuring sparkling synth arpeggios over a four-on-the-floor beat","pop, synth, vocals",chirp-v5,pop
pop,art pop,"art pop, wistful atmosphere, featuring sparkling synth arpeggios over a four-on-the-floor beat","pop, dance, electronic",chirp-v5,pop
pop,bedroom pop,"bedroom pop, wistful atmosphere, featuring sparkling synth arpeggios over a four-on-the-floor beat","pop, indie, dreamy",chirp-v5,pop
pop,bubblegum pop,"bubblegum pop, wistful atmosphere, featuring sparkling synth arpeggios over a four-on-the-floor beat","pop, upbeat, radio",chirp-v5,pop
pop,hyperpop,"hyperpop, wistful atmosphere, featuring sparkling synth arpeggios over a four-on-the-floor beat","pop, bedroom, lo-fi",chirp-v5,pop
pop,synth-pop,"synth-pop, carefree atmosphere, featuring sparkling synth arpeggios over a four-on-the-floor beat","pop, synth, vocals",chirp-v5,pop
pop,indie pop,"indie pop, carefree atmosphere, featuring sparkling synth arpeggios over a four-on-the-floor beat","pop, dance, electronic",chirp-v5,pop
pop,dance-pop,"dance-pop, carefree atmosphere, featuring sparkling synth arpeggios over a four-on-the-floor beat","pop, indie, dreamy",chirp-v5,pop
pop,electro-pop,"electro-pop, carefree atmosphere, featuring sparkling synth arpeggios over a four-on-the-floor beat","pop, upbeat, radio",chirp-v5,pop
pop,power pop,"power pop, carefree atmosphere, featuring sparkling synth arpeggios over a four-on-the-floor beat","pop, bedroom, lo-fi",chirp-v5,pop
pop,dream pop,"dream pop, carefree atmosphere, featuring sparkling synth arpeggios over a four-on-the-floor beat","pop, synth, vocals",chirp-v5,pop
pop,art pop,"art pop, carefree atmosphere, featuring sparkling synth arpeggios over a four-on-the-floor beat","pop, dance, electronic",chirp-v5,pop
pop,bedroom pop,"bedroom pop, carefree atmosphere, featuring sparkling synth arpeggios over a four-on-the-floor beat","pop, indie, dreamy",chirp-v5,pop
pop,bubblegum pop,"bubblegum pop, carefree atmosphere, featuring sparkling synth arpeggios over a four-on-the-floor beat","pop, upbeat, radio",chirp-v5,pop
pop,hyperpop,"hyperpop, carefree atmosphere, featuring sparkling synth arpeggios over a four-on-the-floor beat","pop, bedroom, lo-fi",chirp-v5,pop
pop,synth-pop,"synth-pop, romantic atmosphere, featuring sparkling synth arpeggios over a four-on-the-floor beat","pop, synth, vocals",chirp-v5,pop
pop,indie pop,"indie pop, romantic atmosphere, featuring sparkling synth arpeggios over a four-on-the-floor beat","pop, dance, electronic",chirp-v5,pop
pop,dance-pop,"dance-pop, romantic atmosphere, featuring sparkling synth arpeggios over a four-on-the-floor beat","pop, indie, dreamy",chirp-v5,pop
pop,electro-pop,"electro-pop, romantic atmosphere, featuring sparkling synth arpeggios over a four-on-the-floor beat","pop, upbeat, radio",chirp-v5,pop
pop,power pop,"power pop, romantic atmosphere, featuring sparkling synth arpeggios over a four-on-the-floor beat","pop, bedroom, lo-fi",chirp-v5,pop
pop,dream pop,"dream pop, romantic atmosphere, featuring sparkling synth arpeggios over a four-on-the-floor beat","pop, synth, vocals",chirp-v5,pop
pop,art pop,"art pop, romantic atmosphere, featuring sparkling synth arpeggios over a four-on-the-floor beat","pop, dance, electronic",chirp-v5,pop
pop,bedroom pop,"bedroom pop, romantic atmosphere, featuring sparkling synth arpeggios over a four-on-the-floor beat","pop, indie, dreamy",chirp-v5,pop
pop,bubblegum pop,"bubblegum pop, romantic atmosphere, featuring sparkling synth arpeggios over a four-on-the-floor beat","pop, upbeat, radio",chirp-v5,pop
pop,hyperpop,"hyperpop, romantic atmosphere, featuring sparkling synth arpeggios over a four-on-the-floor beat","pop, bedroom, lo-fi",chirp-v5,pop
pop,synth-pop,"synth-pop, nostalgic atmosphere, featuring sparkling synth arpeggios over a four-on-the-floor beat","pop, synth, vocals",chirp-v5,pop
pop,indie pop,"indie pop, nostalgic atmosphere, featuring sparkling synth arpeggios over a four-on-the-floor beat","pop, dance, electronic",chirp-v5,pop
pop,dance-pop,"dance-pop, nostalgic atmosphere, featuring sparkling synth arpeggios over a four-on-the-floor beat","pop, indie, dreamy",chirp-v5,pop
pop,electro-pop,"electro-pop, nostalgic atmosphere, featuring sparkling synth arpeggios over a four-on-the-floor beat","pop, upbeat, radio",chirp-v5,pop
pop,power pop,"power pop, nostalgic atmosphere, featuring sparkling synth arpeggios over a four-on-the-floor beat","pop, bedroom, lo-fi",chirp-v5,pop
pop,dream pop,"dream pop, nostalgic atmosphere, featuring sparkling synth arpeggios over a four-on-the-floor beat","pop, synth, vocals",chirp-v5,pop
pop,art pop,"art pop, nostalgic atmosphere, featuring sparkling synth arpeggios over a four-on-the-floor beat","pop, dance, electronic",chirp-v5,pop
pop,bedroom pop,"bedroom pop, nostalgic atmosphere, featuring sparkling synth arpeggios over a four-on-the-floor beat","pop, indie, dreamy",chirp-v5,pop
pop,bubblegum pop,"bubblegum pop, nostalgic atmosphere, featuring sparkling synth arpeggios over a four-on-the-floor beat","pop, upbeat, radio",chirp-v5,pop
pop,hyperpop,"hyperpop, nostalgic atmosphere, featuring sparkling synth arpeggios over a four-on-the-floor beat","pop, bedroom, lo-fi",chirp-v5,pop
pop,synth-pop,"synth-pop, summery atmosphere, featuring sparkling synth arpeggios over a four-on-the-floor beat","pop, synth, vocals",chirp-v5,pop
pop,indie pop,"indie pop, summery atmosphere, featuring sparkling synth arpeggios over a four-on-the-floor beat","pop, dance, electronic",chirp-v5,pop
pop,dance-pop,"dance-pop, summery atmosphere, featuring sparkling synth arpeggios over a four-on-the-floor beat","pop, indie, dreamy",chirp-v5,pop
pop,electro-pop,"electro-pop, summery atmosphere, featuring sparkling synth arpeggios over a four-on-the-floor beat","pop, upbeat, radio",chirp-v5,pop
pop,power pop,"power pop, summery atmosphere, featuring sparkling synth arpeggios over a four-on-the-floor beat","pop, bedroom, lo-fi",chirp-v5,pop
pop,dream pop,"dream pop, summery atmosphere, featuring sparkling synth arpeggios over a four-on-the-floor beat","pop, synth, vocals",chirp-v5,pop
pop,art pop,"art pop, summery atmosphere, featuring sparkling synth arpeggios over a four-on-the-floor beat","pop, dance, electronic",chirp-v5,pop
pop,bedroom pop,"bedroom pop, summery atmosphere, featuring sparkling synth arpeggios over a four-on-the-floor beat","pop, indie, dreamy",chirp-v5,pop
pop,bubblegum pop,"bubblegum pop, summery atmosphere, featuring sparkling synth arpeggios over a four-on-the-floor beat","pop, upbeat, radio",chirp-v5,pop
pop,hyperpop,"hyperpop, summery atmosphere, featuring sparkling synth arpeggios over a four-on-the-floor beat","pop, bedroom, lo-fi",chirp-v5,pop
pop,synth-pop,"synth-pop, heartbroken atmosphere, featuring sparkling synth arpeggios over a four-on-the-floor beat","pop, synth, vocals",chirp-v5,pop
pop,indie pop,"indie pop, heartbroken atmosphere, featuring sparkling synth arpeggios over a four-on-the-floor beat","pop, dance, electronic",chirp-v5,pop
pop,dance-pop,"dance-pop, heartbroken atmosphere, featuring sparkling synth arpeggios over a four-on-the-floor beat","pop, indie, dreamy",chirp-v5,pop
pop,electro-pop,"electro-pop, heartbroken atmosphere, featuring sparkling synth arpeggios over a four-on-the-floor beat","pop, upbeat, radio",chirp-v5,pop
pop,power pop,"power pop, heartbroken atmosphere, featuring sparkling synth arpeggios over a four-on-the-floor beat","pop, bedroom, lo-fi",chirp-v5,pop
pop,dream pop,"dream pop, heartbroken atmosphere, featuring sparkling synth arpeggios over a four-on-the-floor beat","pop, synth, vocals",chirp-v5,pop
pop,art pop,"art pop, heartbroken atmosphere, featuring sparkling synth arpeggios over a four-on-the-floor beat","pop, dance, electronic",chirp-v5,pop
pop,bedroom pop,"bedroom pop, heartbroken atmosphere, featuring sparkling synth arpeggios over a four-on-the-floor beat","pop, indie, dreamy",chirp-v5,pop
pop,bubblegum pop,"bubblegum pop, heartbroken atmosphere, featuring sparkling synth arpeggios over a four-on-the-floor beat","pop, upbeat, radio",chirp-v5,pop
pop,hyperpop,"hyperpop, heartbroken atmosphere, featuring sparkling synth arpeggios over a four-on-the-floor beat","pop, bedroom, lo-fi",chirp-v5,pop
pop,synth-pop,"synth-pop, celebratory atmosphere, featuring sparkling synth arpeggios over a four-on-the-floor beat","pop, synth, vocals",chirp-v5,pop
pop,indie pop,"indie pop, celebratory atmosphere, featuring sparkling synth arpeggios over a four-on-the-floor beat","pop, dance, electronic",chirp-v5,pop
pop,dance-pop,"dance-pop, celebratory atmosphere, featuring sparkling synth arpeggios over a four-on-the-floor beat","pop, indie, dreamy",chirp-v5,pop
pop,electro-pop,"electro-pop, celebratory atmosphere, featuring sparkling synth arpeggios over a four-on-the-floor beat","pop, upbeat, radio",chirp-v5,pop
pop,power pop,"power pop, celebratory atmosphere, featuring sparkling synth arpeggios over a four-on-the-floor beat","pop, bedroom, lo-fi",chirp-v5,pop
pop,dream pop,"dream pop, celebratory atmosphere, featuring sparkling synth arpeggios over a four-on-the-floor beat","pop, synth, vocals",chirp-v5,pop
pop,art pop,"art pop, celebratory atmosphere, featuring sparkling synth arpeggios over a four-on-the-floor beat","pop, dance, electronic",chirp-v5,pop
pop,bedroom pop,"bedroom pop, celebratory atmosphere, featuring sparkling synth arpeggios over a four-on-the-floor beat","pop, indie, dreamy",chirp-v5,pop
pop,bubblegum pop,"bubblegum pop, celebratory atmosphere, featuring sparkling synth arpeggios over a four-on-the-floor beat","pop, upbeat, radio",chirp-v5,pop
pop,hyperpop,"hyperpop, celebratory atmosphere, featuring sparkling synth arpeggios over a four-on-the-floor beat","pop, bedroom, lo-fi",chirp-v5,pop
pop,synth-pop,"synth-pop, upbeat atmosphere, featuring polished production with a big hook and bright melody","pop, synth, vocals",chirp-v5,pop
pop,indie pop,"indie pop, upbeat atmosphere, featuring polished production with a big hook and bright melody","pop, dance, electronic",chirp-v5,pop
pop,dance-pop,"dance-pop, upbeat atmosphere, featuring polished production with a big hook and bright melody","pop, indie, dreamy",chirp-v5,pop
pop,electro-pop,"electro-pop, upbeat atmosphere, featuring polished production with a big hook and bright melody","pop, upbeat, radio",chirp-v5,pop
pop,power pop,"power pop, upbeat atmosphere, featuring polished production with a big hook and bright melody","pop, bedroom, lo-fi",chirp-v5,pop
pop,dream pop,"dream pop, upbeat atmosphere, featuring polished production with a big hook and bright melody","pop, synth, vocals",chirp-v5,pop
pop,art pop,"art pop, upbeat atmosphere, featuring polished production with a big hook and bright melody","pop, dance, electronic",chirp-v5,pop
pop,bedroom pop,"bedroom pop, upbeat atmosphere, featuring polished production with a big hook and bright melody","pop, indie, dreamy",chirp-v5,pop
pop,bubblegum pop,"bubblegum pop, upbeat atmosphere, featuring polished production with a big hook and bright melody","pop, upbeat, radio",chirp-v5,pop
pop,hyperpop,"hyperpop, upbeat atmosphere, featuring polished production with a big hook and bright melody","pop, bedroom, lo-fi",chirp-v5,pop
pop,synth-pop,"synth-pop, bittersweet atmosphere, featuring polished production with a big hook and bright melody","pop, synth, vocals",chirp-v5,pop
pop,indie pop,"indie pop, bittersweet atmosphere, featuring polished production with a big hook and bright melody","pop, dance, electronic",chirp-v5,pop
pop,dance-pop,"dance-pop, bittersweet atmosphere, featuring polished production with a big hook and bright melody","pop, indie, dreamy",chirp-v5,pop
pop,electro-pop,"electro-pop, bittersweet atmosphere, featuring polished production with a big hook and bright melody","pop, upbeat, radio",chirp-v5,pop
pop,power pop,"power pop, bittersweet atmosphere, featuring polished production with a big hook and bright melody","pop, bedroom, lo-fi",chirp-v5,pop
pop,dream pop,"dream pop, bittersweet atmosphere, featuring polished production with a big hook and bright melody","pop, synth, vocals",chirp-v5,pop
pop,art pop,"art pop, bittersweet atmosphere, featuring polished production with a big hook and bright melody","pop, dance, electronic",chirp-v5,pop
pop,bedroom pop,"bedroom pop, bittersweet atmosphere, featuring polished production with a big hook and bright melody","pop, indie, dreamy",chirp-v5,pop
pop,bubblegum pop,"bubblegum pop, bittersweet atmosphere, featuring polished production with a big hook and bright melody","pop, upbeat, radio",chirp-v5,pop
pop,hyperpop,"hyperpop, bittersweet atmosphere, featuring polished production with a big hook and bright melody","pop, bedroom, lo-fi",chirp-v5,pop
pop,synth-pop,"synth-pop, euphoric atmosphere, featuring polished production with a big hook and bright melody","pop, synth, vocals",chirp-v5,pop
pop,indie pop,"indie pop, euphoric atmosphere, featuring polished production with a big hook and bright melody","pop, dance, electronic",chirp-v5,pop
pop,dance-pop,"dance-pop, euphoric atmosphere, featuring polished production with a big hook and bright melody","pop, indie, dreamy",chirp-v5,pop
pop,electro-pop,"electro-pop, euphoric atmosphere, featuring polished production with a big hook and bright melody","pop, upbeat, radio",chirp-v5,pop
pop,power pop,"power pop, euphoric atmosphere, featuring polished production with a big hook and bright melody","pop, bedroom, lo-fi",chirp-v5,pop
pop,dream pop,"dream pop, euphoric atmosphere, featuring polished production with a big hook and bright melody","pop, synth, vocals",chirp-v5,pop
pop,art pop,"art pop, euphoric atmosphere, featuring polished production with a big hook and bright melody","pop, dance, electronic",chirp-v5,pop
pop,bedroom pop,"bedroom pop, euphoric atmosphere, featuring polished production with a big hook and bright melody","pop, indie, dreamy",chirp-v5,pop
pop,bubblegum pop,"bubblegum pop, euphoric atmosphere, featuring polished production with a big hook and bright melody","pop, upbeat, radio",chirp-v5,pop
pop,hyperpop,"hyperpop, euphoric atmosphere, featuring polished production with a big hook and bright melody","pop, bedroom, lo-fi",chirp-v5,pop
pop,synth-pop,"synth-pop, wistful atmosphere, featuring polished production with a big hook and bright melody","pop, synth, vocals",chirp-v5,pop
pop,indie pop,"indie pop, wistful atmosphere, featuring polished production with a big hook and bright melody","pop, dance, electronic",chirp-v5,pop
pop,dance-pop,"dance-pop, wistful atmosphere, featuring polished production with a big hook and bright melody","pop, indie, dreamy",chirp-v5,pop
pop,electro-pop,"electro-pop, wistful atmosphere, featuring polished production with a big hook and bright melody","pop, upbeat, radio",chirp-v5,pop
pop,power pop,"power pop, wistful atmosphere, featuring polished production with a big hook and bright melody","pop, bedroom, lo-fi",chirp-v5,pop
pop,dream pop,"dream pop, wistful atmosphere, featuring polished production with a big hook and bright melody","pop, synth, vocals",chirp-v5,pop
pop,art pop,"art pop, wistful atmosphere, featuring polished production with a big hook and bright melody","pop, dance, electronic",chirp-v5,pop
pop,bedroom pop,"bedroom pop, wistful atmosphere, featuring polished production with a big hook and bright melody","pop, indie, dreamy",chirp-v5,pop
pop,bubblegum pop,"bubblegum pop, wistful atmosphere, featuring polished production with a big hook and bright melody","pop, upbeat, radio",chirp-v5,pop
pop,hyperpop,"hyperpop, wistful atmosphere, featuring polished production with a big hook and bright melody","pop, bedroom, lo-fi",chirp-v5,pop
pop,synth-pop,"synth-pop, carefree atmosphere, featuring polished production with a big hook and bright melody","pop, synth, vocals",chirp-v5,pop
pop,indie pop,"indie pop, carefree atmosphere, featuring polished production with a big hook and bright melody","pop, dance, electronic",chirp-v5,pop
pop,dance-pop,"dance-pop, carefree atmosphere, featuring polished production with a big hook and bright melody","pop, indie, dreamy",chirp-v5,pop
pop,electro-pop,"electro-pop, carefree atmosphere, featuring polished production with a big hook and bright melody","pop, upbeat, radio",chirp-v5,pop
pop,power pop,"power pop, carefree atmosphere, featuring polished production with a big hook and bright melody","pop, bedroom, lo-fi",chirp-v5,pop
pop,dream pop,"dream pop, carefree atmosphere, featuring polished production with a big hook and bright melody","pop, synth, vocals",chirp-v5,pop
pop,art pop,"art pop, carefree atmosphere, featuring polished production with a big hook and bright melody","pop, dance, electronic",chirp-v5,pop
pop,bedroom pop,"bedroom pop, carefree atmosphere, featuring polished production with a big hook and bright melody","pop, indie, dreamy",chirp-v5,pop
pop,bubblegum pop,"bubblegum pop, carefree atmosphere, featuring polished production with a big hook and bright melody","pop, upbeat, radio",chirp-v5,pop
pop,hyperpop,"hyperpop, carefree atmosphere, featuring polished production with a big hook and bright melody","pop, bedroom, lo-fi",chirp-v5,pop
pop,synth-pop,"synth-pop, romantic atmosphere, featuring polished production with a big hook and bright melody","pop, synth, vocals",chirp-v5,pop
pop,indie pop,"indie pop, romantic atmosphere, featuring polished production with a big hook and bright melody","pop, dance, electronic",chirp-v5,pop
pop,dance-pop,"dance-pop, romantic atmosphere, featuring polished production with a big hook and bright melody","pop, indie, dreamy",chirp-v5,pop
pop,electro-pop,"electro-pop, romantic atmosphere, featuring polished production with a big hook and bright melody","pop, upbeat, radio",chirp-v5,pop
pop,power pop,"power pop, romantic atmosphere, featuring polished production with a big hook and bright melody","pop, bedroom, lo-fi",chirp-v5,pop
pop,dream pop,"dream pop, romantic atmosphere, featuring polished production with a big hook and bright melody","pop, synth, vocals",chirp-v5,pop
pop,art pop,"art pop, romantic atmosphere, featuring polished production with a big hook and bright melody","pop, dance, electronic",chirp-v5,pop
pop,bedroom pop,"bedroom pop, romantic atmosphere, featuring polished production with a big hook and bright melody","pop, indie, dreamy",chirp-v5,pop
pop,bubblegum pop,"bubblegum pop, romantic atmosphere, featuring polished production with a big hook and bright melody","pop, upbeat, radio",chirp-v5,pop
pop,hyperpop,"hyperpop, romantic atmosphere, featuring polished production with a big hook and bright melody","pop, bedroom, lo-fi",chirp-v5,pop
pop,synth-pop,"synth-pop, nostalgic atmosphere, featuring polished production with a big hook and bright melody","pop, synth, vocals",chirp-v5,pop
pop,indie pop,"indie pop, nostalgic atmosphere, featuring polished production with a big hook and bright melody","pop, dance, electronic",chirp-v5,pop
pop,dance-pop,"dance-pop, nostalgic atmosphere, featuring polished production with a big hook and bright melody","pop, indie, dreamy",chirp-v5,pop
pop,electro-pop,"electro-pop, nostalgic atmosphere, featuring polished production with a big hook and bright melody","pop, upbeat, radio",chirp-v5,pop
pop,power pop,"power pop, nostalgic atmosphere, featuring polished production with a big hook and bright melody","pop, bedroom, lo-fi",chirp-v5,pop
pop,dream pop,"dream pop, nostalgic atmosphere, featuring polished production with a big hook and bright melody","pop, synth, vocals",chirp-v5,pop
pop,art pop,"art pop, nostalgic atmosphere, featuring polished production with a big hook and bright melody","pop, dance, electronic",chirp-v5,pop
pop,bedroom pop,"bedroom pop, nostalgic atmosphere, featuring polished production with a big hook and bright melody","pop, indie, dreamy",chirp-v5,pop
pop,bubblegum pop,"bubblegum pop, nostalgic atmosphere, featuring polished production with a big hook and bright melody","pop, upbeat, radio",chirp-v5,pop
pop,hyperpop,"hyperpop, nostalgic atmosphere, featuring polished production with a big hook and bright melody","pop, bedroom, lo-fi",chirp-v5,pop
pop,synth-pop,"synth-pop, summery atmosphere, featuring polished production with a big hook and bright melody","pop, synth, vocals",chirp-v5,pop
pop,indie pop,"indie pop, summery atmosphere, featuring polished production with a big hook and bright melody","pop, dance, electronic",chirp-v5,pop
pop,dance-pop,"dance-pop, summery atmosphere, featuring polished production with a big hook and bright melody","pop, indie, dreamy",chirp-v5,pop
pop,electro-pop,"electro-pop, summery atmosphere, featuring polished production with a big hook and bright melody","pop, upbeat, radio",chirp-v5,pop
pop,power pop,"power pop, summery atmosphere, featuring polished production with a big hook and bright melody","pop, bedroom, lo-fi",chirp-v5,pop
pop,dream pop,"dream pop, summery atmosphere, featuring polished production with a big hook and bright melody","pop, synth, vocals",chirp-v5,pop
pop,art pop,"art pop, summery atmosphere, featuring polished production with a big hook and bright melody","pop, dance, electronic",chirp-v5,pop
pop,bedroom pop,"bedroom pop, summery atmosphere, featuring polished production with a big hook and bright melody","pop, indie, dreamy",chirp-v5,pop
pop,bubblegum pop,"bubblegum pop, summery atmosphere, featuring polished production with a big hook and bright melody","pop, upbeat, radio",chirp-v5,pop
pop,hyperpop,"hyperpop, summery atmosphere, featuring polished production with a big hook and bright melody","pop, bedroom, lo-fi",chirp-v5,pop
pop,synth-pop,"synth-pop, heartbroken atmosphere, featuring polished production with a big hook and bright melody","pop, synth, vocals",chirp-v5,pop
pop,indie pop,"indie pop, heartbroken atmosphere, featuring polished production with a big hook and bright melody","pop, dance, electronic",chirp-v5,pop
pop,dance-pop,"dance-pop, heartbroken atmosphere, featuring polished production with a big hook and bright melody","pop, indie, dreamy",chirp-v5,pop
pop,electro-pop,"electro-pop, heartbroken atmosphere, featuring polished production with a big hook and bright melody","pop, upbeat, radio",chirp-v5,pop
pop,power pop,"power pop, heartbroken atmosphere, featuring polished production with a big hook and bright melody","pop, bedroom, lo-fi",chirp-v5,pop
pop,dream pop,"dream pop, heartbroken atmosphere, featuring polished production with a big hook and bright melody","pop, synth, vocals",chirp-v5,pop
pop,art pop,"art pop, heartbroken atmosphere, featuring polished production with a big hook and bright melody","pop, dance, electronic",chirp-v5,pop
pop,bedroom pop,"bedroom pop, heartbroken atmosphere, featuring polished production with a big hook and bright melody","pop, indie, dreamy",chirp-v5,pop
pop,bubblegum pop,"bubblegum pop, heartbroken atmosphere, featuring polished production with a big hook and bright melody","pop, upbeat, radio",chirp-v5,pop
pop,hyperpop,"hyperpop, heartbroken atmosphere, featuring polished production with a big hook and bright melody","pop, bedroom, lo-fi",chirp-v5,pop
pop,synth-pop,"synth-pop, celebratory atmosphere, featuring polished production with a big hook and bright melody","pop, synth, vocals",chirp-v5,pop
pop,indie pop,"indie pop, celebratory atmosphere, featuring polished production with a big hook and bright melody","pop, dance, electronic",chirp-v5,pop
pop,dance-pop,"dance-pop, celebratory atmosphere, featuring polished production with a big hook and bright melody","pop, indie, dreamy",chirp-v5,pop
pop,electro-pop,"electro-pop, celebratory atmosphere, featuring polished production with a big hook and bright melody","pop, upbeat, radio",chirp-v5,pop
pop,power pop,"power pop, celebratory atmosphere, featuring polished production with a big hook and bright melody","pop, bedroom, lo-fi",chirp-v5,pop
pop,dream pop,"dream pop, celebratory atmosphere, featuring polished production with a big hook and bright melody","pop, synth, vocals",chirp-v5,pop
pop,art pop,"art pop, celebratory atmosphere, featuring polished production with a big hook and bright melody","pop, dance, electronic",chirp-v5,pop
pop,bedroom pop,"bedroom pop, celebratory atmosphere, featuring polished production with a big hook and bright melody","pop, indie, dreamy",chirp-v5,pop
pop,bubblegum pop,"bubblegum pop, celebratory atmosphere, featuring polished production with a big hook and bright melody","pop, upbeat, radio",chirp-v5,pop
pop,hyperpop,"hyperpop, celebratory atmosphere, featuring polished production with a big hook and bright melody","pop, bedroom, lo-fi",chirp-v5,pop
pop,synth-pop,"synth-pop, upbeat atmosphere, featuring drum machine groove with lush synthesizer pads","pop, synth, vocals",chirp-v5,pop
pop,indie pop,"indie pop, upbeat atmosphere, featuring drum machine groove with lush synthesizer pads","pop, dance, electronic",chirp-v5,pop
pop,dance-pop,"dance-pop, upbeat atmosphere, featuring drum machine groove with lush synthesizer pads","pop, indie, dreamy",chirp-v5,pop
pop,electro-pop,"electro-pop, upbeat atmosphere, featuring drum machine groove with lush synthesizer pads","pop, upbeat, radio",chirp-v5,pop
pop,power pop,"power pop, upbeat atmosphere, featuring drum machine groove with lush synthesizer pads","pop, bedroom, lo-fi",chirp-v5,pop
pop,dream pop,"dream pop, upbeat atmosphere, featuring drum machine groove with lush synthesizer pads","pop, synth, vocals",chirp-v5,pop
pop,art pop,"art pop, upbeat atmosphere, featuring drum machine groove with lush synthesizer pads","pop, dance, electronic",chirp-v5,pop
pop,bedroom pop,"bedroom pop, upbeat atmosphere, featuring drum machine groove with lush synthesizer pads","pop, indie, dreamy",chirp-v5,pop
pop,bubblegum pop,"bubblegum pop, upbeat atmosphere, featuring drum machine groove with lush synthesizer pads","pop, upbeat, radio",chirp-v5,pop
pop,hyperpop,"hyperpop, upbeat atmosphere, featuring drum machine groove with lush synthesizer pads","pop, bedroom, lo-fi",chirp-v5,pop
pop,synth-pop,"synth-pop, bittersweet atmosphere, featuring drum machine groove with lush synthesizer pads","pop, synth, vocals",chirp-v5,pop
pop,indie pop,"indie pop, bittersweet atmosphere, featuring drum machine groove with lush synthesizer pads","pop, dance, electronic",chirp-v5,pop
pop,dance-pop,"dance-pop, bittersweet atmosphere, featuring drum machine groove with lush synthesizer pads","pop, indie, dreamy",chirp-v5,pop
pop,electro-pop,"electro-pop, bittersweet atmosphere, featuring drum machine groove with lush synthesizer pads","pop, upbeat, radio",chirp-v5,pop
pop,power pop,"power pop, bittersweet atmosphere, featuring drum machine groove with lush synthesizer pads","pop, bedroom, lo-fi",chirp-v5,pop
pop,dream pop,"dream pop, bittersweet atmosphere, featuring drum machine groove with lush synthesizer pads","pop, synth, vocals",chirp-v5,pop
pop,art pop,"art pop, bittersweet atmosphere, featuring drum machine groove with lush synthesizer pads","pop, dance, electronic",chirp-v5,pop
pop,bedroom pop,"bedroom pop, bittersweet atmosphere, featuring drum machine groove with lush synthesizer pads","pop, indie, dreamy",chirp-v5,pop
pop,bubblegum pop,"bubblegum pop, bittersweet atmosphere, featuring drum machine groove with lush synthesizer pads","pop, upbeat, radio",chirp-v5,pop
pop,hyperpop,"hyperpop, bittersweet atmosphere, featuring drum machine groove with lush synthesizer pads","pop, bedroom, lo-fi",chirp-v5,pop
pop,synth-pop,"synth-pop, euphoric atmosphere, featuring drum machine groove with lush synthesizer pads","pop, synth, vocals",chirp-v5,pop
pop,indie pop,"indie pop, euphoric atmosphere, featuring drum machine groove with lush synthesizer pads","pop, dance, electronic",chirp-v5,pop
pop,dance-pop,"dance-pop, euphoric atmosphere, featuring drum machine groove with lush synthesizer pads","pop, indie, dreamy",chirp-v5,pop
pop,electro-pop,"electro-pop, euphoric atmosphere, featuring drum machine groove with lush synthesizer pads","pop, upbeat, radio",chirp-v5,pop
pop,power pop,"power pop, euphoric atmosphere, featuring drum machine groove with lush synthesizer pads","pop, bedroom, lo-fi",chirp-v5,pop
pop,dream pop,"dream pop, euphoric atmosphere, featuring drum machine groove with lush synthesizer pads","pop, synth, vocals",chirp-v5,pop
pop,art pop,"art pop, euphoric atmosphere, featuring drum machine groove with lush synthesizer pads","pop, dance, electronic",chirp-v5,pop
pop,bedroom pop,"bedroom pop, euphoric atmosphere, featuring drum machine groove with lush synthesizer pads","pop, indie, dreamy",chirp-v5,pop
pop,bubblegum pop,"bubblegum pop, euphoric atmosphere, featuring drum machine groove with lush synthesizer pads","pop, upbeat, radio",chirp-v5,pop
pop,hyperpop,"hyperpop, euphoric atmosphere, featuring drum machine groove with lush synthesizer pads","pop, bedroom, lo-fi",chirp-v5,pop
pop,synth-pop,"synth-pop, wistful atmosphere, featuring drum machine groove with lush synthesizer pads","pop, synth, vocals",chirp-v5,pop
pop,indie pop,"indie pop, wistful atmosphere, featuring drum machine groove with lush synthesizer pads","pop, dance, electronic",chirp-v5,pop
pop,dance-pop,"dance-pop, wistful atmosphere, featuring drum machine groove with lush synthesizer pads","pop, indie, dreamy",chirp-v5,pop
pop,electro-pop,"electro-pop, wistful atmosphere, featuring drum machine groove with lush synthesizer pads","pop, upbeat, radio",chirp-v5,pop
pop,power pop,"power pop, wistful atmosphere, featuring drum machine groove with lush synthesizer pads","pop, bedroom, lo-fi",chirp-v5,pop
pop,dream pop,"dream pop, wistful atmosphere, featuring drum machine groove with lush synthesizer pads","pop, synth, vocals",chirp-v5,pop
pop,art pop,"art pop, wistful atmosphere, featuring drum machine groove with lush synthesizer pads","pop, dance, electronic",chirp-v5,pop
pop,bedroom pop,"bedroom pop, wistful atmosphere, featuring drum machine groove with lush synthesizer pads","pop, indie, dreamy",chirp-v5,pop
pop,bubblegum pop,"bubblegum pop, wistful atmosphere, featuring drum machine groove with lush synthesizer pads","pop, upbeat, radio",chirp-v5,pop
pop,hyperpop,"hyperpop, wistful atmosphere, featuring drum machine groove with lush synthesizer pads","pop, bedroom, lo-fi",chirp-v5,pop
pop,synth-pop,"synth-pop, carefree atmosphere, featuring drum machine groove with lush synthesizer pads","pop, synth, vocals",chirp-v5,pop
pop,indie pop,"indie pop, carefree atmosphere, featuring drum machine groove with lush synthesizer pads","pop, dance, electronic",chirp-v5,pop
pop,dance-pop,"dance-pop, carefree atmosphere, featuring drum machine groove with lush synthesizer pads","pop, indie, dreamy",chirp-v5,pop
pop,electro-pop,"electro-pop, carefree atmosphere, featuring drum machine groove with lush synthesizer pads","pop, upbeat, radio",chirp-v5,pop
pop,power pop,"power pop, carefree atmosphere, featuring drum machine groove with lush synthesizer pads","pop, bedroom, lo-fi",chirp-v5,pop
pop,dream pop,"dream pop, carefree atmosphere, featuring drum machine groove with lush synthesizer pads","pop, synth, vocals",chirp-v5,pop
pop,art pop,"art pop, carefree atmosphere, featuring drum machine groove with lush synthesizer pads","pop, dance, electronic",chirp-v5,pop
pop,bedroom pop,"bedroom pop, carefree atmosphere, featuring drum machine groove with lush synthesizer pads","pop, indie, dreamy",chirp-v5,pop
pop,bubblegum pop,"bubblegum pop, carefree atmosphere, featuring drum machine groove with lush synthesizer pads","pop, upbeat, radio",chirp-v5,pop
pop,hyperpop,"hyperpop, carefree atmosphere, featuring drum machine groove with lush synthesizer pads","pop, bedroom, lo-fi",chirp-v5,pop
pop,synth-pop,"synth-pop, romantic atmosphere, featuring drum machine groove with lush synthesizer pads","pop, synth, vocals",chirp-v5,pop
pop,indie pop,"indie pop, romantic atmosphere, featuring drum machine groove with lush synthesizer pads","pop, dance, electronic",chirp-v5,pop
pop,dance-pop,"dance-pop, romantic atmosphere, featuring drum machine groove with lush synthesizer pads","pop, indie, dreamy",chirp-v5,pop
pop,electro-pop,"electro-pop, romantic atmosphere, featuring drum machine groove with lush synthesizer pads","pop, upbeat, radio",chirp-v5,pop
pop,power pop,"power pop, romantic atmosphere, featuring drum machine groove with lush synthesizer pads","pop, bedroom, lo-fi",chirp-v5,pop
pop,dream pop,"dream pop, romantic atmosphere, featuring drum machine groove with lush synthesizer pads","pop, synth, vocals",chirp-v5,pop
pop,art pop,"art pop, romantic atmosphere, featuring drum machine groove with lush synthesizer pads","pop, dance, electronic",chirp-v5,pop
pop,bedroom pop,"bedroom pop, romantic atmosphere, featuring drum machine groove with lush synthesizer pads","pop, indie, dreamy",chirp-v5,pop
pop,bubblegum pop,"bubblegum pop, romantic atmosphere, featuring drum machine groove with lush synthesizer pads","pop, upbeat, radio",chirp-v5,pop
pop,hyperpop,"hyperpop, romantic atmosphere, featuring drum machine groove with lush synthesizer pads","pop, bedroom, lo-fi",chirp-v5,pop
pop,synth-pop,"synth-pop, nostalgic atmosphere, featuring drum machine groove with lush synthesizer pads","pop, synth, vocals",chirp-v5,pop
pop,indie pop,"indie pop, nostalgic atmosphere, featuring drum machine groove with lush synthesizer pads","pop, dance, electronic",chirp-v5,pop
pop,dance-pop,"dance-pop, nostalgic atmosphere, featuring drum machine groove with lush synthesizer pads","pop, indie, dreamy",chirp-v5,pop
pop,electro-pop,"electro-pop, nostalgic atmosphere, featuring drum machine groove with lush synthesizer pads","pop, upbeat, radio",chirp-v5,pop
pop,power pop,"power pop, nostalgic atmosphere, featuring drum machine groove with lush synthesizer pads","pop, bedroom, lo-fi",chirp-v5,pop
pop,dream pop,"dream pop, nostalgic atmosphere, featuring drum machine groove with lush synthesizer pads","pop, synth, vocals",chirp-v5,pop
pop,art pop,"art pop, nostalgic atmosphere, featuring drum machine groove with lush synthesizer pads","pop, dance, electronic",chirp-v5,pop
pop,bedroom pop,"bedroom pop, nostalgic atmosphere, featuring drum machine groove with lush synthesizer pads","pop, indie, dreamy",chirp-v5,pop
pop,bubblegum pop,"bubblegum pop, nostalgic atmosphere, featuring drum machine groove with lush synthesizer pads","pop, upbeat, radio",chirp-v5,pop
pop,hyperpop,"hyperpop, nostalgic atmosphere, featuring drum machine groove with lush synthesizer pads","pop, bedroom, lo-fi",chirp-v5,pop
pop,synth-pop,"synth-pop, summery atmosphere, featuring drum machine groove with lush synthesizer pads","pop, synth, vocals",chirp-v5,pop
pop,indie pop,"indie pop, summery atmosphere, featuring drum machine groove with lush synthesizer pads","pop, dance, electronic",chirp-v5,pop
pop,dance-pop,"dance-pop, summery atmosphere, featuring drum machine groove with lush synthesizer pads","pop, indie, dreamy",chirp-v5,pop
pop,electro-pop,"electro-pop, summery atmosphere, featuring drum machine groove with lush synthesizer pads","pop, upbeat, radio",chirp-v5,pop
pop,power pop,"power pop, summery atmosphere, featuring drum machine groove with lush synthesizer pads","pop, bedroom, lo-fi",chirp-v5,pop
pop,dream pop,"dream pop, summery atmosphere, featuring drum machine groove with lush synthesizer pads","pop, synth, vocals",chirp-v5,pop
pop,art pop,"art pop, summery atmosphere, featuring drum machine groove with lush synthesizer pads","pop, dance, electronic",chirp-v5,pop
pop,bedroom pop,"bedroom pop, summery atmosphere, featuring drum machine groove with lush synthesizer pads","pop, indie, dreamy",chirp-v5,pop
pop,bubblegum pop,"bubblegum pop, summery atmosphere, featuring drum machine groove with lush synthesizer pads","pop, upbeat, radio",chirp-v5,pop
pop,hyperpop,"hyperpop, summery atmosphere, featuring drum machine groove with lush synthesizer pads","pop, bedroom, lo-fi",chirp-v5,pop
pop,synth-pop,"synth-pop, heartbroken atmosphere, featuring drum machine groove with lush synthesizer pads","pop, synth, vocals",chirp-v5,pop
pop,indie pop,"indie pop, heartbroken atmosphere, featuring drum machine groove with lush synthesizer pads","pop, dance, electronic",chirp-v5,pop
pop,dance-pop,"dance-pop, heartbroken atmosphere, featuring drum machine groove with lush synthesizer pads","pop, indie, dreamy",chirp-v5,pop
pop,electro-pop,"electro-pop, heartbroken atmosphere, featuring drum machine groove with lush synthesizer pads","pop, upbeat, radio",chirp-v5,pop
pop,power pop,"power pop, heartbroken atmosphere, featuring drum machine groove with lush synthesizer pads","pop, bedroom, lo-fi",chirp-v5,pop
pop,dream pop,"dream pop, heartbroken atmosphere, featuring drum machine groove with lush synthesizer pads","pop, synth, vocals",chirp-v5,pop
pop,art pop,"art pop, heartbroken atmosphere, featuring drum machine groove with lush synthesizer pads","pop, dance, electronic",chirp-v5,pop
pop,bedroom pop,"bedroom pop, heartbroken atmosphere, featuring drum machine groove with lush synthesizer pads","pop, indie, dreamy",chirp-v5,pop
pop,bubblegum pop,"bubblegum pop, heartbroken atmosphere, featuring drum machine groove with lush synthesizer pads","pop, upbeat, radio",chirp-v5,pop
pop,hyperpop,"hyperpop, heartbroken atmosphere, featuring drum machine groove with lush synthesizer pads","pop, bedroom, lo-fi",chirp-v5,pop
pop,synth-pop,"synth-pop, celebratory atmosphere, featuring drum machine groove with lush synthesizer pads","pop, synth, vocals",chirp-v5,pop
pop,indie pop,"indie pop, celebratory atmosphere, featuring drum machine groove with lush synthesizer pads","pop, dance, electronic",chirp-v5,pop
pop,dance-pop,"dance-pop, celebratory atmosphere, featuring drum machine groove with lush synthesizer pads","pop, indie, dreamy",chirp-v5,pop
pop,electro-pop,"electro-pop, celebratory atmosphere, featuring drum machine groove with lush synthesizer pads","pop, upbeat, radio",chirp-v5,pop
pop,power pop,"power pop, celebratory atmosphere, featuring drum machine groove with lush synthesizer pads","pop, bedroom, lo-fi",chirp-v5,pop
pop,dream pop,"dream pop, celebratory atmosphere, featuring drum machine groove with lush synthesizer pads","pop, synth, vocals",chirp-v5,pop
pop,art pop,"art pop, celebratory atmosphere, featuring drum machine groove with lush synthesizer pads","pop, dance, electronic",chirp-v5,pop
pop,bedroom pop,"bedroom pop, celebratory atmosphere, featuring drum machine groove with lush synthesizer pads","pop, indie, dreamy",chirp-v5,pop
pop,bubblegum pop,"bubblegum pop, celebratory atmosphere, featuring drum machine groove with lush synthesizer pads","pop, upbeat, radio",chirp-v5,pop
pop,hyperpop,"hyperpop, celebratory atmosphere, featuring drum machine groove with lush synthesizer pads","pop, bedroom, lo-fi",chirp-v5,pop
pop,synth-pop,"synth-pop, upbeat atmosphere, featuring punchy bass line and shimmering electric piano","pop, synth, vocals",chirp-v5,pop
pop,indie pop,"indie pop, upbeat atmosphere, featuring punchy bass line and shimmering electric piano","pop, dance, electronic",chirp-v5,pop
pop,dance-pop,"dance-pop, upbeat atmosphere, featuring punchy bass line and shimmering electric piano","pop, indie, dreamy",chirp-v5,pop
pop,electro-pop,"electro-pop, upbeat atmosphere, featuring punchy bass line and shimmering electric piano","pop, upbeat, radio",chirp-v5,pop
pop,power pop,"power pop, upbeat atmosphere, featuring punchy bass line and shimmering electric piano","pop, bedroom, lo-fi",chirp-v5,pop
pop,dream pop,"dream pop, upbeat atmosphere, featuring punchy bass line and shimmering electric piano","pop, synth, vocals",chirp-v5,pop
pop,art pop,"art pop, upbeat atmosphere, featuring punchy bass line and shimmering electric piano","pop, dance, electronic",chirp-v5,pop
pop,bedroom pop,"bedroom pop, upbeat atmosphere, featuring punchy bass line and shimmering electric piano","pop, indie, dreamy",chirp-v5,pop
pop,bubblegum pop,"bubblegum pop, upbeat atmosphere, featuring punchy bass line and shimmering electric piano","pop, upbeat, radio",chirp-v5,pop
pop,hyperpop,"hyperpop, upbeat atmosphere, featuring punchy bass line and shimmering electric piano","pop, bedroom, lo-fi",chirp-v5,pop
pop,synth-pop,"synth-pop, bittersweet atmosphere, featuring punchy bass line and shimmering electric piano","pop, synth, vocals",chirp-v5,pop
pop,indie pop,"indie pop, bittersweet atmosphere, featuring punchy bass line and shimmering electric piano","pop, dance, electronic",chirp-v5,pop
pop,dance-pop,"dance-pop, bittersweet atmosphere, featuring punchy bass line and shimmering electric piano","pop, indie, dreamy",chirp-v5,pop
pop,electro-pop,"electro-pop, bittersweet atmosphere, featuring punchy bass line and shimmering electric piano","pop, upbeat, radio",chirp-v5,pop
pop,power pop,"power pop, bittersweet atmosphere, featuring punchy bass line and shimmering electric piano","pop, bedroom, lo-fi",chirp-v5,pop
pop,dream pop,"dream pop, bittersweet atmosphere, featuring punchy bass line and shimmering electric piano","pop, synth, vocals",chirp-v5,pop
pop,art pop,"art pop, bittersweet atmosphere, featuring punchy bass line and shimmering electric piano","pop, dance, electronic",chirp-v5,pop
pop,bedroom pop,"bedroom pop, bittersweet atmosphere, featuring punchy bass line and shimmering electric piano","pop, indie, dreamy",chirp-v5,pop
pop,bubblegum pop,"bubblegum pop, bittersweet atmosphere, featuring punchy bass line and shimmering electric piano","pop, upbeat, radio",chirp-v5,pop
pop,hyperpop,"hyperpop, bittersweet atmosphere, featuring punchy bass line and shimmering electric piano","pop, bedroom, lo-fi",chirp-v5,pop
pop,synth-pop,"synth-pop, euphoric atmosphere, featuring punchy bass line and shimmering electric piano","pop, synth, vocals",chirp-v5,pop
pop,indie pop,"indie pop, euphoric atmosphere, featuring punchy bass line and shimmering electric piano","pop, dance, electronic",chirp-v5,pop
pop,dance-pop,"dance-pop, euphoric atmosphere, featuring punchy bass line and shimmering electric piano","pop, indie, dreamy",chirp-v5,pop
pop,electro-pop,"electro-pop, euphoric atmosphere, featuring punchy bass line and shimmering electric piano","pop, upbeat, radio",chirp-v5,pop
pop,power pop,"power pop, euphoric atmosphere, featuring punchy bass line and shimmering electric piano","pop, bedroom, lo-fi",chirp-v5,pop
pop,dream pop,"dream pop, euphoric atmosphere, featuring punchy bass line and shimmering electric piano","pop, synth, vocals",chirp-v5,pop
pop,art pop,"art pop, euphoric atmosphere, featuring punchy bass line and shimmering electric piano","pop, dance, electronic",chirp-v5,pop
pop,bedroom pop,"bedroom pop, euphoric atmosphere, featuring punchy bass line and shimmering electric piano","pop, indie, dreamy",chirp-v5,pop
pop,bubblegum pop,"bubblegum pop, euphoric atmosphere, featuring punchy bass line and shimmering electric piano","pop, upbeat, radio",chirp-v5,pop
pop,hyperpop,"hyperpop, euphoric atmosphere, featuring punchy bass line and shimmering electric piano","pop, bedroom, lo-fi",chirp-v5,pop
pop,synth-pop,"synth-pop, wistful atmosphere, featuring punchy bass line and shimmering electric piano","pop, synth, vocals",chirp-v5,pop
pop,indie pop,"indie pop, wistful atmosphere, featuring punchy bass line and shimmering electric piano","pop, dance, electronic",chirp-v5,pop
pop,dance-pop,"dance-pop, wistful atmosphere, featuring punchy bass line and shimmering electric piano","pop, indie, dreamy",chirp-v5,pop
pop,electro-pop,"electro-pop, wistful atmosphere, featuring punchy bass line and shimmering electric piano","pop, upbeat, radio",chirp-v5,pop
pop,power pop,"power pop, wistful atmosphere, featuring punchy bass line and shimmering electric piano","pop, bedroom, lo-fi",chirp-v5,pop
pop,dream pop,"dream pop, wistful atmosphere, featuring punchy bass line and shimmering electric piano","pop, synth, vocals",chirp-v5,pop
pop,art pop,"art pop, wistful atmosphere, featuring punchy bass line and shimmering electric piano","pop, dance, electronic",chirp-v5,pop
pop,bedroom pop,"bedroom pop, wistful atmosphere, featuring punchy bass line and shimmering electric piano","pop, indie, dreamy",chirp-v5,pop
pop,bubblegum pop,"bubblegum pop, wistful atmosphere, featuring punchy bass line and shimmering electric piano","pop, upbeat, radio",chirp-v5,pop
pop,hyperpop,"hyperpop, wistful atmosphere, featuring punchy bass line and shimmering electric piano","pop, bedroom, lo-fi",chirp-v5,pop
pop,synth-pop,"synth-pop, carefree atmosphere, featuring punchy bass line and shimmering electric piano","pop, synth, vocals",chirp-v5,pop
pop,indie pop,"indie pop, carefree atmosphere, featuring punchy bass line and shimmering electric piano","pop, dance, electronic",chirp-v5,pop
pop,dance-pop,"dance-pop, carefree atmosphere, featuring punchy bass line and shimmering electric piano","pop, indie, dreamy",chirp-v5,pop
pop,electro-pop,"electro-pop, carefree atmosphere, featuring punchy bass line and shimmering electric piano","pop, upbeat, radio",chirp-v5,pop
pop,power pop,"power pop, carefree atmosphere, featuring punchy bass line and shimmering electric piano","pop, bedroom, lo-fi",chirp-v5,pop
pop,dream pop,"dream pop, carefree atmosphere, featuring punchy bass line and shimmering electric piano","pop, synth, vocals",chirp-v5,pop
pop,art pop,"art pop, carefree atmosphere, featuring punchy bass line and shimmering electric piano","pop, dance, electronic",chirp-v5,pop
pop,bedroom pop,"bedroom pop, carefree atmosphere, featuring punchy bass line and shimmering electric piano","pop, indie, dreamy",chirp-v5,pop
pop,bubblegum pop,"bubblegum pop, carefree atmosphere, featuring punchy bass line and shimmering electric piano","pop, upbeat, radio",chirp-v5,pop
pop,hyperpop,"hyperpop, carefree atmosphere, featuring punchy bass line and shimmering electric piano","pop, bedroom, lo-fi",chirp-v5,pop
pop,synth-pop,"synth-pop, romantic atmosphere, featuring punchy bass line and shimmering electric piano","pop, synth, vocals",chirp-v5,pop
pop,indie pop,"indie pop, romantic atmosphere, featuring punchy bass line and shimmering electric piano","pop, dance, electronic",chirp-v5,pop
pop,dance-pop,"dance-pop, romantic atmosphere, featuring punchy bass line and shimmering electric piano","pop, indie, dreamy",chirp-v5,pop
pop,electro-pop,"electro-pop, romantic atmosphere, featuring punchy bass line and shimmering electric piano","pop, upbeat, radio",chirp-v5,pop
pop,power pop,"power pop, romantic atmosphere, featuring punchy bass line and shimmering electric piano","pop, bedroom, lo-fi",chirp-v5,pop
pop,dream pop,"dream pop, romantic atmosphere, featuring punchy bass line and shimmering electric piano","pop, synth, vocals",chirp-v5,pop
pop,art pop,"art pop, romantic atmosphere, featuring punchy bass line and shimmering electric piano","pop, dance, electronic",chirp-v5,pop
pop,bedroom pop,"bedroom pop, romantic atmosphere, featuring punchy bass line and shimmering electric piano","pop, indie, dreamy",chirp-v5,pop
pop,bubblegum pop,"bubblegum pop, romantic atmosphere, featuring punchy bass line and shimmering electric piano","pop, upbeat, radio",chirp-v5,pop
pop,hyperpop,"hyperpop, romantic atmosphere, featuring punchy bass line and shimmering electric piano","pop, bedroom, lo-fi",chirp-v5,pop
pop,synth-pop,"synth-pop, nostalgic atmosphere, featuring punchy bass line and shimmering electric piano","pop, synth, vocals",chirp-v5,pop
pop,indie pop,"indie pop, nostalgic atmosphere, featuring punchy bass line and shimmering electric piano","pop, dance, electronic",chirp-v5,pop
pop,dance-pop,"dance-pop, nostalgic atmosphere, featuring punchy bass line and shimmering electric piano","pop, indie, dreamy",chirp-v5,pop
pop,electro-pop,"electro-pop, nostalgic atmosphere, featuring punchy bass line and shimmering electric piano","pop, upbeat, radio",chirp-v5,pop
pop,power pop,"power pop, nostalgic atmosphere, featuring punchy bass line and shimmering electric piano","pop, bedroom, lo-fi",chirp-v5,pop
pop,dream pop,"dream pop, nostalgic atmosphere, featuring punchy bass line and shimmering electric piano","pop, synth, vocals",chirp-v5,pop
pop,art pop,"art pop, nostalgic atmosphere, featuring punchy bass line and shimmering electric piano","pop, dance, electronic",chirp-v5,pop
pop,bedroom pop,"bedroom pop, nostalgic atmosphere, featuring punchy bass line and shimmering electric piano","pop, indie, dreamy",chirp-v5,pop
pop,bubblegum pop,"bubblegum pop, nostalgic atmosphere, featuring punchy bass line and shimmering electric piano","pop, upbeat, radio",chirp-v5,pop
pop,hyperpop,"hyperpop, nostalgic atmosphere, featuring punchy bass line and shimmering electric piano","pop, bedroom, lo-fi",chirp-v5,pop
pop,synth-pop,"synth-pop, summery atmosphere, featuring punchy bass line and shimmering electric piano","pop, synth, vocals",chirp-v5,pop
pop,indie pop,"indie pop, summery atmosphere, featuring punchy bass line and shimmering electric piano","pop, dance, electronic",chirp-v5,pop
pop,dance-pop,"dance-pop, summery atmosphere, featuring punchy bass line and shimmering electric piano","pop, indie, dreamy",chirp-v5,pop
pop,electro-pop,"electro-pop, summery atmosphere, featuring punchy bass line and shimmering electric piano","pop, upbeat, radio",chirp-v5,pop
pop,power pop,"power pop, summery atmosphere, featuring punchy bass line and shimmering electric piano","pop, bedroom, lo-fi",chirp-v5,pop
pop,dream pop,"dream pop, summery atmosphere, featuring punchy bass line and shimmering electric piano","pop, synth, vocals",chirp-v5,pop
pop,art pop,"art pop, summery atmosphere, featuring punchy bass line and shimmering electric piano","pop, dance, electronic",chirp-v5,pop
pop,bedroom pop,"bedroom pop, summery atmosphere, featuring punchy bass line and shimmering electric piano","pop, indie, dreamy",chirp-v5,pop
pop,bubblegum pop,"bubblegum pop, summery atmosphere, featuring punchy bass line and shimmering electric piano","pop, upbeat, radio",chirp-v5,pop
pop,hyperpop,"hyperpop, summery atmosphere, featuring punchy bass line and shimmering electric piano","pop, bedroom, lo-fi",chirp-v5,pop
pop,synth-pop,"synth-pop, heartbroken atmosphere, featuring punchy bass line and shimmering electric piano","pop, synth, vocals",chirp-v5,pop
pop,indie pop,"indie pop, heartbroken atmosphere, featuring punchy bass line and shimmering electric piano","pop, dance, electronic",chirp-v5,pop
pop,dance-pop,"dance-pop, heartbroken atmosphere, featuring punchy bass line and shimmering electric piano","pop, indie, dreamy",chirp-v5,pop
pop,electro-pop,"electro-pop, heartbroken atmosphere, featuring punchy bass line and shimmering electric piano","pop, upbeat, radio",chirp-v5,pop
pop,power pop,"power pop, heartbroken atmosphere, featuring punchy bass line and shimmering electric piano","pop, bedroom, lo-fi",chirp-v5,pop
pop,dream pop,"dream pop, heartbroken atmosphere, featuring punchy bass line and shimmering electric piano","pop, synth, vocals",chirp-v5,pop
pop,art pop,"art pop, heartbroken atmosphere, featuring punchy bass line and shimmering electric piano","pop, dance, electronic",chirp-v5,pop
pop,bedroom pop,"bedroom pop, heartbroken atmosphere, featuring punchy bass line and shimmering electric piano","pop, indie, dreamy",chirp-v5,pop
pop,bubblegum pop,"bubblegum pop, heartbroken atmosphere, featuring punchy bass line and shimmering electric piano","pop, upbeat, radio",chirp-v5,pop
pop,hyperpop,"hyperpop, heartbroken atmosphere, featuring punchy bass line and shimmering electric piano","pop, bedroom, lo-fi",chirp-v5,pop
pop,synth-pop,"synth-pop, celebratory atmosphere, featuring punchy bass line and shimmering electric piano","pop, synth, vocals",chirp-v5,pop
pop,indie pop,"indie pop, celebratory atmosphere, featuring punchy bass line and shimmering electric piano","pop, dance, electronic",chirp-v5,pop
pop,dance-pop,"dance-pop, celebratory atmosphere, featuring punchy bass line and shimmering electric piano","pop, indie, dreamy",chirp-v5,pop
pop,electro-pop,"electro-pop, celebratory atmosphere, featuring punchy bass line and shimmering electric piano","pop, upbeat, radio",chirp-v5,pop
pop,power pop,"power pop, celebratory atmosphere, featuring punchy bass line and shimmering electric piano","pop, bedroom, lo-fi",chirp-v5,pop
pop,dream pop,"dream pop, celebratory atmosphere, featuring punchy bass line and shimmering electric piano","pop, synth, vocals",chirp-v5,pop
pop,art pop,"art pop, celebratory atmosphere, featuring punchy bass line and shimmering electric piano","pop, dance, electronic",chirp-v5,pop
pop,bedroom pop,"bedroom pop, celebratory atmosphere, featuring punchy bass line and shimmering electric piano","pop, indie, dreamy",chirp-v5,pop
pop,bubblegum pop,"bubblegum pop, celebratory atmosphere, featuring punchy bass line and shimmering electric piano","pop, upbeat, radio",chirp-v5,pop
pop,hyperpop,"hyperpop, celebratory atmosphere, featuring punchy bass line and shimmering electric piano","pop, bedroom, lo-fi",chirp-v5,pop
pop,synth-pop,"synth-pop, upbeat atmosphere, featuring clap-driven beat with an earworm melodic hook","pop, synth, vocals",chirp-v5,pop
pop,indie pop,"indie pop, upbeat atmosphere, featuring clap-driven beat with an earworm melodic hook","pop, dance, electronic",chirp-v5,pop
pop,dance-pop,"dance-pop, upbeat atmosphere, featuring clap-driven beat with an earworm melodic hook","pop, indie, dreamy",chirp-v5,pop
pop,electro-pop,"electro-pop, upbeat atmosphere, featuring clap-driven beat with an earworm melodic hook","pop, upbeat, radio",chirp-v5,pop
pop,power pop,"power pop, upbeat atmosphere, featuring clap-driven beat with an earworm melodic hook","pop, bedroom, lo-fi",chirp-v5,pop
pop,dream pop,"dream pop, upbeat atmosphere, featuring clap-driven beat with an earworm melodic hook","pop, synth, vocals",chirp-v5,pop
pop,art pop,"art pop, upbeat atmosphere, featuring clap-driven beat with an earworm melodic hook","pop, dance, electronic",chirp-v5,pop
pop,bedroom pop,"bedroom pop, upbeat atmosphere, featuring clap-driven beat with an earworm melodic hook","pop, indie, dreamy",chirp-v5,pop
pop,bubblegum pop,"bubblegum pop, upbeat atmosphere, featuring clap-driven beat with an earworm melodic hook","pop, upbeat, radio",chirp-v5,pop
pop,hyperpop,"hyperpop, upbeat atmosphere, featuring clap-driven beat with an earworm melodic hook","pop, bedroom, lo-fi",chirp-v5,pop
pop,synth-pop,"synth-pop, bittersweet atmosphere, featuring clap-driven beat with an earworm melodic hook","pop, synth, vocals",chirp-v5,pop
pop,indie pop,"indie pop, bittersweet atmosphere, featuring clap-driven beat with an earworm melodic hook","pop, dance, electronic",chirp-v5,pop
pop,dance-pop,"dance-pop, bittersweet atmosphere, featuring clap-driven beat with an earworm melodic hook","pop, indie, dreamy",chirp-v5,pop
pop,electro-pop,"electro-pop, bittersweet atmosphere, featuring clap-driven beat with an earworm melodic hook","pop, upbeat, radio",chirp-v5,pop
pop,power pop,"power pop, bittersweet atmosphere, featuring clap-driven beat with an earworm melodic hook","pop, bedroom, lo-fi",chirp-v5,pop
pop,dream pop,"dream pop, bittersweet atmosphere, featuring clap-driven beat with an earworm melodic hook","pop, synth, vocals",chirp-v5,pop
pop,art pop,"art pop, bittersweet atmosphere, featuring clap-driven beat with an earworm melodic hook","pop, dance, electronic",chirp-v5,pop
pop,bedroom pop,"bedroom pop, bittersweet atmosphere, featuring clap-driven beat with an earworm melodic hook","pop, indie, dreamy",chirp-v5,pop
pop,bubblegum pop,"bubblegum pop, bittersweet atmosphere, featuring clap-driven beat with an earworm melodic hook","pop, upbeat, radio",chirp-v5,pop
pop,hyperpop,"hyperpop, bittersweet atmosphere, featuring clap-driven beat with an earworm melodic hook","pop, bedroom, lo-fi",chirp-v5,pop
pop,synth-pop,"synth-pop, euphoric atmosphere, featuring clap-driven beat with an earworm melodic hook","pop, synth, vocals",chirp-v5,pop
pop,indie pop,"indie pop, euphoric atmosphere, featuring clap-driven beat with an earworm melodic hook","pop, dance, electronic",chirp-v5,pop
pop,dance-pop,"dance-pop, euphoric atmosphere, featuring clap-driven beat with an earworm melodic hook","pop, indie, dreamy",chirp-v5,pop
pop,electro-pop,"electro-pop, euphoric atmosphere, featuring clap-driven beat with an earworm melodic hook","pop, upbeat, radio",chirp-v5,pop
pop,power pop,"power pop, euphoric atmosphere, featuring clap-driven beat with an earworm melodic hook","pop, bedroom, lo-fi",chirp-v5,pop
pop,dream pop,"dream pop, euphoric atmosphere, featuring clap-driven beat with an earworm melodic hook","pop, synth, vocals",chirp-v5,pop
pop,art pop,"art pop, euphoric atmosphere, featuring clap-driven beat with an earworm melodic hook","pop, dance, electronic",chirp-v5,pop
pop,bedroom pop,"bedroom pop, euphoric atmosphere, featuring clap-driven beat with an earworm melodic hook","pop, indie, dreamy",chirp-v5,pop
pop,bubblegum pop,"bubblegum pop, euphoric atmosphere, featuring clap-driven beat with an earworm melodic hook","pop, upbeat, radio",chirp-v5,pop
pop,hyperpop,"hyperpop, euphoric atmosphere, featuring clap-driven beat with an earworm melodic hook","pop, bedroom, lo-fi",chirp-v5,pop
pop,synth-pop,"synth-pop, wistful atmosphere, featuring clap-driven beat with an earworm melodic hook","pop, synth, vocals",chirp-v5,pop
pop,indie pop,"indie pop, wistful atmosphere, featuring clap-driven beat with an earworm melodic hook","pop, dance, electronic",chirp-v5,pop
pop,dance-pop,"dance-pop, wistful atmosphere, featuring clap-driven beat with an earworm melodic hook","pop, indie, dreamy",chirp-v5,pop
pop,electro-pop,"electro-pop, wistful atmosphere, featuring clap-driven beat with an earworm melodic hook","pop, upbeat, radio",chirp-v5,pop
pop,power pop,"power pop, wistful atmosphere, featuring clap-driven beat with an earworm melodic hook","pop, bedroom, lo-fi",chirp-v5,pop
pop,dream pop,"dream pop, wistful atmosphere, featuring clap-driven beat with an earworm melodic hook","pop, synth, vocals",chirp-v5,pop
pop,art pop,"art pop, wistful atmosphere, featuring clap-driven beat with an earworm melodic hook","pop, dance, electronic",chirp-v5,pop
pop,bedroom pop,"bedroom pop, wistful atmosphere, featuring clap-driven beat with an earworm melodic hook","pop, indie, dreamy",chirp-v5,pop
pop,bubblegum pop,"bubblegum pop, wistful atmosphere, featuring clap-driven beat with an earworm melodic hook","pop, upbeat, radio",chirp-v5,pop
pop,hyperpop,"hyperpop, wistful atmosphere, featuring clap-driven beat with an earworm melodic hook","pop, bedroom, lo-fi",chirp-v5,pop
pop,synth-pop,"synth-pop, carefree atmosphere, featuring clap-driven beat with an earworm melodic hook","pop, synth, vocals",chirp-v5,pop
pop,indie pop,"indie pop, carefree atmosphere, featuring clap-driven beat with an earworm melodic hook","pop, dance, electronic",chirp-v5,pop
pop,dance-pop,"dance-pop, carefree atmosphere, featuring clap-driven beat with an earworm melodic hook","pop, indie, dreamy",chirp-v5,pop
pop,electro-pop,"electro-pop, carefree atmosphere, featuring clap-driven beat with an earworm melodic hook","pop, upbeat, radio",chirp-v5,pop
pop,power pop,"power pop, carefree atmosphere, featuring clap-driven beat with an earworm melodic hook","pop, bedroom, lo-fi",chirp-v5,pop
pop,dream pop,"dream pop, carefree atmosphere, featuring clap-driven beat with an earworm melodic hook","pop, synth, vocals",chirp-v5,pop
pop,art pop,"art pop, carefree atmosphere, featuring clap-driven beat with an earworm melodic hook","pop, dance, electronic",chirp-v5,pop
pop,bedroom pop,"bedroom pop, carefree atmosphere, featuring clap-driven beat with an earworm melodic hook","pop, indie, dreamy",chirp-v5,pop
pop,bubblegum pop,"bubblegum pop, carefree atmosphere, featuring clap-driven beat with an earworm melodic hook","pop, upbeat, radio",chirp-v5,pop
pop,hyperpop,"hyperpop, carefree atmosphere, featuring clap-driven beat with an earworm melodic hook","pop, bedroom, lo-fi",chirp-v5,pop
pop,synth-pop,"synth-pop, romantic atmosphere, featuring clap-driven beat with an earworm melodic hook","pop, synth, vocals",chirp-v5,pop
pop,indie pop,"indie pop, romantic atmosphere, featuring clap-driven beat with an earworm melodic hook","pop, dance, electronic",chirp-v5,pop
pop,dance-pop,"dance-pop, romantic atmosphere, featuring clap-driven beat with an earworm melodic hook","pop, indie, dreamy",chirp-v5,pop
pop,electro-pop,"electro-pop, romantic atmosphere, featuring clap-driven beat with an earworm melodic hook","pop, upbeat, radio",chirp-v5,pop
pop,power pop,"power pop, romantic atmosphere, featuring clap-driven beat with an earworm melodic hook","pop, bedroom, lo-fi",chirp-v5,pop
pop,dream pop,"dream pop, romantic atmosphere, featuring clap-driven beat with an earworm melodic hook","pop, synth, vocals",chirp-v5,pop
pop,art pop,"art pop, romantic atmosphere, featuring clap-driven beat with an earworm melodic hook","pop, dance, electronic",chirp-v5,pop
pop,bedroom pop,"bedroom pop, romantic atmosphere, featuring clap-driven beat with an earworm melodic hook","pop, indie, dreamy",chirp-v5,pop
pop,bubblegum pop,"bubblegum pop, romantic atmosphere, featuring clap-driven beat with an earworm melodic hook","pop, upbeat, radio",chirp-v5,pop
pop,hyperpop,"hyperpop, romantic atmosphere, featuring clap-driven beat with an earworm melodic hook","pop, bedroom, lo-fi",chirp-v5,pop
pop,synth-pop,"synth-pop, nostalgic atmosphere, featuring clap-driven beat with an earworm melodic hook","pop, synth, vocals",chirp-v5,pop
pop,indie pop,"indie pop, nostalgic atmosphere, featuring clap-driven beat with an earworm melodic hook","pop, dance, electronic",chirp-v5,pop
pop,dance-pop,"dance-pop, nostalgic atmosphere, featuring clap-driven beat with an earworm melodic hook","pop, indie, dreamy",chirp-v5,pop
pop,electro-pop,"electro-pop, nostalgic atmosphere, featuring clap-driven beat with an earworm melodic hook","pop, upbeat, radio",chirp-v5,pop
pop,power pop,"power pop, nostalgic atmosphere, featuring clap-driven beat with an earworm melodic hook","pop, bedroom, lo-fi",chirp-v5,pop
pop,dream pop,"dream pop, nostalgic atmosphere, featuring clap-driven beat with an earworm melodic hook","pop, synth, vocals",chirp-v5,pop
pop,art pop,"art pop, nostalgic atmosphere, featuring clap-driven beat with an earworm melodic hook","pop, dance, electronic",chirp-v5,pop
pop,bedroom pop,"bedroom pop, nostalgic atmosphere, featuring clap-driven beat with an earworm melodic hook","pop, indie, dreamy",chirp-v5,pop
pop,bubblegum pop,"bubblegum pop, nostalgic atmosphere, featuring clap-driven beat with an earworm melodic hook","pop, upbeat, radio",chirp-v5,pop
pop,hyperpop,"hyperpop, nostalgic atmosphere, featuring clap-driven beat with an earworm melodic hook","pop, bedroom, lo-fi",chirp-v5,pop
pop,synth-pop,"synth-pop, summery atmosphere, featuring clap-driven beat with an earworm melodic hook","pop, synth, vocals",chirp-v5,pop
pop,indie pop,"indie pop, summery atmosphere, featuring clap-driven beat with an earworm melodic hook","pop, dance, electronic",chirp-v5,pop
pop,dance-pop,"dance-pop, summery atmosphere, featuring clap-driven beat with an earworm melodic hook","pop, indie, dreamy",chirp-v5,pop
pop,electro-pop,"electro-pop, summery atmosphere, featuring clap-driven beat with an earworm melodic hook","pop, upbeat, radio",chirp-v5,pop
pop,power pop,"power pop, summery atmosphere, featuring clap-driven beat with an earworm melodic hook","pop, bedroom, lo-fi",chirp-v5,pop
pop,dream pop,"dream pop, summery atmosphere, featuring clap-driven beat with an earworm melodic hook","pop, synth, vocals",chirp-v5,pop
pop,art pop,"art pop, summery atmosphere, featuring clap-driven beat with an earworm melodic hook","pop, dance, electronic",chirp-v5,pop
pop,bedroom pop,"bedroom pop, summery atmosphere, featuring clap-driven beat with an earworm melodic hook","pop, indie, dreamy",chirp-v5,pop
pop,bubblegum pop,"bubblegum pop, summery atmosphere, featuring clap-driven beat with an earworm melodic hook","pop, upbeat, radio",chirp-v5,pop
pop,hyperpop,"hyperpop, summery atmosphere, featuring clap-driven beat with an earworm melodic hook","pop, bedroom, lo-fi",chirp-v5,pop
pop,synth-pop,"synth-pop, heartbroken atmosphere, featuring clap-driven beat with an earworm melodic hook","pop, synth, vocals",chirp-v5,pop
pop,indie pop,"indie pop, heartbroken atmosphere, featuring clap-driven beat with an earworm melodic hook","pop, dance, electronic",chirp-v5,pop
pop,dance-pop,"dance-pop, heartbroken atmosphere, featuring clap-driven beat with an earworm melodic hook","pop, indie, dreamy",chirp-v5,pop
pop,electro-pop,"electro-pop, heartbroken atmosphere, featuring clap-driven beat with an earworm melodic hook","pop, upbeat, radio",chirp-v5,pop
pop,power pop,"power pop, heartbroken atmosphere, featuring clap-driven beat with an earworm melodic hook","pop, bedroom, lo-fi",chirp-v5,pop
pop,dream pop,"dream pop, heartbroken atmosphere, featuring clap-driven beat with an earworm melodic hook","pop, synth, vocals",chirp-v5,pop
pop,art pop,"art pop, heartbroken atmosphere, featuring clap-driven beat with an earworm melodic hook","pop, dance, electronic",chirp-v5,pop
pop,bedroom pop,"bedroom pop, heartbroken atmosphere, featuring clap-driven beat with an earworm melodic hook","pop, indie, dreamy",chirp-v5,pop
pop,bubblegum pop,"bubblegum pop, heartbroken atmosphere, featuring clap-driven beat with an earworm melodic hook","pop, upbeat, radio",chirp-v5,pop
pop,hyperpop,"hyperpop, heartbroken atmosphere, featuring clap-driven beat with an earworm melodic hook","pop, bedroom, lo-fi",chirp-v5,pop
pop,synth-pop,"synth-pop, celebratory atmosphere, featuring clap-driven beat with an earworm melodic hook","pop, synth, vocals",chirp-v5,pop
pop,indie pop,"indie pop, celebratory atmosphere, featuring clap-driven beat with an earworm melodic hook","pop, dance, electronic",chirp-v5,pop
pop,dance-pop,"dance-pop, celebratory atmosphere, featuring clap-driven beat with an earworm melodic hook","pop, indie, dreamy",chirp-v5,pop
pop,electro-pop,"electro-pop, celebratory atmosphere, featuring clap-driven beat with an earworm melodic hook","pop, upbeat, radio",chirp-v5,pop
pop,power pop,"power pop, celebratory atmosphere, featuring clap-driven beat with an earworm melodic hook","pop, bedroom, lo-fi",chirp-v5,pop
pop,dream pop,"dream pop, celebratory atmosphere, featuring clap-driven beat with an earworm melodic hook","pop, synth, vocals",chirp-v5,pop
pop,art pop,"art pop, celebratory atmosphere, featuring clap-driven beat with an earworm melodic hook","pop, dance, electronic",chirp-v5,pop
pop,bedroom pop,"bedroom pop, celebratory atmosphere, featuring clap-driven beat with an earworm melodic hook","pop, indie, dreamy",chirp-v5,pop
pop,bubblegum pop,"bubblegum pop, celebratory atmosphere, featuring clap-driven beat with an earworm melodic hook","pop, upbeat, radio",chirp-v5,pop
pop,hyperpop,"hyperpop, celebratory atmosphere, featuring clap-driven beat with an earworm melodic hook","pop, bedroom, lo-fi",chirp-v5,pop
pop,synth-pop,"synth-pop, upbeat atmosphere, featuring breathy lead vocal over chiming guitars and strings","pop, synth, vocals",chirp-v5,pop
pop,indie pop,"indie pop, upbeat atmosphere, featuring breathy lead vocal over chiming guitars and strings","pop, dance, electronic",chirp-v5,pop
pop,dance-pop,"dance-pop, upbeat atmosphere, featuring breathy lead vocal over chiming guitars and strings","pop, indie, dreamy",chirp-v5,pop
pop,electro-pop,"electro-pop, upbeat atmosphere, featuring breathy lead vocal over chiming guitars and strings","pop, upbeat, radio",chirp-v5,pop
pop,power pop,"power pop, upbeat atmosphere, featuring breathy lead vocal over chiming guitars and strings","pop, bedroom, lo-fi",chirp-v5,pop
pop,dream pop,"dream pop, upbeat atmosphere, featuring breathy lead vocal over chiming guitars and strings","pop, synth, vocals",chirp-v5,pop
pop,art pop,"art pop, upbeat atmosphere, featuring breathy lead vocal over chiming guitars and strings","pop, dance, electronic",chirp-v5,pop
pop,bedroom pop,"bedroom pop, upbeat atmosphere, featuring breathy lead vocal over chiming guitars and strings","pop, indie, dreamy",chirp-v5,pop
pop,bubblegum pop,"bubblegum pop, upbeat atmosphere, featuring breathy lead vocal over chiming guitars and strings","pop, upbeat, radio",chirp-v5,pop
pop,hyperpop,"hyperpop, upbeat atmosphere, featuring breathy lead vocal over chiming guitars and strings","pop, bedroom, lo-fi",chirp-v5,pop
pop,synth-pop,"synth-pop, bittersweet atmosphere, featuring breathy lead vocal over chiming guitars and strings","pop, synth, vocals",chirp-v5,pop
pop,indie pop,"indie pop, bittersweet atmosphere, featuring breathy lead vocal over chiming guitars and strings","pop, dance, electronic",chirp-v5,pop
pop,dance-pop,"dance-pop, bittersweet atmosphere, featuring breathy lead vocal over chiming guitars and strings","pop, indie, dreamy",chirp-v5,pop
pop,electro-pop,"electro-pop, bittersweet atmosphere, featuring breathy lead vocal over chiming guitars and strings","pop, upbeat, radio",chirp-v5,pop
pop,power pop,"power pop, bittersweet atmosphere, featuring breathy lead vocal over chiming guitars and strings","pop, bedroom, lo-fi",chirp-v5,pop
pop,dream pop,"dream pop, bittersweet atmosphere, featuring breathy lead vocal over chiming guitars and strings","pop, synth, vocals",chirp-v5,pop
pop,art pop,"art pop, bittersweet atmosphere, featuring breathy lead vocal over chiming guitars and strings","pop, dance, electronic",chirp-v5,pop
pop,bedroom pop,"bedroom pop, bittersweet atmosphere, featuring breathy lead vocal over chiming guitars and strings","pop, indie, dreamy",chirp-v5,pop
pop,bubblegum pop,"bubblegum pop, bittersweet atmosphere, featuring breathy lead vocal over chiming guitars and strings","pop, upbeat, radio",chirp-v5,pop
pop,hyperpop,"hyperpop, bittersweet atmosphere, featuring breathy lead vocal over chiming guitars and strings","pop, bedroom, lo-fi",chirp-v5,pop
pop,synth-pop,"synth-pop, euphoric atmosphere, featuring breathy lead vocal over chiming guitars and strings","pop, synth, vocals",chirp-v5,pop
pop,indie pop,"indie pop, euphoric atmosphere, featuring breathy lead vocal over chiming guitars and strings","pop, dance, electronic",chirp-v5,pop
pop,dance-pop,"dance-pop, euphoric atmosphere, featuring breathy lead vocal over chiming guitars and strings","pop, indie, dreamy",chirp-v5,pop
pop,electro-pop,"electro-pop, euphoric atmosphere, featuring breathy lead vocal over chiming guitars and strings","pop, upbeat, radio",chirp-v5,pop
pop,power pop,"power pop, euphoric atmosphere, featuring breathy lead vocal over chiming guitars and strings","pop, bedroom, lo-fi",chirp-v5,pop
pop,dream pop,"dream pop, euphoric atmosphere, featuring breathy lead vocal over chiming guitars and strings","pop, synth, vocals",chirp-v5,pop
pop,art pop,"art pop, euphoric atmosphere, featuring breathy lead vocal over chiming guitars and strings","pop, dance, electronic",chirp-v5,pop
pop,bedroom pop,"bedroom pop, euphoric atmosphere, featuring breathy lead vocal over chiming guitars and strings","pop, indie, dreamy",chirp-v5,pop
pop,bubblegum pop,"bubblegum pop, euphoric atmosphere, featuring breathy lead vocal over chiming guitars and strings","pop, upbeat, radio",chirp-v5,pop
pop,hyperpop,"hyperpop, euphoric atmosphere, featuring breathy lead vocal over chiming guitars and strings","pop, bedroom, lo-fi",chirp-v5,pop
pop,synth-pop,"synth-pop, wistful atmosphere, featuring breathy lead vocal over chiming guitars and strings","pop, synth, vocals",chirp-v5,pop
pop,indie pop,"indie pop, wistful atmosphere, featuring breathy lead vocal over chiming guitars and strings","pop, dance, electronic",chirp-v5,pop
pop,dance-pop,"dance-pop, wistful atmosphere, featuring breathy lead vocal over chiming guitars and strings","pop, indie, dreamy",chirp-v5,pop
pop,electro-pop,"electro-pop, wistful atmosphere, featuring breathy lead vocal over chiming guitars and strings","pop, upbeat, radio",chirp-v5,pop
pop,power pop,"power pop, wistful atmosphere, featuring breathy lead vocal over chiming guitars and strings","pop, bedroom, lo-fi",chirp-v5,pop
pop,dream pop,"dream pop, wistful atmosphere, featuring breathy lead vocal over chiming guitars and strings","pop, synth, vocals",chirp-v5,pop
pop,art pop,"art pop, wistful atmosphere, featuring breathy lead vocal over chiming guitars and strings","pop, dance, electronic",chirp-v5,pop
pop,bedroom pop,"bedroom pop, wistful atmosphere, featuring breathy lead vocal over chiming guitars and strings","pop, indie, dreamy",chirp-v5,pop
pop,bubblegum pop,"bubblegum pop, wistful atmosphere, featuring breathy lead vocal over chiming guitars and strings","pop, upbeat, radio",chirp-v5,pop
pop,hyperpop,"hyperpop, wistful atmosphere, featuring breathy lead vocal over chiming guitars and strings","pop, bedroom, lo-fi",chirp-v5,pop
pop,synth-pop,"synth-pop, carefree atmosphere, featuring breathy lead vocal over chiming guitars and strings","pop, synth, vocals",chirp-v5,pop
pop,indie pop,"indie pop, carefree atmosphere, featuring breathy lead vocal over chiming guitars and strings","pop, dance, electronic",chirp-v5,pop
pop,dance-pop,"dance-pop, carefree atmosphere, featuring breathy lead vocal over chiming guitars and strings","pop, indie, dreamy",chirp-v5,pop
pop,electro-pop,"electro-pop, carefree atmosphere, featuring breathy lead vocal over chiming guitars and strings","pop, upbeat, radio",chirp-v5,pop
pop,power pop,"power pop, carefree atmosphere, featuring breathy lead vocal over chiming guitars and strings","pop, bedroom, lo-fi",chirp-v5,pop
pop,dream pop,"dream pop, carefree atmosphere, featuring breathy lead vocal over chiming guitars and strings","pop, synth, vocals",chirp-v5,pop
pop,art pop,"art pop, carefree atmosphere, featuring breathy lead vocal over chiming guitars and strings","pop, dance, electronic",chirp-v5,pop
pop,bedroom pop,"bedroom pop, carefree atmosphere, featuring breathy lead vocal over chiming guitars and strings","pop, indie, dreamy",chirp-v5,pop
pop,bubblegum pop,"bubblegum pop, carefree atmosphere, featuring breathy lead vocal over chiming guitars and strings","pop, upbeat, radio",chirp-v5,pop
pop,hyperpop,"hyperpop, carefree atmosphere, featuring breathy lead vocal over chiming guitars and strings","pop, bedroom, lo-fi",chirp-v5,pop
pop,synth-pop,"synth-pop, romantic atmosphere, featuring breathy lead vocal over chiming guitars and strings","pop, synth, vocals",chirp-v5,pop
pop,indie pop,"indie pop, romantic atmosphere, featuring breathy lead vocal over chiming guitars and strings","pop, dance, electronic",chirp-v5,pop
pop,dance-pop,"dance-pop, romantic atmosphere, featuring breathy lead vocal over chiming guitars and strings","pop, indie, dreamy",chirp-v5,pop
pop,electro-pop,"electro-pop, romantic atmosphere, featuring breathy lead vocal over chiming guitars and strings","pop, upbeat, radio",chirp-v5,pop
pop,power pop,"power pop, romantic atmosphere, featuring breathy lead vocal over chiming guitars and strings","pop, bedroom, lo-fi",chirp-v5,pop
pop,dream pop,"dream pop, romantic atmosphere, featuring breathy lead vocal over chiming guitars and strings","pop, synth, vocals",chirp-v5,pop
pop,art pop,"art pop, romantic atmosphere, featuring breathy lead vocal over chiming guitars and strings","pop, dance, electronic",chirp-v5,pop
pop,bedroom pop,"bedroom pop, romantic atmosphere, featuring breathy lead vocal over chiming guitars and strings","pop, indie, dreamy",chirp-v5,pop
pop,bubblegum pop,"bubblegum pop, romantic atmosphere, featuring breathy lead vocal over chiming guitars and strings","pop, upbeat, radio",chirp-v5,pop
pop,hyperpop,"hyperpop, romantic atmosphere, featuring breathy lead vocal over chiming guitars and strings","pop, bedroom, lo-fi",chirp-v5,pop
pop,synth-pop,"synth-pop, nostalgic atmosphere, featuring breathy lead vocal over chiming guitars and strings","pop, synth, vocals",chirp-v5,pop
pop,indie pop,"indie pop, nostalgic atmosphere, featuring breathy lead vocal over chiming guitars and strings","pop, dance, electronic",chirp-v5,pop
pop,dance-pop,"dance-pop, nostalgic atmosphere, featuring breathy lead vocal over chiming guitars and strings","pop, indie, dreamy",chirp-v5,pop
pop,electro-pop,"electro-pop, nostalgic atmosphere, featuring breathy lead vocal over chiming guitars and strings","pop, upbeat, radio",chirp-v5,pop
pop,power pop,"power pop, nostalgic atmosphere, featuring breathy lead vocal over chiming guitars and strings","pop, bedroom, lo-fi",chirp-v5,pop
pop,dream pop,"dream pop, nostalgic atmosphere, featuring breathy lead vocal over chiming guitars and strings","pop, synth, vocals",chirp-v5,pop
pop,art pop,"art pop, nostalgic atmosphere, featuring breathy lead vocal over chiming guitars and strings","pop, dance, electronic",chirp-v5,pop
pop,bedroom pop,"bedroom pop, nostalgic atmosphere, featuring breathy lead vocal over chiming guitars and strings","pop, indie, dreamy",chirp-v5,pop
pop,bubblegum pop,"bubblegum pop, nostalgic atmosphere, featuring breathy lead vocal over chiming guitars and strings","pop, upbeat, radio",chirp-v5,pop
pop,hyperpop,"hyperpop, nostalgic atmosphere, featuring breathy lead vocal over chiming guitars and strings","pop, bedroom, lo-fi",chirp-v5,pop
pop,synth-pop,"synth-pop, summery atmosphere, featuring breathy lead vocal over chiming guitars and strings","pop, synth, vocals",chirp-v5,pop
pop,indie pop,"indie pop, summery atmosphere, featuring breathy lead vocal over chiming guitars and strings","pop, dance, electronic",chirp-v5,pop
pop,dance-pop,"dance-pop, summery atmosphere, featuring breathy lead vocal over chiming guitars and strings","pop, indie, dreamy",chirp-v5,pop
pop,electro-pop,"electro-pop, summery atmosphere, featuring breathy lead vocal over chiming guitars and strings","pop, upbeat, radio",chirp-v5,pop
pop,power pop,"power pop, summery atmosphere, featuring breathy lead vocal over chiming guitars and strings","pop, bedroom, lo-fi",chirp-v5,pop
pop,dream pop,"dream pop, summery atmosphere, featuring breathy lead vocal over chiming guitars and strings","pop, synth, vocals",chirp-v5,pop
pop,art pop,"art pop, summery atmosphere, featuring breathy lead vocal over chiming guitars and strings","pop, dance, electronic",chirp-v5,pop
pop,bedroom pop,"bedroom pop, summery atmosphere, featuring breathy lead vocal over chiming guitars and strings","pop, indie, dreamy",chirp-v5,pop
pop,bubblegum pop,"bubblegum pop, summery atmosphere, featuring breathy lead vocal over chiming guitars and strings","pop, upbeat, radio",chirp-v5,pop
pop,hyperpop,"hyperpop, summery atmosphere, featuring breathy lead vocal over chiming guitars and strings","pop, bedroom, lo-fi",chirp-v5,pop
pop,synth-pop,"synth-pop, heartbroken atmosphere, featuring breathy lead vocal over chiming guitars and strings","pop, synth, vocals",chirp-v5,pop
pop,indie pop,"indie pop, heartbroken atmosphere, featuring breathy lead vocal over chiming guitars and strings","pop, dance, electronic",chirp-v5,pop
pop,dance-pop,"dance-pop, heartbroken atmosphere, featuring breathy lead vocal over chiming guitars and strings","pop, indie, dreamy",chirp-v5,pop
pop,electro-pop,"electro-pop, heartbroken atmosphere, featuring breathy lead vocal over chiming guitars and strings","pop, upbeat, radio",chirp-v5,pop
pop,power pop,"power pop, heartbroken atmosphere, featuring breathy lead vocal over chiming guitars and strings","pop, bedroom, lo-fi",chirp-v5,pop
pop,dream pop,"dream pop, heartbroken atmosphere, featuring breathy lead vocal over chiming guitars and strings","pop, synth, vocals",chirp-v5,pop
pop,art pop,"art pop, heartbroken atmosphere, featuring breathy lead vocal over chiming guitars and strings","pop, dance, electronic",chirp-v5,pop
pop,bedroom pop,"bedroom pop, heartbroken atmosphere, featuring breathy lead vocal over chiming guitars and strings","pop, indie, dreamy",chirp-v5,pop
pop,bubblegum pop,"bubblegum pop, heartbroken atmosphere, featuring breathy lead vocal over chiming guitars and strings","pop, upbeat, radio",chirp-v5,pop
pop,hyperpop,"hyperpop, heartbroken atmosphere, featuring breathy lead vocal over chiming guitars and strings","pop, bedroom, lo-fi",chirp-v5,pop
pop,synth-pop,"synth-pop, celebratory atmosphere, featuring breathy lead vocal over chiming guitars and strings","pop, synth, vocals",chirp-v5,pop
pop,indie pop,"indie pop, celebratory atmosphere, featuring breathy lead vocal over chiming guitars and strings","pop, dance, electronic",chirp-v5,pop
pop,dance-pop,"dance-pop, celebratory atmosphere, featuring breathy lead vocal over chiming guitars and strings","pop, indie, dreamy",chirp-v5,pop
pop,electro-pop,"electro-pop, celebratory atmosphere, featuring breathy lead vocal over chiming guitars and strings","pop, upbeat, radio",chirp-v5,pop
pop,power pop,"power pop, celebratory atmosphere, featuring breathy lead vocal over chiming guitars and strings","pop, bedroom, lo-fi",chirp-v5,pop
pop,dream pop,"dream pop, celebratory atmosphere, featuring breathy lead vocal over chiming guitars and strings","pop, synth, vocals",chirp-v5,pop
pop,art pop,"art pop, celebratory atmosphere, featuring breathy lead vocal over chiming guitars and strings","pop, dance, electronic",chirp-v5,pop
pop,bedroom pop,"bedroom pop, celebratory atmosphere, featuring breathy lead vocal over chiming guitars and strings","pop, indie, dreamy",chirp-v5,pop
pop,bubblegum pop,"bubblegum pop, celebratory atmosphere, featuring breathy lead vocal over chiming guitars and strings","pop, upbeat, radio",chirp-v5,pop
pop,hyperpop,"hyperpop, celebratory atmosphere, featuring breathy lead vocal over chiming guitars and strings","pop, bedroom, lo-fi",chirp-v5,pop
pop,synth-pop,"synth-pop, upbeat atmosphere, featuring warm analog synths and driving percussion","pop, synth, vocals",chirp-v5,pop
pop,indie pop,"indie pop, upbeat atmosphere, featuring warm analog synths and driving percussion","pop, dance, electronic",chirp-v5,pop
pop,dance-pop,"dance-pop, upbeat atmosphere, featuring warm analog synths and driving percussion","pop, indie, dreamy",chirp-v5,pop
pop,electro-pop,"electro-pop, upbeat atmosphere, featuring warm analog synths and driving percussion","pop, upbeat, radio",chirp-v5,pop
pop,power pop,"power pop, upbeat atmosphere, featuring warm analog synths and driving percussion","pop, bedroom, lo-fi",chirp-v5,pop
pop,dream pop,"dream pop, upbeat atmosphere, featuring warm analog synths and driving percussion","pop, synth, vocals",chirp-v5,pop
pop,art pop,"art pop, upbeat atmosphere, featuring warm analog synths and driving percussion","pop, dance, electronic",chirp-v5,pop
pop,bedroom pop,"bedroom pop, upbeat atmosphere, featuring warm analog synths and driving percussion","pop, indie, dreamy",chirp-v5,pop
pop,bubblegum pop,"bubblegum pop, upbeat atmosphere, featuring warm analog synths and driving percussion","pop, upbeat, radio",chirp-v5,pop
pop,hyperpop,"hyperpop, upbeat atmosphere, featuring warm analog synths and driving percussion","pop, bedroom, lo-fi",chirp-v5,pop
pop,synth-pop,"synth-pop, bittersweet atmosphere, featuring warm analog synths and driving percussion","pop, synth, vocals",chirp-v5,pop
pop,indie pop,"indie pop, bittersweet atmosphere, featuring warm analog synths and driving percussion","pop, dance, electronic",chirp-v5,pop
pop,dance-pop,"dance-pop, bittersweet atmosphere, featuring warm analog synths and driving percussion","pop, indie, dreamy",chirp-v5,pop
pop,electro-pop,"electro-pop, bittersweet atmosphere, featuring warm analog synths and driving percussion","pop, upbeat, radio",chirp-v5,pop
pop,power pop,"power pop, bittersweet atmosphere, featuring warm analog synths and driving percussion","pop, bedroom, lo-fi",chirp-v5,pop
pop,dream pop,"dream pop, bittersweet atmosphere, featuring warm analog synths and driving percussion","pop, synth, vocals",chirp-v5,pop
pop,art pop,"art pop, bittersweet atmosphere, featuring warm analog synths and driving percussion","pop, dance, electronic",chirp-v5,pop
pop,bedroom pop,"bedroom pop, bittersweet atmosphere, featuring warm analog synths and driving percussion","pop, indie, dreamy",chirp-v5,pop
pop,bubblegum pop,"bubblegum pop, bittersweet atmosphere, featuring warm analog synths and driving percussion","pop, upbeat, radio",chirp-v5,pop
pop,hyperpop,"hyperpop, bittersweet atmosphere, featuring warm analog synths and driving percussion","pop, bedroom, lo-fi",chirp-v5,pop
pop,synth-pop,"synth-pop, euphoric atmosphere, featuring warm analog synths and driving percussion","pop, synth, vocals",chirp-v5,pop
pop,indie pop,"indie pop, euphoric atmosphere, featuring warm analog synths and driving percussion","pop, dance, electronic",chirp-v5,pop
pop,dance-pop,"dance-pop, euphoric atmosphere, featuring warm analog synths and driving percussion","pop, indie, dreamy",chirp-v5,pop
pop,electro-pop,"electro-pop, euphoric atmosphere, featuring warm analog synths and driving percussion","pop, upbeat, radio",chirp-v5,pop
pop,power pop,"power pop, euphoric atmosphere, featuring warm analog synths and driving percussion","pop, bedroom, lo-fi",chirp-v5,pop
pop,dream pop,"dream pop, euphoric atmosphere, featuring warm analog synths and driving percussion","pop, synth, vocals",chirp-v5,pop
pop,art pop,"art pop, euphoric atmosphere, featuring warm analog synths and driving percussion","pop, dance, electronic",chirp-v5,pop
pop,bedroom pop,"bedroom pop, euphoric atmosphere, featuring warm analog synths and driving percussion","pop, indie, dreamy",chirp-v5,pop
pop,bubblegum pop,"bubblegum pop, euphoric atmosphere, featuring warm analog synths and driving percussion","pop, upbeat, radio",chirp-v5,pop
pop,hyperpop,"hyperpop, euphoric atmosphere, featuring warm analog synths and driving percussion","pop, bedroom, lo-fi",chirp-v5,pop
pop,synth-pop,"synth-pop, wistful atmosphere, featuring warm analog synths and driving percussion","pop, synth, vocals",chirp-v5,pop
pop,indie pop,"indie pop, wistful atmosphere, featuring warm analog synths and driving percussion","pop, dance, electronic",chirp-v5,pop
pop,dance-pop,"dance-pop, wistful atmosphere, featuring warm analog synths and driving percussion","pop, indie, dreamy",chirp-v5,pop
pop,electro-pop,"electro-pop, wistful atmosphere, featuring warm analog synths and driving percussion","pop, upbeat, radio",chirp-v5,pop
pop,power pop,"power pop, wistful atmosphere, featuring warm analog synths and driving percussion","pop, bedroom, lo-fi",chirp-v5,pop
pop,dream pop,"dream pop, wistful atmosphere, featuring warm analog synths and driving percussion","pop, synth, vocals",chirp-v5,pop
pop,art pop,"art pop, wistful atmosphere, featuring warm analog synths and driving percussion","pop, dance, electronic",chirp-v5,pop
pop,bedroom pop,"bedroom pop, wistful atmosphere, featuring warm analog synths and driving percussion","pop, indie, dreamy",chirp-v5,pop
pop,bubblegum pop,"bubblegum pop, wistful atmosphere, featuring warm analog synths and driving percussion","pop, upbeat, radio",chirp-v5,pop
pop,hyperpop,"hyperpop, wistful atmosphere, featuring warm analog synths and driving percussion","pop, bedroom, lo-fi",chirp-v5,pop
pop,synth-pop,"synth-pop, carefree atmosphere, featuring warm analog synths and driving percussion","pop, synth, vocals",chirp-v5,pop
pop,indie pop,"indie pop, carefree atmosphere, featuring warm analog synths and driving percussion","pop, dance, electronic",chirp-v5,pop
pop,dance-pop,"dance-pop, carefree atmosphere, featuring warm analog synths and driving percussion","pop, indie, dreamy",chirp-v5,pop
pop,electro-pop,"electro-pop, carefree atmosphere, featuring warm analog synths and driving percussion","pop, upbeat, radio",chirp-v5,pop
pop,power pop,"power pop, carefree atmosphere, featuring warm analog synths and driving percussion","pop, bedroom, lo-fi",chirp-v5,pop
pop,dream pop,"dream pop, carefree atmosphere, featuring warm analog synths and driving percussion","pop, synth, vocals",chirp-v5,pop
pop,art pop,"art pop, carefree atmosphere, featuring warm analog synths and driving percussion","pop, dance, electronic",chirp-v5,pop
pop,bedroom pop,"bedroom pop, carefree atmosphere, featuring warm analog synths and driving percussion","pop, indie, dreamy",chirp-v5,pop
pop,bubblegum pop,"bubblegum pop, carefree atmosphere, featuring warm analog synths and driving percussion","pop, upbeat, radio",chirp-v5,pop
pop,hyperpop,"hyperpop, carefree atmosphere, featuring warm analog synths and driving percussion","pop, bedroom, lo-fi",chirp-v5,pop
pop,synth-pop,"synth-pop, romantic atmosphere, featuring warm analog synths and driving percussion","pop, synth, vocals",chirp-v5,pop
pop,indie pop,"indie pop, romantic atmosphere, featuring warm analog synths and driving percussion","pop, dance, electronic",chirp-v5,pop
pop,dance-pop,"dance-pop, romantic atmosphere, featuring warm analog synths and driving percussion","pop, indie, dreamy",chirp-v5,pop
pop,electro-pop,"electro-pop, romantic atmosphere, featuring warm analog synths and driving percussion","pop, upbeat, radio",chirp-v5,pop
pop,power pop,"power pop, romantic atmosphere, featuring warm analog synths and driving percussion","pop, bedroom, lo-fi",chirp-v5,pop
pop,dream pop,"dream pop, romantic atmosphere, featuring warm analog synths and driving percussion","pop, synth, vocals",chirp-v5,pop
pop,art pop,"art pop, romantic atmosphere, featuring warm analog synths and driving percussion","pop, dance, electronic",chirp-v5,pop
pop,bedroom pop,"bedroom pop, romantic atmosphere, featuring warm analog synths and driving percussion","pop, indie, dreamy",chirp-v5,pop
pop,bubblegum pop,"bubblegum pop, romantic atmosphere, featuring warm analog synths and driving percussion","pop, upbeat, radio",chirp-v5,pop
pop,hyperpop,"hyperpop, romantic atmosphere, featuring warm analog synths and driving percussion","pop, bedroom, lo-fi",chirp-v5,pop
pop,synth-pop,"synth-pop, nostalgic atmosphere, featuring warm analog synths and driving percussion","pop, synth, vocals",chirp-v5,pop
pop,indie pop,"indie pop, nostalgic atmosphere, featuring warm analog synths and driving percussion","pop, dance, electronic",chirp-v5,pop
pop,dance-pop,"dance-pop, nostalgic atmosphere, featuring warm analog synths and driving percussion","pop, indie, dreamy",chirp-v5,pop
pop,electro-pop,"electro-pop, nostalgic atmosphere, featuring warm analog synths and driving percussion","pop, upbeat, radio",chirp-v5,pop
pop,power pop,"power pop, nostalgic atmosphere, featuring warm analog synths and driving percussion","pop, bedroom, lo-fi",chirp-v5,pop
pop,dream pop,"dream pop, nostalgic atmosphere, featuring warm analog synths and driving percussion","pop, synth, vocals",chirp-v5,pop
pop,art pop,"art pop, nostalgic atmosphere, featuring warm analog synths and driving percussion","pop, dance, electronic",chirp-v5,pop
pop,bedroom pop,"bedroom pop, nostalgic atmosphere, featuring warm analog synths and driving percussion","pop, indie, dreamy",chirp-v5,pop
pop,bubblegum pop,"bubblegum pop, nostalgic atmosphere, featuring warm analog synths and driving percussion","pop, upbeat, radio",chirp-v5,pop
pop,hyperpop,"hyperpop, nostalgic atmosphere, featuring warm analog synths and driving percussion","pop, bedroom, lo-fi",chirp-v5,pop
pop,synth-pop,"synth-pop, summery atmosphere, featuring warm analog synths and driving percussion","pop, synth, vocals",chirp-v5,pop
pop,indie pop,"indie pop, summery atmosphere, featuring warm analog synths and driving percussion","pop, dance, electronic",chirp-v5,pop
pop,dance-pop,"dance-pop, summery atmosphere, featuring warm analog synths and driving percussion","pop, indie, dreamy",chirp-v5,pop
pop,electro-pop,"electro-pop, summery atmosphere, featuring warm analog synths and driving percussion","pop, upbeat, radio",chirp-v5,pop
pop,power pop,"power pop, summery atmosphere, featuring warm analog synths and driving percussion","pop, bedroom, lo-fi",chirp-v5,pop
pop,dream pop,"dream pop, summery atmosphere, featuring warm analog synths and driving percussion","pop, synth, vocals",chirp-v5,pop
pop,art pop,"art pop, summery atmosphere, featuring warm analog synths and driving percussion","pop, dance, electronic",chirp-v5,pop
pop,bedroom pop,"bedroom pop, summery atmosphere, featuring warm analog synths and driving percussion","pop, indie, dreamy",chirp-v5,pop
pop,bubblegum pop,"bubblegum pop, summery atmosphere, featuring warm analog synths and driving percussion","pop, upbeat, radio",chirp-v5,pop
pop,hyperpop,"hyperpop, summery atmosphere, featuring warm analog synths and driving percussion","pop, bedroom, lo-fi",chirp-v5,pop
pop,synth-pop,"synth-pop, heartbroken atmosphere, featuring warm analog synths and driving percussion","pop, synth, vocals",chirp-v5,pop
pop,indie pop,"indie pop, heartbroken atmosphere, featuring warm analog synths and driving percussion","pop, dance, electronic",chirp-v5,pop
pop,dance-pop,"dance-pop, heartbroken atmosphere, featuring warm analog synths and driving percussion","pop, indie, dreamy",chirp-v5,pop
pop,electro-pop,"electro-pop, heartbroken atmosphere, featuring warm analog synths and driving percussion","pop, upbeat, radio",chirp-v5,pop
pop,power pop,"power pop, heartbroken atmosphere, featuring warm analog synths and driving percussion","pop, bedroom, lo-fi",chirp-v5,pop
pop,dream pop,"dream pop, heartbroken atmosphere, featuring warm analog synths and driving percussion","pop, synth, vocals",chirp-v5,pop
pop,art pop,"art pop, heartbroken atmosphere, featuring warm analog synths and driving percussion","pop, dance, electronic",chirp-v5,pop
pop,bedroom pop,"bedroom pop, heartbroken atmosphere, featuring warm analog synths and driving percussion","pop, indie, dreamy",chirp-v5,pop
pop,bubblegum pop,"bubblegum pop, heartbroken atmosphere, featuring warm analog synths and driving percussion","pop, upbeat, radio",chirp-v5,pop
pop,hyperpop,"hyperpop, heartbroken atmosphere, featuring warm analog synths and driving percussion","pop, bedroom, lo-fi",chirp-v5,pop
pop,synth-pop,"synth-pop, celebratory atmosphere, featuring warm analog synths and driving percussion","pop, synth, vocals",chirp-v5,pop
pop,indie pop,"indie pop, celebratory atmosphere, featuring warm analog synths and driving percussion","pop, dance, electronic",chirp-v5,pop
pop,dance-pop,"dance-pop, celebratory atmosphere, featuring warm analog synths and driving percussion","pop, indie, dreamy",chirp-v5,pop
pop,electro-pop,"electro-pop, celebratory atmosphere, featuring warm analog synths and driving percussion","pop, upbeat, radio",chirp-v5,pop
pop,power pop,"power pop, celebratory atmosphere, featuring warm analog synths and driving percussion","pop, bedroom, lo-fi",chirp-v5,pop
pop,dream pop,"dream pop, celebratory atmosphere, featuring warm analog synths and driving percussion","pop, synth, vocals",chirp-v5,pop
pop,art pop,"art pop, celebratory atmosphere, featuring warm analog synths and driving percussion","pop, dance, electronic",chirp-v5,pop
pop,bedroom pop,"bedroom pop, celebratory atmosphere, featuring warm analog synths and driving percussion","pop, indie, dreamy",chirp-v5,pop
pop,bubblegum pop,"bubblegum pop, celebratory atmosphere, featuring warm analog synths and driving percussion","pop, upbeat, radio",chirp-v5,pop
pop,hyperpop,"hyperpop, celebratory atmosphere, featuring warm analog synths and driving percussion","pop, bedroom, lo-fi",chirp-v5,pop
pop,synth-pop,"synth-pop, upbeat atmosphere, featuring lo-fi drum machine with airy vocals and reverb guitar","pop, synth, vocals",chirp-v5,pop
pop,indie pop,"indie pop, upbeat atmosphere, featuring lo-fi drum machine with airy vocals and reverb guitar","pop, dance, electronic",chirp-v5,pop
pop,dance-pop,"dance-pop, upbeat atmosphere, featuring lo-fi drum machine with airy vocals and reverb guitar","pop, indie, dreamy",chirp-v5,pop
pop,electro-pop,"electro-pop, upbeat atmosphere, featuring lo-fi drum machine with airy vocals and reverb guitar","pop, upbeat, radio",chirp-v5,pop
pop,power pop,"power pop, upbeat atmosphere, featuring lo-fi drum machine with airy vocals and reverb guitar","pop, bedroom, lo-fi",chirp-v5,pop
pop,dream pop,"dream pop, upbeat atmosphere, featuring lo-fi drum machine with airy vocals and reverb guitar","pop, synth, vocals",chirp-v5,pop
pop,art pop,"art pop, upbeat atmosphere, featuring lo-fi drum machine with airy vocals and reverb guitar","pop, dance, electronic",chirp-v5,pop
pop,bedroom pop,"bedroom pop, upbeat atmosphere, featuring lo-fi drum machine with airy vocals and reverb guitar","pop, indie, dreamy",chirp-v5,pop
pop,bubblegum pop,"bubblegum pop, upbeat atmosphere, featuring lo-fi drum machine with airy vocals and reverb guitar","pop, upbeat, radio",chirp-v5,pop
pop,hyperpop,"hyperpop, upbeat atmosphere, featuring lo-fi drum machine with airy vocals and reverb guitar","pop, bedroom, lo-fi",chirp-v5,pop
pop,synth-pop,"synth-pop, bittersweet atmosphere, featuring lo-fi drum machine with airy vocals and reverb guitar","pop, synth, vocals",chirp-v5,pop
pop,indie pop,"indie pop, bittersweet atmosphere, featuring lo-fi drum machine with airy vocals and reverb guitar","pop, dance, electronic",chirp-v5,pop
pop,dance-pop,"dance-pop, bittersweet atmosphere, featuring lo-fi drum machine with airy vocals and reverb guitar","pop, indie, dreamy",chirp-v5,pop
pop,electro-pop,"electro-pop, bittersweet atmosphere, featuring lo-fi drum machine with airy vocals and reverb guitar","pop, upbeat, radio",chirp-v5,pop
pop,power pop,"power pop, bittersweet atmosphere, featuring lo-fi drum machine with airy vocals and reverb guitar","pop, bedroom, lo-fi",chirp-v5,pop
pop,dream pop,"dream pop, bittersweet atmosphere, featuring lo-fi drum machine with airy vocals and reverb guitar","pop, synth, vocals",chirp-v5,pop
pop,art pop,"art pop, bittersweet atmosphere, featuring lo-fi drum machine with airy vocals and reverb guitar","pop, dance, electronic",chirp-v5,pop
pop,bedroom pop,"bedroom pop, bittersweet atmosphere, featuring lo-fi drum machine with airy vocals and reverb guitar","pop, indie, dreamy",chirp-v5,pop
pop,bubblegum pop,"bubblegum pop, bittersweet atmosphere, featuring lo-fi drum machine with airy vocals and reverb guitar","pop, upbeat, radio",chirp-v5,pop
pop,hyperpop,"hyperpop, bittersweet atmosphere, featuring lo-fi drum machine with airy vocals and reverb guitar","pop, bedroom, lo-fi",chirp-v5,pop
pop,synth-pop,"synth-pop, euphoric atmosphere, featuring lo-fi drum machine with airy vocals and reverb guitar","pop, synth, vocals",chirp-v5,pop
pop,indie pop,"indie pop, euphoric atmosphere, featuring lo-fi drum machine with airy vocals and reverb guitar","pop, dance, electronic",chirp-v5,pop
pop,dance-pop,"dance-pop, euphoric atmosphere, featuring lo-fi drum machine with airy vocals and reverb guitar","pop, indie, dreamy",chirp-v5,pop
pop,electro-pop,"electro-pop, euphoric atmosphere, featuring lo-fi drum machine with airy vocals and reverb guitar","pop, upbeat, radio",chirp-v5,pop
pop,power pop,"power pop, euphoric atmosphere, featuring lo-fi drum machine with airy vocals and reverb guitar","pop, bedroom, lo-fi",chirp-v5,pop
pop,dream pop,"dream pop, euphoric atmosphere, featuring lo-fi drum machine with airy vocals and reverb guitar","pop, synth, vocals",chirp-v5,pop
pop,art pop,"art pop, euphoric atmosphere, featuring lo-fi drum machine with airy vocals and reverb guitar","pop, dance, electronic",chirp-v5,pop
pop,bedroom pop,"bedroom pop, euphoric atmosphere, featuring lo-fi drum machine with airy vocals and reverb guitar","pop, indie, dreamy",chirp-v5,pop
pop,bubblegum pop,"bubblegum pop, euphoric atmosphere, featuring lo-fi drum machine with airy vocals and reverb guitar","pop, upbeat, radio",chirp-v5,pop
pop,hyperpop,"hyperpop, euphoric atmosphere, featuring lo-fi drum machine with airy vocals and reverb guitar","pop, bedroom, lo-fi",chirp-v5,pop
pop,synth-pop,"synth-pop, wistful atmosphere, featuring lo-fi drum machine with airy vocals and reverb guitar","pop, synth, vocals",chirp-v5,pop
pop,indie pop,"indie pop, wistful atmosphere, featuring lo-fi drum machine with airy vocals and reverb guitar","pop, dance, electronic",chirp-v5,pop
pop,dance-pop,"dance-pop, wistful atmosphere, featuring lo-fi drum machine with airy vocals and reverb guitar","pop, indie, dreamy",chirp-v5,pop
pop,electro-pop,"electro-pop, wistful atmosphere, featuring lo-fi drum machine with airy vocals and reverb guitar","pop, upbeat, radio",chirp-v5,pop
pop,power pop,"power pop, wistful atmosphere, featuring lo-fi drum machine with airy vocals and reverb guitar","pop, bedroom, lo-fi",chirp-v5,pop
pop,dream pop,"dream pop, wistful atmosphere, featuring lo-fi drum machine with airy vocals and reverb guitar","pop, synth, vocals",chirp-v5,pop
pop,art pop,"art pop, wistful atmosphere, featuring lo-fi drum machine with airy vocals and reverb guitar","pop, dance, electronic",chirp-v5,pop
pop,bedroom pop,"bedroom pop, wistful atmosphere, featuring lo-fi drum machine with airy vocals and reverb guitar","pop, indie, dreamy",chirp-v5,pop
pop,bubblegum pop,"bubblegum pop, wistful atmosphere, featuring lo-fi drum machine with airy vocals and reverb guitar","pop, upbeat, radio",chirp-v5,pop
pop,hyperpop,"hyperpop, wistful atmosphere, featuring lo-fi drum machine with airy vocals and reverb guitar","pop, bedroom, lo-fi",chirp-v5,pop
pop,synth-pop,"synth-pop, carefree atmosphere, featuring lo-fi drum machine with airy vocals and reverb guitar","pop, synth, vocals",chirp-v5,pop
pop,indie pop,"indie pop, carefree atmosphere, featuring lo-fi drum machine with airy vocals and reverb guitar","pop, dance, electronic",chirp-v5,pop
pop,dance-pop,"dance-pop, carefree atmosphere, featuring lo-fi drum machine with airy vocals and reverb guitar","pop, indie, dreamy",chirp-v5,pop
pop,electro-pop,"electro-pop, carefree atmosphere, featuring lo-fi drum machine with airy vocals and reverb guitar","pop, upbeat, radio",chirp-v5,pop
pop,power pop,"power pop, carefree atmosphere, featuring lo-fi drum machine with airy vocals and reverb guitar","pop, bedroom, lo-fi",chirp-v5,pop
pop,dream pop,"dream pop, carefree atmosphere, featuring lo-fi drum machine with airy vocals and reverb guitar","pop, synth, vocals",chirp-v5,pop
pop,art pop,"art pop, carefree atmosphere, featuring lo-fi drum machine with airy vocals and reverb guitar","pop, dance, electronic",chirp-v5,pop
pop,bedroom pop,"bedroom pop, carefree atmosphere, featuring lo-fi drum machine with airy vocals and reverb guitar","pop, indie, dreamy",chirp-v5,pop
pop,bubblegum pop,"bubblegum pop, carefree atmosphere, featuring lo-fi drum machine with airy vocals and reverb guitar","pop, upbeat, radio",chirp-v5,pop
pop,hyperpop,"hyperpop, carefree atmosphere, featuring lo-fi drum machine with airy vocals and reverb guitar","pop, bedroom, lo-fi",chirp-v5,pop
pop,synth-pop,"synth-pop, romantic atmosphere, featuring lo-fi drum machine with airy vocals and reverb guitar","pop, synth, vocals",chirp-v5,pop
pop,indie pop,"indie pop, romantic atmosphere, featuring lo-fi drum machine with airy vocals and reverb guitar","pop, dance, electronic",chirp-v5,pop
pop,dance-pop,"dance-pop, romantic atmosphere, featuring lo-fi drum machine with airy vocals and reverb guitar","pop, indie, dreamy",chirp-v5,pop
pop,electro-pop,"electro-pop, romantic atmosphere, featuring lo-fi drum machine with airy vocals and reverb guitar","pop, upbeat, radio",chirp-v5,pop
pop,power pop,"power pop, romantic atmosphere, featuring lo-fi drum machine with airy vocals and reverb guitar","pop, bedroom, lo-fi",chirp-v5,pop
pop,dream pop,"dream pop, romantic atmosphere, featuring lo-fi drum machine with airy vocals and reverb guitar","pop, synth, vocals",chirp-v5,pop
pop,art pop,"art pop, romantic atmosphere, featuring lo-fi drum machine with airy vocals and reverb guitar","pop, dance, electronic",chirp-v5,pop
pop,bedroom pop,"bedroom pop, romantic atmosphere, featuring lo-fi drum machine with airy vocals and reverb guitar","pop, indie, dreamy",chirp-v5,pop
pop,bubblegum pop,"bubblegum pop, romantic atmosphere, featuring lo-fi drum machine with airy vocals and reverb guitar","pop, upbeat, radio",chirp-v5,pop
pop,hyperpop,"hyperpop, romantic atmosphere, featuring lo-fi drum machine with airy vocals and reverb guitar","pop, bedroom, lo-fi",chirp-v5,pop
pop,synth-pop,"synth-pop, nostalgic atmosphere, featuring lo-fi drum machine with airy vocals and reverb guitar","pop, synth, vocals",chirp-v5,pop
pop,indie pop,"indie pop, nostalgic atmosphere, featuring lo-fi drum machine with airy vocals and reverb guitar","pop, dance, electronic",chirp-v5,pop
pop,dance-pop,"dance-pop, nostalgic atmosphere, featuring lo-fi drum machine with airy vocals and reverb guitar","pop, indie, dreamy",chirp-v5,pop
pop,electro-pop,"electro-pop, nostalgic atmosphere, featuring lo-fi drum machine with airy vocals and reverb guitar","pop, upbeat, radio",chirp-v5,pop
pop,power pop,"power pop, nostalgic atmosphere, featuring lo-fi drum machine with airy vocals and reverb guitar","pop, bedroom, lo-fi",chirp-v5,pop
pop,dream pop,"dream pop, nostalgic atmosphere, featuring lo-fi drum machine with airy vocals and reverb guitar","pop, synth, vocals",chirp-v5,pop
pop,art pop,"art pop, nostalgic atmosphere, featuring lo-fi drum machine with airy vocals and reverb guitar","pop, dance, electronic",chirp-v5,pop
pop,bedroom pop,"bedroom pop, nostalgic atmosphere, featuring lo-fi drum machine with airy vocals and reverb guitar","pop, indie, dreamy",chirp-v5,pop
pop,bubblegum pop,"bubblegum pop, nostalgic atmosphere, featuring lo-fi drum machine with airy vocals and reverb guitar","pop, upbeat, radio",chirp-v5,pop
pop,hyperpop,"hyperpop, nostalgic atmosphere, featuring lo-fi drum machine with airy vocals and reverb guitar","pop, bedroom, lo-fi",chirp-v5,pop
pop,synth-pop,"synth-pop, summery atmosphere, featuring lo-fi drum machine with airy vocals and reverb guitar","pop, synth, vocals",chirp-v5,pop
pop,indie pop,"indie pop, summery atmosphere, featuring lo-fi drum machine with airy vocals and reverb guitar","pop, dance, electronic",chirp-v5,pop
pop,dance-pop,"dance-pop, summery atmosphere, featuring lo-fi drum machine with airy vocals and reverb guitar","pop, indie, dreamy",chirp-v5,pop
pop,electro-pop,"electro-pop, summery atmosphere, featuring lo-fi drum machine with airy vocals and reverb guitar","pop, upbeat, radio",chirp-v5,pop
pop,power pop,"power pop, summery atmosphere, featuring lo-fi drum machine with airy vocals and reverb guitar","pop, bedroom, lo-fi",chirp-v5,pop
pop,dream pop,"dream pop, summery atmosphere, featuring lo-fi drum machine with airy vocals and reverb guitar","pop, synth, vocals",chirp-v5,pop
pop,art pop,"art pop, summery atmosphere, featuring lo-fi drum machine with airy vocals and reverb guitar","pop, dance, electronic",chirp-v5,pop
pop,bedroom pop,"bedroom pop, summery atmosphere, featuring lo-fi drum machine with airy vocals and reverb guitar","pop, indie, dreamy",chirp-v5,pop
pop,bubblegum pop,"bubblegum pop, summery atmosphere, featuring lo-fi drum machine with airy vocals and reverb guitar","pop, upbeat, radio",chirp-v5,pop
pop,hyperpop,"hyperpop, summery atmosphere, featuring lo-fi drum machine with airy vocals and reverb guitar","pop, bedroom, lo-fi",chirp-v5,pop
pop,synth-pop,"synth-pop, heartbroken atmosphere, featuring lo-fi drum machine with airy vocals and reverb guitar","pop, synth, vocals",chirp-v5,pop
pop,indie pop,"indie pop, heartbroken atmosphere, featuring lo-fi drum machine with airy vocals and reverb guitar","pop, dance, electronic",chirp-v5,pop
pop,dance-pop,"dance-pop, heartbroken atmosphere, featuring lo-fi drum machine with airy vocals and reverb guitar","pop, indie, dreamy",chirp-v5,pop
pop,electro-pop,"electro-pop, heartbroken atmosphere, featuring lo-fi drum machine with airy vocals and reverb guitar","pop, upbeat, radio",chirp-v5,pop
pop,power pop,"power pop, heartbroken atmosphere, featuring lo-fi drum machine with airy vocals and reverb guitar","pop, bedroom, lo-fi",chirp-v5,pop
pop,dream pop,"dream pop, heartbroken atmosphere, featuring lo-fi drum machine with airy vocals and reverb guitar","pop, synth, vocals",chirp-v5,pop
pop,art pop,"art pop, heartbroken atmosphere, featuring lo-fi drum machine with airy vocals and reverb guitar","pop, dance, electronic",chirp-v5,pop
pop,bedroom pop,"bedroom pop, heartbroken atmosphere, featuring lo-fi drum machine with airy vocals and reverb guitar","pop, indie, dreamy",chirp-v5,pop
pop,bubblegum pop,"bubblegum pop, heartbroken atmosphere, featuring lo-fi drum machine with airy vocals and reverb guitar","pop, upbeat, radio",chirp-v5,pop
pop,hyperpop,"hyperpop, heartbroken atmosphere, featuring lo-fi drum machine with airy vocals and reverb guitar","pop, bedroom, lo-fi",chirp-v5,pop
pop,synth-pop,"synth-pop, celebratory atmosphere, featuring lo-fi drum machine with airy vocals and reverb guitar","pop, synth, vocals",chirp-v5,pop
pop,indie pop,"indie pop, celebratory atmosphere, featuring lo-fi drum machine with airy vocals and reverb guitar","pop, dance, electronic",chirp-v5,pop
pop,dance-pop,"dance-pop, celebratory atmosphere, featuring lo-fi drum machine with airy vocals and reverb guitar","pop, indie, dreamy",chirp-v5,pop
pop,electro-pop,"electro-pop, celebratory atmosphere, featuring lo-fi drum machine with airy vocals and reverb guitar","pop, upbeat, radio",chirp-v5,pop
pop,power pop,"power pop, celebratory atmosphere, featuring lo-fi drum machine with airy vocals and reverb guitar","pop, bedroom, lo-fi",chirp-v5,pop
pop,dream pop,"dream pop, celebratory atmosphere, featuring lo-fi drum machine with airy vocals and reverb guitar","pop, synth, vocals",chirp-v5,pop
pop,art pop,"art pop, celebratory atmosphere, featuring lo-fi drum machine with airy vocals and reverb guitar","pop, dance, electronic",chirp-v5,pop
pop,bedroom pop,"bedroom pop, celebratory atmosphere, featuring lo-fi drum machine with airy vocals and reverb guitar","pop, indie, dreamy",chirp-v5,pop
pop,bubblegum pop,"bubblegum pop, celebratory atmosphere, featuring lo-fi drum machine with airy vocals and reverb guitar","pop, upbeat, radio",chirp-v5,pop
pop,hyperpop,"hyperpop, celebratory atmosphere, featuring lo-fi drum machine with airy vocals and reverb guitar","pop, bedroom, lo-fi",chirp-v5,pop
pop,synth-pop,"synth-pop, upbeat atmosphere, featuring anthemic bridge with soaring harmonies and rising strings","pop, synth, vocals",chirp-v5,pop
pop,indie pop,"indie pop, upbeat atmosphere, featuring anthemic bridge with soaring harmonies and rising strings","pop, dance, electronic",chirp-v5,pop
pop,dance-pop,"dance-pop, upbeat atmosphere, featuring anthemic bridge with soaring harmonies and rising strings","pop, indie, dreamy",chirp-v5,pop
pop,electro-pop,"electro-pop, upbeat atmosphere, featuring anthemic bridge with soaring harmonies and rising strings","pop, upbeat, radio",chirp-v5,pop
pop,power pop,"power pop, upbeat atmosphere, featuring anthemic bridge with soaring harmonies and rising strings","pop, bedroom, lo-fi",chirp-v5,pop
pop,dream pop,"dream pop, upbeat atmosphere, featuring anthemic bridge with soaring harmonies and rising strings","pop, synth, vocals",chirp-v5,pop
pop,art pop,"art pop, upbeat atmosphere, featuring anthemic bridge with soaring harmonies and rising strings","pop, dance, electronic",chirp-v5,pop
pop,bedroom pop,"bedroom pop, upbeat atmosphere, featuring anthemic bridge with soaring harmonies and rising strings","pop, indie, dreamy",chirp-v5,pop
pop,bubblegum pop,"bubblegum pop, upbeat atmosphere, featuring anthemic bridge with soaring harmonies and rising strings","pop, upbeat, radio",chirp-v5,pop
pop,hyperpop,"hyperpop, upbeat atmosphere, featuring anthemic bridge with soaring harmonies and rising strings","pop, bedroom, lo-fi",chirp-v5,pop
pop,synth-pop,"synth-pop, bittersweet atmosphere, featuring anthemic bridge with soaring harmonies and rising strings","pop, synth, vocals",chirp-v5,pop
pop,indie pop,"indie pop, bittersweet atmosphere, featuring anthemic bridge with soaring harmonies and rising strings","pop, dance, electronic",chirp-v5,pop
pop,dance-pop,"dance-pop, bittersweet atmosphere, featuring anthemic bridge with soaring harmonies and rising strings","pop, indie, dreamy",chirp-v5,pop
pop,electro-pop,"electro-pop, bittersweet atmosphere, featuring anthemic bridge with soaring harmonies and rising strings","pop, upbeat, radio",chirp-v5,pop
pop,power pop,"power pop, bittersweet atmosphere, featuring anthemic bridge with soaring harmonies and rising strings","pop, bedroom, lo-fi",chirp-v5,pop
pop,dream pop,"dream pop, bittersweet atmosphere, featuring anthemic bridge with soaring harmonies and rising strings","pop, synth, vocals",chirp-v5,pop
pop,art pop,"art pop, bittersweet atmosphere, featuring anthemic bridge with soaring harmonies and rising strings","pop, dance, electronic",chirp-v5,pop
pop,bedroom pop,"bedroom pop, bittersweet atmosphere, featuring anthemic bridge with soaring harmonies and rising strings","pop, indie, dreamy",chirp-v5,pop
pop,bubblegum pop,"bubblegum pop, bittersweet atmosphere, featuring anthemic bridge with soaring harmonies and rising strings","pop, upbeat, radio",chirp-v5,pop
pop,hyperpop,"hyperpop, bittersweet atmosphere, featuring anthemic bridge with soaring harmonies and rising strings","pop, bedroom, lo-fi",chirp-v5,pop
pop,synth-pop,"synth-pop, euphoric atmosphere, featuring anthemic bridge with soaring harmonies and rising strings","pop, synth, vocals",chirp-v5,pop
pop,indie pop,"indie pop, euphoric atmosphere, featuring anthemic bridge with soaring harmonies and rising strings","pop, dance, electronic",chirp-v5,pop
pop,dance-pop,"dance-pop, euphoric atmosphere, featuring anthemic bridge with soaring harmonies and rising strings","pop, indie, dreamy",chirp-v5,pop
pop,electro-pop,"electro-pop, euphoric atmosphere, featuring anthemic bridge with soaring harmonies and rising strings","pop, upbeat, radio",chirp-v5,pop
pop,power pop,"power pop, euphoric atmosphere, featuring anthemic bridge with soaring harmonies and rising strings","pop, bedroom, lo-fi",chirp-v5,pop
pop,dream pop,"dream pop, euphoric atmosphere, featuring anthemic bridge with soaring harmonies and rising strings","pop, synth, vocals",chirp-v5,pop
pop,art pop,"art pop, euphoric atmosphere, featuring anthemic bridge with soaring harmonies and rising strings","pop, dance, electronic",chirp-v5,pop
pop,bedroom pop,"bedroom pop, euphoric atmosphere, featuring anthemic bridge with soaring harmonies and rising strings","pop, indie, dreamy",chirp-v5,pop
pop,bubblegum pop,"bubblegum pop, euphoric atmosphere, featuring anthemic bridge with soaring harmonies and rising strings","pop, upbeat, radio",chirp-v5,pop
pop,hyperpop,"hyperpop, euphoric atmosphere, featuring anthemic bridge with soaring harmonies and rising strings","pop, bedroom, lo-fi",chirp-v5,pop
pop,synth-pop,"synth-pop, wistful atmosphere, featuring anthemic bridge with soaring harmonies and rising strings","pop, synth, vocals",chirp-v5,pop
pop,indie pop,"indie pop, wistful atmosphere, featuring anthemic bridge with soaring harmonies and rising strings","pop, dance, electronic",chirp-v5,pop
pop,dance-pop,"dance-pop, wistful atmosphere, featuring anthemic bridge with soaring harmonies and rising strings","pop, indie, dreamy",chirp-v5,pop
pop,electro-pop,"electro-pop, wistful atmosphere, featuring anthemic bridge with soaring harmonies and rising strings","pop, upbeat, radio",chirp-v5,pop
pop,power pop,"power pop, wistful atmosphere, featuring anthemic bridge with soaring harmonies and rising strings","pop, bedroom, lo-fi",chirp-v5,pop
pop,dream pop,"dream pop, wistful atmosphere, featuring anthemic bridge with soaring harmonies and rising strings","pop, synth, vocals",chirp-v5,pop
pop,art pop,"art pop, wistful atmosphere, featuring anthemic bridge with soaring harmonies and rising strings","pop, dance, electronic",chirp-v5,pop
pop,bedroom pop,"bedroom pop, wistful atmosphere, featuring anthemic bridge with soaring harmonies and rising strings","pop, indie, dreamy",chirp-v5,pop
pop,bubblegum pop,"bubblegum pop, wistful atmosphere, featuring anthemic bridge with soaring harmonies and rising strings","pop, upbeat, radio",chirp-v5,pop
pop,hyperpop,"hyperpop, wistful atmosphere, featuring anthemic bridge with soaring harmonies and rising strings","pop, bedroom, lo-fi",chirp-v5,pop
pop,synth-pop,"synth-pop, carefree atmosphere, featuring anthemic bridge with soaring harmonies and rising strings","pop, synth, vocals",chirp-v5,pop
pop,indie pop,"indie pop, carefree atmosphere, featuring anthemic bridge with soaring harmonies and rising strings","pop, dance, electronic",chirp-v5,pop
pop,dance-pop,"dance-pop, carefree atmosphere, featuring anthemic bridge with soaring harmonies and rising strings","pop, indie, dreamy",chirp-v5,pop
pop,electro-pop,"electro-pop, carefree atmosphere, featuring anthemic bridge with soaring harmonies and rising strings","pop, upbeat, radio",chirp-v5,pop
pop,power pop,"power pop, carefree atmosphere, featuring anthemic bridge with soaring harmonies and rising strings","pop, bedroom, lo-fi",chirp-v5,pop
pop,dream pop,"dream pop, carefree atmosphere, featuring anthemic bridge with soaring harmonies and rising strings","pop, synth, vocals",chirp-v5,pop
pop,art pop,"art pop, carefree atmosphere, featuring anthemic bridge with soaring harmonies and rising strings","pop, dance, electronic",chirp-v5,pop
pop,bedroom pop,"bedroom pop, carefree atmosphere, featuring anthemic bridge with soaring harmonies and rising strings","pop, indie, dreamy",chirp-v5,pop
pop,bubblegum pop,"bubblegum pop, carefree atmosphere, featuring anthemic bridge with soaring harmonies and rising strings","pop, upbeat, radio",chirp-v5,pop
pop,hyperpop,"hyperpop, carefree atmosphere, featuring anthemic bridge with soaring harmonies and rising strings","pop, bedroom, lo-fi",chirp-v5,pop
pop,synth-pop,"synth-pop, romantic atmosphere, featuring anthemic bridge with soaring harmonies and rising strings","pop, synth, vocals",chirp-v5,pop
pop,indie pop,"indie pop, romantic atmosphere, featuring anthemic bridge with soaring harmonies and rising strings","pop, dance, electronic",chirp-v5,pop
pop,dance-pop,"dance-pop, romantic atmosphere, featuring anthemic bridge with soaring harmonies and rising strings","pop, indie, dreamy",chirp-v5,pop
pop,electro-pop,"electro-pop, romantic atmosphere, featuring anthemic bridge with soaring harmonies and rising strings","pop, upbeat, radio",chirp-v5,pop
pop,power pop,"power pop, romantic atmosphere, featuring anthemic bridge with soaring harmonies and rising strings","pop, bedroom, lo-fi",chirp-v5,pop
pop,dream pop,"dream pop, romantic atmosphere, featuring anthemic bridge with soaring harmonies and rising strings","pop, synth, vocals",chirp-v5,pop
pop,art pop,"art pop, romantic atmosphere, featuring anthemic bridge with soaring harmonies and rising strings","pop, dance, electronic",chirp-v5,pop
pop,bedroom pop,"bedroom pop, romantic atmosphere, featuring anthemic bridge with soaring harmonies and rising strings","pop, indie, dreamy",chirp-v5,pop
pop,bubblegum pop,"bubblegum pop, romantic atmosphere, featuring anthemic bridge with soaring harmonies and rising strings","pop, upbeat, radio",chirp-v5,pop
pop,hyperpop,"hyperpop, romantic atmosphere, featuring anthemic bridge with soaring harmonies and rising strings","pop, bedroom, lo-fi",chirp-v5,pop
pop,synth-pop,"synth-pop, nostalgic atmosphere, featuring anthemic bridge with soaring harmonies and rising strings","pop, synth, vocals",chirp-v5,pop
pop,indie pop,"indie pop, nostalgic atmosphere, featuring anthemic bridge with soaring harmonies and rising strings","pop, dance, electronic",chirp-v5,pop
pop,dance-pop,"dance-pop, nostalgic atmosphere, featuring anthemic bridge with soaring harmonies and rising strings","pop, indie, dreamy",chirp-v5,pop
pop,electro-pop,"electro-pop, nostalgic atmosphere, featuring anthemic bridge with soaring harmonies and rising strings","pop, upbeat, radio",chirp-v5,pop
pop,power pop,"power pop, nostalgic atmosphere, featuring anthemic bridge with soaring harmonies and rising strings","pop, bedroom, lo-fi",chirp-v5,pop
pop,dream pop,"dream pop, nostalgic atmosphere, featuring anthemic bridge with soaring harmonies and rising strings","pop, synth, vocals",chirp-v5,pop
pop,art pop,"art pop, nostalgic atmosphere, featuring anthemic bridge with soaring harmonies and rising strings","pop, dance, electronic",chirp-v5,pop
pop,bedroom pop,"bedroom pop, nostalgic atmosphere, featuring anthemic bridge with soaring harmonies and rising strings","pop, indie, dreamy",chirp-v5,pop
pop,bubblegum pop,"bubblegum pop, nostalgic atmosphere, featuring anthemic bridge with soaring harmonies and rising strings","pop, upbeat, radio",chirp-v5,pop
pop,hyperpop,"hyperpop, nostalgic atmosphere, featuring anthemic bridge with soaring harmonies and rising strings","pop, bedroom, lo-fi",chirp-v5,pop
pop,synth-pop,"synth-pop, summery atmosphere, featuring anthemic bridge with soaring harmonies and rising strings","pop, synth, vocals",chirp-v5,pop
pop,indie pop,"indie pop, summery atmosphere, featuring anthemic bridge with soaring harmonies and rising strings","pop, dance, electronic",chirp-v5,pop
pop,dance-pop,"dance-pop, summery atmosphere, featuring anthemic bridge with soaring harmonies and rising strings","pop, indie, dreamy",chirp-v5,pop
pop,electro-pop,"electro-pop, summery atmosphere, featuring anthemic bridge with soaring harmonies and rising strings","pop, upbeat, radio",chirp-v5,pop
pop,power pop,"power pop, summery atmosphere, featuring anthemic bridge with soaring harmonies and rising strings","pop, bedroom, lo-fi",chirp-v5,pop
pop,dream pop,"dream pop, summery atmosphere, featuring anthemic bridge with soaring harmonies and rising strings","pop, synth, vocals",chirp-v5,pop
pop,art pop,"art pop, summery atmosphere, featuring anthemic bridge with soaring harmonies and rising strings","pop, dance, electronic",chirp-v5,pop
pop,bedroom pop,"bedroom pop, summery atmosphere, featuring anthemic bridge with soaring harmonies and rising strings","pop, indie, dreamy",chirp-v5,pop
pop,bubblegum pop,"bubblegum pop, summery atmosphere, featuring anthemic bridge with soaring harmonies and rising strings","pop, upbeat, radio",chirp-v5,pop
pop,hyperpop,"hyperpop, summery atmosphere, featuring anthemic bridge with soaring harmonies and rising strings","pop, bedroom, lo-fi",chirp-v5,pop
pop,synth-pop,"synth-pop, heartbroken atmosphere, featuring anthemic bridge with soaring harmonies and rising strings","pop, synth, vocals",chirp-v5,pop
pop,indie pop,"indie pop, heartbroken atmosphere, featuring anthemic bridge with soaring harmonies and rising strings","pop, dance, electronic",chirp-v5,pop
pop,dance-pop,"dance-pop, heartbroken atmosphere, featuring anthemic bridge with soaring harmonies and rising strings","pop, indie, dreamy",chirp-v5,pop
pop,electro-pop,"electro-pop, heartbroken atmosphere, featuring anthemic bridge with soaring harmonies and rising strings","pop, upbeat, radio",chirp-v5,pop
pop,power pop,"power pop, heartbroken atmosphere, featuring anthemic bridge with soaring harmonies and rising strings","pop, bedroom, lo-fi",chirp-v5,pop
pop,dream pop,"dream pop, heartbroken atmosphere, featuring anthemic bridge with soaring harmonies and rising strings","pop, synth, vocals",chirp-v5,pop
pop,art pop,"art pop, heartbroken atmosphere, featuring anthemic bridge with soaring harmonies and rising strings","pop, dance, electronic",chirp-v5,pop
pop,bedroom pop,"bedroom pop, heartbroken atmosphere, featuring anthemic bridge with soaring harmonies and rising strings","pop, indie, dreamy",chirp-v5,pop
pop,bubblegum pop,"bubblegum pop, heartbroken atmosphere, featuring anthemic bridge with soaring harmonies and rising strings","pop, upbeat, radio",chirp-v5,pop
pop,hyperpop,"hyperpop, heartbroken atmosphere, featuring anthemic bridge with soaring harmonies and rising strings","pop, bedroom, lo-fi",chirp-v5,pop
pop,synth-pop,"synth-pop, celebratory atmosphere, featuring anthemic bridge with soaring harmonies and rising strings","pop, synth, vocals",chirp-v5,pop
pop,indie pop,"indie pop, celebratory atmosphere, featuring anthemic bridge with soaring harmonies and rising strings","pop, dance, electronic",chirp-v5,pop
pop,dance-pop,"dance-pop, celebratory atmosphere, featuring anthemic bridge with soaring harmonies and rising strings","pop, indie, dreamy",chirp-v5,pop
pop,electro-pop,"electro-pop, celebratory atmosphere, featuring anthemic bridge with soaring harmonies and rising strings","pop, upbeat, radio",chirp-v5,pop
pop,power pop,"power pop, celebratory atmosphere, featuring anthemic bridge with soaring harmonies and rising strings","pop, bedroom, lo-fi",chirp-v5,pop
pop,dream pop,"dream pop, celebratory atmosphere, featuring anthemic bridge with soaring harmonies and rising strings","pop, synth, vocals",chirp-v5,pop
pop,art pop,"art pop, celebratory atmosphere, featuring anthemic bridge with soaring harmonies and rising strings","pop, dance, electronic",chirp-v5,pop
pop,bedroom pop,"bedroom pop, celebratory atmosphere, featuring anthemic bridge with soaring harmonies and rising strings","pop, indie, dreamy",chirp-v5,pop
pop,bubblegum pop,"bubblegum pop, celebratory atmosphere, featuring anthemic bridge with soaring harmonies and rising strings","pop, upbeat, radio",chirp-v5,pop
pop,hyperpop,"hyperpop, celebratory atmosphere, featuring anthemic bridge with soaring harmonies and rising strings","pop, bedroom, lo-fi",chirp-v5,pop
pop,synth-pop,"synth-pop, upbeat atmosphere, featuring catchy chorus with layered vocal harmonies and reverb","pop, synth, vocals",chirp-v5,pop
pop,indie pop,"indie pop, upbeat atmosphere, featuring catchy chorus with layered vocal harmonies and reverb","pop, dance, electronic",chirp-v5,pop
pop,dance-pop,"dance-pop, upbeat atmosphere, featuring catchy chorus with layered vocal harmonies and reverb","pop, indie, dreamy",chirp-v5,pop
pop,electro-pop,"electro-pop, upbeat atmosphere, featuring catchy chorus with layered vocal harmonies and reverb","pop, upbeat, radio",chirp-v5,pop
pop,power pop,"power pop, upbeat atmosphere, featuring catchy chorus with layered vocal harmonies and reverb","pop, bedroom, lo-fi",chirp-v5,pop
pop,dream pop,"dream pop, upbeat atmosphere, featuring catchy chorus with layered vocal harmonies and reverb","pop, synth, vocals",chirp-v5,pop
pop,art pop,"art pop, upbeat atmosphere, featuring catchy chorus with layered vocal harmonies and reverb","pop, dance, electronic",chirp-v5,pop
pop,bedroom pop,"bedroom pop, upbeat atmosphere, featuring catchy chorus with layered vocal harmonies and reverb","pop, indie, dreamy",chirp-v5,pop
pop,bubblegum pop,"bubblegum pop, upbeat atmosphere, featuring catchy chorus with layered vocal harmonies and reverb","pop, upbeat, radio",chirp-v5,pop
pop,hyperpop,"hyperpop, upbeat atmosphere, featuring catchy chorus with layered vocal harmonies and reverb","pop, bedroom, lo-fi",chirp-v5,pop
pop,synth-pop,"synth-pop, bittersweet atmosphere, featuring catchy chorus with layered vocal harmonies and reverb","pop, synth, vocals",chirp-v5,pop
pop,indie pop,"indie pop, bittersweet atmosphere, featuring catchy chorus with layered vocal harmonies and reverb","pop, dance, electronic",chirp-v5,pop
pop,dance-pop,"dance-pop, bittersweet atmosphere, featuring catchy chorus with layered vocal harmonies and reverb","pop, indie, dreamy",chirp-v5,pop
pop,electro-pop,"electro-pop, bittersweet atmosphere, featuring catchy chorus with layered vocal harmonies and reverb","pop, upbeat, radio",chirp-v5,pop
pop,power pop,"power pop, bittersweet atmosphere, featuring catchy chorus with layered vocal harmonies and reverb","pop, bedroom, lo-fi",chirp-v5,pop
pop,dream pop,"dream pop, bittersweet atmosphere, featuring catchy chorus with layered vocal harmonies and reverb","pop, synth, vocals",chirp-v5,pop
pop,art pop,"art pop, bittersweet atmosphere, featuring catchy chorus with layered vocal harmonies and reverb","pop, dance, electronic",chirp-v5,pop
pop,bedroom pop,"bedroom pop, bittersweet atmosphere, featuring catchy chorus with layered vocal harmonies and reverb","pop, indie, dreamy",chirp-v5,pop
pop,bubblegum pop,"bubblegum pop, bittersweet atmosphere, featuring catchy chorus with layered vocal harmonies and reverb","pop, upbeat, radio",chirp-v5,pop
pop,hyperpop,"hyperpop, bittersweet atmosphere, featuring catchy chorus with layered vocal harmonies and reverb","pop, bedroom, lo-fi",chirp-v5,pop
pop,synth-pop,"synth-pop, euphoric atmosphere, featuring catchy chorus with layered vocal harmonies and reverb","pop, synth, vocals",chirp-v5,pop
pop,indie pop,"indie pop, euphoric atmosphere, featuring catchy chorus with layered vocal harmonies and reverb","pop, dance, electronic",chirp-v5,pop
pop,dance-pop,"dance-pop, euphoric atmosphere, featuring catchy chorus with layered vocal harmonies and reverb","pop, indie, dreamy",chirp-v5,pop
pop,electro-pop,"electro-pop, euphoric atmosphere, featuring catchy chorus with layered vocal harmonies and reverb","pop, upbeat, radio",chirp-v5,pop
pop,power pop,"power pop, euphoric atmosphere, featuring catchy chorus with layered vocal harmonies and reverb","pop, bedroom, lo-fi",chirp-v5,pop
pop,dream pop,"dream pop, euphoric atmosphere, featuring catchy chorus with layered vocal harmonies and reverb","pop, synth, vocals",chirp-v5,pop
pop,art pop,"art pop, euphoric atmosphere, featuring catchy chorus with layered vocal harmonies and reverb","pop, dance, electronic",chirp-v5,pop
pop,bedroom pop,"bedroom pop, euphoric atmosphere, featuring catchy chorus with layered vocal harmonies and reverb","pop, indie, dreamy",chirp-v5,pop
pop,bubblegum pop,"bubblegum pop, euphoric atmosphere, featuring catchy chorus with layered vocal harmonies and reverb","pop, upbeat, radio",chirp-v5,pop
pop,hyperpop,"hyperpop, euphoric atmosphere, featuring catchy chorus with layered vocal harmonies and reverb","pop, bedroom, lo-fi",chirp-v5,pop
pop,synth-pop,"synth-pop, wistful atmosphere, featuring catchy chorus with layered vocal harmonies and reverb","pop, synth, vocals",chirp-v5,pop
pop,indie pop,"indie pop, wistful atmosphere, featuring catchy chorus with layered vocal harmonies and reverb","pop, dance, electronic",chirp-v5,pop
pop,dance-pop,"dance-pop, wistful atmosphere, featuring catchy chorus with layered vocal harmonies and reverb","pop, indie, dreamy",chirp-v5,pop
pop,electro-pop,"electro-pop, wistful atmosphere, featuring catchy chorus with layered vocal harmonies and reverb","pop, upbeat, radio",chirp-v5,pop
pop,power pop,"power pop, wistful atmosphere, featuring catchy chorus with layered vocal harmonies and reverb","pop, bedroom, lo-fi",chirp-v5,pop
pop,dream pop,"dream pop, wistful atmosphere, featuring catchy chorus with layered vocal harmonies and reverb","pop, synth, vocals",chirp-v5,pop
pop,art pop,"art pop, wistful atmosphere, featuring catchy chorus with layered vocal harmonies and reverb","pop, dance, electronic",chirp-v5,pop
pop,bedroom pop,"bedroom pop, wistful atmosphere, featuring catchy chorus with layered vocal harmonies and reverb","pop, indie, dreamy",chirp-v5,pop
pop,bubblegum pop,"bubblegum pop, wistful atmosphere, featuring catchy chorus with layered vocal harmonies and reverb","pop, upbeat, radio",chirp-v5,pop
pop,hyperpop,"hyperpop, wistful atmosphere, featuring catchy chorus with layered vocal harmonies and reverb","pop, bedroom, lo-fi",chirp-v5,pop
pop,synth-pop,"synth-pop, carefree atmosphere, featuring catchy chorus with layered vocal harmonies and reverb","pop, synth, vocals",chirp-v5,pop
pop,indie pop,"indie pop, carefree atmosphere, featuring catchy chorus with layered vocal harmonies and reverb","pop, dance, electronic",chirp-v5,pop
pop,dance-pop,"dance-pop, carefree atmosphere, featuring catchy chorus with layered vocal harmonies and reverb","pop, indie, dreamy",chirp-v5,pop
pop,electro-pop,"electro-pop, carefree atmosphere, featuring catchy chorus with layered vocal harmonies and reverb","pop, upbeat, radio",chirp-v5,pop
pop,power pop,"power pop, carefree atmosphere, featuring catchy chorus with layered vocal harmonies and reverb","pop, bedroom, lo-fi",chirp-v5,pop
pop,dream pop,"dream pop, carefree atmosphere, featuring catchy chorus with layered vocal harmonies and reverb","pop, synth, vocals",chirp-v5,pop
pop,art pop,"art pop, carefree atmosphere, featuring catchy chorus with layered vocal harmonies and reverb","pop, dance, electronic",chirp-v5,pop
pop,bedroom pop,"bedroom pop, carefree atmosphere, featuring catchy chorus with layered vocal harmonies and reverb","pop, indie, dreamy",chirp-v5,pop
pop,bubblegum pop,"bubblegum pop, carefree atmosphere, featuring catchy chorus with layered vocal harmonies and reverb","pop, upbeat, radio",chirp-v5,pop
pop,hyperpop,"hyperpop, carefree atmosphere, featuring catchy chorus with layered vocal harmonies and reverb","pop, bedroom, lo-fi",chirp-v5,pop
pop,synth-pop,"synth-pop, romantic atmosphere, featuring catchy chorus with layered vocal harmonies and reverb","pop, synth, vocals",chirp-v5,pop
pop,indie pop,"indie pop, romantic atmosphere, featuring catchy chorus with layered vocal harmonies and reverb","pop, dance, electronic",chirp-v5,pop
pop,dance-pop,"dance-pop, romantic atmosphere, featuring catchy chorus with layered vocal harmonies and reverb","pop, indie, dreamy",chirp-v5,pop
pop,electro-pop,"electro-pop, romantic atmosphere, featuring catchy chorus with layered vocal harmonies and reverb","pop, upbeat, radio",chirp-v5,pop
pop,power pop,"power pop, romantic atmosphere, featuring catchy chorus with layered vocal harmonies and reverb","pop, bedroom, lo-fi",chirp-v5,pop
pop,dream pop,"dream pop, romantic atmosphere, featuring catchy chorus with layered vocal harmonies and reverb","pop, synth, vocals",chirp-v5,pop
pop,art pop,"art pop, romantic atmosphere, featuring catchy chorus with layered vocal harmonies and reverb","pop, dance, electronic",chirp-v5,pop
pop,bedroom pop,"bedroom pop, romantic atmosphere, featuring catchy chorus with layered vocal harmonies and reverb","pop, indie, dreamy",chirp-v5,pop
pop,bubblegum pop,"bubblegum pop, romantic atmosphere, featuring catchy chorus with layered vocal harmonies and reverb","pop, upbeat, radio",chirp-v5,pop
pop,hyperpop,"hyperpop, romantic atmosphere, featuring catchy chorus with layered vocal harmonies and reverb","pop, bedroom, lo-fi",chirp-v5,pop
pop,synth-pop,"synth-pop, nostalgic atmosphere, featuring catchy chorus with layered vocal harmonies and reverb","pop, synth, vocals",chirp-v5,pop
pop,indie pop,"indie pop, nostalgic atmosphere, featuring catchy chorus with layered vocal harmonies and reverb","pop, dance, electronic",chirp-v5,pop
pop,dance-pop,"dance-pop, nostalgic atmosphere, featuring catchy chorus with layered vocal harmonies and reverb","pop, indie, dreamy",chirp-v5,pop
pop,electro-pop,"electro-pop, nostalgic atmosphere, featuring catchy chorus with layered vocal harmonies and reverb","pop, upbeat, radio",chirp-v5,pop
pop,power pop,"power pop, nostalgic atmosphere, featuring catchy chorus with layered vocal harmonies and reverb","pop, bedroom, lo-fi",chirp-v5,pop
pop,dream pop,"dream pop, nostalgic atmosphere, featuring catchy chorus with layered vocal harmonies and reverb","pop, synth, vocals",chirp-v5,pop
pop,art pop,"art pop, nostalgic atmosphere, featuring catchy chorus with layered vocal harmonies and reverb","pop, dance, electronic",chirp-v5,pop
pop,bedroom pop,"bedroom pop, nostalgic atmosphere, featuring catchy chorus with layered vocal harmonies and reverb","pop, indie, dreamy",chirp-v5,pop
pop,bubblegum pop,"bubblegum pop, nostalgic atmosphere, featuring catchy chorus with layered vocal harmonies and reverb","pop, upbeat, radio",chirp-v5,pop
pop,hyperpop,"hyperpop, nostalgic atmosphere, featuring catchy chorus with layered vocal harmonies and reverb","pop, bedroom, lo-fi",chirp-v5,pop
pop,synth-pop,"synth-pop, summery atmosphere, featuring catchy chorus with layered vocal harmonies and reverb","pop, synth, vocals",chirp-v5,pop
pop,indie pop,"indie pop, summery atmosphere, featuring catchy chorus with layered vocal harmonies and reverb","pop, dance, electronic",chirp-v5,pop
pop,dance-pop,"dance-pop, summery atmosphere, featuring catchy chorus with layered vocal harmonies and reverb","pop, indie, dreamy",chirp-v5,pop
pop,electro-pop,"electro-pop, summery atmosphere, featuring catchy chorus with layered vocal harmonies and reverb","pop, upbeat, radio",chirp-v5,pop
pop,power pop,"power pop, summery atmosphere, featuring catchy chorus with layered vocal harmonies and reverb","pop, bedroom, lo-fi",chirp-v5,pop
pop,dream pop,"dream pop, summery atmosphere, featuring catchy chorus with layered vocal harmonies and reverb","pop, synth, vocals",chirp-v5,pop
pop,art pop,"art pop, summery atmosphere, featuring catchy chorus with layered vocal harmonies and reverb","pop, dance, electronic",chirp-v5,pop
pop,bedroom pop,"bedroom pop, summery atmosphere, featuring catchy chorus with layered vocal harmonies and reverb","pop, indie, dreamy",chirp-v5,pop
pop,bubblegum pop,"bubblegum pop, summery atmosphere, featuring catchy chorus with layered vocal harmonies and reverb","pop, upbeat, radio",chirp-v5,pop
pop,hyperpop,"hyperpop, summery atmosphere, featuring catchy chorus with layered vocal harmonies and reverb","pop, bedroom, lo-fi",chirp-v5,pop
pop,synth-pop,"synth-pop, heartbroken atmosphere, featuring catchy chorus with layered vocal harmonies and reverb","pop, synth, vocals",chirp-v5,pop
pop,indie pop,"indie pop, heartbroken atmosphere, featuring catchy chorus with layered vocal harmonies and reverb","pop, dance, electronic",chirp-v5,pop
pop,dance-pop,"dance-pop, heartbroken atmosphere, featuring catchy chorus with layered vocal harmonies and reverb","pop, indie, dreamy",chirp-v5,pop
pop,electro-pop,"electro-pop, heartbroken atmosphere, featuring catchy chorus with layered vocal harmonies and reverb","pop, upbeat, radio",chirp-v5,pop
pop,power pop,"power pop, heartbroken atmosphere, featuring catchy chorus with layered vocal harmonies and reverb","pop, bedroom, lo-fi",chirp-v5,pop
pop,dream pop,"dream pop, heartbroken atmosphere, featuring catchy chorus with layered vocal harmonies and reverb","pop, synth, vocals",chirp-v5,pop
pop,art pop,"art pop, heartbroken atmosphere, featuring catchy chorus with layered vocal harmonies and reverb","pop, dance, electronic",chirp-v5,pop
pop,bedroom pop,"bedroom pop, heartbroken atmosphere, featuring catchy chorus with layered vocal harmonies and reverb","pop, indie, dreamy",chirp-v5,pop
pop,bubblegum pop,"bubblegum pop, heartbroken atmosphere, featuring catchy chorus with layered vocal harmonies and reverb","pop, upbeat, radio",chirp-v5,pop
pop,hyperpop,"hyperpop, heartbroken atmosphere, featuring catchy chorus with layered vocal harmonies and reverb","pop, bedroom, lo-fi",chirp-v5,pop
pop,synth-pop,"synth-pop, celebratory atmosphere, featuring catchy chorus with layered vocal harmonies and reverb","pop, synth, vocals",chirp-v5,pop
pop,indie pop,"indie pop, celebratory atmosphere, featuring catchy chorus with layered vocal harmonies and reverb","pop, dance, electronic",chirp-v5,pop
pop,dance-pop,"dance-pop, celebratory atmosphere, featuring catchy chorus with layered vocal harmonies and reverb","pop, indie, dreamy",chirp-v5,pop
pop,electro-pop,"electro-pop, celebratory atmosphere, featuring catchy chorus with layered vocal harmonies and reverb","pop, upbeat, radio",chirp-v5,pop
pop,power pop,"power pop, celebratory atmosphere, featuring catchy chorus with layered vocal harmonies and reverb","pop, bedroom, lo-fi",chirp-v5,pop
pop,dream pop,"dream pop, celebratory atmosphere, featuring catchy chorus with layered vocal harmonies and reverb","pop, synth, vocals",chirp-v5,pop
pop,art pop,"art pop, celebratory atmosphere, featuring catchy chorus with layered vocal harmonies and reverb","pop, dance, electronic",chirp-v5,pop
pop,bedroom pop,"bedroom pop, celebratory atmosphere, featuring catchy chorus with layered vocal harmonies and reverb","pop, indie, dreamy",chirp-v5,pop
pop,bubblegum pop,"bubblegum pop, celebratory atmosphere, featuring catchy chorus with layered vocal harmonies and reverb","pop, upbeat, radio",chirp-v5,pop
pop,hyperpop,"hyperpop, celebratory atmosphere, featuring catchy chorus with layered vocal harmonies and reverb","pop, bedroom, lo-fi",chirp-v5,pop
pop,synth-pop,"synth-pop, upbeat atmosphere, featuring sparkling synth arpeggios over a four-on-the-floor beat","pop, synth, vocals",chirp-v5,pop
pop,indie pop,"indie pop, upbeat atmosphere, featuring sparkling synth arpeggios over a four-on-the-floor beat","pop, dance, electronic",chirp-v5,pop
pop,dance-pop,"dance-pop, upbeat atmosphere, featuring sparkling synth arpeggios over a four-on-the-floor beat","pop, indie, dreamy",chirp-v5,pop
pop,electro-pop,"electro-pop, upbeat atmosphere, featuring sparkling synth arpeggios over a four-on-the-floor beat","pop, upbeat, radio",chirp-v5,pop
pop,power pop,"power pop, upbeat atmosphere, featuring sparkling synth arpeggios over a four-on-the-floor beat","pop, bedroom, lo-fi",chirp-v5,pop
pop,dream pop,"dream pop, upbeat atmosphere, featuring sparkling synth arpeggios over a four-on-the-floor beat","pop, synth, vocals",chirp-v5,pop
pop,art pop,"art pop, upbeat atmosphere, featuring sparkling synth arpeggios over a four-on-the-floor beat","pop, dance, electronic",chirp-v5,pop
pop,bedroom pop,"bedroom pop, upbeat atmosphere, featuring sparkling synth arpeggios over a four-on-the-floor beat","pop, indie, dreamy",chirp-v5,pop
pop,bubblegum pop,"bubblegum pop, upbeat atmosphere, featuring sparkling synth arpeggios over a four-on-the-floor beat","pop, upbeat, radio",chirp-v5,pop
pop,hyperpop,"hyperpop, upbeat atmosphere, featuring sparkling synth arpeggios over a four-on-the-floor beat","pop, bedroom, lo-fi",chirp-v5,pop
pop,synth-pop,"synth-pop, bittersweet atmosphere, featuring sparkling synth arpeggios over a four-on-the-floor beat","pop, synth, vocals",chirp-v5,pop
pop,indie pop,"indie pop, bittersweet atmosphere, featuring sparkling synth arpeggios over a four-on-the-floor beat","pop, dance, electronic",chirp-v5,pop
pop,dance-pop,"dance-pop, bittersweet atmosphere, featuring sparkling synth arpeggios over a four-on-the-floor beat","pop, indie, dreamy",chirp-v5,pop
pop,electro-pop,"electro-pop, bittersweet atmosphere, featuring sparkling synth arpeggios over a four-on-the-floor beat","pop, upbeat, radio",chirp-v5,pop
pop,power pop,"power pop, bittersweet atmosphere, featuring sparkling synth arpeggios over a four-on-the-floor beat","pop, bedroom, lo-fi",chirp-v5,pop
pop,dream pop,"dream pop, bittersweet atmosphere, featuring sparkling synth arpeggios over a four-on-the-floor beat","pop, synth, vocals",chirp-v5,pop
pop,art pop,"art pop, bittersweet atmosphere, featuring sparkling synth arpeggios over a four-on-the-floor beat","pop, dance, electronic",chirp-v5,pop
pop,bedroom pop,"bedroom pop, bittersweet atmosphere, featuring sparkling synth arpeggios over a four-on-the-floor beat","pop, indie, dreamy",chirp-v5,pop
pop,bubblegum pop,"bubblegum pop, bittersweet atmosphere, featuring sparkling synth arpeggios over a four-on-the-floor beat","pop, upbeat, radio",chirp-v5,pop
pop,hyperpop,"hyperpop, bittersweet atmosphere, featuring sparkling synth arpeggios over a four-on-the-floor beat","pop, bedroom, lo-fi",chirp-v5,pop
pop,synth-pop,"synth-pop, euphoric atmosphere, featuring sparkling synth arpeggios over a four-on-the-floor beat","pop, synth, vocals",chirp-v5,pop
pop,indie pop,"indie pop, euphoric atmosphere, featuring sparkling synth arpeggios over a four-on-the-floor beat","pop, dance, electronic",chirp-v5,pop
pop,dance-pop,"dance-pop, euphoric atmosphere, featuring sparkling synth arpeggios over a four-on-the-floor beat","pop, indie, dreamy",chirp-v5,pop
pop,electro-pop,"electro-pop, euphoric atmosphere, featuring sparkling synth arpeggios over a four-on-the-floor beat","pop, upbeat, radio",chirp-v5,pop
pop,power pop,"power pop, euphoric atmosphere, featuring sparkling synth arpeggios over a four-on-the-floor beat","pop, bedroom, lo-fi",chirp-v5,pop
pop,dream pop,"dream pop, euphoric atmosphere, featuring sparkling synth arpeggios over a four-on-the-floor beat","pop, synth, vocals",chirp-v5,pop
pop,art pop,"art pop, euphoric atmosphere, featuring sparkling synth arpeggios over a four-on-the-floor beat","pop, dance, electronic",chirp-v5,pop
pop,bedroom pop,"bedroom pop, euphoric atmosphere, featuring sparkling synth arpeggios over a four-on-the-floor beat","pop, indie, dreamy",chirp-v5,pop
pop,bubblegum pop,"bubblegum pop, euphoric atmosphere, featuring sparkling synth arpeggios over a four-on-the-floor beat","pop, upbeat, radio",chirp-v5,pop
pop,hyperpop,"hyperpop, euphoric atmosphere, featuring sparkling synth arpeggios over a four-on-the-floor beat","pop, bedroom, lo-fi",chirp-v5,pop
pop,synth-pop,"synth-pop, wistful atmosphere, featuring sparkling synth arpeggios over a four-on-the-floor beat","pop, synth, vocals",chirp-v5,pop
pop,indie pop,"indie pop, wistful atmosphere, featuring sparkling synth arpeggios over a four-on-the-floor beat","pop, dance, electronic",chirp-v5,pop
pop,dance-pop,"dance-pop, wistful atmosphere, featuring sparkling synth arpeggios over a four-on-the-floor beat","pop, indie, dreamy",chirp-v5,pop
pop,electro-pop,"electro-pop, wistful atmosphere, featuring sparkling synth arpeggios over a four-on-the-floor beat","pop, upbeat, radio",chirp-v5,pop
pop,power pop,"power pop, wistful atmosphere, featuring sparkling synth arpeggios over a four-on-the-floor beat","pop, bedroom, lo-fi",chirp-v5,pop
pop,dream pop,"dream pop, wistful atmosphere, featuring sparkling synth arpeggios over a four-on-the-floor beat","pop, synth, vocals",chirp-v5,pop
pop,art pop,"art pop, wistful atmosphere, featuring sparkling synth arpeggios over a four-on-the-floor beat","pop, dance, electronic",chirp-v5,pop
pop,bedroom pop,"bedroom pop, wistful atmosphere, featuring sparkling synth arpeggios over a four-on-the-floor beat","pop, indie, dreamy",chirp-v5,pop
pop,bubblegum pop,"bubblegum pop, wistful atmosphere, featuring sparkling synth arpeggios over a four-on-the-floor beat","pop, upbeat, radio",chirp-v5,pop
pop,hyperpop,"hyperpop, wistful atmosphere, featuring sparkling synth arpeggios over a four-on-the-floor beat","pop, bedroom, lo-fi",chirp-v5,pop
pop,synth-pop,"synth-pop, carefree atmosphere, featuring sparkling synth arpeggios over a four-on-the-floor beat","pop, synth, vocals",chirp-v5,pop
pop,indie pop,"indie pop, carefree atmosphere, featuring sparkling synth arpeggios over a four-on-the-floor beat","pop, dance, electronic",chirp-v5,pop
pop,dance-pop,"dance-pop, carefree atmosphere, featuring sparkling synth arpeggios over a four-on-the-floor beat","pop, indie, dreamy",chirp-v5,pop
pop,electro-pop,"electro-pop, carefree atmosphere, featuring sparkling synth arpeggios over a four-on-the-floor beat","pop, upbeat, radio",chirp-v5,pop
pop,power pop,"power pop, carefree atmosphere, featuring sparkling synth arpeggios over a four-on-the-floor beat","pop, bedroom, lo-fi",chirp-v5,pop
pop,dream pop,"dream pop, carefree atmosphere, featuring sparkling synth arpeggios over a four-on-the-floor beat","pop, synth, vocals",chirp-v5,pop
pop,art pop,"art pop, carefree atmosphere, featuring sparkling synth arpeggios over a four-on-the-floor beat","pop, dance, electronic",chirp-v5,pop
pop,bedroom pop,"bedroom pop, carefree atmosphere, featuring sparkling synth arpeggios over a four-on-the-floor beat","pop, indie, dreamy",chirp-v5,pop
pop,bubblegum pop,"bubblegum pop, carefree atmosphere, featuring sparkling synth arpeggios over a four-on-the-floor beat","pop, upbeat, radio",chirp-v5,pop
pop,hyperpop,"hyperpop, carefree atmosphere, featuring sparkling synth arpeggios over a four-on-the-floor beat","pop, bedroom, lo-fi",chirp-v5,pop
pop,synth-pop,"synth-pop, romantic atmosphere, featuring sparkling synth arpeggios over a four-on-the-floor beat","pop, synth, vocals",chirp-v5,pop
pop,indie pop,"indie pop, romantic atmosphere, featuring sparkling synth arpeggios over a four-on-the-floor beat","pop, dance, electronic",chirp-v5,pop
pop,dance-pop,"dance-pop, romantic atmosphere, featuring sparkling synth arpeggios over a four-on-the-floor beat","pop, indie, dreamy",chirp-v5,pop
pop,electro-pop,"electro-pop, romantic atmosphere, featuring sparkling synth arpeggios over a four-on-the-floor beat","pop, upbeat, radio",chirp-v5,pop
pop,power pop,"power pop, romantic atmosphere, featuring sparkling synth arpeggios over a four-on-the-floor beat","pop, bedroom, lo-fi",chirp-v5,pop
pop,dream pop,"dream pop, romantic atmosphere, featuring sparkling synth arpeggios over a four-on-the-floor beat","pop, synth, vocals",chirp-v5,pop
pop,art pop,"art pop, romantic atmosphere, featuring sparkling synth arpeggios over a four-on-the-floor beat","pop, dance, electronic",chirp-v5,pop
pop,bedroom pop,"bedroom pop, romantic atmosphere, featuring sparkling synth arpeggios over a four-on-the-floor beat","pop, indie, dreamy",chirp-v5,pop
pop,bubblegum pop,"bubblegum pop, romantic atmosphere, featuring sparkling synth arpeggios over a four-on-the-floor beat","pop, upbeat, radio",chirp-v5,pop
pop,hyperpop,"hyperpop, romantic atmosphere, featuring sparkling synth arpeggios over a four-on-the-floor beat","pop, bedroom, lo-fi",chirp-v5,pop
pop,synth-pop,"synth-pop, nostalgic atmosphere, featuring sparkling synth arpeggios over a four-on-the-floor beat","pop, synth, vocals",chirp-v5,pop
pop,indie pop,"indie pop, nostalgic atmosphere, featuring sparkling synth arpeggios over a four-on-the-floor beat","pop, dance, electronic",chirp-v5,pop
pop,dance-pop,"dance-pop, nostalgic atmosphere, featuring sparkling synth arpeggios over a four-on-the-floor beat","pop, indie, dreamy",chirp-v5,pop
pop,electro-pop,"electro-pop, nostalgic atmosphere, featuring sparkling synth arpeggios over a four-on-the-floor beat","pop, upbeat, radio",chirp-v5,pop
pop,power pop,"power pop, nostalgic atmosphere, featuring sparkling synth arpeggios over a four-on-the-floor beat","pop, bedroom, lo-fi",chirp-v5,pop
pop,dream pop,"dream pop, nostalgic atmosphere, featuring sparkling synth arpeggios over a four-on-the-floor beat","pop, synth, vocals",chirp-v5,pop
pop,art pop,"art pop, nostalgic atmosphere, featuring sparkling synth arpeggios over a four-on-the-floor beat","pop, dance, electronic",chirp-v5,pop
pop,bedroom pop,"bedroom pop, nostalgic atmosphere, featuring sparkling synth arpeggios over a four-on-the-floor beat","pop, indie, dreamy",chirp-v5,pop
pop,bubblegum pop,"bubblegum pop, nostalgic atmosphere, featuring sparkling synth arpeggios over a four-on-the-floor beat","pop, upbeat, radio",chirp-v5,pop
pop,hyperpop,"hyperpop, nostalgic atmosphere, featuring sparkling synth arpeggios over a four-on-the-floor beat","pop, bedroom, lo-fi",chirp-v5,pop
pop,synth-pop,"synth-pop, summery atmosphere, featuring sparkling synth arpeggios over a four-on-the-floor beat","pop, synth, vocals",chirp-v5,pop
pop,indie pop,"indie pop, summery atmosphere, featuring sparkling synth arpeggios over a four-on-the-floor beat","pop, dance, electronic",chirp-v5,pop
pop,dance-pop,"dance-pop, summery atmosphere, featuring sparkling synth arpeggios over a four-on-the-floor beat","pop, indie, dreamy",chirp-v5,pop
pop,electro-pop,"electro-pop, summery atmosphere, featuring sparkling synth arpeggios over a four-on-the-floor beat","pop, upbeat, radio",chirp-v5,pop
pop,power pop,"power pop, summery atmosphere, featuring sparkling synth arpeggios over a four-on-the-floor beat","pop, bedroom, lo-fi",chirp-v5,pop
pop,dream pop,"dream pop, summery atmosphere, featuring sparkling synth arpeggios over a four-on-the-floor beat","pop, synth, vocals",chirp-v5,pop
pop,art pop,"art pop, summery atmosphere, featuring sparkling synth arpeggios over a four-on-the-floor beat","pop, dance, electronic",chirp-v5,pop
pop,bedroom pop,"bedroom pop, summery atmosphere, featuring sparkling synth arpeggios over a four-on-the-floor beat","pop, indie, dreamy",chirp-v5,pop
pop,bubblegum pop,"bubblegum pop, summery atmosphere, featuring sparkling synth arpeggios over a four-on-the-floor beat","pop, upbeat, radio",chirp-v5,pop
pop,hyperpop,"hyperpop, summery atmosphere, featuring sparkling synth arpeggios over a four-on-the-floor beat","pop, bedroom, lo-fi",chirp-v5,pop
pop,synth-pop,"synth-pop, heartbroken atmosphere, featuring sparkling synth arpeggios over a four-on-the-floor beat","pop, synth, vocals",chirp-v5,pop
pop,indie pop,"indie pop, heartbroken atmosphere, featuring sparkling synth arpeggios over a four-on-the-floor beat","pop, dance, electronic",chirp-v5,pop
pop,dance-pop,"dance-pop, heartbroken atmosphere, featuring sparkling synth arpeggios over a four-on-the-floor beat","pop, indie, dreamy",chirp-v5,pop
pop,electro-pop,"electro-pop, heartbroken atmosphere, featuring sparkling synth arpeggios over a four-on-the-floor beat","pop, upbeat, radio",chirp-v5,pop
pop,power pop,"power pop, heartbroken atmosphere, featuring sparkling synth arpeggios over a four-on-the-floor beat","pop, bedroom, lo-fi",chirp-v5,pop
pop,dream pop,"dream pop, heartbroken atmosphere, featuring sparkling synth arpeggios over a four-on-the-floor beat","pop, synth, vocals",chirp-v5,pop
pop,art pop,"art pop, heartbroken atmosphere, featuring sparkling synth arpeggios over a four-on-the-floor beat","pop, dance, electronic",chirp-v5,pop
pop,bedroom pop,"bedroom pop, heartbroken atmosphere, featuring sparkling synth arpeggios over a four-on-the-floor beat","pop, indie, dreamy",chirp-v5,pop
pop,bubblegum pop,"bubblegum pop, heartbroken atmosphere, featuring sparkling synth arpeggios over a four-on-the-floor beat","pop, upbeat, radio",chirp-v5,pop
pop,hyperpop,"hyperpop, heartbroken atmosphere, featuring sparkling synth arpeggios over a four-on-the-floor beat","pop, bedroom, lo-fi",chirp-v5,pop
pop,synth-pop,"synth-pop, celebratory atmosphere, featuring sparkling synth arpeggios over a four-on-the-floor beat","pop, synth, vocals",chirp-v5,pop
pop,indie pop,"indie pop, celebratory atmosphere, featuring sparkling synth arpeggios over a four-on-the-floor beat","pop, dance, electronic",chirp-v5,pop
pop,dance-pop,"dance-pop, celebratory atmosphere, featuring sparkling synth arpeggios over a four-on-the-floor beat","pop, indie, dreamy",chirp-v5,pop
pop,electro-pop,"electro-pop, celebratory atmosphere, featuring sparkling synth arpeggios over a four-on-the-floor beat","pop, upbeat, radio",chirp-v5,pop
pop,power pop,"power pop, celebratory atmosphere, featuring sparkling synth arpeggios over a four-on-the-floor beat","pop, bedroom, lo-fi",chirp-v5,pop
pop,dream pop,"dream pop, celebratory atmosphere, featuring sparkling synth arpeggios over a four-on-the-floor beat","pop, synth, vocals",chirp-v5,pop
pop,art pop,"art pop, celebratory atmosphere, featuring sparkling synth arpeggios over a four-on-the-floor beat","pop, dance, electronic",chirp-v5,pop
pop,bedroom pop,"bedroom pop, celebratory atmosphere, featuring sparkling synth arpeggios over a four-on-the-floor beat","pop, indie, dreamy",chirp-v5,pop
pop,bubblegum pop,"bubblegum pop, celebratory atmosphere, featuring sparkling synth arpeggios over a four-on-the-floor beat","pop, upbeat, radio",chirp-v5,pop
pop,hyperpop,"hyperpop, celebratory atmosphere, featuring sparkling synth arpeggios over a four-on-the-floor beat","pop, bedroom, lo-fi",chirp-v5,pop
pop,synth-pop,"synth-pop, upbeat atmosphere, featuring polished production with a big hook and bright melody","pop, synth, vocals",chirp-v5,pop
pop,indie pop,"indie pop, upbeat atmosphere, featuring polished production with a big hook and bright melody","pop, dance, electronic",chirp-v5,pop
pop,dance-pop,"dance-pop, upbeat atmosphere, featuring polished production with a big hook and bright melody","pop, indie, dreamy",chirp-v5,pop
pop,electro-pop,"electro-pop, upbeat atmosphere, featuring polished production with a big hook and bright melody","pop, upbeat, radio",chirp-v5,pop
pop,power pop,"power pop, upbeat atmosphere, featuring polished production with a big hook and bright melody","pop, bedroom, lo-fi",chirp-v5,pop
pop,dream pop,"dream pop, upbeat atmosphere, featuring polished production with a big hook and bright melody","pop, synth, vocals",chirp-v5,pop
pop,art pop,"art pop, upbeat atmosphere, featuring polished production with a big hook and bright melody","pop, dance, electronic",chirp-v5,pop
pop,bedroom pop,"bedroom pop, upbeat atmosphere, featuring polished production with a big hook and bright melody","pop, indie, dreamy",chirp-v5,pop
pop,bubblegum pop,"bubblegum pop, upbeat atmosphere, featuring polished production with a big hook and bright melody","pop, upbeat, radio",chirp-v5,pop
pop,hyperpop,"hyperpop, upbeat atmosphere, featuring polished production with a big hook and bright melody","pop, bedroom, lo-fi",chirp-v5,pop
pop,synth-pop,"synth-pop, bittersweet atmosphere, featuring polished production with a big hook and bright melody","pop, synth, vocals",chirp-v5,pop
pop,indie pop,"indie pop, bittersweet atmosphere, featuring polished production with a big hook and bright melody","pop, dance, electronic",chirp-v5,pop
pop,dance-pop,"dance-pop, bittersweet atmosphere, featuring polished production with a big hook and bright melody","pop, indie, dreamy",chirp-v5,pop
pop,electro-pop,"electro-pop, bittersweet atmosphere, featuring polished production with a big hook and bright melody","pop, upbeat, radio",chirp-v5,pop
pop,power pop,"power pop, bittersweet atmosphere, featuring polished production with a big hook and bright melody","pop, bedroom, lo-fi",chirp-v5,pop
pop,dream pop,"dream pop, bittersweet atmosphere, featuring polished production with a big hook and bright melody","pop, synth, vocals",chirp-v5,pop
pop,art pop,"art pop, bittersweet atmosphere, featuring polished production with a big hook and bright melody","pop, dance, electronic",chirp-v5,pop
pop,bedroom pop,"bedroom pop, bittersweet atmosphere, featuring polished production with a big hook and bright melody","pop, indie, dreamy",chirp-v5,pop
pop,bubblegum pop,"bubblegum pop, bittersweet atmosphere, featuring polished production with a big hook and bright melody","pop, upbeat, radio",chirp-v5,pop
pop,hyperpop,"hyperpop, bittersweet atmosphere, featuring polished production with a big hook and bright melody","pop, bedroom, lo-fi",chirp-v5,pop
pop,synth-pop,"synth-pop, euphoric atmosphere, featuring polished production with a big hook and bright melody","pop, synth, vocals",chirp-v5,pop
pop,indie pop,"indie pop, euphoric atmosphere, featuring polished production with a big hook and bright melody","pop, dance, electronic",chirp-v5,pop
pop,dance-pop,"dance-pop, euphoric atmosphere, featuring polished production with a big hook and bright melody","pop, indie, dreamy",chirp-v5,pop
pop,electro-pop,"electro-pop, euphoric atmosphere, featuring polished production with a big hook and bright melody","pop, upbeat, radio",chirp-v5,pop
pop,power pop,"power pop, euphoric atmosphere, featuring polished production with a big hook and bright melody","pop, bedroom, lo-fi",chirp-v5,pop
pop,dream pop,"dream pop, euphoric atmosphere, featuring polished production with a big hook and bright melody","pop, synth, vocals",chirp-v5,pop
pop,art pop,"art pop, euphoric atmosphere, featuring polished production with a big hook and bright melody","pop, dance, electronic",chirp-v5,pop
pop,bedroom pop,"bedroom pop, euphoric atmosphere, featuring polished production with a big hook and bright melody","pop, indie, dreamy",chirp-v5,pop
pop,bubblegum pop,"bubblegum pop, euphoric atmosphere, featuring polished production with a big hook and bright melody","pop, upbeat, radio",chirp-v5,pop
pop,hyperpop,"hyperpop, euphoric atmosphere, featuring polished production with a big hook and bright melody","pop, bedroom, lo-fi",chirp-v5,pop
pop,synth-pop,"synth-pop, wistful atmosphere, featuring polished production with a big hook and bright melody","pop, synth, vocals",chirp-v5,pop
pop,indie pop,"indie pop, wistful atmosphere, featuring polished production with a big hook and bright melody","pop, dance, electronic",chirp-v5,pop
pop,dance-pop,"dance-pop, wistful atmosphere, featuring polished production with a big hook and bright melody","pop, indie, dreamy",chirp-v5,pop
pop,electro-pop,"electro-pop, wistful atmosphere, featuring polished production with a big hook and bright melody","pop, upbeat, radio",chirp-v5,pop
pop,power pop,"power pop, wistful atmosphere, featuring polished production with a big hook and bright melody","pop, bedroom, lo-fi",chirp-v5,pop
pop,dream pop,"dream pop, wistful atmosphere, featuring polished production with a big hook and bright melody","pop, synth, vocals",chirp-v5,pop
pop,art pop,"art pop, wistful atmosphere, featuring polished production with a big hook and bright melody","pop, dance, electronic",chirp-v5,pop
pop,bedroom pop,"bedroom pop, wistful atmosphere, featuring polished production with a big hook and bright melody","pop, indie, dreamy",chirp-v5,pop
pop,bubblegum pop,"bubblegum pop, wistful atmosphere, featuring polished production with a big hook and bright melody","pop, upbeat, radio",chirp-v5,pop
pop,hyperpop,"hyperpop, wistful atmosphere, featuring polished production with a big hook and bright melody","pop, bedroom, lo-fi",chirp-v5,pop
pop,synth-pop,"synth-pop, carefree atmosphere, featuring polished production with a big hook and bright melody","pop, synth, vocals",chirp-v5,pop
pop,indie pop,"indie pop, carefree atmosphere, featuring polished production with a big hook and bright melody","pop, dance, electronic",chirp-v5,pop
pop,dance-pop,"dance-pop, carefree atmosphere, featuring polished production with a big hook and bright melody","pop, indie, dreamy",chirp-v5,pop
pop,electro-pop,"electro-pop, carefree atmosphere, featuring polished production with a big hook and bright melody","pop, upbeat, radio",chirp-v5,pop
pop,power pop,"power pop, carefree atmosphere, featuring polished production with a big hook and bright melody","pop, bedroom, lo-fi",chirp-v5,pop
pop,dream pop,"dream pop, carefree atmosphere, featuring polished production with a big hook and bright melody","pop, synth, vocals",chirp-v5,pop
pop,art pop,"art pop, carefree atmosphere, featuring polished production with a big hook and bright melody","pop, dance, electronic",chirp-v5,pop
pop,bedroom pop,"bedroom pop, carefree atmosphere, featuring polished production with a big hook and bright melody","pop, indie, dreamy",chirp-v5,pop
pop,bubblegum pop,"bubblegum pop, carefree atmosphere, featuring polished production with a big hook and bright melody","pop, upbeat, radio",chirp-v5,pop
pop,hyperpop,"hyperpop, carefree atmosphere, featuring polished production with a big hook and bright melody","pop, bedroom, lo-fi",chirp-v5,pop
pop,synth-pop,"synth-pop, romantic atmosphere, featuring polished production with a big hook and bright melody","pop, synth, vocals",chirp-v5,pop
pop,indie pop,"indie pop, romantic atmosphere, featuring polished production with a big hook and bright melody","pop, dance, electronic",chirp-v5,pop
pop,dance-pop,"dance-pop, romantic atmosphere, featuring polished production with a big hook and bright melody","pop, indie, dreamy",chirp-v5,pop
pop,electro-pop,"electro-pop, romantic atmosphere, featuring polished production with a big hook and bright melody","pop, upbeat, radio",chirp-v5,pop
pop,power pop,"power pop, romantic atmosphere, featuring polished production with a big hook and bright melody","pop, bedroom, lo-fi",chirp-v5,pop
pop,dream pop,"dream pop, romantic atmosphere, featuring polished production with a big hook and bright melody","pop, synth, vocals",chirp-v5,pop
pop,art pop,"art pop, romantic atmosphere, featuring polished production with a big hook and bright melody","pop, dance, electronic",chirp-v5,pop
pop,bedroom pop,"bedroom pop, romantic atmosphere, featuring polished production with a big hook and bright melody","pop, indie, dreamy",chirp-v5,pop
pop,bubblegum pop,"bubblegum pop, romantic atmosphere, featuring polished production with a big hook and bright melody","pop, upbeat, radio",chirp-v5,pop
pop,hyperpop,"hyperpop, romantic atmosphere, featuring polished production with a big hook and bright melody","pop, bedroom, lo-fi",chirp-v5,pop
pop,synth-pop,"synth-pop, nostalgic atmosphere, featuring polished production with a big hook and bright melody","pop, synth, vocals",chirp-v5,pop
pop,indie pop,"indie pop, nostalgic atmosphere, featuring polished production with a big hook and bright melody","pop, dance, electronic",chirp-v5,pop
pop,dance-pop,"dance-pop, nostalgic atmosphere, featuring polished production with a big hook and bright melody","pop, indie, dreamy",chirp-v5,pop
pop,electro-pop,"electro-pop, nostalgic atmosphere, featuring polished production with a big hook and bright melody","pop, upbeat, radio",chirp-v5,pop
pop,power pop,"power pop, nostalgic atmosphere, featuring polished production with a big hook and bright melody","pop, bedroom, lo-fi",chirp-v5,pop
pop,dream pop,"dream pop, nostalgic atmosphere, featuring polished production with a big hook and bright melody","pop, synth, vocals",chirp-v5,pop
pop,art pop,"art pop, nostalgic atmosphere, featuring polished production with a big hook and bright melody","pop, dance, electronic",chirp-v5,pop
pop,bedroom pop,"bedroom pop, nostalgic atmosphere, featuring polished production with a big hook and bright melody","pop, indie, dreamy",chirp-v5,pop
pop,bubblegum pop,"bubblegum pop, nostalgic atmosphere, featuring polished production with a big hook and bright melody","pop, upbeat, radio",chirp-v5,pop
pop,hyperpop,"hyperpop, nostalgic atmosphere, featuring polished production with a big hook and bright melody","pop, bedroom, lo-fi",chirp-v5,pop
pop,synth-pop,"synth-pop, summery atmosphere, featuring polished production with a big hook and bright melody","pop, synth, vocals",chirp-v5,pop
pop,indie pop,"indie pop, summery atmosphere, featuring polished production with a big hook and bright melody","pop, dance, electronic",chirp-v5,pop
pop,dance-pop,"dance-pop, summery atmosphere, featuring polished production with a big hook and bright melody","pop, indie, dreamy",chirp-v5,pop
pop,electro-pop,"electro-pop, summery atmosphere, featuring polished production with a big hook and bright melody","pop, upbeat, radio",chirp-v5,pop
pop,power pop,"power pop, summery atmosphere, featuring polished production with a big hook and bright melody","pop, bedroom, lo-fi",chirp-v5,pop
pop,dream pop,"dream pop, summery atmosphere, featuring polished production with a big hook and bright melody","pop, synth, vocals",chirp-v5,pop
pop,art pop,"art pop, summery atmosphere, featuring polished production with a big hook and bright melody","pop, dance, electronic",chirp-v5,pop
pop,bedroom pop,"bedroom pop, summery atmosphere, featuring polished production with a big hook and bright melody","pop, indie, dreamy",chirp-v5,pop
pop,bubblegum pop,"bubblegum pop, summery atmosphere, featuring polished production with a big hook and bright melody","pop, upbeat, radio",chirp-v5,pop
pop,hyperpop,"hyperpop, summery atmosphere, featuring polished production with a big hook and bright melody","pop, bedroom, lo-fi",chirp-v5,pop
pop,synth-pop,"synth-pop, heartbroken atmosphere, featuring polished production with a big hook and bright melody","pop, synth, vocals",chirp-v5,pop
pop,indie pop,"indie pop, heartbroken atmosphere, featuring polished production with a big hook and bright melody","pop, dance, electronic",chirp-v5,pop
pop,dance-pop,"dance-pop, heartbroken atmosphere, featuring polished production with a big hook and bright melody","pop, indie, dreamy",chirp-v5,pop
pop,electro-pop,"electro-pop, heartbroken atmosphere, featuring polished production with a big hook and bright melody","pop, upbeat, radio",chirp-v5,pop
pop,power pop,"power pop, heartbroken atmosphere, featuring polished production with a big hook and bright melody","pop, bedroom, lo-fi",chirp-v5,pop
pop,dream pop,"dream pop, heartbroken atmosphere, featuring polished production with a big hook and bright melody","pop, synth, vocals",chirp-v5,pop
pop,art pop,"art pop, heartbroken atmosphere, featuring polished production with a big hook and bright melody","pop, dance, electronic",chirp-v5,pop
pop,bedroom pop,"bedroom pop, heartbroken atmosphere, featuring polished production with a big hook and bright melody","pop, indie, dreamy",chirp-v5,pop
pop,bubblegum pop,"bubblegum pop, heartbroken atmosphere, featuring polished production with a big hook and bright melody","pop, upbeat, radio",chirp-v5,pop
pop,hyperpop,"hyperpop, heartbroken atmosphere, featuring polished production with a big hook and bright melody","pop, bedroom, lo-fi",chirp-v5,pop
pop,synth-pop,"synth-pop, celebratory atmosphere, featuring polished production with a big hook and bright melody","pop, synth, vocals",chirp-v5,pop
pop,indie pop,"indie pop, celebratory atmosphere, featuring polished production with a big hook and bright melody","pop, dance, electronic",chirp-v5,pop
pop,dance-pop,"dance-pop, celebratory atmosphere, featuring polished production with a big hook and bright melody","pop, indie, dreamy",chirp-v5,pop
pop,electro-pop,"electro-pop, celebratory atmosphere, featuring polished production with a big hook and bright melody","pop, upbeat, radio",chirp-v5,pop
pop,power pop,"power pop, celebratory atmosphere, featuring polished production with a big hook and bright melody","pop, bedroom, lo-fi",chirp-v5,pop
pop,dream pop,"dream pop, celebratory atmosphere, featuring polished production with a big hook and bright melody","pop, synth, vocals",chirp-v5,pop
pop,art pop,"art pop, celebratory atmosphere, featuring polished production with a big hook and bright melody","pop, dance, electronic",chirp-v5,pop
pop,bedroom pop,"bedroom pop, celebratory atmosphere, featuring polished production with a big hook and bright melody","pop, indie, dreamy",chirp-v5,pop
pop,bubblegum pop,"bubblegum pop, celebratory atmosphere, featuring polished production with a big hook and bright melody","pop, upbeat, radio",chirp-v5,pop
pop,hyperpop,"hyperpop, celebratory atmosphere, featuring polished production with a big hook and bright melody","pop, bedroom, lo-fi",chirp-v5,pop
pop,synth-pop,"synth-pop, upbeat atmosphere, featuring drum machine groove with lush synthesizer pads","pop, synth, vocals",chirp-v5,pop
pop,indie pop,"indie pop, upbeat atmosphere, featuring drum machine groove with lush synthesizer pads","pop, dance, electronic",chirp-v5,pop
pop,dance-pop,"dance-pop, upbeat atmosphere, featuring drum machine groove with lush synthesizer pads","pop, indie, dreamy",chirp-v5,pop
pop,electro-pop,"electro-pop, upbeat atmosphere, featuring drum machine groove with lush synthesizer pads","pop, upbeat, radio",chirp-v5,pop
pop,power pop,"power pop, upbeat atmosphere, featuring drum machine groove with lush synthesizer pads","pop, bedroom, lo-fi",chirp-v5,pop
pop,dream pop,"dream pop, upbeat atmosphere, featuring drum machine groove with lush synthesizer pads","pop, synth, vocals",chirp-v5,pop
pop,art pop,"art pop, upbeat atmosphere, featuring drum machine groove with lush synthesizer pads","pop, dance, electronic",chirp-v5,pop
pop,bedroom pop,"bedroom pop, upbeat atmosphere, featuring drum machine groove with lush synthesizer pads","pop, indie, dreamy",chirp-v5,pop
pop,bubblegum pop,"bubblegum pop, upbeat atmosphere, featuring drum machine groove with lush synthesizer pads","pop, upbeat, radio",chirp-v5,pop
pop,hyperpop,"hyperpop, upbeat atmosphere, featuring drum machine groove with lush synthesizer pads","pop, bedroom, lo-fi",chirp-v5,pop
pop,synth-pop,"synth-pop, bittersweet atmosphere, featuring drum machine groove with lush synthesizer pads","pop, synth, vocals",chirp-v5,pop
pop,indie pop,"indie pop, bittersweet atmosphere, featuring drum machine groove with lush synthesizer pads","pop, dance, electronic",chirp-v5,pop
pop,dance-pop,"dance-pop, bittersweet atmosphere, featuring drum machine groove with lush synthesizer pads","pop, indie, dreamy",chirp-v5,pop
pop,electro-pop,"electro-pop, bittersweet atmosphere, featuring drum machine groove with lush synthesizer pads","pop, upbeat, radio",chirp-v5,pop
pop,power pop,"power pop, bittersweet atmosphere, featuring drum machine groove with lush synthesizer pads","pop, bedroom, lo-fi",chirp-v5,pop
pop,dream pop,"dream pop, bittersweet atmosphere, featuring drum machine groove with lush synthesizer pads","pop, synth, vocals",chirp-v5,pop
pop,art pop,"art pop, bittersweet atmosphere, featuring drum machine groove with lush synthesizer pads","pop, dance, electronic",chirp-v5,pop
pop,bedroom pop,"bedroom pop, bittersweet atmosphere, featuring drum machine groove with lush synthesizer pads","pop, indie, dreamy",chirp-v5,pop
pop,bubblegum pop,"bubblegum pop, bittersweet atmosphere, featuring drum machine groove with lush synthesizer pads","pop, upbeat, radio",chirp-v5,pop
pop,hyperpop,"hyperpop, bittersweet atmosphere, featuring drum machine groove with lush synthesizer pads","pop, bedroom, lo-fi",chirp-v5,pop
pop,synth-pop,"synth-pop, euphoric atmosphere, featuring drum machine groove with lush synthesizer pads","pop, synth, vocals",chirp-v5,pop
pop,indie pop,"indie pop, euphoric atmosphere, featuring drum machine groove with lush synthesizer pads","pop, dance, electronic",chirp-v5,pop
pop,dance-pop,"dance-pop, euphoric atmosphere, featuring drum machine groove with lush synthesizer pads","pop, indie, dreamy",chirp-v5,pop
pop,electro-pop,"electro-pop, euphoric atmosphere, featuring drum machine groove with lush synthesizer pads","pop, upbeat, radio",chirp-v5,pop
pop,power pop,"power pop, euphoric atmosphere, featuring drum machine groove with lush synthesizer pads","pop, bedroom, lo-fi",chirp-v5,pop
pop,dream pop,"dream pop, euphoric atmosphere, featuring drum machine groove with lush synthesizer pads","pop, synth, vocals",chirp-v5,pop
pop,art pop,"art pop, euphoric atmosphere, featuring drum machine groove with lush synthesizer pads","pop, dance, electronic",chirp-v5,pop
pop,bedroom pop,"bedroom pop, euphoric atmosphere, featuring drum machine groove with lush synthesizer pads","pop, indie, dreamy",chirp-v5,pop
pop,bubblegum pop,"bubblegum pop, euphoric atmosphere, featuring drum machine groove with lush synthesizer pads","pop, upbeat, radio",chirp-v5,pop
pop,hyperpop,"hyperpop, euphoric atmosphere, featuring drum machine groove with lush synthesizer pads","pop, bedroom, lo-fi",chirp-v5,pop
pop,synth-pop,"synth-pop, wistful atmosphere, featuring drum machine groove with lush synthesizer pads","pop, synth, vocals",chirp-v5,pop
pop,indie pop,"indie pop, wistful atmosphere, featuring drum machine groove with lush synthesizer pads","pop, dance, electronic",chirp-v5,pop
pop,dance-pop,"dance-pop, wistful atmosphere, featuring drum machine groove with lush synthesizer pads","pop, indie, dreamy",chirp-v5,pop
pop,electro-pop,"electro-pop, wistful atmosphere, featuring drum machine groove with lush synthesizer pads","pop, upbeat, radio",chirp-v5,pop
pop,power pop,"power pop, wistful atmosphere, featuring drum machine groove with lush synthesizer pads","pop, bedroom, lo-fi",chirp-v5,pop
pop,dream pop,"dream pop, wistful atmosphere, featuring drum machine groove with lush synthesizer pads","pop, synth, vocals",chirp-v5,pop
pop,art pop,"art pop, wistful atmosphere, featuring drum machine groove with lush synthesizer pads","pop, dance, electronic",chirp-v5,pop
pop,bedroom pop,"bedroom pop, wistful atmosphere, featuring drum machine groove with lush synthesizer pads","pop, indie, dreamy",chirp-v5,pop
pop,bubblegum pop,"bubblegum pop, wistful atmosphere, featuring drum machine groove with lush synthesizer pads","pop, upbeat, radio",chirp-v5,pop
pop,hyperpop,"hyperpop, wistful atmosphere, featuring drum machine groove with lush synthesizer pads","pop, bedroom, lo-fi",chirp-v5,pop
pop,synth-pop,"synth-pop, carefree atmosphere, featuring drum machine groove with lush synthesizer pads","pop, synth, vocals",chirp-v5,pop
pop,indie pop,"indie pop, carefree atmosphere, featuring drum machine groove with lush synthesizer pads","pop, dance, electronic",chirp-v5,pop
pop,dance-pop,"dance-pop, carefree atmosphere, featuring drum machine groove with lush synthesizer pads","pop, indie, dreamy",chirp-v5,pop
pop,electro-pop,"electro-pop, carefree atmosphere, featuring drum machine groove with lush synthesizer pads","pop, upbeat, radio",chirp-v5,pop
pop,power pop,"power pop, carefree atmosphere, featuring drum machine groove with lush synthesizer pads","pop, bedroom, lo-fi",chirp-v5,pop
pop,dream pop,"dream pop, carefree atmosphere, featuring drum machine groove with lush synthesizer pads","pop, synth, vocals",chirp-v5,pop
pop,art pop,"art pop, carefree atmosphere, featuring drum machine groove with lush synthesizer pads","pop, dance, electronic",chirp-v5,pop
pop,bedroom pop,"bedroom pop, carefree atmosphere, featuring drum machine groove with lush synthesizer pads","pop, indie, dreamy",chirp-v5,pop
pop,bubblegum pop,"bubblegum pop, carefree atmosphere, featuring drum machine groove with lush synthesizer pads","pop, upbeat, radio",chirp-v5,pop
pop,hyperpop,"hyperpop, carefree atmosphere, featuring drum machine groove with lush synthesizer pads","pop, bedroom, lo-fi",chirp-v5,pop
pop,synth-pop,"synth-pop, romantic atmosphere, featuring drum machine groove with lush synthesizer pads","pop, synth, vocals",chirp-v5,pop
pop,indie pop,"indie pop, romantic atmosphere, featuring drum machine groove with lush synthesizer pads","pop, dance, electronic",chirp-v5,pop
pop,dance-pop,"dance-pop, romantic atmosphere, featuring drum machine groove with lush synthesizer pads","pop, indie, dreamy",chirp-v5,pop
pop,electro-pop,"electro-pop, romantic atmosphere, featuring drum machine groove with lush synthesizer pads","pop, upbeat, radio",chirp-v5,pop
pop,power pop,"power pop, romantic atmosphere, featuring drum machine groove with lush synthesizer pads","pop, bedroom, lo-fi",chirp-v5,pop
pop,dream pop,"dream pop, romantic atmosphere, featuring drum machine groove with lush synthesizer pads","pop, synth, vocals",chirp-v5,pop
pop,art pop,"art pop, romantic atmosphere, featuring drum machine groove with lush synthesizer pads","pop, dance, electronic",chirp-v5,pop
pop,bedroom pop,"bedroom pop, romantic atmosphere, featuring drum machine groove with lush synthesizer pads","pop, indie, dreamy",chirp-v5,pop
pop,bubblegum pop,"bubblegum pop, romantic atmosphere, featuring drum machine groove with lush synthesizer pads","pop, upbeat, radio",chirp-v5,pop
pop,hyperpop,"hyperpop, romantic atmosphere, featuring drum machine groove with lush synthesizer pads","pop, bedroom, lo-fi",chirp-v5,pop
pop,synth-pop,"synth-pop, nostalgic atmosphere, featuring drum machine groove with lush synthesizer pads","pop, synth, vocals",chirp-v5,pop
pop,indie pop,"indie pop, nostalgic atmosphere, featuring drum machine groove with lush synthesizer pads","pop, dance, electronic",chirp-v5,pop
pop,dance-pop,"dance-pop, nostalgic atmosphere, featuring drum machine groove with lush synthesizer pads","pop, indie, dreamy",chirp-v5,pop
pop,electro-pop,"electro-pop, nostalgic atmosphere, featuring drum machine groove with lush synthesizer pads","pop, upbeat, radio",chirp-v5,pop
pop,power pop,"power pop, nostalgic atmosphere, featuring drum machine groove with lush synthesizer pads","pop, bedroom, lo-fi",chirp-v5,pop
pop,dream pop,"dream pop, nostalgic atmosphere, featuring drum machine groove with lush synthesizer pads","pop, synth, vocals",chirp-v5,pop
pop,art pop,"art pop, nostalgic atmosphere, featuring drum machine groove with lush synthesizer pads","pop, dance, electronic",chirp-v5,pop
pop,bedroom pop,"bedroom pop, nostalgic atmosphere, featuring drum machine groove with lush synthesizer pads","pop, indie, dreamy",chirp-v5,pop
pop,bubblegum pop,"bubblegum pop, nostalgic atmosphere, featuring drum machine groove with lush synthesizer pads","pop, upbeat, radio",chirp-v5,pop
pop,hyperpop,"hyperpop, nostalgic atmosphere, featuring drum machine groove with lush synthesizer pads","pop, bedroom, lo-fi",chirp-v5,pop
pop,synth-pop,"synth-pop, summery atmosphere, featuring drum machine groove with lush synthesizer pads","pop, synth, vocals",chirp-v5,pop
pop,indie pop,"indie pop, summery atmosphere, featuring drum machine groove with lush synthesizer pads","pop, dance, electronic",chirp-v5,pop
pop,dance-pop,"dance-pop, summery atmosphere, featuring drum machine groove with lush synthesizer pads","pop, indie, dreamy",chirp-v5,pop
pop,electro-pop,"electro-pop, summery atmosphere, featuring drum machine groove with lush synthesizer pads","pop, upbeat, radio",chirp-v5,pop
pop,power pop,"power pop, summery atmosphere, featuring drum machine groove with lush synthesizer pads","pop, bedroom, lo-fi",chirp-v5,pop
pop,dream pop,"dream pop, summery atmosphere, featuring drum machine groove with lush synthesizer pads","pop, synth, vocals",chirp-v5,pop
pop,art pop,"art pop, summery atmosphere, featuring drum machine groove with lush synthesizer pads","pop, dance, electronic",chirp-v5,pop
pop,bedroom pop,"bedroom pop, summery atmosphere, featuring drum machine groove with lush synthesizer pads","pop, indie, dreamy",chirp-v5,pop
pop,bubblegum pop,"bubblegum pop, summery atmosphere, featuring drum machine groove with lush synthesizer pads","pop, upbeat, radio",chirp-v5,pop
pop,hyperpop,"hyperpop, summery atmosphere, featuring drum machine groove with lush synthesizer pads","pop, bedroom, lo-fi",chirp-v5,pop
pop,synth-pop,"synth-pop, heartbroken atmosphere, featuring drum machine groove with lush synthesizer pads","pop, synth, vocals",chirp-v5,pop
pop,indie pop,"indie pop, heartbroken atmosphere, featuring drum machine groove with lush synthesizer pads","pop, dance, electronic",chirp-v5,pop
pop,dance-pop,"dance-pop, heartbroken atmosphere, featuring drum machine groove with lush synthesizer pads","pop, indie, dreamy",chirp-v5,pop
pop,electro-pop,"electro-pop, heartbroken atmosphere, featuring drum machine groove with lush synthesizer pads","pop, upbeat, radio",chirp-v5,pop
pop,power pop,"power pop, heartbroken atmosphere, featuring drum machine groove with lush synthesizer pads","pop, bedroom, lo-fi",chirp-v5,pop
pop,dream pop,"dream pop, heartbroken atmosphere, featuring drum machine groove with lush synthesizer pads","pop, synth, vocals",chirp-v5,pop
pop,art pop,"art pop, heartbroken atmosphere, featuring drum machine groove with lush synthesizer pads","pop, dance, electronic",chirp-v5,pop
pop,bedroom pop,"bedroom pop, heartbroken atmosphere, featuring drum machine groove with lush synthesizer pads","pop, indie, dreamy",chirp-v5,pop
pop,bubblegum pop,"bubblegum pop, heartbroken atmosphere, featuring drum machine groove with lush synthesizer pads","pop, upbeat, radio",chirp-v5,pop
pop,hyperpop,"hyperpop, heartbroken atmosphere, featuring drum machine groove with lush synthesizer pads","pop, bedroom, lo-fi",chirp-v5,pop
pop,synth-pop,"synth-pop, celebratory atmosphere, featuring drum machine groove with lush synthesizer pads","pop, synth, vocals",chirp-v5,pop
pop,indie pop,"indie pop, celebratory atmosphere, featuring drum machine groove with lush synthesizer pads","pop, dance, electronic",chirp-v5,pop
pop,dance-pop,"dance-pop, celebratory atmosphere, featuring drum machine groove with lush synthesizer pads","pop, indie, dreamy",chirp-v5,pop
pop,electro-pop,"electro-pop, celebratory atmosphere, featuring drum machine groove with lush synthesizer pads","pop, upbeat, radio",chirp-v5,pop
pop,power pop,"power pop, celebratory atmosphere, featuring drum machine groove with lush synthesizer pads","pop, bedroom, lo-fi",chirp-v5,pop
pop,dream pop,"dream pop, celebratory atmosphere, featuring drum machine groove with lush synthesizer pads","pop, synth, vocals",chirp-v5,pop
pop,art pop,"art pop, celebratory atmosphere, featuring drum machine groove with lush synthesizer pads","pop, dance, electronic",chirp-v5,pop
pop,bedroom pop,"bedroom pop, celebratory atmosphere, featuring drum machine groove with lush synthesizer pads","pop, indie, dreamy",chirp-v5,pop
pop,bubblegum pop,"bubblegum pop, celebratory atmosphere, featuring drum machine groove with lush synthesizer pads","pop, upbeat, radio",chirp-v5,pop
pop,hyperpop,"hyperpop, celebratory atmosphere, featuring drum machine groove with lush synthesizer pads","pop, bedroom, lo-fi",chirp-v5,pop
pop,synth-pop,"synth-pop, upbeat atmosphere, featuring punchy bass line and shimmering electric piano","pop, synth, vocals",chirp-v5,pop
pop,indie pop,"indie pop, upbeat atmosphere, featuring punchy bass line and shimmering electric piano","pop, dance, electronic",chirp-v5,pop
pop,dance-pop,"dance-pop, upbeat atmosphere, featuring punchy bass line and shimmering electric piano","pop, indie, dreamy",chirp-v5,pop
pop,electro-pop,"electro-pop, upbeat atmosphere, featuring punchy bass line and shimmering electric piano","pop, upbeat, radio",chirp-v5,pop
pop,power pop,"power pop, upbeat atmosphere, featuring punchy bass line and shimmering electric piano","pop, bedroom, lo-fi",chirp-v5,pop
pop,dream pop,"dream pop, upbeat atmosphere, featuring punchy bass line and shimmering electric piano","pop, synth, vocals",chirp-v5,pop
pop,art pop,"art pop, upbeat atmosphere, featuring punchy bass line and shimmering electric piano","pop, dance, electronic",chirp-v5,pop
pop,bedroom pop,"bedroom pop, upbeat atmosphere, featuring punchy bass line and shimmering electric piano","pop, indie, dreamy",chirp-v5,pop
pop,bubblegum pop,"bubblegum pop, upbeat atmosphere, featuring punchy bass line and shimmering electric piano","pop, upbeat, radio",chirp-v5,pop
pop,hyperpop,"hyperpop, upbeat atmosphere, featuring punchy bass line and shimmering electric piano","pop, bedroom, lo-fi",chirp-v5,pop
pop,synth-pop,"synth-pop, bittersweet atmosphere, featuring punchy bass line and shimmering electric piano","pop, synth, vocals",chirp-v5,pop
pop,indie pop,"indie pop, bittersweet atmosphere, featuring punchy bass line and shimmering electric piano","pop, dance, electronic",chirp-v5,pop
pop,dance-pop,"dance-pop, bittersweet atmosphere, featuring punchy bass line and shimmering electric piano","pop, indie, dreamy",chirp-v5,pop
pop,electro-pop,"electro-pop, bittersweet atmosphere, featuring punchy bass line and shimmering electric piano","pop, upbeat, radio",chirp-v5,pop
pop,power pop,"power pop, bittersweet atmosphere, featuring punchy bass line and shimmering electric piano","pop, bedroom, lo-fi",chirp-v5,pop
pop,dream pop,"dream pop, bittersweet atmosphere, featuring punchy bass line and shimmering electric piano","pop, synth, vocals",chirp-v5,pop
pop,art pop,"art pop, bittersweet atmosphere, featuring punchy bass line and shimmering electric piano","pop, dance, electronic",chirp-v5,pop
pop,bedroom pop,"bedroom pop, bittersweet atmosphere, featuring punchy bass line and shimmering electric piano","pop, indie, dreamy",chirp-v5,pop
pop,bubblegum pop,"bubblegum pop, bittersweet atmosphere, featuring punchy bass line and shimmering electric piano","pop, upbeat, radio",chirp-v5,pop
pop,hyperpop,"hyperpop, bittersweet atmosphere, featuring punchy bass line and shimmering electric piano","pop, bedroom, lo-fi",chirp-v5,pop
pop,synth-pop,"synth-pop, euphoric atmosphere, featuring punchy bass line and shimmering electric piano","pop, synth, vocals",chirp-v5,pop
pop,indie pop,"indie pop, euphoric atmosphere, featuring punchy bass line and shimmering electric piano","pop, dance, electronic",chirp-v5,pop
pop,dance-pop,"dance-pop, euphoric atmosphere, featuring punchy bass line and shimmering electric piano","pop, indie, dreamy",chirp-v5,pop
pop,electro-pop,"electro-pop, euphoric atmosphere, featuring punchy bass line and shimmering electric piano","pop, upbeat, radio",chirp-v5,pop
pop,power pop,"power pop, euphoric atmosphere, featuring punchy bass line and shimmering electric piano","pop, bedroom, lo-fi",chirp-v5,pop
pop,dream pop,"dream pop, euphoric atmosphere, featuring punchy bass line and shimmering electric piano","pop, synth, vocals",chirp-v5,pop
pop,art pop,"art pop, euphoric atmosphere, featuring punchy bass line and shimmering electric piano","pop, dance, electronic",chirp-v5,pop
pop,bedroom pop,"bedroom pop, euphoric atmosphere, featuring punchy bass line and shimmering electric piano","pop, indie, dreamy",chirp-v5,pop
pop,bubblegum pop,"bubblegum pop, euphoric atmosphere, featuring punchy bass line and shimmering electric piano","pop, upbeat, radio",chirp-v5,pop
pop,hyperpop,"hyperpop, euphoric atmosphere, featuring punchy bass line and shimmering electric piano","pop, bedroom, lo-fi",chirp-v5,pop
pop,synth-pop,"synth-pop, wistful atmosphere, featuring punchy bass line and shimmering electric piano","pop, synth, vocals",chirp-v5,pop
pop,indie pop,"indie pop, wistful atmosphere, featuring punchy bass line and shimmering electric piano","pop, dance, electronic",chirp-v5,pop
pop,dance-pop,"dance-pop, wistful atmosphere, featuring punchy bass line and shimmering electric piano","pop, indie, dreamy",chirp-v5,pop
pop,electro-pop,"electro-pop, wistful atmosphere, featuring punchy bass line and shimmering electric piano","pop, upbeat, radio",chirp-v5,pop
pop,power pop,"power pop, wistful atmosphere, featuring punchy bass line and shimmering electric piano","pop, bedroom, lo-fi",chirp-v5,pop
pop,dream pop,"dream pop, wistful atmosphere, featuring punchy bass line and shimmering electric piano","pop, synth, vocals",chirp-v5,pop
pop,art pop,"art pop, wistful atmosphere, featuring punchy bass line and shimmering electric piano","pop, dance, electronic",chirp-v5,pop
pop,bedroom pop,"bedroom pop, wistful atmosphere, featuring punchy bass line and shimmering electric piano","pop, indie, dreamy",chirp-v5,pop
pop,bubblegum pop,"bubblegum pop, wistful atmosphere, featuring punchy bass line and shimmering electric piano","pop, upbeat, radio",chirp-v5,pop
pop,hyperpop,"hyperpop, wistful atmosphere, featuring punchy bass line and shimmering electric piano","pop, bedroom, lo-fi",chirp-v5,pop
pop,synth-pop,"synth-pop, carefree atmosphere, featuring punchy bass line and shimmering electric piano","pop, synth, vocals",chirp-v5,pop
pop,indie pop,"indie pop, carefree atmosphere, featuring punchy bass line and shimmering electric piano","pop, dance, electronic",chirp-v5,pop
pop,dance-pop,"dance-pop, carefree atmosphere, featuring punchy bass line and shimmering electric piano","pop, indie, dreamy",chirp-v5,pop
pop,electro-pop,"electro-pop, carefree atmosphere, featuring punchy bass line and shimmering electric piano","pop, upbeat, radio",chirp-v5,pop
pop,power pop,"power pop, carefree atmosphere, featuring punchy bass line and shimmering electric piano","pop, bedroom, lo-fi",chirp-v5,pop
pop,dream pop,"dream pop, carefree atmosphere, featuring punchy bass line and shimmering electric piano","pop, synth, vocals",chirp-v5,pop
pop,art pop,"art pop, carefree atmosphere, featuring punchy bass line and shimmering electric piano","pop, dance, electronic",chirp-v5,pop
pop,bedroom pop,"bedroom pop, carefree atmosphere, featuring punchy bass line and shimmering electric piano","pop, indie, dreamy",chirp-v5,pop
pop,bubblegum pop,"bubblegum pop, carefree atmosphere, featuring punchy bass line and shimmering electric piano","pop, upbeat, radio",chirp-v5,pop
pop,hyperpop,"hyperpop, carefree atmosphere, featuring punchy bass line and shimmering electric piano","pop, bedroom, lo-fi",chirp-v5,pop
pop,synth-pop,"synth-pop, romantic atmosphere, featuring punchy bass line and shimmering electric piano","pop, synth, vocals",chirp-v5,pop
pop,indie pop,"indie pop, romantic atmosphere, featuring punchy bass line and shimmering electric piano","pop, dance, electronic",chirp-v5,pop
pop,dance-pop,"dance-pop, romantic atmosphere, featuring punchy bass line and shimmering electric piano","pop, indie, dreamy",chirp-v5,pop
pop,electro-pop,"electro-pop, romantic atmosphere, featuring punchy bass line and shimmering electric piano","pop, upbeat, radio",chirp-v5,pop
pop,power pop,"power pop, romantic atmosphere, featuring punchy bass line and shimmering electric piano","pop, bedroom, lo-fi",chirp-v5,pop
pop,dream pop,"dream pop, romantic atmosphere, featuring punchy bass line and shimmering electric piano","pop, synth, vocals",chirp-v5,pop
pop,art pop,"art pop, romantic atmosphere, featuring punchy bass line and shimmering electric piano","pop, dance, electronic",chirp-v5,pop
pop,bedroom pop,"bedroom pop, romantic atmosphere, featuring punchy bass line and shimmering electric piano","pop, indie, dreamy",chirp-v5,pop
pop,bubblegum pop,"bubblegum pop, romantic atmosphere, featuring punchy bass line and shimmering electric piano","pop, upbeat, radio",chirp-v5,pop
pop,hyperpop,"hyperpop, romantic atmosphere, featuring punchy bass line and shimmering electric piano","pop, bedroom, lo-fi",chirp-v5,pop
pop,synth-pop,"synth-pop, nostalgic atmosphere, featuring punchy bass line and shimmering electric piano","pop, synth, vocals",chirp-v5,pop
pop,indie pop,"indie pop, nostalgic atmosphere, featuring punchy bass line and shimmering electric piano","pop, dance, electronic",chirp-v5,pop
pop,dance-pop,"dance-pop, nostalgic atmosphere, featuring punchy bass line and shimmering electric piano","pop, indie, dreamy",chirp-v5,pop
pop,electro-pop,"electro-pop, nostalgic atmosphere, featuring punchy bass line and shimmering electric piano","pop, upbeat, radio",chirp-v5,pop
pop,power pop,"power pop, nostalgic atmosphere, featuring punchy bass line and shimmering electric piano","pop, bedroom, lo-fi",chirp-v5,pop
pop,dream pop,"dream pop, nostalgic atmosphere, featuring punchy bass line and shimmering electric piano","pop, synth, vocals",chirp-v5,pop
pop,art pop,"art pop, nostalgic atmosphere, featuring punchy bass line and shimmering electric piano","pop, dance, electronic",chirp-v5,pop
pop,bedroom pop,"bedroom pop, nostalgic atmosphere, featuring punchy bass line and shimmering electric piano","pop, indie, dreamy",chirp-v5,pop
pop,bubblegum pop,"bubblegum pop, nostalgic atmosphere, featuring punchy bass line and shimmering electric piano","pop, upbeat, radio",chirp-v5,pop
pop,hyperpop,"hyperpop, nostalgic atmosphere, featuring punchy bass line and shimmering electric piano","pop, bedroom, lo-fi",chirp-v5,pop
pop,synth-pop,"synth-pop, summery atmosphere, featuring punchy bass line and shimmering electric piano","pop, synth, vocals",chirp-v5,pop
pop,indie pop,"indie pop, summery atmosphere, featuring punchy bass line and shimmering electric piano","pop, dance, electronic",chirp-v5,pop
pop,dance-pop,"dance-pop, summery atmosphere, featuring punchy bass line and shimmering electric piano","pop, indie, dreamy",chirp-v5,pop
pop,electro-pop,"electro-pop, summery atmosphere, featuring punchy bass line and shimmering electric piano","pop, upbeat, radio",chirp-v5,pop
pop,power pop,"power pop, summery atmosphere, featuring punchy bass line and shimmering electric piano","pop, bedroom, lo-fi",chirp-v5,pop
pop,dream pop,"dream pop, summery atmosphere, featuring punchy bass line and shimmering electric piano","pop, synth, vocals",chirp-v5,pop
pop,art pop,"art pop, summery atmosphere, featuring punchy bass line and shimmering electric piano","pop, dance, electronic",chirp-v5,pop
pop,bedroom pop,"bedroom pop, summery atmosphere, featuring punchy bass line and shimmering electric piano","pop, indie, dreamy",chirp-v5,pop
pop,bubblegum pop,"bubblegum pop, summery atmosphere, featuring punchy bass line and shimmering electric piano","pop, upbeat, radio",chirp-v5,pop
pop,hyperpop,"hyperpop, summery atmosphere, featuring punchy bass line and shimmering electric piano","pop, bedroom, lo-fi",chirp-v5,pop
pop,synth-pop,"synth-pop, heartbroken atmosphere, featuring punchy bass line and shimmering electric piano","pop, synth, vocals",chirp-v5,pop
pop,indie pop,"indie pop, heartbroken atmosphere, featuring punchy bass line and shimmering electric piano","pop, dance, electronic",chirp-v5,pop
pop,dance-pop,"dance-pop, heartbroken atmosphere, featuring punchy bass line and shimmering electric piano","pop, indie, dreamy",chirp-v5,pop
pop,electro-pop,"electro-pop, heartbroken atmosphere, featuring punchy bass line and shimmering electric piano","pop, upbeat, radio",chirp-v5,pop
pop,power pop,"power pop, heartbroken atmosphere, featuring punchy bass line and shimmering electric piano","pop, bedroom, lo-fi",chirp-v5,pop
pop,dream pop,"dream pop, heartbroken atmosphere, featuring punchy bass line and shimmering electric piano","pop, synth, vocals",chirp-v5,pop
pop,art pop,"art pop, heartbroken atmosphere, featuring punchy bass line and shimmering electric piano","pop, dance, electronic",chirp-v5,pop
pop,bedroom pop,"bedroom pop, heartbroken atmosphere, featuring punchy bass line and shimmering electric piano","pop, indie, dreamy",chirp-v5,pop
pop,bubblegum pop,"bubblegum pop, heartbroken atmosphere, featuring punchy bass line and shimmering electric piano","pop, upbeat, radio",chirp-v5,pop
pop,hyperpop,"hyperpop, heartbroken atmosphere, featuring punchy bass line and shimmering electric piano","pop, bedroom, lo-fi",chirp-v5,pop
pop,synth-pop,"synth-pop, celebratory atmosphere, featuring punchy bass line and shimmering electric piano","pop, synth, vocals",chirp-v5,pop
pop,indie pop,"indie pop, celebratory atmosphere, featuring punchy bass line and shimmering electric piano","pop, dance, electronic",chirp-v5,pop
pop,dance-pop,"dance-pop, celebratory atmosphere, featuring punchy bass line and shimmering electric piano","pop, indie, dreamy",chirp-v5,pop
pop,electro-pop,"electro-pop, celebratory atmosphere, featuring punchy bass line and shimmering electric piano","pop, upbeat, radio",chirp-v5,pop
pop,power pop,"power pop, celebratory atmosphere, featuring punchy bass line and shimmering electric piano","pop, bedroom, lo-fi",chirp-v5,pop
pop,dream pop,"dream pop, celebratory atmosphere, featuring punchy bass line and shimmering electric piano","pop, synth, vocals",chirp-v5,pop
pop,art pop,"art pop, celebratory atmosphere, featuring punchy bass line and shimmering electric piano","pop, dance, electronic",chirp-v5,pop
pop,bedroom pop,"bedroom pop, celebratory atmosphere, featuring punchy bass line and shimmering electric piano","pop, indie, dreamy",chirp-v5,pop
pop,bubblegum pop,"bubblegum pop, celebratory atmosphere, featuring punchy bass line and shimmering electric piano","pop, upbeat, radio",chirp-v5,pop
pop,hyperpop,"hyperpop, celebratory atmosphere, featuring punchy bass line and shimmering electric piano","pop, bedroom, lo-fi",chirp-v5,pop
classical,baroque,"baroque classical, majestic atmosphere, featuring full string orchestra with sweeping melodic lines","classical, orchestral, strings",chirp-v5,classical
classical,romantic,"romantic classical, majestic atmosphere, featuring full string orchestra with sweeping melodic lines","classical, piano, solo",chirp-v5,classical
classical,contemporary classical,"contemporary classical, majestic atmosphere, featuring full string orchestra with sweeping melodic lines","classical, baroque, harpsichord",chirp-v5,classical
classical,minimalist,"minimalist classical, majestic atmosphere, featuring full string orchestra with sweeping melodic lines","classical, chamber, quartet",chirp-v5,classical
classical,neoclassical,"neoclassical, majestic atmosphere, featuring full string orchestra with sweeping melodic lines","classical, minimalist, contemporary",chirp-v5,classical
classical,impressionist,"impressionist classical, majestic atmosphere, featuring full string orchestra with sweeping melodic lines","classical, orchestral, strings",chirp-v5,classical
classical,chamber music,"chamber music classical, majestic atmosphere, featuring full string orchestra with sweeping melodic lines","classical, piano, solo",chirp-v5,classical
classical,symphonic,"symphonic classical, majestic atmosphere, featuring full string orchestra with sweeping melodic lines","classical, baroque, harpsichord",chirp-v5,classical
classical,early music,"early music classical, majestic atmosphere, featuring full string orchestra with sweeping melodic lines","classical, chamber, quartet",chirp-v5,classical
classical,modern classical,"modern classical, majestic atmosphere, featuring full string orchestra with sweeping melodic lines","classical, minimalist, contemporary",chirp-v5,classical
classical,baroque,"baroque classical, serene atmosphere, featuring full string orchestra with sweeping melodic lines","classical, orchestral, strings",chirp-v5,classical
classical,romantic,"romantic classical, serene atmosphere, featuring full string orchestra with sweeping melodic lines","classical, piano, solo",chirp-v5,classical
classical,contemporary classical,"contemporary classical, serene atmosphere, featuring full string orchestra with sweeping melodic lines","classical, baroque, harpsichord",chirp-v5,classical
classical,minimalist,"minimalist classical, serene atmosphere, featuring full string orchestra with sweeping melodic lines","classical, chamber, quartet",chirp-v5,classical
classical,neoclassical,"neoclassical, serene atmosphere, featuring full string orchestra with sweeping melodic lines","classical, minimalist, contemporary",chirp-v5,classical
classical,impressionist,"impressionist classical, serene atmosphere, featuring full string orchestra with sweeping melodic lines","classical, orchestral, strings",chirp-v5,classical
classical,chamber music,"chamber music classical, serene atmosphere, featuring full string orchestra with sweeping melodic lines","classical, piano, solo",chirp-v5,classical
classical,symphonic,"symphonic classical, serene atmosphere, featuring full string orchestra with sweeping melodic lines","classical, baroque, harpsichord",chirp-v5,classical
classical,early music,"early music classical, serene atmosphere, featuring full string orchestra with sweeping melodic lines","classical, chamber, quartet",chirp-v5,classical
classical,modern classical,"modern classical, serene atmosphere, featuring full string orchestra with sweeping melodic lines","classical, minimalist, contemporary",chirp-v5,classical
classical,baroque,"baroque classical, contemplative atmosphere, featuring full string orchestra with sweeping melodic lines","classical, orchestral, strings",chirp-v5,classical
classical,romantic,"romantic classical, contemplative atmosphere, featuring full string orchestra with sweeping melodic lines","classical, piano, solo",chirp-v5,classical
classical,contemporary classical,"contemporary classical, contemplative atmosphere, featuring full string orchestra with sweeping melodic lines","classical, baroque, harpsichord",chirp-v5,classical
classical,minimalist,"minimalist classical, contemplative atmosphere, featuring full string orchestra with sweeping melodic lines","classical, chamber, quartet",chirp-v5,classical
classical,neoclassical,"neoclassical, contemplative atmosphere, featuring full string orchestra with sweeping melodic lines","classical, minimalist, contemporary",chirp-v5,classical
classical,impressionist,"impressionist classical, contemplative atmosphere, featuring full string orchestra with sweeping melodic lines","classical, orchestral, strings",chirp-v5,classical
classical,chamber music,"chamber music classical, contemplative atmosphere, featuring full string orchestra with sweeping melodic lines","classical, piano, solo",chirp-v5,classical
classical,symphonic,"symphonic classical, contemplative atmosphere, featuring full string orchestra with sweeping melodic lines","classical, baroque, harpsichord",chirp-v5,classical
classical,early music,"early music classical, contemplative atmosphere, featuring full string orchestra with sweeping melodic lines","classical, chamber, quartet",chirp-v5,classical
classical,modern classical,"modern classical, contemplative atmosphere, featuring full string orchestra with sweeping melodic lines","classical, minimalist, contemporary",chirp-v5,classical
classical,baroque,"baroque classical, dramatic atmosphere, featuring full string orchestra with sweeping melodic lines","classical, orchestral, strings",chirp-v5,classical
classical,romantic,"romantic classical, dramatic atmosphere, featuring full string orchestra with sweeping melodic lines","classical, piano, solo",chirp-v5,classical
classical,contemporary classical,"contemporary classical, dramatic atmosphere, featuring full string orchestra with sweeping melodic lines","classical, baroque, harpsichord",chirp-v5,classical
classical,minimalist,"minimalist classical, dramatic atmosphere, featuring full string orchestra with sweeping melodic lines","classical, chamber, quartet",chirp-v5,classical
classical,neoclassical,"neoclassical, dramatic atmosphere, featuring full string orchestra with sweeping melodic lines","classical, minimalist, contemporary",chirp-v5,classical
classical,impressionist,"impressionist classical, dramatic atmosphere, featuring full string orchestra with sweeping melodic lines","classical, orchestral, strings",chirp-v5,classical
classical,chamber music,"chamber music classical, dramatic atmosphere, featuring full string orchestra with sweeping melodic lines","classical, piano, solo",chirp-v5,classical
classical,symphonic,"symphonic classical, dramatic atmosphere, featuring full string orchestra with sweeping melodic lines","classical, baroque, harpsichord",chirp-v5,classical
classical,early music,"early music classical, dramatic atmosphere, featuring full string orchestra with sweeping melodic lines","classical, chamber, quartet",chirp-v5,classical
classical,modern classical,"modern classical, dramatic atmosphere, featuring full string orchestra with sweeping melodic lines","classical, minimalist, contemporary",chirp-v5,classical
classical,baroque,"baroque classical, ethereal atmosphere, featuring full string orchestra with sweeping melodic lines","classical, orchestral, strings",chirp-v5,classical
classical,romantic,"romantic classical, ethereal atmosphere, featuring full string orchestra with sweeping melodic lines","classical, piano, solo",chirp-v5,classical
classical,contemporary classical,"contemporary classical, ethereal atmosphere, featuring full string orchestra with sweeping melodic lines","classical, baroque, harpsichord",chirp-v5,classical
classical,minimalist,"minimalist classical, ethereal atmosphere, featuring full string orchestra with sweeping melodic lines","classical, chamber, quartet",chirp-v5,classical
classical,neoclassical,"neoclassical, ethereal atmosphere, featuring full string orchestra with sweeping melodic lines","classical, minimalist, contemporary",chirp-v5,classical
classical,impressionist,"impressionist classical, ethereal atmosphere, featuring full string orchestra with sweeping melodic lines","classical, orchestral, strings",chirp-v5,classical
classical,chamber music,"chamber music classical, ethereal atmosphere, featuring full string orchestra with sweeping melodic lines","classical, piano, solo",chirp-v5,classical
classical,symphonic,"symphonic classical, ethereal atmosphere, featuring full string orchestra with sweeping melodic lines","classical, baroque, harpsichord",chirp-v5,classical
classical,early music,"early music classical, ethereal atmosphere, featuring full string orchestra with sweeping melodic lines","classical, chamber, quartet",chirp-v5,classical
classical,modern classical,"modern classical, ethereal atmosphere, featuring full string orchestra with sweeping melodic lines","classical, minimalist, contemporary",chirp-v5,classical
classical,baroque,"baroque classical, melancholic atmosphere, featuring full string orchestra with sweeping melodic lines","classical, orchestral, strings",chirp-v5,classical
classical,romantic,"romantic classical, melancholic atmosphere, featuring full string orchestra with sweeping melodic lines","classical, piano, solo",chirp-v5,classical
classical,contemporary classical,"contemporary classical, melancholic atmosphere, featuring full string orchestra with sweeping melodic lines","classical, baroque, harpsichord",chirp-v5,classical
classical,minimalist,"minimalist classical, melancholic atmosphere, featuring full string orchestra with sweeping melodic lines","classical, chamber, quartet",chirp-v5,classical
classical,neoclassical,"neoclassical, melancholic atmosphere, featuring full string orchestra with sweeping melodic lines","classical, minimalist, contemporary",chirp-v5,classical
classical,impressionist,"impressionist classical, melancholic atmosphere, featuring full string orchestra with sweeping melodic lines","classical, orchestral, strings",chirp-v5,classical
classical,chamber music,"chamber music classical, melancholic atmosphere, featuring full string orchestra with sweeping melodic lines","classical, piano, solo",chirp-v5,classical
classical,symphonic,"symphonic classical, melancholic atmosphere, featuring full string orchestra with sweeping melodic lines","classical, baroque, harpsichord",chirp-v5,classical
classical,early music,"early music classical, melancholic atmosphere, featuring full string orchestra with sweeping melodic lines","classical, chamber, quartet",chirp-v5,classical
classical,modern classical,"modern classical, melancholic atmosphere, featuring full string orchestra with sweeping melodic lines","classical, minimalist, contemporary",chirp-v5,classical
classical,baroque,"baroque classical, triumphant atmosphere, featuring full string orchestra with sweeping melodic lines","classical, orchestral, strings",chirp-v5,classical
classical,romantic,"romantic classical, triumphant atmosphere, featuring full string orchestra with sweeping melodic lines","classical, piano, solo",chirp-v5,classical
classical,contemporary classical,"contemporary classical, triumphant atmosphere, featuring full string orchestra with sweeping melodic lines","classical, baroque, harpsichord",chirp-v5,classical
classical,minimalist,"minimalist classical, triumphant atmosphere, featuring full string orchestra with sweeping melodic lines","classical, chamber, quartet",chirp-v5,classical
classical,neoclassical,"neoclassical, triumphant atmosphere, featuring full string orchestra with sweeping melodic lines","classical, minimalist, contemporary",chirp-v5,classical
classical,impressionist,"impressionist classical, triumphant atmosphere, featuring full string orchestra with sweeping melodic lines","classical, orchestral, strings",chirp-v5,classical
classical,chamber music,"chamber music classical, triumphant atmosphere, featuring full string orchestra with sweeping melodic lines","classical, piano, solo",chirp-v5,classical
classical,symphonic,"symphonic classical, triumphant atmosphere, featuring full string orchestra with sweeping melodic lines","classical, baroque, harpsichord",chirp-v5,classical
classical,early music,"early music classical, triumphant atmosphere, featuring full string orchestra with sweeping melodic lines","classical, chamber, quartet",chirp-v5,classical
classical,modern classical,"modern classical, triumphant atmosphere, featuring full string orchestra with sweeping melodic lines","classical, minimalist, contemporary",chirp-v5,classical
classical,baroque,"baroque classical, intimate atmosphere, featuring full string orchestra with sweeping melodic lines","classical, orchestral, strings",chirp-v5,classical
classical,romantic,"romantic classical, intimate atmosphere, featuring full string orchestra with sweeping melodic lines","classical, piano, solo",chirp-v5,classical
classical,contemporary classical,"contemporary classical, intimate atmosphere, featuring full string orchestra with sweeping melodic lines","classical, baroque, harpsichord",chirp-v5,classical
classical,minimalist,"minimalist classical, intimate atmosphere, featuring full string orchestra with sweeping melodic lines","classical, chamber, quartet",chirp-v5,classical
classical,neoclassical,"neoclassical, intimate atmosphere, featuring full string orchestra with sweeping melodic lines","classical, minimalist, contemporary",chirp-v5,classical
classical,impressionist,"impressionist classical, intimate atmosphere, featuring full string orchestra with sweeping melodic lines","classical, orchestral, strings",chirp-v5,classical
classical,chamber music,"chamber music classical, intimate atmosphere, featuring full string orchestra with sweeping melodic lines","classical, piano, solo",chirp-v5,classical
classical,symphonic,"symphonic classical, intimate atmosphere, featuring full string orchestra with sweeping melodic lines","classical, baroque, harpsichord",chirp-v5,classical
classical,early music,"early music classical, intimate atmosphere, featuring full string orchestra with sweeping melodic lines","classical, chamber, quartet",chirp-v5,classical
classical,modern classical,"modern classical, intimate atmosphere, featuring full string orchestra with sweeping melodic lines","classical, minimalist, contemporary",chirp-v5,classical
classical,baroque,"baroque classical, tense atmosphere, featuring full string orchestra with sweeping melodic lines","classical, orchestral, strings",chirp-v5,classical
classical,romantic,"romantic classical, tense atmosphere, featuring full string orchestra with sweeping melodic lines","classical, piano, solo",chirp-v5,classical
classical,contemporary classical,"contemporary classical, tense atmosphere, featuring full string orchestra with sweeping melodic lines","classical, baroque, harpsichord",chirp-v5,classical
classical,minimalist,"minimalist classical, tense atmosphere, featuring full string orchestra with sweeping melodic lines","classical, chamber, quartet",chirp-v5,classical
classical,neoclassical,"neoclassical, tense atmosphere, featuring full string orchestra with sweeping melodic lines","classical, minimalist, contemporary",chirp-v5,classical
classical,impressionist,"impressionist classical, tense atmosphere, featuring full string orchestra with sweeping melodic lines","classical, orchestral, strings",chirp-v5,classical
classical,chamber music,"chamber music classical, tense atmosphere, featuring full string orchestra with sweeping melodic lines","classical, piano, solo",chirp-v5,classical
classical,symphonic,"symphonic classical, tense atmosphere, featuring full string orchestra with sweeping melodic lines","classical, baroque, harpsichord",chirp-v5,classical
classical,early music,"early music classical, tense atmosphere, featuring full string orchestra with sweeping melodic lines","classical, chamber, quartet",chirp-v5,classical
classical,modern classical,"modern classical, tense atmosphere, featuring full string orchestra with sweeping melodic lines","classical, minimalist, contemporary",chirp-v5,classical
classical,baroque,"baroque classical, transcendent atmosphere, featuring full string orchestra with sweeping melodic lines","classical, orchestral, strings",chirp-v5,classical
classical,romantic,"romantic classical, transcendent atmosphere, featuring full string orchestra with sweeping melodic lines","classical, piano, solo",chirp-v5,classical
classical,contemporary classical,"contemporary classical, transcendent atmosphere, featuring full string orchestra with sweeping melodic lines","classical, baroque, harpsichord",chirp-v5,classical
classical,minimalist,"minimalist classical, transcendent atmosphere, featuring full string orchestra with sweeping melodic lines","classical, chamber, quartet",chirp-v5,classical
classical,neoclassical,"neoclassical, transcendent atmosphere, featuring full string orchestra with sweeping melodic lines","classical, minimalist, contemporary",chirp-v5,classical
classical,impressionist,"impressionist classical, transcendent atmosphere, featuring full string orchestra with sweeping melodic lines","classical, orchestral, strings",chirp-v5,classical
classical,chamber music,"chamber music classical, transcendent atmosphere, featuring full string orchestra with sweeping melodic lines","classical, piano, solo",chirp-v5,classical
classical,symphonic,"symphonic classical, transcendent atmosphere, featuring full string orchestra with sweeping melodic lines","classical, baroque, harpsichord",chirp-v5,classical
classical,early music,"early music classical, transcendent atmosphere, featuring full string orchestra with sweeping melodic lines","classical, chamber, quartet",chirp-v5,classical
classical,modern classical,"modern classical, transcendent atmosphere, featuring full string orchestra with sweeping melodic lines","classical, minimalist, contemporary",chirp-v5,classical
classical,baroque,"baroque classical, majestic atmosphere, featuring solo piano with delicate chamber ensemble accompaniment","classical, orchestral, strings",chirp-v5,classical
classical,romantic,"romantic classical, majestic atmosphere, featuring solo piano with delicate chamber ensemble accompaniment","classical, piano, solo",chirp-v5,classical
classical,contemporary classical,"contemporary classical, majestic atmosphere, featuring solo piano with delicate chamber ensemble accompaniment","classical, baroque, harpsichord",chirp-v5,classical
classical,minimalist,"minimalist classical, majestic atmosphere, featuring solo piano with delicate chamber ensemble accompaniment","classical, chamber, quartet",chirp-v5,classical
classical,neoclassical,"neoclassical, majestic atmosphere, featuring solo piano with delicate chamber ensemble accompaniment","classical, minimalist, contemporary",chirp-v5,classical
classical,impressionist,"impressionist classical, majestic atmosphere, featuring solo piano with delicate chamber ensemble accompaniment","classical, orchestral, strings",chirp-v5,classical
classical,chamber music,"chamber music classical, majestic atmosphere, featuring solo piano with delicate chamber ensemble accompaniment","classical, piano, solo",chirp-v5,classical
classical,symphonic,"symphonic classical, majestic atmosphere, featuring solo piano with delicate chamber ensemble accompaniment","classical, baroque, harpsichord",chirp-v5,classical
classical,early music,"early music classical, majestic atmosphere, featuring solo piano with delicate chamber ensemble accompaniment","classical, chamber, quartet",chirp-v5,classical
classical,modern classical,"modern classical, majestic atmosphere, featuring solo piano with delicate chamber ensemble accompaniment","classical, minimalist, contemporary",chirp-v5,classical
classical,baroque,"baroque classical, serene atmosphere, featuring solo piano with delicate chamber ensemble accompaniment","classical, orchestral, strings",chirp-v5,classical
classical,romantic,"romantic classical, serene atmosphere, featuring solo piano with delicate chamber ensemble accompaniment","classical, piano, solo",chirp-v5,classical
classical,contemporary classical,"contemporary classical, serene atmosphere, featuring solo piano with delicate chamber ensemble accompaniment","classical, baroque, harpsichord",chirp-v5,classical
classical,minimalist,"minimalist classical, serene atmosphere, featuring solo piano with delicate chamber ensemble accompaniment","classical, chamber, quartet",chirp-v5,classical
classical,neoclassical,"neoclassical, serene atmosphere, featuring solo piano with delicate chamber ensemble accompaniment","classical, minimalist, contemporary",chirp-v5,classical
classical,impressionist,"impressionist classical, serene atmosphere, featuring solo piano with delicate chamber ensemble accompaniment","classical, orchestral, strings",chirp-v5,classical
classical,chamber music,"chamber music classical, serene atmosphere, featuring solo piano with delicate chamber ensemble accompaniment","classical, piano, solo",chirp-v5,classical
classical,symphonic,"symphonic classical, serene atmosphere, featuring solo piano with delicate chamber ensemble accompaniment","classical, baroque, harpsichord",chirp-v5,classical
classical,early music,"early music classical, serene atmosphere, featuring solo piano with delicate chamber ensemble accompaniment","classical, chamber, quartet",chirp-v5,classical
classical,modern classical,"modern classical, serene atmosphere, featuring solo piano with delicate chamber ensemble accompaniment","classical, minimalist, contemporary",chirp-v5,classical
classical,baroque,"baroque classical, contemplative atmosphere, featuring solo piano with delicate chamber ensemble accompaniment","classical, orchestral, strings",chirp-v5,classical
classical,romantic,"romantic classical, contemplative atmosphere, featuring solo piano with delicate chamber ensemble accompaniment","classical, piano, solo",chirp-v5,classical
classical,contemporary classical,"contemporary classical, contemplative atmosphere, featuring solo piano with delicate chamber ensemble accompaniment","classical, baroque, harpsichord",chirp-v5,classical
classical,minimalist,"minimalist classical, contemplative atmosphere, featuring solo piano with delicate chamber ensemble accompaniment","classical, chamber, quartet",chirp-v5,classical
classical,neoclassical,"neoclassical, contemplative atmosphere, featuring solo piano with delicate chamber ensemble accompaniment","classical, minimalist, contemporary",chirp-v5,classical
classical,impressionist,"impressionist classical, contemplative atmosphere, featuring solo piano with delicate chamber ensemble accompaniment","classical, orchestral, strings",chirp-v5,classical
classical,chamber music,"chamber music classical, contemplative atmosphere, featuring solo piano with delicate chamber ensemble accompaniment","classical, piano, solo",chirp-v5,classical
classical,symphonic,"symphonic classical, contemplative atmosphere, featuring solo piano with delicate chamber ensemble accompaniment","classical, baroque, harpsichord",chirp-v5,classical
classical,early music,"early music classical, contemplative atmosphere, featuring solo piano with delicate chamber ensemble accompaniment","classical, chamber, quartet",chirp-v5,classical
classical,modern classical,"modern classical, contemplative atmosphere, featuring solo piano with delicate chamber ensemble accompaniment","classical, minimalist, contemporary",chirp-v5,classical
classical,baroque,"baroque classical, dramatic atmosphere, featuring solo piano with delicate chamber ensemble accompaniment","classical, orchestral, strings",chirp-v5,classical
classical,romantic,"romantic classical, dramatic atmosphere, featuring solo piano with delicate chamber ensemble accompaniment","classical, piano, solo",chirp-v5,classical
classical,contemporary classical,"contemporary classical, dramatic atmosphere, featuring solo piano with delicate chamber ensemble accompaniment","classical, baroque, harpsichord",chirp-v5,classical
classical,minimalist,"minimalist classical, dramatic atmosphere, featuring solo piano with delicate chamber ensemble accompaniment","classical, chamber, quartet",chirp-v5,classical
classical,neoclassical,"neoclassical, dramatic atmosphere, featuring solo piano with delicate chamber ensemble accompaniment","classical, minimalist, contemporary",chirp-v5,classical
classical,impressionist,"impressionist classical, dramatic atmosphere, featuring solo piano with delicate chamber ensemble accompaniment","classical, orchestral, strings",chirp-v5,classical
classical,chamber music,"chamber music classical, dramatic atmosphere, featuring solo piano with delicate chamber ensemble accompaniment","classical, piano, solo",chirp-v5,classical
classical,symphonic,"symphonic classical, dramatic atmosphere, featuring solo piano with delicate chamber ensemble accompaniment","classical, baroque, harpsichord",chirp-v5,classical
classical,early music,"early music classical, dramatic atmosphere, featuring solo piano with delicate chamber ensemble accompaniment","classical, chamber, quartet",chirp-v5,classical
classical,modern classical,"modern classical, dramatic atmosphere, featuring solo piano with delicate chamber ensemble accompaniment","classical, minimalist, contemporary",chirp-v5,classical
classical,baroque,"baroque classical, ethereal atmosphere, featuring solo piano with delicate chamber ensemble accompaniment","classical, orchestral, strings",chirp-v5,classical
classical,romantic,"romantic classical, ethereal atmosphere, featuring solo piano with delicate chamber ensemble accompaniment","classical, piano, solo",chirp-v5,classical
classical,contemporary classical,"contemporary classical, ethereal atmosphere, featuring solo piano with delicate chamber ensemble accompaniment","classical, baroque, harpsichord",chirp-v5,classical
classical,minimalist,"minimalist classical, ethereal atmosphere, featuring solo piano with delicate chamber ensemble accompaniment","classical, chamber, quartet",chirp-v5,classical
classical,neoclassical,"neoclassical, ethereal atmosphere, featuring solo piano with delicate chamber ensemble accompaniment","classical, minimalist, contemporary",chirp-v5,classical
classical,impressionist,"impressionist classical, ethereal atmosphere, featuring solo piano with delicate chamber ensemble accompaniment","classical, orchestral, strings",chirp-v5,classical
classical,chamber music,"chamber music classical, ethereal atmosphere, featuring solo piano with delicate chamber ensemble accompaniment","classical, piano, solo",chirp-v5,classical
classical,symphonic,"symphonic classical, ethereal atmosphere, featuring solo piano with delicate chamber ensemble accompaniment","classical, baroque, harpsichord",chirp-v5,classical
classical,early music,"early music classical, ethereal atmosphere, featuring solo piano with delicate chamber ensemble accompaniment","classical, chamber, quartet",chirp-v5,classical
classical,modern classical,"modern classical, ethereal atmosphere, featuring solo piano with delicate chamber ensemble accompaniment","classical, minimalist, contemporary",chirp-v5,classical
classical,baroque,"baroque classical, melancholic atmosphere, featuring solo piano with delicate chamber ensemble accompaniment","classical, orchestral, strings",chirp-v5,classical
classical,romantic,"romantic classical, melancholic atmosphere, featuring solo piano with delicate chamber ensemble accompaniment","classical, piano, solo",chirp-v5,classical
classical,contemporary classical,"contemporary classical, melancholic atmosphere, featuring solo piano with delicate chamber ensemble accompaniment","classical, baroque, harpsichord",chirp-v5,classical
classical,minimalist,"minimalist classical, melancholic atmosphere, featuring solo piano with delicate chamber ensemble accompaniment","classical, chamber, quartet",chirp-v5,classical
classical,neoclassical,"neoclassical, melancholic atmosphere, featuring solo piano with delicate chamber ensemble accompaniment","classical, minimalist, contemporary",chirp-v5,classical
classical,impressionist,"impressionist classical, melancholic atmosphere, featuring solo piano with delicate chamber ensemble accompaniment","classical, orchestral, strings",chirp-v5,classical
classical,chamber music,"chamber music classical, melancholic atmosphere, featuring solo piano with delicate chamber ensemble accompaniment","classical, piano, solo",chirp-v5,classical
classical,symphonic,"symphonic classical, melancholic atmosphere, featuring solo piano with delicate chamber ensemble accompaniment","classical, baroque, harpsichord",chirp-v5,classical
classical,early music,"early music classical, melancholic atmosphere, featuring solo piano with delicate chamber ensemble accompaniment","classical, chamber, quartet",chirp-v5,classical
classical,modern classical,"modern classical, melancholic atmosphere, featuring solo piano with delicate chamber ensemble accompaniment","classical, minimalist, contemporary",chirp-v5,classical
classical,baroque,"baroque classical, triumphant atmosphere, featuring solo piano with delicate chamber ensemble accompaniment","classical, orchestral, strings",chirp-v5,classical
classical,romantic,"romantic classical, triumphant atmosphere, featuring solo piano with delicate chamber ensemble accompaniment","classical, piano, solo",chirp-v5,classical
classical,contemporary classical,"contemporary classical, triumphant atmosphere, featuring solo piano with delicate chamber ensemble accompaniment","classical, baroque, harpsichord",chirp-v5,classical
classical,minimalist,"minimalist classical, triumphant atmosphere, featuring solo piano with delicate chamber ensemble accompaniment","classical, chamber, quartet",chirp-v5,classical
classical,neoclassical,"neoclassical, triumphant atmosphere, featuring solo piano with delicate chamber ensemble accompaniment","classical, minimalist, contemporary",chirp-v5,classical
classical,impressionist,"impressionist classical, triumphant atmosphere, featuring solo piano with delicate chamber ensemble accompaniment","classical, orchestral, strings",chirp-v5,classical
classical,chamber music,"chamber music classical, triumphant atmosphere, featuring solo piano with delicate chamber ensemble accompaniment","classical, piano, solo",chirp-v5,classical
classical,symphonic,"symphonic classical, triumphant atmosphere, featuring solo piano with delicate chamber ensemble accompaniment","classical, baroque, harpsichord",chirp-v5,classical
classical,early music,"early music classical, triumphant atmosphere, featuring solo piano with delicate chamber ensemble accompaniment","classical, chamber, quartet",chirp-v5,classical
classical,modern classical,"modern classical, triumphant atmosphere, featuring solo piano with delicate chamber ensemble accompaniment","classical, minimalist, contemporary",chirp-v5,classical
classical,baroque,"baroque classical, intimate atmosphere, featuring solo piano with delicate chamber ensemble accompaniment","classical, orchestral, strings",chirp-v5,classical
classical,romantic,"romantic classical, intimate atmosphere, featuring solo piano with delicate chamber ensemble accompaniment","classical, piano, solo",chirp-v5,classical
classical,contemporary classical,"contemporary classical, intimate atmosphere, featuring solo piano with delicate chamber ensemble accompaniment","classical, baroque, harpsichord",chirp-v5,classical
classical,minimalist,"minimalist classical, intimate atmosphere, featuring solo piano with delicate chamber ensemble accompaniment","classical, chamber, quartet",chirp-v5,classical
classical,neoclassical,"neoclassical, intimate atmosphere, featuring solo piano with delicate chamber ensemble accompaniment","classical, minimalist, contemporary",chirp-v5,classical
classical,impressionist,"impressionist classical, intimate atmosphere, featuring solo piano with delicate chamber ensemble accompaniment","classical, orchestral, strings",chirp-v5,classical
classical,chamber music,"chamber music classical, intimate atmosphere, featuring solo piano with delicate chamber ensemble accompaniment","classical, piano, solo",chirp-v5,classical
classical,symphonic,"symphonic classical, intimate atmosphere, featuring solo piano with delicate chamber ensemble accompaniment","classical, baroque, harpsichord",chirp-v5,classical
classical,early music,"early music classical, intimate atmosphere, featuring solo piano with delicate chamber ensemble accompaniment","classical, chamber, quartet",chirp-v5,classical
classical,modern classical,"modern classical, intimate atmosphere, featuring solo piano with delicate chamber ensemble accompaniment","classical, minimalist, contemporary",chirp-v5,classical
classical,baroque,"baroque classical, tense atmosphere, featuring solo piano with delicate chamber ensemble accompaniment","classical, orchestral, strings",chirp-v5,classical
classical,romantic,"romantic classical, tense atmosphere, featuring solo piano with delicate chamber ensemble accompaniment","classical, piano, solo",chirp-v5,classical
classical,contemporary classical,"contemporary classical, tense atmosphere, featuring solo piano with delicate chamber ensemble accompaniment","classical, baroque, harpsichord",chirp-v5,classical
classical,minimalist,"minimalist classical, tense atmosphere, featuring solo piano with delicate chamber ensemble accompaniment","classical, chamber, quartet",chirp-v5,classical
classical,neoclassical,"neoclassical, tense atmosphere, featuring solo piano with delicate chamber ensemble accompaniment","classical, minimalist, contemporary",chirp-v5,classical
classical,impressionist,"impressionist classical, tense atmosphere, featuring solo piano with delicate chamber ensemble accompaniment","classical, orchestral, strings",chirp-v5,classical
classical,chamber music,"chamber music classical, tense atmosphere, featuring solo piano with delicate chamber ensemble accompaniment","classical, piano, solo",chirp-v5,classical
classical,symphonic,"symphonic classical, tense atmosphere, featuring solo piano with delicate chamber ensemble accompaniment","classical, baroque, harpsichord",chirp-v5,classical
classical,early music,"early music classical, tense atmosphere, featuring solo piano with delicate chamber ensemble accompaniment","classical, chamber, quartet",chirp-v5,classical
classical,modern classical,"modern classical, tense atmosphere, featuring solo piano with delicate chamber ensemble accompaniment","classical, minimalist, contemporary",chirp-v5,classical
classical,baroque,"baroque classical, transcendent atmosphere, featuring solo piano with delicate chamber ensemble accompaniment","classical, orchestral, strings",chirp-v5,classical
classical,romantic,"romantic classical, transcendent atmosphere, featuring solo piano with delicate chamber ensemble accompaniment","classical, piano, solo",chirp-v5,classical
classical,contemporary classical,"contemporary classical, transcendent atmosphere, featuring solo piano with delicate chamber ensemble accompaniment","classical, baroque, harpsichord",chirp-v5,classical
classical,minimalist,"minimalist classical, transcendent atmosphere, featuring solo piano with delicate chamber ensemble accompaniment","classical, chamber, quartet",chirp-v5,classical
classical,neoclassical,"neoclassical, transcendent atmosphere, featuring solo piano with delicate chamber ensemble accompaniment","classical, minimalist, contemporary",chirp-v5,classical
classical,impressionist,"impressionist classical, transcendent atmosphere, featuring solo piano with delicate chamber ensemble accompaniment","classical, orchestral, strings",chirp-v5,classical
classical,chamber music,"chamber music classical, transcendent atmosphere, featuring solo piano with delicate chamber ensemble accompaniment","classical, piano, solo",chirp-v5,classical
classical,symphonic,"symphonic classical, transcendent atmosphere, featuring solo piano with delicate chamber ensemble accompaniment","classical, baroque, harpsichord",chirp-v5,classical
classical,early music,"early music classical, transcendent atmosphere, featuring solo piano with delicate chamber ensemble accompaniment","classical, chamber, quartet",chirp-v5,classical
classical,modern classical,"modern classical, transcendent atmosphere, featuring solo piano with delicate chamber ensemble accompaniment","classical, minimalist, contemporary",chirp-v5,classical
classical,baroque,"baroque classical, majestic atmosphere, featuring woodwind and brass choir with tympani","classical, orchestral, strings",chirp-v5,classical
classical,romantic,"romantic classical, majestic atmosphere, featuring woodwind and brass choir with tympani","classical, piano, solo",chirp-v5,classical
classical,contemporary classical,"contemporary classical, majestic atmosphere, featuring woodwind and brass choir with tympani","classical, baroque, harpsichord",chirp-v5,classical
classical,minimalist,"minimalist classical, majestic atmosphere, featuring woodwind and brass choir with tympani","classical, chamber, quartet",chirp-v5,classical
classical,neoclassical,"neoclassical, majestic atmosphere, featuring woodwind and brass choir with tympani","classical, minimalist, contemporary",chirp-v5,classical
classical,impressionist,"impressionist classical, majestic atmosphere, featuring woodwind and brass choir with tympani","classical, orchestral, strings",chirp-v5,classical
classical,chamber music,"chamber music classical, majestic atmosphere, featuring woodwind and brass choir with tympani","classical, piano, solo",chirp-v5,classical
classical,symphonic,"symphonic classical, majestic atmosphere, featuring woodwind and brass choir with tympani","classical, baroque, harpsichord",chirp-v5,classical
classical,early music,"early music classical, majestic atmosphere, featuring woodwind and brass choir with tympani","classical, chamber, quartet",chirp-v5,classical
classical,modern classical,"modern classical, majestic atmosphere, featuring woodwind and brass choir with tympani","classical, minimalist, contemporary",chirp-v5,classical
classical,baroque,"baroque classical, serene atmosphere, featuring woodwind and brass choir with tympani","classical, orchestral, strings",chirp-v5,classical
classical,romantic,"romantic classical, serene atmosphere, featuring woodwind and brass choir with tympani","classical, piano, solo",chirp-v5,classical
classical,contemporary classical,"contemporary classical, serene atmosphere, featuring woodwind and brass choir with tympani","classical, baroque, harpsichord",chirp-v5,classical
classical,minimalist,"minimalist classical, serene atmosphere, featuring woodwind and brass choir with tympani","classical, chamber, quartet",chirp-v5,classical
classical,neoclassical,"neoclassical, serene atmosphere, featuring woodwind and brass choir with tympani","classical, minimalist, contemporary",chirp-v5,classical
classical,impressionist,"impressionist classical, serene atmosphere, featuring woodwind and brass choir with tympani","classical, orchestral, strings",chirp-v5,classical
classical,chamber music,"chamber music classical, serene atmosphere, featuring woodwind and brass choir with tympani","classical, piano, solo",chirp-v5,classical
classical,symphonic,"symphonic classical, serene atmosphere, featuring woodwind and brass choir with tympani","classical, baroque, harpsichord",chirp-v5,classical
classical,early music,"early music classical, serene atmosphere, featuring woodwind and brass choir with tympani","classical, chamber, quartet",chirp-v5,classical
classical,modern classical,"modern classical, serene atmosphere, featuring woodwind and brass choir with tympani","classical, minimalist, contemporary",chirp-v5,classical
classical,baroque,"baroque classical, contemplative atmosphere, featuring woodwind and brass choir with tympani","classical, orchestral, strings",chirp-v5,classical
classical,romantic,"romantic classical, contemplative atmosphere, featuring woodwind and brass choir with tympani","classical, piano, solo",chirp-v5,classical
classical,contemporary classical,"contemporary classical, contemplative atmosphere, featuring woodwind and brass choir with tympani","classical, baroque, harpsichord",chirp-v5,classical
classical,minimalist,"minimalist classical, contemplative atmosphere, featuring woodwind and brass choir with tympani","classical, chamber, quartet",chirp-v5,classical
classical,neoclassical,"neoclassical, contemplative atmosphere, featuring woodwind and brass choir with tympani","classical, minimalist, contemporary",chirp-v5,classical
classical,impressionist,"impressionist classical, contemplative atmosphere, featuring woodwind and brass choir with tympani","classical, orchestral, strings",chirp-v5,classical
classical,chamber music,"chamber music classical, contemplative atmosphere, featuring woodwind and brass choir with tympani","classical, piano, solo",chirp-v5,classical
classical,symphonic,"symphonic classical, contemplative atmosphere, featuring woodwind and brass choir with tympani","classical, baroque, harpsichord",chirp-v5,classical
classical,early music,"early music classical, contemplative atmosphere, featuring woodwind and brass choir with tympani","classical, chamber, quartet",chirp-v5,classical
classical,modern classical,"modern classical, contemplative atmosphere, featuring woodwind and brass choir with tympani","classical, minimalist, contemporary",chirp-v5,classical
classical,baroque,"baroque classical, dramatic atmosphere, featuring woodwind and brass choir with tympani","classical, orchestral, strings",chirp-v5,classical
classical,romantic,"romantic classical, dramatic atmosphere, featuring woodwind and brass choir with tympani","classical, piano, solo",chirp-v5,classical
classical,contemporary classical,"contemporary classical, dramatic atmosphere, featuring woodwind and brass choir with tympani","classical, baroque, harpsichord",chirp-v5,classical
classical,minimalist,"minimalist classical, dramatic atmosphere, featuring woodwind and brass choir with tympani","classical, chamber, quartet",chirp-v5,classical
classical,neoclassical,"neoclassical, dramatic atmosphere, featuring woodwind and brass choir with tympani","classical, minimalist, contemporary",chirp-v5,classical
classical,impressionist,"impressionist classical, dramatic atmosphere, featuring woodwind and brass choir with tympani","classical, orchestral, strings",chirp-v5,classical
classical,chamber music,"chamber music classical, dramatic atmosphere, featuring woodwind and brass choir with tympani","classical, piano, solo",chirp-v5,classical
classical,symphonic,"symphonic classical, dramatic atmosphere, featuring woodwind and brass choir with tympani","classical, baroque, harpsichord",chirp-v5,classical
classical,early music,"early music classical, dramatic atmosphere, featuring woodwind and brass choir with tympani","classical, chamber, quartet",chirp-v5,classical
classical,modern classical,"modern classical, dramatic atmosphere, featuring woodwind and brass choir with tympani","classical, minimalist, contemporary",chirp-v5,classical
classical,baroque,"baroque classical, ethereal atmosphere, featuring woodwind and brass choir with tympani","classical, orchestral, strings",chirp-v5,classical
classical,romantic,"romantic classical, ethereal atmosphere, featuring woodwind and brass choir with tympani","classical, piano, solo",chirp-v5,classical
classical,contemporary classical,"contemporary classical, ethereal atmosphere, featuring woodwind and brass choir with tympani","classical, baroque, harpsichord",chirp-v5,classical
classical,minimalist,"minimalist classical, ethereal atmosphere, featuring woodwind and brass choir with tympani","classical, chamber, quartet",chirp-v5,classical
classical,neoclassical,"neoclassical, ethereal atmosphere, featuring woodwind and brass choir with tympani","classical, minimalist, contemporary",chirp-v5,classical
classical,impressionist,"impressionist classical, ethereal atmosphere, featuring woodwind and brass choir with tympani","classical, orchestral, strings",chirp-v5,classical
classical,chamber music,"chamber music classical, ethereal atmosphere, featuring woodwind and brass choir with tympani","classical, piano, solo",chirp-v5,classical
classical,symphonic,"symphonic classical, ethereal atmosphere, featuring woodwind and brass choir with tympani","classical, baroque, harpsichord",chirp-v5,classical
classical,early music,"early music classical, ethereal atmosphere, featuring woodwind and brass choir with tympani","classical, chamber, quartet",chirp-v5,classical
classical,modern classical,"modern classical, ethereal atmosphere, featuring woodwind and brass choir with tympani","classical, minimalist, contemporary",chirp-v5,classical
classical,baroque,"baroque classical, melancholic atmosphere, featuring woodwind and brass choir with tympani","classical, orchestral, strings",chirp-v5,classical
classical,romantic,"romantic classical, melancholic atmosphere, featuring woodwind and brass choir with tympani","classical, piano, solo",chirp-v5,classical
classical,contemporary classical,"contemporary classical, melancholic atmosphere, featuring woodwind and brass choir with tympani","classical, baroque, harpsichord",chirp-v5,classical
classical,minimalist,"minimalist classical, melancholic atmosphere, featuring woodwind and brass choir with tympani","classical, chamber, quartet",chirp-v5,classical
classical,neoclassical,"neoclassical, melancholic atmosphere, featuring woodwind and brass choir with tympani","classical, minimalist, contemporary",chirp-v5,classical
classical,impressionist,"impressionist classical, melancholic atmosphere, featuring woodwind and brass choir with tympani","classical, orchestral, strings",chirp-v5,classical
classical,chamber music,"chamber music classical, melancholic atmosphere, featuring woodwind and brass choir with tympani","classical, piano, solo",chirp-v5,classical
classical,symphonic,"symphonic classical, melancholic atmosphere, featuring woodwind and brass choir with tympani","classical, baroque, harpsichord",chirp-v5,classical
classical,early music,"early music classical, melancholic atmosphere, featuring woodwind and brass choir with tympani","classical, chamber, quartet",chirp-v5,classical
classical,modern classical,"modern classical, melancholic atmosphere, featuring woodwind and brass choir with tympani","classical, minimalist, contemporary",chirp-v5,classical
classical,baroque,"baroque classical, triumphant atmosphere, featuring woodwind and brass choir with tympani","classical, orchestral, strings",chirp-v5,classical
classical,romantic,"romantic classical, triumphant atmosphere, featuring woodwind and brass choir with tympani","classical, piano, solo",chirp-v5,classical
classical,contemporary classical,"contemporary classical, triumphant atmosphere, featuring woodwind and brass choir with tympani","classical, baroque, harpsichord",chirp-v5,classical
classical,minimalist,"minimalist classical, triumphant atmosphere, featuring woodwind and brass choir with tympani","classical, chamber, quartet",chirp-v5,classical
classical,neoclassical,"neoclassical, triumphant atmosphere, featuring woodwind and brass choir with tympani","classical, minimalist, contemporary",chirp-v5,classical
classical,impressionist,"impressionist classical, triumphant atmosphere, featuring woodwind and brass choir with tympani","classical, orchestral, strings",chirp-v5,classical
classical,chamber music,"chamber music classical, triumphant atmosphere, featuring woodwind and brass choir with tympani","classical, piano, solo",chirp-v5,classical
classical,symphonic,"symphonic classical, triumphant atmosphere, featuring woodwind and brass choir with tympani","classical, baroque, harpsichord",chirp-v5,classical
classical,early music,"early music classical, triumphant atmosphere, featuring woodwind and brass choir with tympani","classical, chamber, quartet",chirp-v5,classical
classical,modern classical,"modern classical, triumphant atmosphere, featuring woodwind and brass choir with tympani","classical, minimalist, contemporary",chirp-v5,classical
classical,baroque,"baroque classical, intimate atmosphere, featuring woodwind and brass choir with tympani","classical, orchestral, strings",chirp-v5,classical
classical,romantic,"romantic classical, intimate atmosphere, featuring woodwind and brass choir with tympani","classical, piano, solo",chirp-v5,classical
classical,contemporary classical,"contemporary classical, intimate atmosphere, featuring woodwind and brass choir with tympani","classical, baroque, harpsichord",chirp-v5,classical
classical,minimalist,"minimalist classical, intimate atmosphere, featuring woodwind and brass choir with tympani","classical, chamber, quartet",chirp-v5,classical
classical,neoclassical,"neoclassical, intimate atmosphere, featuring woodwind and brass choir with tympani","classical, minimalist, contemporary",chirp-v5,classical
classical,impressionist,"impressionist classical, intimate atmosphere, featuring woodwind and brass choir with tympani","classical, orchestral, strings",chirp-v5,classical
classical,chamber music,"chamber music classical, intimate atmosphere, featuring woodwind and brass choir with tympani","classical, piano, solo",chirp-v5,classical
classical,symphonic,"symphonic classical, intimate atmosphere, featuring woodwind and brass choir with tympani","classical, baroque, harpsichord",chirp-v5,classical
classical,early music,"early music classical, intimate atmosphere, featuring woodwind and brass choir with tympani","classical, chamber, quartet",chirp-v5,classical
classical,modern classical,"modern classical, intimate atmosphere, featuring woodwind and brass choir with tympani","classical, minimalist, contemporary",chirp-v5,classical
classical,baroque,"baroque classical, tense atmosphere, featuring woodwind and brass choir with tympani","classical, orchestral, strings",chirp-v5,classical
classical,romantic,"romantic classical, tense atmosphere, featuring woodwind and brass choir with tympani","classical, piano, solo",chirp-v5,classical
classical,contemporary classical,"contemporary classical, tense atmosphere, featuring woodwind and brass choir with tympani","classical, baroque, harpsichord",chirp-v5,classical
classical,minimalist,"minimalist classical, tense atmosphere, featuring woodwind and brass choir with tympani","classical, chamber, quartet",chirp-v5,classical
classical,neoclassical,"neoclassical, tense atmosphere, featuring woodwind and brass choir with tympani","classical, minimalist, contemporary",chirp-v5,classical
classical,impressionist,"impressionist classical, tense atmosphere, featuring woodwind and brass choir with tympani","classical, orchestral, strings",chirp-v5,classical
classical,chamber music,"chamber music classical, tense atmosphere, featuring woodwind and brass choir with tympani","classical, piano, solo",chirp-v5,classical
classical,symphonic,"symphonic classical, tense atmosphere, featuring woodwind and brass choir with tympani","classical, baroque, harpsichord",chirp-v5,classical
classical,early music,"early music classical, tense atmosphere, featuring woodwind and brass choir with tympani","classical, chamber, quartet",chirp-v5,classical
classical,modern classical,"modern classical, tense atmosphere, featuring woodwind and brass choir with tympani","classical, minimalist, contemporary",chirp-v5,classical
classical,baroque,"baroque classical, transcendent atmosphere, featuring woodwind and brass choir with tympani","classical, orchestral, strings",chirp-v5,classical
classical,romantic,"romantic classical, transcendent atmosphere, featuring woodwind and brass choir with tympani","classical, piano, solo",chirp-v5,classical
classical,contemporary classical,"contemporary classical, transcendent atmosphere, featuring woodwind and brass choir with tympani","classical, baroque, harpsichord",chirp-v5,classical
classical,minimalist,"minimalist classical, transcendent atmosphere, featuring woodwind and brass choir with tympani","classical, chamber, quartet",chirp-v5,classical
classical,neoclassical,"neoclassical, transcendent atmosphere, featuring woodwind and brass choir with tympani","classical, minimalist, contemporary",chirp-v5,classical
classical,impressionist,"impressionist classical, transcendent atmosphere, featuring woodwind and brass choir with tympani","classical, orchestral, strings",chirp-v5,classical
classical,chamber music,"chamber music classical, transcendent atmosphere, featuring woodwind and brass choir with tympani","classical, piano, solo",chirp-v5,classical
classical,symphonic,"symphonic classical, transcendent atmosphere, featuring woodwind and brass choir with tympani","classical, baroque, harpsichord",chirp-v5,classical
classical,early music,"early music classical, transcendent atmosphere, featuring woodwind and brass choir with tympani","classical, chamber, quartet",chirp-v5,classical
classical,modern classical,"modern classical, transcendent atmosphere, featuring woodwind and brass choir with tympani","classical, minimalist, contemporary",chirp-v5,classical
classical,baroque,"baroque classical, majestic atmosphere, featuring string quartet in close four-part harmony","classical, orchestral, strings",chirp-v5,classical
classical,romantic,"romantic classical, majestic atmosphere, featuring string quartet in close four-part harmony","classical, piano, solo",chirp-v5,classical
classical,contemporary classical,"contemporary classical, majestic atmosphere, featuring string quartet in close four-part harmony","classical, baroque, harpsichord",chirp-v5,classical
classical,minimalist,"minimalist classical, majestic atmosphere, featuring string quartet in close four-part harmony","classical, chamber, quartet",chirp-v5,classical
classical,neoclassical,"neoclassical, majestic atmosphere, featuring string quartet in close four-part harmony","classical, minimalist, contemporary",chirp-v5,classical
classical,impressionist,"impressionist classical, majestic atmosphere, featuring string quartet in close four-part harmony","classical, orchestral, strings",chirp-v5,classical
classical,chamber music,"chamber music classical, majestic atmosphere, featuring string quartet in close four-part harmony","classical, piano, solo",chirp-v5,classical
classical,symphonic,"symphonic classical, majestic atmosphere, featuring string quartet in close four-part harmony","classical, baroque, harpsichord",chirp-v5,classical
classical,early music,"early music classical, majestic atmosphere, featuring string quartet in close four-part harmony","classical, chamber, quartet",chirp-v5,classical
classical,modern classical,"modern classical, majestic atmosphere, featuring string quartet in close four-part harmony","classical, minimalist, contemporary",chirp-v5,classical
classical,baroque,"baroque classical, serene atmosphere, featuring string quartet in close four-part harmony","classical, orchestral, strings",chirp-v5,classical
classical,romantic,"romantic classical, serene atmosphere, featuring string quartet in close four-part harmony","classical, piano, solo",chirp-v5,classical
classical,contemporary classical,"contemporary classical, serene atmosphere, featuring string quartet in close four-part harmony","classical, baroque, harpsichord",chirp-v5,classical
classical,minimalist,"minimalist classical, serene atmosphere, featuring string quartet in close four-part harmony","classical, chamber, quartet",chirp-v5,classical
classical,neoclassical,"neoclassical, serene atmosphere, featuring string quartet in close four-part harmony","classical, minimalist, contemporary",chirp-v5,classical
classical,impressionist,"impressionist classical, serene atmosphere, featuring string quartet in close four-part harmony","classical, orchestral, strings",chirp-v5,classical
classical,chamber music,"chamber music classical, serene atmosphere, featuring string quartet in close four-part harmony","classical, piano, solo",chirp-v5,classical
classical,symphonic,"symphonic classical, serene atmosphere, featuring string quartet in close four-part harmony","classical, baroque, harpsichord",chirp-v5,classical
classical,early music,"early music classical, serene atmosphere, featuring string quartet in close four-part harmony","classical, chamber, quartet",chirp-v5,classical
classical,modern classical,"modern classical, serene atmosphere, featuring string quartet in close four-part harmony","classical, minimalist, contemporary",chirp-v5,classical
classical,baroque,"baroque classical, contemplative atmosphere, featuring string quartet in close four-part harmony","classical, orchestral, strings",chirp-v5,classical
classical,romantic,"romantic classical, contemplative atmosphere, featuring string quartet in close four-part harmony","classical, piano, solo",chirp-v5,classical
classical,contemporary classical,"contemporary classical, contemplative atmosphere, featuring string quartet in close four-part harmony","classical, baroque, harpsichord",chirp-v5,classical
classical,minimalist,"minimalist classical, contemplative atmosphere, featuring string quartet in close four-part harmony","classical, chamber, quartet",chirp-v5,classical
classical,neoclassical,"neoclassical, contemplative atmosphere, featuring string quartet in close four-part harmony","classical, minimalist, contemporary",chirp-v5,classical
classical,impressionist,"impressionist classical, contemplative atmosphere, featuring string quartet in close four-part harmony","classical, orchestral, strings",chirp-v5,classical
classical,chamber music,"chamber music classical, contemplative atmosphere, featuring string quartet in close four-part harmony","classical, piano, solo",chirp-v5,classical
classical,symphonic,"symphonic classical, contemplative atmosphere, featuring string quartet in close four-part harmony","classical, baroque, harpsichord",chirp-v5,classical
classical,early music,"early music classical, contemplative atmosphere, featuring string quartet in close four-part harmony","classical, chamber, quartet",chirp-v5,classical
classical,modern classical,"modern classical, contemplative atmosphere, featuring string quartet in close four-part harmony","classical, minimalist, contemporary",chirp-v5,classical
classical,baroque,"baroque classical, dramatic atmosphere, featuring string quartet in close four-part harmony","classical, orchestral, strings",chirp-v5,classical
classical,romantic,"romantic classical, dramatic atmosphere, featuring string quartet in close four-part harmony","classical, piano, solo",chirp-v5,classical
classical,contemporary classical,"contemporary classical, dramatic atmosphere, featuring string quartet in close four-part harmony","classical, baroque, harpsichord",chirp-v5,classical
classical,minimalist,"minimalist classical, dramatic atmosphere, featuring string quartet in close four-part harmony","classical, chamber, quartet",chirp-v5,classical
classical,neoclassical,"neoclassical, dramatic atmosphere, featuring string quartet in close four-part harmony","classical, minimalist, contemporary",chirp-v5,classical
classical,impressionist,"impressionist classical, dramatic atmosphere, featuring string quartet in close four-part harmony","classical, orchestral, strings",chirp-v5,classical
classical,chamber music,"chamber music classical, dramatic atmosphere, featuring string quartet in close four-part harmony","classical, piano, solo",chirp-v5,classical
classical,symphonic,"symphonic classical, dramatic atmosphere, featuring string quartet in close four-part harmony","classical, baroque, harpsichord",chirp-v5,classical
classical,early music,"early music classical, dramatic atmosphere, featuring string quartet in close four-part harmony","classical, chamber, quartet",chirp-v5,classical
classical,modern classical,"modern classical, dramatic atmosphere, featuring string quartet in close four-part harmony","classical, minimalist, contemporary",chirp-v5,classical
classical,baroque,"baroque classical, ethereal atmosphere, featuring string quartet in close four-part harmony","classical, orchestral, strings",chirp-v5,classical
classical,romantic,"romantic classical, ethereal atmosphere, featuring string quartet in close four-part harmony","classical, piano, solo",chirp-v5,classical
classical,contemporary classical,"contemporary classical, ethereal atmosphere, featuring string quartet in close four-part harmony","classical, baroque, harpsichord",chirp-v5,classical
classical,minimalist,"minimalist classical, ethereal atmosphere, featuring string quartet in close four-part harmony","classical, chamber, quartet",chirp-v5,classical
classical,neoclassical,"neoclassical, ethereal atmosphere, featuring string quartet in close four-part harmony","classical, minimalist, contemporary",chirp-v5,classical
classical,impressionist,"impressionist classical, ethereal atmosphere, featuring string quartet in close four-part harmony","classical, orchestral, strings",chirp-v5,classical
classical,chamber music,"chamber music classical, ethereal atmosphere, featuring string quartet in close four-part harmony","classical, piano, solo",chirp-v5,classical
classical,symphonic,"symphonic classical, ethereal atmosphere, featuring string quartet in close four-part harmony","classical, baroque, harpsichord",chirp-v5,classical
classical,early music,"early music classical, ethereal atmosphere, featuring string quartet in close four-part harmony","classical, chamber, quartet",chirp-v5,classical
classical,modern classical,"modern classical, ethereal atmosphere, featuring string quartet in close four-part harmony","classical, minimalist, contemporary",chirp-v5,classical
classical,baroque,"baroque classical, melancholic atmosphere, featuring string quartet in close four-part harmony","classical, orchestral, strings",chirp-v5,classical
classical,romantic,"romantic classical, melancholic atmosphere, featuring string quartet in close four-part harmony","classical, piano, solo",chirp-v5,classical
classical,contemporary classical,"contemporary classical, melancholic atmosphere, featuring string quartet in close four-part harmony","classical, baroque, harpsichord",chirp-v5,classical
classical,minimalist,"minimalist classical, melancholic atmosphere, featuring string quartet in close four-part harmony","classical, chamber, quartet",chirp-v5,classical
classical,neoclassical,"neoclassical, melancholic atmosphere, featuring string quartet in close four-part harmony","classical, minimalist, contemporary",chirp-v5,classical
classical,impressionist,"impressionist classical, melancholic atmosphere, featuring string quartet in close four-part harmony","classical, orchestral, strings",chirp-v5,classical
classical,chamber music,"chamber music classical, melancholic atmosphere, featuring string quartet in close four-part harmony","classical, piano, solo",chirp-v5,classical
classical,symphonic,"symphonic classical, melancholic atmosphere, featuring string quartet in close four-part harmony","classical, baroque, harpsichord",chirp-v5,classical
classical,early music,"early music classical, melancholic atmosphere, featuring string quartet in close four-part harmony","classical, chamber, quartet",chirp-v5,classical
classical,modern classical,"modern classical, melancholic atmosphere, featuring string quartet in close four-part harmony","classical, minimalist, contemporary",chirp-v5,classical
classical,baroque,"baroque classical, triumphant atmosphere, featuring string quartet in close four-part harmony","classical, orchestral, strings",chirp-v5,classical
classical,romantic,"romantic classical, triumphant atmosphere, featuring string quartet in close four-part harmony","classical, piano, solo",chirp-v5,classical
classical,contemporary classical,"contemporary classical, triumphant atmosphere, featuring string quartet in close four-part harmony","classical, baroque, harpsichord",chirp-v5,classical
classical,minimalist,"minimalist classical, triumphant atmosphere, featuring string quartet in close four-part harmony","classical, chamber, quartet",chirp-v5,classical
classical,neoclassical,"neoclassical, triumphant atmosphere, featuring string quartet in close four-part harmony","classical, minimalist, contemporary",chirp-v5,classical
classical,impressionist,"impressionist classical, triumphant atmosphere, featuring string quartet in close four-part harmony","classical, orchestral, strings",chirp-v5,classical
classical,chamber music,"chamber music classical, triumphant atmosphere, featuring string quartet in close four-part harmony","classical, piano, solo",chirp-v5,classical
classical,symphonic,"symphonic classical, triumphant atmosphere, featuring string quartet in close four-part harmony","classical, baroque, harpsichord",chirp-v5,classical
classical,early music,"early music classical, triumphant atmosphere, featuring string quartet in close four-part harmony","classical, chamber, quartet",chirp-v5,classical
classical,modern classical,"modern classical, triumphant atmosphere, featuring string quartet in close four-part harmony","classical, minimalist, contemporary",chirp-v5,classical
classical,baroque,"baroque classical, intimate atmosphere, featuring string quartet in close four-part harmony","classical, orchestral, strings",chirp-v5,classical
classical,romantic,"romantic classical, intimate atmosphere, featuring string quartet in close four-part harmony","classical, piano, solo",chirp-v5,classical
classical,contemporary classical,"contemporary classical, intimate atmosphere, featuring string quartet in close four-part harmony","classical, baroque, harpsichord",chirp-v5,classical
classical,minimalist,"minimalist classical, intimate atmosphere, featuring string quartet in close four-part harmony","classical, chamber, quartet",chirp-v5,classical
classical,neoclassical,"neoclassical, intimate atmosphere, featuring string quartet in close four-part harmony","classical, minimalist, contemporary",chirp-v5,classical
classical,impressionist,"impressionist classical, intimate atmosphere, featuring string quartet in close four-part harmony","classical, orchestral, strings",chirp-v5,classical
classical,chamber music,"chamber music classical, intimate atmosphere, featuring string quartet in close four-part harmony","classical, piano, solo",chirp-v5,classical
classical,symphonic,"symphonic classical, intimate atmosphere, featuring string quartet in close four-part harmony","classical, baroque, harpsichord",chirp-v5,classical
classical,early music,"early music classical, intimate atmosphere, featuring string quartet in close four-part harmony","classical, chamber, quartet",chirp-v5,classical
classical,modern classical,"modern classical, intimate atmosphere, featuring string quartet in close four-part harmony","classical, minimalist, contemporary",chirp-v5,classical
classical,baroque,"baroque classical, tense atmosphere, featuring string quartet in close four-part harmony","classical, orchestral, strings",chirp-v5,classical
classical,romantic,"romantic classical, tense atmosphere, featuring string quartet in close four-part harmony","classical, piano, solo",chirp-v5,classical
classical,contemporary classical,"contemporary classical, tense atmosphere, featuring string quartet in close four-part harmony","classical, baroque, harpsichord",chirp-v5,classical
classical,minimalist,"minimalist classical, tense atmosphere, featuring string quartet in close four-part harmony","classical, chamber, quartet",chirp-v5,classical
classical,neoclassical,"neoclassical, tense atmosphere, featuring string quartet in close four-part harmony","classical, minimalist, contemporary",chirp-v5,classical
classical,impressionist,"impressionist classical, tense atmosphere, featuring string quartet in close four-part harmony","classical, orchestral, strings",chirp-v5,classical
classical,chamber music,"chamber music classical, tense atmosphere, featuring string quartet in close four-part harmony","classical, piano, solo",chirp-v5,classical
classical,symphonic,"symphonic classical, tense atmosphere, featuring string quartet in close four-part harmony","classical, baroque, harpsichord",chirp-v5,classical
classical,early music,"early music classical, tense atmosphere, featuring string quartet in close four-part harmony","classical, chamber, quartet",chirp-v5,classical
classical,modern classical,"modern classical, tense atmosphere, featuring string quartet in close four-part harmony","classical, minimalist, contemporary",chirp-v5,classical
classical,baroque,"baroque classical, transcendent atmosphere, featuring string quartet in close four-part harmony","classical, orchestral, strings",chirp-v5,classical
classical,romantic,"romantic classical, transcendent atmosphere, featuring string quartet in close four-part harmony","classical, piano, solo",chirp-v5,classical
classical,contemporary classical,"contemporary classical, transcendent atmosphere, featuring string quartet in close four-part harmony","classical, baroque, harpsichord",chirp-v5,classical
classical,minimalist,"minimalist classical, transcendent atmosphere, featuring string quartet in close four-part harmony","classical, chamber, quartet",chirp-v5,classical
classical,neoclassical,"neoclassical, transcendent atmosphere, featuring string quartet in close four-part harmony","classical, minimalist, contemporary",chirp-v5,classical
classical,impressionist,"impressionist classical, transcendent atmosphere, featuring string quartet in close four-part harmony","classical, orchestral, strings",chirp-v5,classical
classical,chamber music,"chamber music classical, transcendent atmosphere, featuring string quartet in close four-part harmony","classical, piano, solo",chirp-v5,classical
classical,symphonic,"symphonic classical, transcendent atmosphere, featuring string quartet in close four-part harmony","classical, baroque, harpsichord",chirp-v5,classical
classical,early music,"early music classical, transcendent atmosphere, featuring string quartet in close four-part harmony","classical, chamber, quartet",chirp-v5,classical
classical,modern classical,"modern classical, transcendent atmosphere, featuring string quartet in close four-part harmony","classical, minimalist, contemporary",chirp-v5,classical
classical,baroque,"baroque classical, majestic atmosphere, featuring harpsichord and basso continuo with florid ornamentation","classical, orchestral, strings",chirp-v5,classical
classical,romantic,"romantic classical, majestic atmosphere, featuring harpsichord and basso continuo with florid ornamentation","classical, piano, solo",chirp-v5,classical
classical,contemporary classical,"contemporary classical, majestic atmosphere, featuring harpsichord and basso continuo with florid ornamentation","classical, baroque, harpsichord",chirp-v5,classical
classical,minimalist,"minimalist classical, majestic atmosphere, featuring harpsichord and basso continuo with florid ornamentation","classical, chamber, quartet",chirp-v5,classical
classical,neoclassical,"neoclassical, majestic atmosphere, featuring harpsichord and basso continuo with florid ornamentation","classical, minimalist, contemporary",chirp-v5,classical
classical,impressionist,"impressionist classical, majestic atmosphere, featuring harpsichord and basso continuo with florid ornamentation","classical, orchestral, strings",chirp-v5,classical
classical,chamber music,"chamber music classical, majestic atmosphere, featuring harpsichord and basso continuo with florid ornamentation","classical, piano, solo",chirp-v5,classical
classical,symphonic,"symphonic classical, majestic atmosphere, featuring harpsichord and basso continuo with florid ornamentation","classical, baroque, harpsichord",chirp-v5,classical
classical,early music,"early music classical, majestic atmosphere, featuring harpsichord and basso continuo with florid ornamentation","classical, chamber, quartet",chirp-v5,classical
classical,modern classical,"modern classical, majestic atmosphere, featuring harpsichord and basso continuo with florid ornamentation","classical, minimalist, contemporary",chirp-v5,classical
classical,baroque,"baroque classical, serene atmosphere, featuring harpsichord and basso continuo with florid ornamentation","classical, orchestral, strings",chirp-v5,classical
classical,romantic,"romantic classical, serene atmosphere, featuring harpsichord and basso continuo with florid ornamentation","classical, piano, solo",chirp-v5,classical
classical,contemporary classical,"contemporary classical, serene atmosphere, featuring harpsichord and basso continuo with florid ornamentation","classical, baroque, harpsichord",chirp-v5,classical
classical,minimalist,"minimalist classical, serene atmosphere, featuring harpsichord and basso continuo with florid ornamentation","classical, chamber, quartet",chirp-v5,classical
classical,neoclassical,"neoclassical, serene atmosphere, featuring harpsichord and basso continuo with florid ornamentation","classical, minimalist, contemporary",chirp-v5,classical
classical,impressionist,"impressionist classical, serene atmosphere, featuring harpsichord and basso continuo with florid ornamentation","classical, orchestral, strings",chirp-v5,classical
classical,chamber music,"chamber music classical, serene atmosphere, featuring harpsichord and basso continuo with florid ornamentation","classical, piano, solo",chirp-v5,classical
classical,symphonic,"symphonic classical, serene atmosphere, featuring harpsichord and basso continuo with florid ornamentation","classical, baroque, harpsichord",chirp-v5,classical
classical,early music,"early music classical, serene atmosphere, featuring harpsichord and basso continuo with florid ornamentation","classical, chamber, quartet",chirp-v5,classical
classical,modern classical,"modern classical, serene atmosphere, featuring harpsichord and basso continuo with florid ornamentation","classical, minimalist, contemporary",chirp-v5,classical
classical,baroque,"baroque classical, contemplative atmosphere, featuring harpsichord and basso continuo with florid ornamentation","classical, orchestral, strings",chirp-v5,classical
classical,romantic,"romantic classical, contemplative atmosphere, featuring harpsichord and basso continuo with florid ornamentation","classical, piano, solo",chirp-v5,classical
classical,contemporary classical,"contemporary classical, contemplative atmosphere, featuring harpsichord and basso continuo with florid ornamentation","classical, baroque, harpsichord",chirp-v5,classical
classical,minimalist,"minimalist classical, contemplative atmosphere, featuring harpsichord and basso continuo with florid ornamentation","classical, chamber, quartet",chirp-v5,classical
classical,neoclassical,"neoclassical, contemplative atmosphere, featuring harpsichord and basso continuo with florid ornamentation","classical, minimalist, contemporary",chirp-v5,classical
classical,impressionist,"impressionist classical, contemplative atmosphere, featuring harpsichord and basso continuo with florid ornamentation","classical, orchestral, strings",chirp-v5,classical
classical,chamber music,"chamber music classical, contemplative atmosphere, featuring harpsichord and basso continuo with florid ornamentation","classical, piano, solo",chirp-v5,classical
classical,symphonic,"symphonic classical, contemplative atmosphere, featuring harpsichord and basso continuo with florid ornamentation","classical, baroque, harpsichord",chirp-v5,classical
classical,early music,"early music classical, contemplative atmosphere, featuring harpsichord and basso continuo with florid ornamentation","classical, chamber, quartet",chirp-v5,classical
classical,modern classical,"modern classical, contemplative atmosphere, featuring harpsichord and basso continuo with florid ornamentation","classical, minimalist, contemporary",chirp-v5,classical
classical,baroque,"baroque classical, dramatic atmosphere, featuring harpsichord and basso continuo with florid ornamentation","classical, orchestral, strings",chirp-v5,classical
classical,romantic,"romantic classical, dramatic atmosphere, featuring harpsichord and basso continuo with florid ornamentation","classical, piano, solo",chirp-v5,classical
classical,contemporary classical,"contemporary classical, dramatic atmosphere, featuring harpsichord and basso continuo with florid ornamentation","classical, baroque, harpsichord",chirp-v5,classical
classical,minimalist,"minimalist classical, dramatic atmosphere, featuring harpsichord and basso continuo with florid ornamentation","classical, chamber, quartet",chirp-v5,classical
classical,neoclassical,"neoclassical, dramatic atmosphere, featuring harpsichord and basso continuo with florid ornamentation","classical, minimalist, contemporary",chirp-v5,classical
classical,impressionist,"impressionist classical, dramatic atmosphere, featuring harpsichord and basso continuo with florid ornamentation","classical, orchestral, strings",chirp-v5,classical
classical,chamber music,"chamber music classical, dramatic atmosphere, featuring harpsichord and basso continuo with florid ornamentation","classical, piano, solo",chirp-v5,classical
classical,symphonic,"symphonic classical, dramatic atmosphere, featuring harpsichord and basso continuo with florid ornamentation","classical, baroque, harpsichord",chirp-v5,classical
classical,early music,"early music classical, dramatic atmosphere, featuring harpsichord and basso continuo with florid ornamentation","classical, chamber, quartet",chirp-v5,classical
classical,modern classical,"modern classical, dramatic atmosphere, featuring harpsichord and basso continuo with florid ornamentation","classical, minimalist, contemporary",chirp-v5,classical
classical,baroque,"baroque classical, ethereal atmosphere, featuring harpsichord and basso continuo with florid ornamentation","classical, orchestral, strings",chirp-v5,classical
classical,romantic,"romantic classical, ethereal atmosphere, featuring harpsichord and basso continuo with florid ornamentation","classical, piano, solo",chirp-v5,classical
classical,contemporary classical,"contemporary classical, ethereal atmosphere, featuring harpsichord and basso continuo with florid ornamentation","classical, baroque, harpsichord",chirp-v5,classical
classical,minimalist,"minimalist classical, ethereal atmosphere, featuring harpsichord and basso continuo with florid ornamentation","classical, chamber, quartet",chirp-v5,classical
classical,neoclassical,"neoclassical, ethereal atmosphere, featuring harpsichord and basso continuo with florid ornamentation","classical, minimalist, contemporary",chirp-v5,classical
classical,impressionist,"impressionist classical, ethereal atmosphere, featuring harpsichord and basso continuo with florid ornamentation","classical, orchestral, strings",chirp-v5,classical
classical,chamber music,"chamber music classical, ethereal atmosphere, featuring harpsichord and basso continuo with florid ornamentation","classical, piano, solo",chirp-v5,classical
classical,symphonic,"symphonic classical, ethereal atmosphere, featuring harpsichord and basso continuo with florid ornamentation","classical, baroque, harpsichord",chirp-v5,classical
classical,early music,"early music classical, ethereal atmosphere, featuring harpsichord and basso continuo with florid ornamentation","classical, chamber, quartet",chirp-v5,classical
classical,modern classical,"modern classical, ethereal atmosphere, featuring harpsichord and basso continuo with florid ornamentation","classical, minimalist, contemporary",chirp-v5,classical
classical,baroque,"baroque classical, melancholic atmosphere, featuring harpsichord and basso continuo with florid ornamentation","classical, orchestral, strings",chirp-v5,classical
classical,romantic,"romantic classical, melancholic atmosphere, featuring harpsichord and basso continuo with florid ornamentation","classical, piano, solo",chirp-v5,classical
classical,contemporary classical,"contemporary classical, melancholic atmosphere, featuring harpsichord and basso continuo with florid ornamentation","classical, baroque, harpsichord",chirp-v5,classical
classical,minimalist,"minimalist classical, melancholic atmosphere, featuring harpsichord and basso continuo with florid ornamentation","classical, chamber, quartet",chirp-v5,classical
classical,neoclassical,"neoclassical, melancholic atmosphere, featuring harpsichord and basso continuo with florid ornamentation","classical, minimalist, contemporary",chirp-v5,classical
classical,impressionist,"impressionist classical, melancholic atmosphere, featuring harpsichord and basso continuo with florid ornamentation","classical, orchestral, strings",chirp-v5,classical
classical,chamber music,"chamber music classical, melancholic atmosphere, featuring harpsichord and basso continuo with florid ornamentation","classical, piano, solo",chirp-v5,classical
classical,symphonic,"symphonic classical, melancholic atmosphere, featuring harpsichord and basso continuo with florid ornamentation","classical, baroque, harpsichord",chirp-v5,classical
classical,early music,"early music classical, melancholic atmosphere, featuring harpsichord and basso continuo with florid ornamentation","classical, chamber, quartet",chirp-v5,classical
classical,modern classical,"modern classical, melancholic atmosphere, featuring harpsichord and basso continuo with florid ornamentation","classical, minimalist, contemporary",chirp-v5,classical
classical,baroque,"baroque classical, triumphant atmosphere, featuring harpsichord and basso continuo with florid ornamentation","classical, orchestral, strings",chirp-v5,classical
classical,romantic,"romantic classical, triumphant atmosphere, featuring harpsichord and basso continuo with florid ornamentation","classical, piano, solo",chirp-v5,classical
classical,contemporary classical,"contemporary classical, triumphant atmosphere, featuring harpsichord and basso continuo with florid ornamentation","classical, baroque, harpsichord",chirp-v5,classical
classical,minimalist,"minimalist classical, triumphant atmosphere, featuring harpsichord and basso continuo with florid ornamentation","classical, chamber, quartet",chirp-v5,classical
classical,neoclassical,"neoclassical, triumphant atmosphere, featuring harpsichord and basso continuo with florid ornamentation","classical, minimalist, contemporary",chirp-v5,classical
classical,impressionist,"impressionist classical, triumphant atmosphere, featuring harpsichord and basso continuo with florid ornamentation","classical, orchestral, strings",chirp-v5,classical
classical,chamber music,"chamber music classical, triumphant atmosphere, featuring harpsichord and basso continuo with florid ornamentation","classical, piano, solo",chirp-v5,classical
classical,symphonic,"symphonic classical, triumphant atmosphere, featuring harpsichord and basso continuo with florid ornamentation","classical, baroque, harpsichord",chirp-v5,classical
classical,early music,"early music classical, triumphant atmosphere, featuring harpsichord and basso continuo with florid ornamentation","classical, chamber, quartet",chirp-v5,classical
classical,modern classical,"modern classical, triumphant atmosphere, featuring harpsichord and basso continuo with florid ornamentation","classical, minimalist, contemporary",chirp-v5,classical
classical,baroque,"baroque classical, intimate atmosphere, featuring harpsichord and basso continuo with florid ornamentation","classical, orchestral, strings",chirp-v5,classical
classical,romantic,"romantic classical, intimate atmosphere, featuring harpsichord and basso continuo with florid ornamentation","classical, piano, solo",chirp-v5,classical
classical,contemporary classical,"contemporary classical, intimate atmosphere, featuring harpsichord and basso continuo with florid ornamentation","classical, baroque, harpsichord",chirp-v5,classical
classical,minimalist,"minimalist classical, intimate atmosphere, featuring harpsichord and basso continuo with florid ornamentation","classical, chamber, quartet",chirp-v5,classical
classical,neoclassical,"neoclassical, intimate atmosphere, featuring harpsichord and basso continuo with florid ornamentation","classical, minimalist, contemporary",chirp-v5,classical
classical,impressionist,"impressionist classical, intimate atmosphere, featuring harpsichord and basso continuo with florid ornamentation","classical, orchestral, strings",chirp-v5,classical
classical,chamber music,"chamber music classical, intimate atmosphere, featuring harpsichord and basso continuo with florid ornamentation","classical, piano, solo",chirp-v5,classical
classical,symphonic,"symphonic classical, intimate atmosphere, featuring harpsichord and basso continuo with florid ornamentation","classical, baroque, harpsichord",chirp-v5,classical
classical,early music,"early music classical, intimate atmosphere, featuring harpsichord and basso continuo with florid ornamentation","classical, chamber, quartet",chirp-v5,classical
classical,modern classical,"modern classical, intimate atmosphere, featuring harpsichord and basso continuo with florid ornamentation","classical, minimalist, contemporary",chirp-v5,classical
classical,baroque,"baroque classical, tense atmosphere, featuring harpsichord and basso continuo with florid ornamentation","classical, orchestral, strings",chirp-v5,classical
classical,romantic,"romantic classical, tense atmosphere, featuring harpsichord and basso continuo with florid ornamentation","classical, piano, solo",chirp-v5,classical
classical,contemporary classical,"contemporary classical, tense atmosphere, featuring harpsichord and basso continuo with florid ornamentation","classical, baroque, harpsichord",chirp-v5,classical
classical,minimalist,"minimalist classical, tense atmosphere, featuring harpsichord and basso continuo with florid ornamentation","classical, chamber, quartet",chirp-v5,classical
classical,neoclassical,"neoclassical, tense atmosphere, featuring harpsichord and basso continuo with florid ornamentation","classical, minimalist, contemporary",chirp-v5,classical
classical,impressionist,"impressionist classical, tense atmosphere, featuring harpsichord and basso continuo with florid ornamentation","classical, orchestral, strings",chirp-v5,classical
classical,chamber music,"chamber music classical, tense atmosphere, featuring harpsichord and basso continuo with florid ornamentation","classical, piano, solo",chirp-v5,classical
classical,symphonic,"symphonic classical, tense atmosphere, featuring harpsichord and basso continuo with florid ornamentation","classical, baroque, harpsichord",chirp-v5,classical
classical,early music,"early music classical, tense atmosphere, featuring harpsichord and basso continuo with florid ornamentation","classical, chamber, quartet",chirp-v5,classical
classical,modern classical,"modern classical, tense atmosphere, featuring harpsichord and basso continuo with florid ornamentation","classical, minimalist, contemporary",chirp-v5,classical
classical,baroque,"baroque classical, transcendent atmosphere, featuring harpsichord and basso continuo with florid ornamentation","classical, orchestral, strings",chirp-v5,classical
classical,romantic,"romantic classical, transcendent atmosphere, featuring harpsichord and basso continuo with florid ornamentation","classical, piano, solo",chirp-v5,classical
classical,contemporary classical,"contemporary classical, transcendent atmosphere, featuring harpsichord and basso continuo with florid ornamentation","classical, baroque, harpsichord",chirp-v5,classical
classical,minimalist,"minimalist classical, transcendent atmosphere, featuring harpsichord and basso continuo with florid ornamentation","classical, chamber, quartet",chirp-v5,classical
classical,neoclassical,"neoclassical, transcendent atmosphere, featuring harpsichord and basso continuo with florid ornamentation","classical, minimalist, contemporary",chirp-v5,classical
classical,impressionist,"impressionist classical, transcendent atmosphere, featuring harpsichord and basso continuo with florid ornamentation","classical, orchestral, strings",chirp-v5,classical
classical,chamber music,"chamber music classical, transcendent atmosphere, featuring harpsichord and basso continuo with florid ornamentation","classical, piano, solo",chirp-v5,classical
classical,symphonic,"symphonic classical, transcendent atmosphere, featuring harpsichord and basso continuo with florid ornamentation","classical, baroque, harpsichord",chirp-v5,classical
classical,early music,"early music classical, transcendent atmosphere, featuring harpsichord and basso continuo with florid ornamentation","classical, chamber, quartet",chirp-v5,classical
classical,modern classical,"modern classical, transcendent atmosphere, featuring harpsichord and basso continuo with florid ornamentation","classical, minimalist, contemporary",chirp-v5,classical
classical,baroque,"baroque classical, majestic atmosphere, featuring solo violin over lush orchestral backing","classical, orchestral, strings",chirp-v5,classical
classical,romantic,"romantic classical, majestic atmosphere, featuring solo violin over lush orchestral backing","classical, piano, solo",chirp-v5,classical
classical,contemporary classical,"contemporary classical, majestic atmosphere, featuring solo violin over lush orchestral backing","classical, baroque, harpsichord",chirp-v5,classical
classical,minimalist,"minimalist classical, majestic atmosphere, featuring solo violin over lush orchestral backing","classical, chamber, quartet",chirp-v5,classical
classical,neoclassical,"neoclassical, majestic atmosphere, featuring solo violin over lush orchestral backing","classical, minimalist, contemporary",chirp-v5,classical
classical,impressionist,"impressionist classical, majestic atmosphere, featuring solo violin over lush orchestral backing","classical, orchestral, strings",chirp-v5,classical
classical,chamber music,"chamber music classical, majestic atmosphere, featuring solo violin over lush orchestral backing","classical, piano, solo",chirp-v5,classical
classical,symphonic,"symphonic classical, majestic atmosphere, featuring solo violin over lush orchestral backing","classical, baroque, harpsichord",chirp-v5,classical
classical,early music,"early music classical, majestic atmosphere, featuring solo violin over lush orchestral backing","classical, chamber, quartet",chirp-v5,classical
classical,modern classical,"modern classical, majestic atmosphere, featuring solo violin over lush orchestral backing","classical, minimalist, contemporary",chirp-v5,classical
classical,baroque,"baroque classical, serene atmosphere, featuring solo violin over lush orchestral backing","classical, orchestral, strings",chirp-v5,classical
classical,romantic,"romantic classical, serene atmosphere, featuring solo violin over lush orchestral backing","classical, piano, solo",chirp-v5,classical
classical,contemporary classical,"contemporary classical, serene atmosphere, featuring solo violin over lush orchestral backing","classical, baroque, harpsichord",chirp-v5,classical
classical,minimalist,"minimalist classical, serene atmosphere, featuring solo violin over lush orchestral backing","classical, chamber, quartet",chirp-v5,classical
classical,neoclassical,"neoclassical, serene atmosphere, featuring solo violin over lush orchestral backing","classical, minimalist, contemporary",chirp-v5,classical
classical,impressionist,"impressionist classical, serene atmosphere, featuring solo violin over lush orchestral backing","classical, orchestral, strings",chirp-v5,classical
classical,chamber music,"chamber music classical, serene atmosphere, featuring solo violin over lush orchestral backing","classical, piano, solo",chirp-v5,classical
classical,symphonic,"symphonic classical, serene atmosphere, featuring solo violin over lush orchestral backing","classical, baroque, harpsichord",chirp-v5,classical
classical,early music,"early music classical, serene atmosphere, featuring solo violin over lush orchestral backing","classical, chamber, quartet",chirp-v5,classical
classical,modern classical,"modern classical, serene atmosphere, featuring solo violin over lush orchestral backing","classical, minimalist, contemporary",chirp-v5,classical
classical,baroque,"baroque classical, contemplative atmosphere, featuring solo violin over lush orchestral backing","classical, orchestral, strings",chirp-v5,classical
classical,romantic,"romantic classical, contemplative atmosphere, featuring solo violin over lush orchestral backing","classical, piano, solo",chirp-v5,classical
classical,contemporary classical,"contemporary classical, contemplative atmosphere, featuring solo violin over lush orchestral backing","classical, baroque, harpsichord",chirp-v5,classical
classical,minimalist,"minimalist classical, contemplative atmosphere, featuring solo violin over lush orchestral backing","classical, chamber, quartet",chirp-v5,classical
classical,neoclassical,"neoclassical, contemplative atmosphere, featuring solo violin over lush orchestral backing","classical, minimalist, contemporary",chirp-v5,classical
classical,impressionist,"impressionist classical, contemplative atmosphere, featuring solo violin over lush orchestral backing","classical, orchestral, strings",chirp-v5,classical
classical,chamber music,"chamber music classical, contemplative atmosphere, featuring solo violin over lush orchestral backing","classical, piano, solo",chirp-v5,classical
classical,symphonic,"symphonic classical, contemplative atmosphere, featuring solo violin over lush orchestral backing","classical, baroque, harpsichord",chirp-v5,classical
classical,early music,"early music classical, contemplative atmosphere, featuring solo violin over lush orchestral backing","classical, chamber, quartet",chirp-v5,classical
classical,modern classical,"modern classical, contemplative atmosphere, featuring solo violin over lush orchestral backing","classical, minimalist, contemporary",chirp-v5,classical
classical,baroque,"baroque classical, dramatic atmosphere, featuring solo violin over lush orchestral backing","classical, orchestral, strings",chirp-v5,classical
classical,romantic,"romantic classical, dramatic atmosphere, featuring solo violin over lush orchestral backing","classical, piano, solo",chirp-v5,classical
classical,contemporary classical,"contemporary classical, dramatic atmosphere, featuring solo violin over lush orchestral backing","classical, baroque, harpsichord",chirp-v5,classical
classical,minimalist,"minimalist classical, dramatic atmosphere, featuring solo violin over lush orchestral backing","classical, chamber, quartet",chirp-v5,classical
classical,neoclassical,"neoclassical, dramatic atmosphere, featuring solo violin over lush orchestral backing","classical, minimalist, contemporary",chirp-v5,classical
classical,impressionist,"impressionist classical, dramatic atmosphere, featuring solo violin over lush orchestral backing","classical, orchestral, strings",chirp-v5,classical
classical,chamber music,"chamber music classical, dramatic atmosphere, featuring solo violin over lush orchestral backing","classical, piano, solo",chirp-v5,classical
classical,symphonic,"symphonic classical, dramatic atmosphere, featuring solo violin over lush orchestral backing","classical, baroque, harpsichord",chirp-v5,classical
classical,early music,"early music classical, dramatic atmosphere, featuring solo violin over lush orchestral backing","classical, chamber, quartet",chirp-v5,classical
classical,modern classical,"modern classical, dramatic atmosphere, featuring solo violin over lush orchestral backing","classical, minimalist, contemporary",chirp-v5,classical
classical,baroque,"baroque classical, ethereal atmosphere, featuring solo violin over lush orchestral backing","classical, orchestral, strings",chirp-v5,classical
classical,romantic,"romantic classical, ethereal atmosphere, featuring solo violin over lush orchestral backing","classical, piano, solo",chirp-v5,classical
classical,contemporary classical,"contemporary classical, ethereal atmosphere, featuring solo violin over lush orchestral backing","classical, baroque, harpsichord",chirp-v5,classical
classical,minimalist,"minimalist classical, ethereal atmosphere, featuring solo violin over lush orchestral backing","classical, chamber, quartet",chirp-v5,classical
classical,neoclassical,"neoclassical, ethereal atmosphere, featuring solo violin over lush orchestral backing","classical, minimalist, contemporary",chirp-v5,classical
classical,impressionist,"impressionist classical, ethereal atmosphere, featuring solo violin over lush orchestral backing","classical, orchestral, strings",chirp-v5,classical
classical,chamber music,"chamber music classical, ethereal atmosphere, featuring solo violin over lush orchestral backing","classical, piano, solo",chirp-v5,classical
classical,symphonic,"symphonic classical, ethereal atmosphere, featuring solo violin over lush orchestral backing","classical, baroque, harpsichord",chirp-v5,classical
classical,early music,"early music classical, ethereal atmosphere, featuring solo violin over lush orchestral backing","classical, chamber, quartet",chirp-v5,classical
classical,modern classical,"modern classical, ethereal atmosphere, featuring solo violin over lush orchestral backing","classical, minimalist, contemporary",chirp-v5,classical
classical,baroque,"baroque classical, melancholic atmosphere, featuring solo violin over lush orchestral backing","classical, orchestral, strings",chirp-v5,classical
classical,romantic,"romantic classical, melancholic atmosphere, featuring solo violin over lush orchestral backing","classical, piano, solo",chirp-v5,classical
classical,contemporary classical,"contemporary classical, melancholic atmosphere, featuring solo violin over lush orchestral backing","classical, baroque, harpsichord",chirp-v5,classical
classical,minimalist,"minimalist classical, melancholic atmosphere, featuring solo violin over lush orchestral backing","classical, chamber, quartet",chirp-v5,classical
classical,neoclassical,"neoclassical, melancholic atmosphere, featuring solo violin over lush orchestral backing","classical, minimalist, contemporary",chirp-v5,classical
classical,impressionist,"impressionist classical, melancholic atmosphere, featuring solo violin over lush orchestral backing","classical, orchestral, strings",chirp-v5,classical
classical,chamber music,"chamber music classical, melancholic atmosphere, featuring solo violin over lush orchestral backing","classical, piano, solo",chirp-v5,classical
classical,symphonic,"symphonic classical, melancholic atmosphere, featuring solo violin over lush orchestral backing","classical, baroque, harpsichord",chirp-v5,classical
classical,early music,"early music classical, melancholic atmosphere, featuring solo violin over lush orchestral backing","classical, chamber, quartet",chirp-v5,classical
classical,modern classical,"modern classical, melancholic atmosphere, featuring solo violin over lush orchestral backing","classical, minimalist, contemporary",chirp-v5,classical
classical,baroque,"baroque classical, triumphant atmosphere, featuring solo violin over lush orchestral backing","classical, orchestral, strings",chirp-v5,classical
classical,romantic,"romantic classical, triumphant atmosphere, featuring solo violin over lush orchestral backing","classical, piano, solo",chirp-v5,classical
classical,contemporary classical,"contemporary classical, triumphant atmosphere, featuring solo violin over lush orchestral backing","classical, baroque, harpsichord",chirp-v5,classical
classical,minimalist,"minimalist classical, triumphant atmosphere, featuring solo violin over lush orchestral backing","classical, chamber, quartet",chirp-v5,classical
classical,neoclassical,"neoclassical, triumphant atmosphere, featuring solo violin over lush orchestral backing","classical, minimalist, contemporary",chirp-v5,classical
classical,impressionist,"impressionist classical, triumphant atmosphere, featuring solo violin over lush orchestral backing","classical, orchestral, strings",chirp-v5,classical
classical,chamber music,"chamber music classical, triumphant atmosphere, featuring solo violin over lush orchestral backing","classical, piano, solo",chirp-v5,classical
classical,symphonic,"symphonic classical, triumphant atmosphere, featuring solo violin over lush orchestral backing","classical, baroque, harpsichord",chirp-v5,classical
classical,early music,"early music classical, triumphant atmosphere, featuring solo violin over lush orchestral backing","classical, chamber, quartet",chirp-v5,classical
classical,modern classical,"modern classical, triumphant atmosphere, featuring solo violin over lush orchestral backing","classical, minimalist, contemporary",chirp-v5,classical
classical,baroque,"baroque classical, intimate atmosphere, featuring solo violin over lush orchestral backing","classical, orchestral, strings",chirp-v5,classical
classical,romantic,"romantic classical, intimate atmosphere, featuring solo violin over lush orchestral backing","classical, piano, solo",chirp-v5,classical
classical,contemporary classical,"contemporary classical, intimate atmosphere, featuring solo violin over lush orchestral backing","classical, baroque, harpsichord",chirp-v5,classical
classical,minimalist,"minimalist classical, intimate atmosphere, featuring solo violin over lush orchestral backing","classical, chamber, quartet",chirp-v5,classical
classical,neoclassical,"neoclassical, intimate atmosphere, featuring solo violin over lush orchestral backing","classical, minimalist, contemporary",chirp-v5,classical
classical,impressionist,"impressionist classical, intimate atmosphere, featuring solo violin over lush orchestral backing","classical, orchestral, strings",chirp-v5,classical
classical,chamber music,"chamber music classical, intimate atmosphere, featuring solo violin over lush orchestral backing","classical, piano, solo",chirp-v5,classical
classical,symphonic,"symphonic classical, intimate atmosphere, featuring solo violin over lush orchestral backing","classical, baroque, harpsichord",chirp-v5,classical
classical,early music,"early music classical, intimate atmosphere, featuring solo violin over lush orchestral backing","classical, chamber, quartet",chirp-v5,classical
classical,modern classical,"modern classical, intimate atmosphere, featuring solo violin over lush orchestral backing","classical, minimalist, contemporary",chirp-v5,classical
classical,baroque,"baroque classical, tense atmosphere, featuring solo violin over lush orchestral backing","classical, orchestral, strings",chirp-v5,classical
classical,romantic,"romantic classical, tense atmosphere, featuring solo violin over lush orchestral backing","classical, piano, solo",chirp-v5,classical
classical,contemporary classical,"contemporary classical, tense atmosphere, featuring solo violin over lush orchestral backing","classical, baroque, harpsichord",chirp-v5,classical
classical,minimalist,"minimalist classical, tense atmosphere, featuring solo violin over lush orchestral backing","classical, chamber, quartet",chirp-v5,classical
classical,neoclassical,"neoclassical, tense atmosphere, featuring solo violin over lush orchestral backing","classical, minimalist, contemporary",chirp-v5,classical
classical,impressionist,"impressionist classical, tense atmosphere, featuring solo violin over lush orchestral backing","classical, orchestral, strings",chirp-v5,classical
classical,chamber music,"chamber music classical, tense atmosphere, featuring solo violin over lush orchestral backing","classical, piano, solo",chirp-v5,classical
classical,symphonic,"symphonic classical, tense atmosphere, featuring solo violin over lush orchestral backing","classical, baroque, harpsichord",chirp-v5,classical
classical,early music,"early music classical, tense atmosphere, featuring solo violin over lush orchestral backing","classical, chamber, quartet",chirp-v5,classical
classical,modern classical,"modern classical, tense atmosphere, featuring solo violin over lush orchestral backing","classical, minimalist, contemporary",chirp-v5,classical
classical,baroque,"baroque classical, transcendent atmosphere, featuring solo violin over lush orchestral backing","classical, orchestral, strings",chirp-v5,classical
classical,romantic,"romantic classical, transcendent atmosphere, featuring solo violin over lush orchestral backing","classical, piano, solo",chirp-v5,classical
classical,contemporary classical,"contemporary classical, transcendent atmosphere, featuring solo violin over lush orchestral backing","classical, baroque, harpsichord",chirp-v5,classical
classical,minimalist,"minimalist classical, transcendent atmosphere, featuring solo violin over lush orchestral backing","classical, chamber, quartet",chirp-v5,classical
classical,neoclassical,"neoclassical, transcendent atmosphere, featuring solo violin over lush orchestral backing","classical, minimalist, contemporary",chirp-v5,classical
classical,impressionist,"impressionist classical, transcendent atmosphere, featuring solo violin over lush orchestral backing","classical, orchestral, strings",chirp-v5,classical
classical,chamber music,"chamber music classical, transcendent atmosphere, featuring solo violin over lush orchestral backing","classical, piano, solo",chirp-v5,classical
classical,symphonic,"symphonic classical, transcendent atmosphere, featuring solo violin over lush orchestral backing","classical, baroque, harpsichord",chirp-v5,classical
classical,early music,"early music classical, transcendent atmosphere, featuring solo violin over lush orchestral backing","classical, chamber, quartet",chirp-v5,classical
classical,modern classical,"modern classical, transcendent atmosphere, featuring solo violin over lush orchestral backing","classical, minimalist, contemporary",chirp-v5,classical
classical,baroque,"baroque classical, majestic atmosphere, featuring oboe and flute duet with pizzicato strings","classical, orchestral, strings",chirp-v5,classical
classical,romantic,"romantic classical, majestic atmosphere, featuring oboe and flute duet with pizzicato strings","classical, piano, solo",chirp-v5,classical
classical,contemporary classical,"contemporary classical, majestic atmosphere, featuring oboe and flute duet with pizzicato strings","classical, baroque, harpsichord",chirp-v5,classical
classical,minimalist,"minimalist classical, majestic atmosphere, featuring oboe and flute duet with pizzicato strings","classical, chamber, quartet",chirp-v5,classical
classical,neoclassical,"neoclassical, majestic atmosphere, featuring oboe and flute duet with pizzicato strings","classical, minimalist, contemporary",chirp-v5,classical
classical,impressionist,"impressionist classical, majestic atmosphere, featuring oboe and flute duet with pizzicato strings","classical, orchestral, strings",chirp-v5,classical
classical,chamber music,"chamber music classical, majestic atmosphere, featuring oboe and flute duet with pizzicato strings","classical, piano, solo",chirp-v5,classical
classical,symphonic,"symphonic classical, majestic atmosphere, featuring oboe and flute duet with pizzicato strings","classical, baroque, harpsichord",chirp-v5,classical
classical,early music,"early music classical, majestic atmosphere, featuring oboe and flute duet with pizzicato strings","classical, chamber, quartet",chirp-v5,classical
classical,modern classical,"modern classical, majestic atmosphere, featuring oboe and flute duet with pizzicato strings","classical, minimalist, contemporary",chirp-v5,classical
classical,baroque,"baroque classical, serene atmosphere, featuring oboe and flute duet with pizzicato strings","classical, orchestral, strings",chirp-v5,classical
classical,romantic,"romantic classical, serene atmosphere, featuring oboe and flute duet with pizzicato strings","classical, piano, solo",chirp-v5,classical
classical,contemporary classical,"contemporary classical, serene atmosphere, featuring oboe and flute duet with pizzicato strings","classical, baroque, harpsichord",chirp-v5,classical
classical,minimalist,"minimalist classical, serene atmosphere, featuring oboe and flute duet with pizzicato strings","classical, chamber, quartet",chirp-v5,classical
classical,neoclassical,"neoclassical, serene atmosphere, featuring oboe and flute duet with pizzicato strings","classical, minimalist, contemporary",chirp-v5,classical
classical,impressionist,"impressionist classical, serene atmosphere, featuring oboe and flute duet with pizzicato strings","classical, orchestral, strings",chirp-v5,classical
classical,chamber music,"chamber music classical, serene atmosphere, featuring oboe and flute duet with pizzicato strings","classical, piano, solo",chirp-v5,classical
classical,symphonic,"symphonic classical, serene atmosphere, featuring oboe and flute duet with pizzicato strings","classical, baroque, harpsichord",chirp-v5,classical
classical,early music,"early music classical, serene atmosphere, featuring oboe and flute duet with pizzicato strings","classical, chamber, quartet",chirp-v5,classical
classical,modern classical,"modern classical, serene atmosphere, featuring oboe and flute duet with pizzicato strings","classical, minimalist, contemporary",chirp-v5,classical
classical,baroque,"baroque classical, contemplative atmosphere, featuring oboe and flute duet with pizzicato strings","classical, orchestral, strings",chirp-v5,classical
classical,romantic,"romantic classical, contemplative atmosphere, featuring oboe and flute duet with pizzicato strings","classical, piano, solo",chirp-v5,classical
classical,contemporary classical,"contemporary classical, contemplative atmosphere, featuring oboe and flute duet with pizzicato strings","classical, baroque, harpsichord",chirp-v5,classical
classical,minimalist,"minimalist classical, contemplative atmosphere, featuring oboe and flute duet with pizzicato strings","classical, chamber, quartet",chirp-v5,classical
classical,neoclassical,"neoclassical, contemplative atmosphere, featuring oboe and flute duet with pizzicato strings","classical, minimalist, contemporary",chirp-v5,classical
classical,impressionist,"impressionist classical, contemplative atmosphere, featuring oboe and flute duet with pizzicato strings","classical, orchestral, strings",chirp-v5,classical
classical,chamber music,"chamber music classical, contemplative atmosphere, featuring oboe and flute duet with pizzicato strings","classical, piano, solo",chirp-v5,classical
classical,symphonic,"symphonic classical, contemplative atmosphere, featuring oboe and flute duet with pizzicato strings","classical, baroque, harpsichord",chirp-v5,classical
classical,early music,"early music classical, contemplative atmosphere, featuring oboe and flute duet with pizzicato strings","classical, chamber, quartet",chirp-v5,classical
classical,modern classical,"modern classical, contemplative atmosphere, featuring oboe and flute duet with pizzicato strings","classical, minimalist, contemporary",chirp-v5,classical
classical,baroque,"baroque classical, dramatic atmosphere, featuring oboe and flute duet with pizzicato strings","classical, orchestral, strings",chirp-v5,classical
classical,romantic,"romantic classical, dramatic atmosphere, featuring oboe and flute duet with pizzicato strings","classical, piano, solo",chirp-v5,classical
classical,contemporary classical,"contemporary classical, dramatic atmosphere, featuring oboe and flute duet with pizzicato strings","classical, baroque, harpsichord",chirp-v5,classical
classical,minimalist,"minimalist classical, dramatic atmosphere, featuring oboe and flute duet with pizzicato strings","classical, chamber, quartet",chirp-v5,classical
classical,neoclassical,"neoclassical, dramatic atmosphere, featuring oboe and flute duet with pizzicato strings","classical, minimalist, contemporary",chirp-v5,classical
classical,impressionist,"impressionist classical, dramatic atmosphere, featuring oboe and flute duet with pizzicato strings","classical, orchestral, strings",chirp-v5,classical
classical,chamber music,"chamber music classical, dramatic atmosphere, featuring oboe and flute duet with pizzicato strings","classical, piano, solo",chirp-v5,classical
classical,symphonic,"symphonic classical, dramatic atmosphere, featuring oboe and flute duet with pizzicato strings","classical, baroque, harpsichord",chirp-v5,classical
classical,early music,"early music classical, dramatic atmosphere, featuring oboe and flute duet with pizzicato strings","classical, chamber, quartet",chirp-v5,classical
classical,modern classical,"modern classical, dramatic atmosphere, featuring oboe and flute duet with pizzicato strings","classical, minimalist, contemporary",chirp-v5,classical
classical,baroque,"baroque classical, ethereal atmosphere, featuring oboe and flute duet with pizzicato strings","classical, orchestral, strings",chirp-v5,classical
classical,romantic,"romantic classical, ethereal atmosphere, featuring oboe and flute duet with pizzicato strings","classical, piano, solo",chirp-v5,classical
classical,contemporary classical,"contemporary classical, ethereal atmosphere, featuring oboe and flute duet with pizzicato strings","classical, baroque, harpsichord",chirp-v5,classical
classical,minimalist,"minimalist classical, ethereal atmosphere, featuring oboe and flute duet with pizzicato strings","classical, chamber, quartet",chirp-v5,classical
classical,neoclassical,"neoclassical, ethereal atmosphere, featuring oboe and flute duet with pizzicato strings","classical, minimalist, contemporary",chirp-v5,classical
classical,impressionist,"impressionist classical, ethereal atmosphere, featuring oboe and flute duet with pizzicato strings","classical, orchestral, strings",chirp-v5,classical
classical,chamber music,"chamber music classical, ethereal atmosphere, featuring oboe and flute duet with pizzicato strings","classical, piano, solo",chirp-v5,classical
classical,symphonic,"symphonic classical, ethereal atmosphere, featuring oboe and flute duet with pizzicato strings","classical, baroque, harpsichord",chirp-v5,classical
classical,early music,"early music classical, ethereal atmosphere, featuring oboe and flute duet with pizzicato strings","classical, chamber, quartet",chirp-v5,classical
classical,modern classical,"modern classical, ethereal atmosphere, featuring oboe and flute duet with pizzicato strings","classical, minimalist, contemporary",chirp-v5,classical
classical,baroque,"baroque classical, melancholic atmosphere, featuring oboe and flute duet with pizzicato strings","classical, orchestral, strings",chirp-v5,classical
classical,romantic,"romantic classical, melancholic atmosphere, featuring oboe and flute duet with pizzicato strings","classical, piano, solo",chirp-v5,classical
classical,contemporary classical,"contemporary classical, melancholic atmosphere, featuring oboe and flute duet with pizzicato strings","classical, baroque, harpsichord",chirp-v5,classical
classical,minimalist,"minimalist classical, melancholic atmosphere, featuring oboe and flute duet with pizzicato strings","classical, chamber, quartet",chirp-v5,classical
classical,neoclassical,"neoclassical, melancholic atmosphere, featuring oboe and flute duet with pizzicato strings","classical, minimalist, contemporary",chirp-v5,classical
classical,impressionist,"impressionist classical, melancholic atmosphere, featuring oboe and flute duet with pizzicato strings","classical, orchestral, strings",chirp-v5,classical
classical,chamber music,"chamber music classical, melancholic atmosphere, featuring oboe and flute duet with pizzicato strings","classical, piano, solo",chirp-v5,classical
classical,symphonic,"symphonic classical, melancholic atmosphere, featuring oboe and flute duet with pizzicato strings","classical, baroque, harpsichord",chirp-v5,classical
classical,early music,"early music classical, melancholic atmosphere, featuring oboe and flute duet with pizzicato strings","classical, chamber, quartet",chirp-v5,classical
classical,modern classical,"modern classical, melancholic atmosphere, featuring oboe and flute duet with pizzicato strings","classical, minimalist, contemporary",chirp-v5,classical
classical,baroque,"baroque classical, triumphant atmosphere, featuring oboe and flute duet with pizzicato strings","classical, orchestral, strings",chirp-v5,classical
classical,romantic,"romantic classical, triumphant atmosphere, featuring oboe and flute duet with pizzicato strings","classical, piano, solo",chirp-v5,classical
classical,contemporary classical,"contemporary classical, triumphant atmosphere, featuring oboe and flute duet with pizzicato strings","classical, baroque, harpsichord",chirp-v5,classical
classical,minimalist,"minimalist classical, triumphant atmosphere, featuring oboe and flute duet with pizzicato strings","classical, chamber, quartet",chirp-v5,classical
classical,neoclassical,"neoclassical, triumphant atmosphere, featuring oboe and flute duet with pizzicato strings","classical, minimalist, contemporary",chirp-v5,classical
classical,impressionist,"impressionist classical, triumphant atmosphere, featuring oboe and flute duet with pizzicato strings","classical, orchestral, strings",chirp-v5,classical
classical,chamber music,"chamber music classical, triumphant atmosphere, featuring oboe and flute duet with pizzicato strings","classical, piano, solo",chirp-v5,classical
classical,symphonic,"symphonic classical, triumphant atmosphere, featuring oboe and flute duet with pizzicato strings","classical, baroque, harpsichord",chirp-v5,classical
classical,early music,"early music classical, triumphant atmosphere, featuring oboe and flute duet with pizzicato strings","classical, chamber, quartet",chirp-v5,classical
classical,modern classical,"modern classical, triumphant atmosphere, featuring oboe and flute duet with pizzicato strings","classical, minimalist, contemporary",chirp-v5,classical
classical,baroque,"baroque classical, intimate atmosphere, featuring oboe and flute duet with pizzicato strings","classical, orchestral, strings",chirp-v5,classical
classical,romantic,"romantic classical, intimate atmosphere, featuring oboe and flute duet with pizzicato strings","classical, piano, solo",chirp-v5,classical
classical,contemporary classical,"contemporary classical, intimate atmosphere, featuring oboe and flute duet with pizzicato strings","classical, baroque, harpsichord",chirp-v5,classical
classical,minimalist,"minimalist classical, intimate atmosphere, featuring oboe and flute duet with pizzicato strings","classical, chamber, quartet",chirp-v5,classical
classical,neoclassical,"neoclassical, intimate atmosphere, featuring oboe and flute duet with pizzicato strings","classical, minimalist, contemporary",chirp-v5,classical
classical,impressionist,"impressionist classical, intimate atmosphere, featuring oboe and flute duet with pizzicato strings","classical, orchestral, strings",chirp-v5,classical
classical,chamber music,"chamber music classical, intimate atmosphere, featuring oboe and flute duet with pizzicato strings","classical, piano, solo",chirp-v5,classical
classical,symphonic,"symphonic classical, intimate atmosphere, featuring oboe and flute duet with pizzicato strings","classical, baroque, harpsichord",chirp-v5,classical
classical,early music,"early music classical, intimate atmosphere, featuring oboe and flute duet with pizzicato strings","classical, chamber, quartet",chirp-v5,classical
classical,modern classical,"modern classical, intimate atmosphere, featuring oboe and flute duet with pizzicato strings","classical, minimalist, contemporary",chirp-v5,classical
classical,baroque,"baroque classical, tense atmosphere, featuring oboe and flute duet with pizzicato strings","classical, orchestral, strings",chirp-v5,classical
classical,romantic,"romantic classical, tense atmosphere, featuring oboe and flute duet with pizzicato strings","classical, piano, solo",chirp-v5,classical
classical,contemporary classical,"contemporary classical, tense atmosphere, featuring oboe and flute duet with pizzicato strings","classical, baroque, harpsichord",chirp-v5,classical
classical,minimalist,"minimalist classical, tense atmosphere, featuring oboe and flute duet with pizzicato strings","classical, chamber, quartet",chirp-v5,classical
classical,neoclassical,"neoclassical, tense atmosphere, featuring oboe and flute duet with pizzicato strings","classical, minimalist, contemporary",chirp-v5,classical
classical,impressionist,"impressionist classical, tense atmosphere, featuring oboe and flute duet with pizzicato strings","classical, orchestral, strings",chirp-v5,classical
classical,chamber music,"chamber music classical, tense atmosphere, featuring oboe and flute duet with pizzicato strings","classical, piano, solo",chirp-v5,classical
classical,symphonic,"symphonic classical, tense atmosphere, featuring oboe and flute duet with pizzicato strings","classical, baroque, harpsichord",chirp-v5,classical
classical,early music,"early music classical, tense atmosphere, featuring oboe and flute duet with pizzicato strings","classical, chamber, quartet",chirp-v5,classical
classical,modern classical,"modern classical, tense atmosphere, featuring oboe and flute duet with pizzicato strings","classical, minimalist, contemporary",chirp-v5,classical
classical,baroque,"baroque classical, transcendent atmosphere, featuring oboe and flute duet with pizzicato strings","classical, orchestral, strings",chirp-v5,classical
classical,romantic,"romantic classical, transcendent atmosphere, featuring oboe and flute duet with pizzicato strings","classical, piano, solo",chirp-v5,classical
classical,contemporary classical,"contemporary classical, transcendent atmosphere, featuring oboe and flute duet with pizzicato strings","classical, baroque, harpsichord",chirp-v5,classical
classical,minimalist,"minimalist classical, transcendent atmosphere, featuring oboe and flute duet with pizzicato strings","classical, chamber, quartet",chirp-v5,classical
classical,neoclassical,"neoclassical, transcendent atmosphere, featuring oboe and flute duet with pizzicato strings","classical, minimalist, contemporary",chirp-v5,classical
classical,impressionist,"impressionist classical, transcendent atmosphere, featuring oboe and flute duet with pizzicato strings","classical, orchestral, strings",chirp-v5,classical
classical,chamber music,"chamber music classical, transcendent atmosphere, featuring oboe and flute duet with pizzicato strings","classical, piano, solo",chirp-v5,classical
classical,symphonic,"symphonic classical, transcendent atmosphere, featuring oboe and flute duet with pizzicato strings","classical, baroque, harpsichord",chirp-v5,classical
classical,early music,"early music classical, transcendent atmosphere, featuring oboe and flute duet with pizzicato strings","classical, chamber, quartet",chirp-v5,classical
classical,modern classical,"modern classical, transcendent atmosphere, featuring oboe and flute duet with pizzicato strings","classical, minimalist, contemporary",chirp-v5,classical
classical,baroque,"baroque classical, majestic atmosphere, featuring cello sonata with expressive vibrato and dynamic range","classical, orchestral, strings",chirp-v5,classical
classical,romantic,"romantic classical, majestic atmosphere, featuring cello sonata with expressive vibrato and dynamic range","classical, piano, solo",chirp-v5,classical
classical,contemporary classical,"contemporary classical, majestic atmosphere, featuring cello sonata with expressive vibrato and dynamic range","classical, baroque, harpsichord",chirp-v5,classical
classical,minimalist,"minimalist classical, majestic atmosphere, featuring cello sonata with expressive vibrato and dynamic range","classical, chamber, quartet",chirp-v5,classical
classical,neoclassical,"neoclassical, majestic atmosphere, featuring cello sonata with expressive vibrato and dynamic range","classical, minimalist, contemporary",chirp-v5,classical
classical,impressionist,"impressionist classical, majestic atmosphere, featuring cello sonata with expressive vibrato and dynamic range","classical, orchestral, strings",chirp-v5,classical
classical,chamber music,"chamber music classical, majestic atmosphere, featuring cello sonata with expressive vibrato and dynamic range","classical, piano, solo",chirp-v5,classical
classical,symphonic,"symphonic classical, majestic atmosphere, featuring cello sonata with expressive vibrato and dynamic range","classical, baroque, harpsichord",chirp-v5,classical
classical,early music,"early music classical, majestic atmosphere, featuring cello sonata with expressive vibrato and dynamic range","classical, chamber, quartet",chirp-v5,classical
classical,modern classical,"modern classical, majestic atmosphere, featuring cello sonata with expressive vibrato and dynamic range","classical, minimalist, contemporary",chirp-v5,classical
classical,baroque,"baroque classical, serene atmosphere, featuring cello sonata with expressive vibrato and dynamic range","classical, orchestral, strings",chirp-v5,classical
classical,romantic,"romantic classical, serene atmosphere, featuring cello sonata with expressive vibrato and dynamic range","classical, piano, solo",chirp-v5,classical
classical,contemporary classical,"contemporary classical, serene atmosphere, featuring cello sonata with expressive vibrato and dynamic range","classical, baroque, harpsichord",chirp-v5,classical
classical,minimalist,"minimalist classical, serene atmosphere, featuring cello sonata with expressive vibrato and dynamic range","classical, chamber, quartet",chirp-v5,classical
classical,neoclassical,"neoclassical, serene atmosphere, featuring cello sonata with expressive vibrato and dynamic range","classical, minimalist, contemporary",chirp-v5,classical
classical,impressionist,"impressionist classical, serene atmosphere, featuring cello sonata with expressive vibrato and dynamic range","classical, orchestral, strings",chirp-v5,classical
classical,chamber music,"chamber music classical, serene atmosphere, featuring cello sonata with expressive vibrato and dynamic range","classical, piano, solo",chirp-v5,classical
classical,symphonic,"symphonic classical, serene atmosphere, featuring cello sonata with expressive vibrato and dynamic range","classical, baroque, harpsichord",chirp-v5,classical
classical,early music,"early music classical, serene atmosphere, featuring cello sonata with expressive vibrato and dynamic range","classical, chamber, quartet",chirp-v5,classical
classical,modern classical,"modern classical, serene atmosphere, featuring cello sonata with expressive vibrato and dynamic range","classical, minimalist, contemporary",chirp-v5,classical
classical,baroque,"baroque classical, contemplative atmosphere, featuring cello sonata with expressive vibrato and dynamic range","classical, orchestral, strings",chirp-v5,classical
classical,romantic,"romantic classical, contemplative atmosphere, featuring cello sonata with expressive vibrato and dynamic range","classical, piano, solo",chirp-v5,classical
classical,contemporary classical,"contemporary classical, contemplative atmosphere, featuring cello sonata with expressive vibrato and dynamic range","classical, baroque, harpsichord",chirp-v5,classical
classical,minimalist,"minimalist classical, contemplative atmosphere, featuring cello sonata with expressive vibrato and dynamic range","classical, chamber, quartet",chirp-v5,classical
classical,neoclassical,"neoclassical, contemplative atmosphere, featuring cello sonata with expressive vibrato and dynamic range","classical, minimalist, contemporary",chirp-v5,classical
classical,impressionist,"impressionist classical, contemplative atmosphere, featuring cello sonata with expressive vibrato and dynamic range","classical, orchestral, strings",chirp-v5,classical
classical,chamber music,"chamber music classical, contemplative atmosphere, featuring cello sonata with expressive vibrato and dynamic range","classical, piano, solo",chirp-v5,classical
classical,symphonic,"symphonic classical, contemplative atmosphere, featuring cello sonata with expressive vibrato and dynamic range","classical, baroque, harpsichord",chirp-v5,classical
classical,early music,"early music classical, contemplative atmosphere, featuring cello sonata with expressive vibrato and dynamic range","classical, chamber, quartet",chirp-v5,classical
classical,modern classical,"modern classical, contemplative atmosphere, featuring cello sonata with expressive vibrato and dynamic range","classical, minimalist, contemporary",chirp-v5,classical
classical,baroque,"baroque classical, dramatic atmosphere, featuring cello sonata with expressive vibrato and dynamic range","classical, orchestral, strings",chirp-v5,classical
classical,romantic,"romantic classical, dramatic atmosphere, featuring cello sonata with expressive vibrato and dynamic range","classical, piano, solo",chirp-v5,classical
classical,contemporary classical,"contemporary classical, dramatic atmosphere, featuring cello sonata with expressive vibrato and dynamic range","classical, baroque, harpsichord",chirp-v5,classical
classical,minimalist,"minimalist classical, dramatic atmosphere, featuring cello sonata with expressive vibrato and dynamic range","classical, chamber, quartet",chirp-v5,classical
classical,neoclassical,"neoclassical, dramatic atmosphere, featuring cello sonata with expressive vibrato and dynamic range","classical, minimalist, contemporary",chirp-v5,classical
classical,impressionist,"impressionist classical, dramatic atmosphere, featuring cello sonata with expressive vibrato and dynamic range","classical, orchestral, strings",chirp-v5,classical
classical,chamber music,"chamber music classical, dramatic atmosphere, featuring cello sonata with expressive vibrato and dynamic range","classical, piano, solo",chirp-v5,classical
classical,symphonic,"symphonic classical, dramatic atmosphere, featuring cello sonata with expressive vibrato and dynamic range","classical, baroque, harpsichord",chirp-v5,classical
classical,early music,"early music classical, dramatic atmosphere, featuring cello sonata with expressive vibrato and dynamic range","classical, chamber, quartet",chirp-v5,classical
classical,modern classical,"modern classical, dramatic atmosphere, featuring cello sonata with expressive vibrato and dynamic range","classical, minimalist, contemporary",chirp-v5,classical
classical,baroque,"baroque classical, ethereal atmosphere, featuring cello sonata with expressive vibrato and dynamic range","classical, orchestral, strings",chirp-v5,classical
classical,romantic,"romantic classical, ethereal atmosphere, featuring cello sonata with expressive vibrato and dynamic range","classical, piano, solo",chirp-v5,classical
classical,contemporary classical,"contemporary classical, ethereal atmosphere, featuring cello sonata with expressive vibrato and dynamic range","classical, baroque, harpsichord",chirp-v5,classical
classical,minimalist,"minimalist classical, ethereal atmosphere, featuring cello sonata with expressive vibrato and dynamic range","classical, chamber, quartet",chirp-v5,classical
classical,neoclassical,"neoclassical, ethereal atmosphere, featuring cello sonata with expressive vibrato and dynamic range","classical, minimalist, contemporary",chirp-v5,classical
classical,impressionist,"impressionist classical, ethereal atmosphere, featuring cello sonata with expressive vibrato and dynamic range","classical, orchestral, strings",chirp-v5,classical
classical,chamber music,"chamber music classical, ethereal atmosphere, featuring cello sonata with expressive vibrato and dynamic range","classical, piano, solo",chirp-v5,classical
classical,symphonic,"symphonic classical, ethereal atmosphere, featuring cello sonata with expressive vibrato and dynamic range","classical, baroque, harpsichord",chirp-v5,classical
classical,early music,"early music classical, ethereal atmosphere, featuring cello sonata with expressive vibrato and dynamic range","classical, chamber, quartet",chirp-v5,classical
classical,modern classical,"modern classical, ethereal atmosphere, featuring cello sonata with expressive vibrato and dynamic range","classical, minimalist, contemporary",chirp-v5,classical
classical,baroque,"baroque classical, melancholic atmosphere, featuring cello sonata with expressive vibrato and dynamic range","classical, orchestral, strings",chirp-v5,classical
classical,romantic,"romantic classical, melancholic atmosphere, featuring cello sonata with expressive vibrato and dynamic range","classical, piano, solo",chirp-v5,classical
classical,contemporary classical,"contemporary classical, melancholic atmosphere, featuring cello sonata with expressive vibrato and dynamic range","classical, baroque, harpsichord",chirp-v5,classical
classical,minimalist,"minimalist classical, melancholic atmosphere, featuring cello sonata with expressive vibrato and dynamic range","classical, chamber, quartet",chirp-v5,classical
classical,neoclassical,"neoclassical, melancholic atmosphere, featuring cello sonata with expressive vibrato and dynamic range","classical, minimalist, contemporary",chirp-v5,classical
classical,impressionist,"impressionist classical, melancholic atmosphere, featuring cello sonata with expressive vibrato and dynamic range","classical, orchestral, strings",chirp-v5,classical
classical,chamber music,"chamber music classical, melancholic atmosphere, featuring cello sonata with expressive vibrato and dynamic range","classical, piano, solo",chirp-v5,classical
classical,symphonic,"symphonic classical, melancholic atmosphere, featuring cello sonata with expressive vibrato and dynamic range","classical, baroque, harpsichord",chirp-v5,classical
classical,early music,"early music classical, melancholic atmosphere, featuring cello sonata with expressive vibrato and dynamic range","classical, chamber, quartet",chirp-v5,classical
classical,modern classical,"modern classical, melancholic atmosphere, featuring cello sonata with expressive vibrato and dynamic range","classical, minimalist, contemporary",chirp-v5,classical
classical,baroque,"baroque classical, triumphant atmosphere, featuring cello sonata with expressive vibrato and dynamic range","classical, orchestral, strings",chirp-v5,classical
classical,romantic,"romantic classical, triumphant atmosphere, featuring cello sonata with expressive vibrato and dynamic range","classical, piano, solo",chirp-v5,classical
classical,contemporary classical,"contemporary classical, triumphant atmosphere, featuring cello sonata with expressive vibrato and dynamic range","classical, baroque, harpsichord",chirp-v5,classical
classical,minimalist,"minimalist classical, triumphant atmosphere, featuring cello sonata with expressive vibrato and dynamic range","classical, chamber, quartet",chirp-v5,classical
classical,neoclassical,"neoclassical, triumphant atmosphere, featuring cello sonata with expressive vibrato and dynamic range","classical, minimalist, contemporary",chirp-v5,classical
classical,impressionist,"impressionist classical, triumphant atmosphere, featuring cello sonata with expressive vibrato and dynamic range","classical, orchestral, strings",chirp-v5,classical
classical,chamber music,"chamber music classical, triumphant atmosphere, featuring cello sonata with expressive vibrato and dynamic range","classical, piano, solo",chirp-v5,classical
classical,symphonic,"symphonic classical, triumphant atmosphere, featuring cello sonata with expressive vibrato and dynamic range","classical, baroque, harpsichord",chirp-v5,classical
classical,early music,"early music classical, triumphant atmosphere, featuring cello sonata with expressive vibrato and dynamic range","classical, chamber, quartet",chirp-v5,classical
classical,modern classical,"modern classical, triumphant atmosphere, featuring cello sonata with expressive vibrato and dynamic range","classical, minimalist, contemporary",chirp-v5,classical
classical,baroque,"baroque classical, intimate atmosphere, featuring cello sonata with expressive vibrato and dynamic range","classical, orchestral, strings",chirp-v5,classical
classical,romantic,"romantic classical, intimate atmosphere, featuring cello sonata with expressive vibrato and dynamic range","classical, piano, solo",chirp-v5,classical
classical,contemporary classical,"contemporary classical, intimate atmosphere, featuring cello sonata with expressive vibrato and dynamic range","classical, baroque, harpsichord",chirp-v5,classical
classical,minimalist,"minimalist classical, intimate atmosphere, featuring cello sonata with expressive vibrato and dynamic range","classical, chamber, quartet",chirp-v5,classical
classical,neoclassical,"neoclassical, intimate atmosphere, featuring cello sonata with expressive vibrato and dynamic range","classical, minimalist, contemporary",chirp-v5,classical
classical,impressionist,"impressionist classical, intimate atmosphere, featuring cello sonata with expressive vibrato and dynamic range","classical, orchestral, strings",chirp-v5,classical
classical,chamber music,"chamber music classical, intimate atmosphere, featuring cello sonata with expressive vibrato and dynamic range","classical, piano, solo",chirp-v5,classical
classical,symphonic,"symphonic classical, intimate atmosphere, featuring cello sonata with expressive vibrato and dynamic range","classical, baroque, harpsichord",chirp-v5,classical
classical,early music,"early music classical, intimate atmosphere, featuring cello sonata with expressive vibrato and dynamic range","classical, chamber, quartet",chirp-v5,classical
classical,modern classical,"modern classical, intimate atmosphere, featuring cello sonata with expressive vibrato and dynamic range","classical, minimalist, contemporary",chirp-v5,classical
classical,baroque,"baroque classical, tense atmosphere, featuring cello sonata with expressive vibrato and dynamic range","classical, orchestral, strings",chirp-v5,classical
classical,romantic,"romantic classical, tense atmosphere, featuring cello sonata with expressive vibrato and dynamic range","classical, piano, solo",chirp-v5,classical
classical,contemporary classical,"contemporary classical, tense atmosphere, featuring cello sonata with expressive vibrato and dynamic range","classical, baroque, harpsichord",chirp-v5,classical
classical,minimalist,"minimalist classical, tense atmosphere, featuring cello sonata with expressive vibrato and dynamic range","classical, chamber, quartet",chirp-v5,classical
classical,neoclassical,"neoclassical, tense atmosphere, featuring cello sonata with expressive vibrato and dynamic range","classical, minimalist, contemporary",chirp-v5,classical
classical,impressionist,"impressionist classical, tense atmosphere, featuring cello sonata with expressive vibrato and dynamic range","classical, orchestral, strings",chirp-v5,classical
classical,chamber music,"chamber music classical, tense atmosphere, featuring cello sonata with expressive vibrato and dynamic range","classical, piano, solo",chirp-v5,classical
classical,symphonic,"symphonic classical, tense atmosphere, featuring cello sonata with expressive vibrato and dynamic range","classical, baroque, harpsichord",chirp-v5,classical
classical,early music,"early music classical, tense atmosphere, featuring cello sonata with expressive vibrato and dynamic range","classical, chamber, quartet",chirp-v5,classical
classical,modern classical,"modern classical, tense atmosphere, featuring cello sonata with expressive vibrato and dynamic range","classical, minimalist, contemporary",chirp-v5,classical
classical,baroque,"baroque classical, transcendent atmosphere, featuring cello sonata with expressive vibrato and dynamic range","classical, orchestral, strings",chirp-v5,classical
classical,romantic,"romantic classical, transcendent atmosphere, featuring cello sonata with expressive vibrato and dynamic range","classical, piano, solo",chirp-v5,classical
classical,contemporary classical,"contemporary classical, transcendent atmosphere, featuring cello sonata with expressive vibrato and dynamic range","classical, baroque, harpsichord",chirp-v5,classical
classical,minimalist,"minimalist classical, transcendent atmosphere, featuring cello sonata with expressive vibrato and dynamic range","classical, chamber, quartet",chirp-v5,classical
classical,neoclassical,"neoclassical, transcendent atmosphere, featuring cello sonata with expressive vibrato and dynamic range","classical, minimalist, contemporary",chirp-v5,classical
classical,impressionist,"impressionist classical, transcendent atmosphere, featuring cello sonata with expressive vibrato and dynamic range","classical, orchestral, strings",chirp-v5,classical
classical,chamber music,"chamber music classical, transcendent atmosphere, featuring cello sonata with expressive vibrato and dynamic range","classical, piano, solo",chirp-v5,classical
classical,symphonic,"symphonic classical, transcendent atmosphere, featuring cello sonata with expressive vibrato and dynamic range","classical, baroque, harpsichord",chirp-v5,classical
classical,early music,"early music classical, transcendent atmosphere, featuring cello sonata with expressive vibrato and dynamic range","classical, chamber, quartet",chirp-v5,classical
classical,modern classical,"modern classical, transcendent atmosphere, featuring cello sonata with expressive vibrato and dynamic range","classical, minimalist, contemporary",chirp-v5,classical
classical,baroque,"baroque classical, majestic atmosphere, featuring pipe organ with resonant low registers and fugal counterpoint","classical, orchestral, strings",chirp-v5,classical
classical,romantic,"romantic classical, majestic atmosphere, featuring pipe organ with resonant low registers and fugal counterpoint","classical, piano, solo",chirp-v5,classical
classical,contemporary classical,"contemporary classical, majestic atmosphere, featuring pipe organ with resonant low registers and fugal counterpoint","classical, baroque, harpsichord",chirp-v5,classical
classical,minimalist,"minimalist classical, majestic atmosphere, featuring pipe organ with resonant low registers and fugal counterpoint","classical, chamber, quartet",chirp-v5,classical
classical,neoclassical,"neoclassical, majestic atmosphere, featuring pipe organ with resonant low registers and fugal counterpoint","classical, minimalist, contemporary",chirp-v5,classical
classical,impressionist,"impressionist classical, majestic atmosphere, featuring pipe organ with resonant low registers and fugal counterpoint","classical, orchestral, strings",chirp-v5,classical
classical,chamber music,"chamber music classical, majestic atmosphere, featuring pipe organ with resonant low registers and fugal counterpoint","classical, piano, solo",chirp-v5,classical
classical,symphonic,"symphonic classical, majestic atmosphere, featuring pipe organ with resonant low registers and fugal counterpoint","classical, baroque, harpsichord",chirp-v5,classical
classical,early music,"early music classical, majestic atmosphere, featuring pipe organ with resonant low registers and fugal counterpoint","classical, chamber, quartet",chirp-v5,classical
classical,modern classical,"modern classical, majestic atmosphere, featuring pipe organ with resonant low registers and fugal counterpoint","classical, minimalist, contemporary",chirp-v5,classical
classical,baroque,"baroque classical, serene atmosphere, featuring pipe organ with resonant low registers and fugal counterpoint","classical, orchestral, strings",chirp-v5,classical
classical,romantic,"romantic classical, serene atmosphere, featuring pipe organ with resonant low registers and fugal counterpoint","classical, piano, solo",chirp-v5,classical
classical,contemporary classical,"contemporary classical, serene atmosphere, featuring pipe organ with resonant low registers and fugal counterpoint","classical, baroque, harpsichord",chirp-v5,classical
classical,minimalist,"minimalist classical, serene atmosphere, featuring pipe organ with resonant low registers and fugal counterpoint","classical, chamber, quartet",chirp-v5,classical
classical,neoclassical,"neoclassical, serene atmosphere, featuring pipe organ with resonant low registers and fugal counterpoint","classical, minimalist, contemporary",chirp-v5,classical
classical,impressionist,"impressionist classical, serene atmosphere, featuring pipe organ with resonant low registers and fugal counterpoint","classical, orchestral, strings",chirp-v5,classical
classical,chamber music,"chamber music classical, serene atmosphere, featuring pipe organ with resonant low registers and fugal counterpoint","classical, piano, solo",chirp-v5,classical
classical,symphonic,"symphonic classical, serene atmosphere, featuring pipe organ with resonant low registers and fugal counterpoint","classical, baroque, harpsichord",chirp-v5,classical
classical,early music,"early music classical, serene atmosphere, featuring pipe organ with resonant low registers and fugal counterpoint","classical, chamber, quartet",chirp-v5,classical
classical,modern classical,"modern classical, serene atmosphere, featuring pipe organ with resonant low registers and fugal counterpoint","classical, minimalist, contemporary",chirp-v5,classical
classical,baroque,"baroque classical, contemplative atmosphere, featuring pipe organ with resonant low registers and fugal counterpoint","classical, orchestral, strings",chirp-v5,classical
classical,romantic,"romantic classical, contemplative atmosphere, featuring pipe organ with resonant low registers and fugal counterpoint","classical, piano, solo",chirp-v5,classical
classical,contemporary classical,"contemporary classical, contemplative atmosphere, featuring pipe organ with resonant low registers and fugal counterpoint","classical, baroque, harpsichord",chirp-v5,classical
classical,minimalist,"minimalist classical, contemplative atmosphere, featuring pipe organ with resonant low registers and fugal counterpoint","classical, chamber, quartet",chirp-v5,classical
classical,neoclassical,"neoclassical, contemplative atmosphere, featuring pipe organ with resonant low registers and fugal counterpoint","classical, minimalist, contemporary",chirp-v5,classical
classical,impressionist,"impressionist classical, contemplative atmosphere, featuring pipe organ with resonant low registers and fugal counterpoint","classical, orchestral, strings",chirp-v5,classical
classical,chamber music,"chamber music classical, contemplative atmosphere, featuring pipe organ with resonant low registers and fugal counterpoint","classical, piano, solo",chirp-v5,classical
classical,symphonic,"symphonic classical, contemplative atmosphere, featuring pipe organ with resonant low registers and fugal counterpoint","classical, baroque, harpsichord",chirp-v5,classical
classical,early music,"early music classical, contemplative atmosphere, featuring pipe organ with resonant low registers and fugal counterpoint","classical, chamber, quartet",chirp-v5,classical
classical,modern classical,"modern classical, contemplative atmosphere, featuring pipe organ with resonant low registers and fugal counterpoint","classical, minimalist, contemporary",chirp-v5,classical
classical,baroque,"baroque classical, dramatic atmosphere, featuring pipe organ with resonant low registers and fugal counterpoint","classical, orchestral, strings",chirp-v5,classical
classical,romantic,"romantic classical, dramatic atmosphere, featuring pipe organ with resonant low registers and fugal counterpoint","classical, piano, solo",chirp-v5,classical
classical,contemporary classical,"contemporary classical, dramatic atmosphere, featuring pipe organ with resonant low registers and fugal counterpoint","classical, baroque, harpsichord",chirp-v5,classical
classical,minimalist,"minimalist classical, dramatic atmosphere, featuring pipe organ with resonant low registers and fugal counterpoint","classical, chamber, quartet",chirp-v5,classical
classical,neoclassical,"neoclassical, dramatic atmosphere, featuring pipe organ with resonant low registers and fugal counterpoint","classical, minimalist, contemporary",chirp-v5,classical
classical,impressionist,"impressionist classical, dramatic atmosphere, featuring pipe organ with resonant low registers and fugal counterpoint","classical, orchestral, strings",chirp-v5,classical
classical,chamber music,"chamber music classical, dramatic atmosphere, featuring pipe organ with resonant low registers and fugal counterpoint","classical, piano, solo",chirp-v5,classical
classical,symphonic,"symphonic classical, dramatic atmosphere, featuring pipe organ with resonant low registers and fugal counterpoint","classical, baroque, harpsichord",chirp-v5,classical
classical,early music,"early music classical, dramatic atmosphere, featuring pipe organ with resonant low registers and fugal counterpoint","classical, chamber, quartet",chirp-v5,classical
classical,modern classical,"modern classical, dramatic atmosphere, featuring pipe organ with resonant low registers and fugal counterpoint","classical, minimalist, contemporary",chirp-v5,classical
classical,baroque,"baroque classical, ethereal atmosphere, featuring pipe organ with resonant low registers and fugal counterpoint","classical, orchestral, strings",chirp-v5,classical
classical,romantic,"romantic classical, ethereal atmosphere, featuring pipe organ with resonant low registers and fugal counterpoint","classical, piano, solo",chirp-v5,classical
classical,contemporary classical,"contemporary classical, ethereal atmosphere, featuring pipe organ with resonant low registers and fugal counterpoint","classical, baroque, harpsichord",chirp-v5,classical
classical,minimalist,"minimalist classical, ethereal atmosphere, featuring pipe organ with resonant low registers and fugal counterpoint","classical, chamber, quartet",chirp-v5,classical
classical,neoclassical,"neoclassical, ethereal atmosphere, featuring pipe organ with resonant low registers and fugal counterpoint","classical, minimalist, contemporary",chirp-v5,classical
classical,impressionist,"impressionist classical, ethereal atmosphere, featuring pipe organ with resonant low registers and fugal counterpoint","classical, orchestral, strings",chirp-v5,classical
classical,chamber music,"chamber music classical, ethereal atmosphere, featuring pipe organ with resonant low registers and fugal counterpoint","classical, piano, solo",chirp-v5,classical
classical,symphonic,"symphonic classical, ethereal atmosphere, featuring pipe organ with resonant low registers and fugal counterpoint","classical, baroque, harpsichord",chirp-v5,classical
classical,early music,"early music classical, ethereal atmosphere, featuring pipe organ with resonant low registers and fugal counterpoint","classical, chamber, quartet",chirp-v5,classical
classical,modern classical,"modern classical, ethereal atmosphere, featuring pipe organ with resonant low registers and fugal counterpoint","classical, minimalist, contemporary",chirp-v5,classical
classical,baroque,"baroque classical, melancholic atmosphere, featuring pipe organ with resonant low registers and fugal counterpoint","classical, orchestral, strings",chirp-v5,classical
classical,romantic,"romantic classical, melancholic atmosphere, featuring pipe organ with resonant low registers and fugal counterpoint","classical, piano, solo",chirp-v5,classical
classical,contemporary classical,"contemporary classical, melancholic atmosphere, featuring pipe organ with resonant low registers and fugal counterpoint","classical, baroque, harpsichord",chirp-v5,classical
classical,minimalist,"minimalist classical, melancholic atmosphere, featuring pipe organ with resonant low registers and fugal counterpoint","classical, chamber, quartet",chirp-v5,classical
classical,neoclassical,"neoclassical, melancholic atmosphere, featuring pipe organ with resonant low registers and fugal counterpoint","classical, minimalist, contemporary",chirp-v5,classical
classical,impressionist,"impressionist classical, melancholic atmosphere, featuring pipe organ with resonant low registers and fugal counterpoint","classical, orchestral, strings",chirp-v5,classical
classical,chamber music,"chamber music classical, melancholic atmosphere, featuring pipe organ with resonant low registers and fugal counterpoint","classical, piano, solo",chirp-v5,classical
classical,symphonic,"symphonic classical, melancholic atmosphere, featuring pipe organ with resonant low registers and fugal counterpoint","classical, baroque, harpsichord",chirp-v5,classical
classical,early music,"early music classical, melancholic atmosphere, featuring pipe organ with resonant low registers and fugal counterpoint","classical, chamber, quartet",chirp-v5,classical
classical,modern classical,"modern classical, melancholic atmosphere, featuring pipe organ with resonant low registers and fugal counterpoint","classical, minimalist, contemporary",chirp-v5,classical
classical,baroque,"baroque classical, triumphant atmosphere, featuring pipe organ with resonant low registers and fugal counterpoint","classical, orchestral, strings",chirp-v5,classical
classical,romantic,"romantic classical, triumphant atmosphere, featuring pipe organ with resonant low registers and fugal counterpoint","classical, piano, solo",chirp-v5,classical
classical,contemporary classical,"contemporary classical, triumphant atmosphere, featuring pipe organ with resonant low registers and fugal counterpoint","classical, baroque, harpsichord",chirp-v5,classical
classical,minimalist,"minimalist classical, triumphant atmosphere, featuring pipe organ with resonant low registers and fugal counterpoint","classical, chamber, quartet",chirp-v5,classical
classical,neoclassical,"neoclassical, triumphant atmosphere, featuring pipe organ with resonant low registers and fugal counterpoint","classical, minimalist, contemporary",chirp-v5,classical
classical,impressionist,"impressionist classical, triumphant atmosphere, featuring pipe organ with resonant low registers and fugal counterpoint","classical, orchestral, strings",chirp-v5,classical
classical,chamber music,"chamber music classical, triumphant atmosphere, featuring pipe organ with resonant low registers and fugal counterpoint","classical, piano, solo",chirp-v5,classical
classical,symphonic,"symphonic classical, triumphant atmosphere, featuring pipe organ with resonant low registers and fugal counterpoint","classical, baroque, harpsichord",chirp-v5,classical
classical,early music,"early music classical, triumphant atmosphere, featuring pipe organ with resonant low registers and fugal counterpoint","classical, chamber, quartet",chirp-v5,classical
classical,modern classical,"modern classical, triumphant atmosphere, featuring pipe organ with resonant low registers and fugal counterpoint","classical, minimalist, contemporary",chirp-v5,classical
classical,baroque,"baroque classical, intimate atmosphere, featuring pipe organ with resonant low registers and fugal counterpoint","classical, orchestral, strings",chirp-v5,classical
classical,romantic,"romantic classical, intimate atmosphere, featuring pipe organ with resonant low registers and fugal counterpoint","classical, piano, solo",chirp-v5,classical
classical,contemporary classical,"contemporary classical, intimate atmosphere, featuring pipe organ with resonant low registers and fugal counterpoint","classical, baroque, harpsichord",chirp-v5,classical
classical,minimalist,"minimalist classical, intimate atmosphere, featuring pipe organ with resonant low registers and fugal counterpoint","classical, chamber, quartet",chirp-v5,classical
classical,neoclassical,"neoclassical, intimate atmosphere, featuring pipe organ with resonant low registers and fugal counterpoint","classical, minimalist, contemporary",chirp-v5,classical
classical,impressionist,"impressionist classical, intimate atmosphere, featuring pipe organ with resonant low registers and fugal counterpoint","classical, orchestral, strings",chirp-v5,classical
classical,chamber music,"chamber music classical, intimate atmosphere, featuring pipe organ with resonant low registers and fugal counterpoint","classical, piano, solo",chirp-v5,classical
classical,symphonic,"symphonic classical, intimate atmosphere, featuring pipe organ with resonant low registers and fugal counterpoint","classical, baroque, harpsichord",chirp-v5,classical
classical,early music,"early music classical, intimate atmosphere, featuring pipe organ with resonant low registers and fugal counterpoint","classical, chamber, quartet",chirp-v5,classical
classical,modern classical,"modern classical, intimate atmosphere, featuring pipe organ with resonant low registers and fugal counterpoint","classical, minimalist, contemporary",chirp-v5,classical
classical,baroque,"baroque classical, tense atmosphere, featuring pipe organ with resonant low registers and fugal counterpoint","classical, orchestral, strings",chirp-v5,classical
classical,romantic,"romantic classical, tense atmosphere, featuring pipe organ with resonant low registers and fugal counterpoint","classical, piano, solo",chirp-v5,classical
classical,contemporary classical,"contemporary classical, tense atmosphere, featuring pipe organ with resonant low registers and fugal counterpoint","classical, baroque, harpsichord",chirp-v5,classical
classical,minimalist,"minimalist classical, tense atmosphere, featuring pipe organ with resonant low registers and fugal counterpoint","classical, chamber, quartet",chirp-v5,classical
classical,neoclassical,"neoclassical, tense atmosphere, featuring pipe organ with resonant low registers and fugal counterpoint","classical, minimalist, contemporary",chirp-v5,classical
classical,impressionist,"impressionist classical, tense atmosphere, featuring pipe organ with resonant low registers and fugal counterpoint","classical, orchestral, strings",chirp-v5,classical
classical,chamber music,"chamber music classical, tense atmosphere, featuring pipe organ with resonant low registers and fugal counterpoint","classical, piano, solo",chirp-v5,classical
classical,symphonic,"symphonic classical, tense atmosphere, featuring pipe organ with resonant low registers and fugal counterpoint","classical, baroque, harpsichord",chirp-v5,classical
classical,early music,"early music classical, tense atmosphere, featuring pipe organ with resonant low registers and fugal counterpoint","classical, chamber, quartet",chirp-v5,classical
classical,modern classical,"modern classical, tense atmosphere, featuring pipe organ with resonant low registers and fugal counterpoint","classical, minimalist, contemporary",chirp-v5,classical
classical,baroque,"baroque classical, transcendent atmosphere, featuring pipe organ with resonant low registers and fugal counterpoint","classical, orchestral, strings",chirp-v5,classical
classical,romantic,"romantic classical, transcendent atmosphere, featuring pipe organ with resonant low registers and fugal counterpoint","classical, piano, solo",chirp-v5,classical
classical,contemporary classical,"contemporary classical, transcendent atmosphere, featuring pipe organ with resonant low registers and fugal counterpoint","classical, baroque, harpsichord",chirp-v5,classical
classical,minimalist,"minimalist classical, transcendent atmosphere, featuring pipe organ with resonant low registers and fugal counterpoint","classical, chamber, quartet",chirp-v5,classical
classical,neoclassical,"neoclassical, transcendent atmosphere, featuring pipe organ with resonant low registers and fugal counterpoint","classical, minimalist, contemporary",chirp-v5,classical
classical,impressionist,"impressionist classical, transcendent atmosphere, featuring pipe organ with resonant low registers and fugal counterpoint","classical, orchestral, strings",chirp-v5,classical
classical,chamber music,"chamber music classical, transcendent atmosphere, featuring pipe organ with resonant low registers and fugal counterpoint","classical, piano, solo",chirp-v5,classical
classical,symphonic,"symphonic classical, transcendent atmosphere, featuring pipe organ with resonant low registers and fugal counterpoint","classical, baroque, harpsichord",chirp-v5,classical
classical,early music,"early music classical, transcendent atmosphere, featuring pipe organ with resonant low registers and fugal counterpoint","classical, chamber, quartet",chirp-v5,classical
classical,modern classical,"modern classical, transcendent atmosphere, featuring pipe organ with resonant low registers and fugal counterpoint","classical, minimalist, contemporary",chirp-v5,classical
classical,baroque,"baroque classical, majestic atmosphere, featuring minimalist piano ostinato with slow-moving string layers","classical, orchestral, strings",chirp-v5,classical
classical,romantic,"romantic classical, majestic atmosphere, featuring minimalist piano ostinato with slow-moving string layers","classical, piano, solo",chirp-v5,classical
classical,contemporary classical,"contemporary classical, majestic atmosphere, featuring minimalist piano ostinato with slow-moving string layers","classical, baroque, harpsichord",chirp-v5,classical
classical,minimalist,"minimalist classical, majestic atmosphere, featuring minimalist piano ostinato with slow-moving string layers","classical, chamber, quartet",chirp-v5,classical
classical,neoclassical,"neoclassical, majestic atmosphere, featuring minimalist piano ostinato with slow-moving string layers","classical, minimalist, contemporary",chirp-v5,classical
classical,impressionist,"impressionist classical, majestic atmosphere, featuring minimalist piano ostinato with slow-moving string layers","classical, orchestral, strings",chirp-v5,classical
classical,chamber music,"chamber music classical, majestic atmosphere, featuring minimalist piano ostinato with slow-moving string layers","classical, piano, solo",chirp-v5,classical
classical,symphonic,"symphonic classical, majestic atmosphere, featuring minimalist piano ostinato with slow-moving string layers","classical, baroque, harpsichord",chirp-v5,classical
classical,early music,"early music classical, majestic atmosphere, featuring minimalist piano ostinato with slow-moving string layers","classical, chamber, quartet",chirp-v5,classical
classical,modern classical,"modern classical, majestic atmosphere, featuring minimalist piano ostinato with slow-moving string layers","classical, minimalist, contemporary",chirp-v5,classical
classical,baroque,"baroque classical, serene atmosphere, featuring minimalist piano ostinato with slow-moving string layers","classical, orchestral, strings",chirp-v5,classical
classical,romantic,"romantic classical, serene atmosphere, featuring minimalist piano ostinato with slow-moving string layers","classical, piano, solo",chirp-v5,classical
classical,contemporary classical,"contemporary classical, serene atmosphere, featuring minimalist piano ostinato with slow-moving string layers","classical, baroque, harpsichord",chirp-v5,classical
classical,minimalist,"minimalist classical, serene atmosphere, featuring minimalist piano ostinato with slow-moving string layers","classical, chamber, quartet",chirp-v5,classical
classical,neoclassical,"neoclassical, serene atmosphere, featuring minimalist piano ostinato with slow-moving string layers","classical, minimalist, contemporary",chirp-v5,classical
classical,impressionist,"impressionist classical, serene atmosphere, featuring minimalist piano ostinato with slow-moving string layers","classical, orchestral, strings",chirp-v5,classical
classical,chamber music,"chamber music classical, serene atmosphere, featuring minimalist piano ostinato with slow-moving string layers","classical, piano, solo",chirp-v5,classical
classical,symphonic,"symphonic classical, serene atmosphere, featuring minimalist piano ostinato with slow-moving string layers","classical, baroque, harpsichord",chirp-v5,classical
classical,early music,"early music classical, serene atmosphere, featuring minimalist piano ostinato with slow-moving string layers","classical, chamber, quartet",chirp-v5,classical
classical,modern classical,"modern classical, serene atmosphere, featuring minimalist piano ostinato with slow-moving string layers","classical, minimalist, contemporary",chirp-v5,classical
classical,baroque,"baroque classical, contemplative atmosphere, featuring minimalist piano ostinato with slow-moving string layers","classical, orchestral, strings",chirp-v5,classical
classical,romantic,"romantic classical, contemplative atmosphere, featuring minimalist piano ostinato with slow-moving string layers","classical, piano, solo",chirp-v5,classical
classical,contemporary classical,"contemporary classical, contemplative atmosphere, featuring minimalist piano ostinato with slow-moving string layers","classical, baroque, harpsichord",chirp-v5,classical
classical,minimalist,"minimalist classical, contemplative atmosphere, featuring minimalist piano ostinato with slow-moving string layers","classical, chamber, quartet",chirp-v5,classical
classical,neoclassical,"neoclassical, contemplative atmosphere, featuring minimalist piano ostinato with slow-moving string layers","classical, minimalist, contemporary",chirp-v5,classical
classical,impressionist,"impressionist classical, contemplative atmosphere, featuring minimalist piano ostinato with slow-moving string layers","classical, orchestral, strings",chirp-v5,classical
classical,chamber music,"chamber music classical, contemplative atmosphere, featuring minimalist piano ostinato with slow-moving string layers","classical, piano, solo",chirp-v5,classical
classical,symphonic,"symphonic classical, contemplative atmosphere, featuring minimalist piano ostinato with slow-moving string layers","classical, baroque, harpsichord",chirp-v5,classical
classical,early music,"early music classical, contemplative atmosphere, featuring minimalist piano ostinato with slow-moving string layers","classical, chamber, quartet",chirp-v5,classical
classical,modern classical,"modern classical, contemplative atmosphere, featuring minimalist piano ostinato with slow-moving string layers","classical, minimalist, contemporary",chirp-v5,classical
classical,baroque,"baroque classical, dramatic atmosphere, featuring minimalist piano ostinato with slow-moving string layers","classical, orchestral, strings",chirp-v5,classical
classical,romantic,"romantic classical, dramatic atmosphere, featuring minimalist piano ostinato with slow-moving string layers","classical, piano, solo",chirp-v5,classical
classical,contemporary classical,"contemporary classical, dramatic atmosphere, featuring minimalist piano ostinato with slow-moving string layers","classical, baroque, harpsichord",chirp-v5,classical
classical,minimalist,"minimalist classical, dramatic atmosphere, featuring minimalist piano ostinato with slow-moving string layers","classical, chamber, quartet",chirp-v5,classical
classical,neoclassical,"neoclassical, dramatic atmosphere, featuring minimalist piano ostinato with slow-moving string layers","classical, minimalist, contemporary",chirp-v5,classical
classical,impressionist,"impressionist classical, dramatic atmosphere, featuring minimalist piano ostinato with slow-moving string layers","classical, orchestral, strings",chirp-v5,classical
classical,chamber music,"chamber music classical, dramatic atmosphere, featuring minimalist piano ostinato with slow-moving string layers","classical, piano, solo",chirp-v5,classical
classical,symphonic,"symphonic classical, dramatic atmosphere, featuring minimalist piano ostinato with slow-moving string layers","classical, baroque, harpsichord",chirp-v5,classical
classical,early music,"early music classical, dramatic atmosphere, featuring minimalist piano ostinato with slow-moving string layers","classical, chamber, quartet",chirp-v5,classical
classical,modern classical,"modern classical, dramatic atmosphere, featuring minimalist piano ostinato with slow-moving string layers","classical, minimalist, contemporary",chirp-v5,classical
classical,baroque,"baroque classical, ethereal atmosphere, featuring minimalist piano ostinato with slow-moving string layers","classical, orchestral, strings",chirp-v5,classical
classical,romantic,"romantic classical, ethereal atmosphere, featuring minimalist piano ostinato with slow-moving string layers","classical, piano, solo",chirp-v5,classical
classical,contemporary classical,"contemporary classical, ethereal atmosphere, featuring minimalist piano ostinato with slow-moving string layers","classical, baroque, harpsichord",chirp-v5,classical
classical,minimalist,"minimalist classical, ethereal atmosphere, featuring minimalist piano ostinato with slow-moving string layers","classical, chamber, quartet",chirp-v5,classical
classical,neoclassical,"neoclassical, ethereal atmosphere, featuring minimalist piano ostinato with slow-moving string layers","classical, minimalist, contemporary",chirp-v5,classical
classical,impressionist,"impressionist classical, ethereal atmosphere, featuring minimalist piano ostinato with slow-moving string layers","classical, orchestral, strings",chirp-v5,classical
classical,chamber music,"chamber music classical, ethereal atmosphere, featuring minimalist piano ostinato with slow-moving string layers","classical, piano, solo",chirp-v5,classical
classical,symphonic,"symphonic classical, ethereal atmosphere, featuring minimalist piano ostinato with slow-moving string layers","classical, baroque, harpsichord",chirp-v5,classical
classical,early music,"early music classical, ethereal atmosphere, featuring minimalist piano ostinato with slow-moving string layers","classical, chamber, quartet",chirp-v5,classical
classical,modern classical,"modern classical, ethereal atmosphere, featuring minimalist piano ostinato with slow-moving string layers","classical, minimalist, contemporary",chirp-v5,classical
classical,baroque,"baroque classical, melancholic atmosphere, featuring minimalist piano ostinato with slow-moving string layers","classical, orchestral, strings",chirp-v5,classical
classical,romantic,"romantic classical, melancholic atmosphere, featuring minimalist piano ostinato with slow-moving string layers","classical, piano, solo",chirp-v5,classical
classical,contemporary classical,"contemporary classical, melancholic atmosphere, featuring minimalist piano ostinato with slow-moving string layers","classical, baroque, harpsichord",chirp-v5,classical
classical,minimalist,"minimalist classical, melancholic atmosphere, featuring minimalist piano ostinato with slow-moving string layers","classical, chamber, quartet",chirp-v5,classical
classical,neoclassical,"neoclassical, melancholic atmosphere, featuring minimalist piano ostinato with slow-moving string layers","classical, minimalist, contemporary",chirp-v5,classical
classical,impressionist,"impressionist classical, melancholic atmosphere, featuring minimalist piano ostinato with slow-moving string layers","classical, orchestral, strings",chirp-v5,classical
classical,chamber music,"chamber music classical, melancholic atmosphere, featuring minimalist piano ostinato with slow-moving string layers","classical, piano, solo",chirp-v5,classical
classical,symphonic,"symphonic classical, melancholic atmosphere, featuring minimalist piano ostinato with slow-moving string layers","classical, baroque, harpsichord",chirp-v5,classical
classical,early music,"early music classical, melancholic atmosphere, featuring minimalist piano ostinato with slow-moving string layers","classical, chamber, quartet",chirp-v5,classical
classical,modern classical,"modern classical, melancholic atmosphere, featuring minimalist piano ostinato with slow-moving string layers","classical, minimalist, contemporary",chirp-v5,classical
classical,baroque,"baroque classical, triumphant atmosphere, featuring minimalist piano ostinato with slow-moving string layers","classical, orchestral, strings",chirp-v5,classical
classical,romantic,"romantic classical, triumphant atmosphere, featuring minimalist piano ostinato with slow-moving string layers","classical, piano, solo",chirp-v5,classical
classical,contemporary classical,"contemporary classical, triumphant atmosphere, featuring minimalist piano ostinato with slow-moving string layers","classical, baroque, harpsichord",chirp-v5,classical
classical,minimalist,"minimalist classical, triumphant atmosphere, featuring minimalist piano ostinato with slow-moving string layers","classical, chamber, quartet",chirp-v5,classical
classical,neoclassical,"neoclassical, triumphant atmosphere, featuring minimalist piano ostinato with slow-moving string layers","classical, minimalist, contemporary",chirp-v5,classical
classical,impressionist,"impressionist classical, triumphant atmosphere, featuring minimalist piano ostinato with slow-moving string layers","classical, orchestral, strings",chirp-v5,classical
classical,chamber music,"chamber music classical, triumphant atmosphere, featuring minimalist piano ostinato with slow-moving string layers","classical, piano, solo",chirp-v5,classical
classical,symphonic,"symphonic classical, triumphant atmosphere, featuring minimalist piano ostinato with slow-moving string layers","classical, baroque, harpsichord",chirp-v5,classical
classical,early music,"early music classical, triumphant atmosphere, featuring minimalist piano ostinato with slow-moving string layers","classical, chamber, quartet",chirp-v5,classical
classical,modern classical,"modern classical, triumphant atmosphere, featuring minimalist piano ostinato with slow-moving string layers","classical, minimalist, contemporary",chirp-v5,classical
classical,baroque,"baroque classical, intimate atmosphere, featuring minimalist piano ostinato with slow-moving string layers","classical, orchestral, strings",chirp-v5,classical
classical,romantic,"romantic classical, intimate atmosphere, featuring minimalist piano ostinato with slow-moving string layers","classical, piano, solo",chirp-v5,classical
classical,contemporary classical,"contemporary classical, intimate atmosphere, featuring minimalist piano ostinato with slow-moving string layers","classical, baroque, harpsichord",chirp-v5,classical
classical,minimalist,"minimalist classical, intimate atmosphere, featuring minimalist piano ostinato with slow-moving string layers","classical, chamber, quartet",chirp-v5,classical
classical,neoclassical,"neoclassical, intimate atmosphere, featuring minimalist piano ostinato with slow-moving string layers","classical, minimalist, contemporary",chirp-v5,classical
classical,impressionist,"impressionist classical, intimate atmosphere, featuring minimalist piano ostinato with slow-moving string layers","classical, orchestral, strings",chirp-v5,classical
classical,chamber music,"chamber music classical, intimate atmosphere, featuring minimalist piano ostinato with slow-moving string layers","classical, piano, solo",chirp-v5,classical
classical,symphonic,"symphonic classical, intimate atmosphere, featuring minimalist piano ostinato with slow-moving string layers","classical, baroque, harpsichord",chirp-v5,classical
classical,early music,"early music classical, intimate atmosphere, featuring minimalist piano ostinato with slow-moving string layers","classical, chamber, quartet",chirp-v5,classical
classical,modern classical,"modern classical, intimate atmosphere, featuring minimalist piano ostinato with slow-moving string layers","classical, minimalist, contemporary",chirp-v5,classical
classical,baroque,"baroque classical, tense atmosphere, featuring minimalist piano ostinato with slow-moving string layers","classical, orchestral, strings",chirp-v5,classical
classical,romantic,"romantic classical, tense atmosphere, featuring minimalist piano ostinato with slow-moving string layers","classical, piano, solo",chirp-v5,classical
classical,contemporary classical,"contemporary classical, tense atmosphere, featuring minimalist piano ostinato with slow-moving string layers","classical, baroque, harpsichord",chirp-v5,classical
classical,minimalist,"minimalist classical, tense atmosphere, featuring minimalist piano ostinato with slow-moving string layers","classical, chamber, quartet",chirp-v5,classical
classical,neoclassical,"neoclassical, tense atmosphere, featuring minimalist piano ostinato with slow-moving string layers","classical, minimalist, contemporary",chirp-v5,classical
classical,impressionist,"impressionist classical, tense atmosphere, featuring minimalist piano ostinato with slow-moving string layers","classical, orchestral, strings",chirp-v5,classical
classical,chamber music,"chamber music classical, tense atmosphere, featuring minimalist piano ostinato with slow-moving string layers","classical, piano, solo",chirp-v5,classical
classical,symphonic,"symphonic classical, tense atmosphere, featuring minimalist piano ostinato with slow-moving string layers","classical, baroque, harpsichord",chirp-v5,classical
classical,early music,"early music classical, tense atmosphere, featuring minimalist piano ostinato with slow-moving string layers","classical, chamber, quartet",chirp-v5,classical
classical,modern classical,"modern classical, tense atmosphere, featuring minimalist piano ostinato with slow-moving string layers","classical, minimalist, contemporary",chirp-v5,classical
classical,baroque,"baroque classical, transcendent atmosphere, featuring minimalist piano ostinato with slow-moving string layers","classical, orchestral, strings",chirp-v5,classical
classical,romantic,"romantic classical, transcendent atmosphere, featuring minimalist piano ostinato with slow-moving string layers","classical, piano, solo",chirp-v5,classical
classical,contemporary classical,"contemporary classical, transcendent atmosphere, featuring minimalist piano ostinato with slow-moving string layers","classical, baroque, harpsichord",chirp-v5,classical
classical,minimalist,"minimalist classical, transcendent atmosphere, featuring minimalist piano ostinato with slow-moving string layers","classical, chamber, quartet",chirp-v5,classical
classical,neoclassical,"neoclassical, transcendent atmosphere, featuring minimalist piano ostinato with slow-moving string layers","classical, minimalist, contemporary",chirp-v5,classical
classical,impressionist,"impressionist classical, transcendent atmosphere, featuring minimalist piano ostinato with slow-moving string layers","classical, orchestral, strings",chirp-v5,classical
classical,chamber music,"chamber music classical, transcendent atmosphere, featuring minimalist piano ostinato with slow-moving string layers","classical, piano, solo",chirp-v5,classical
classical,symphonic,"symphonic classical, transcendent atmosphere, featuring minimalist piano ostinato with slow-moving string layers","classical, baroque, harpsichord",chirp-v5,classical
classical,early music,"early music classical, transcendent atmosphere, featuring minimalist piano ostinato with slow-moving string layers","classical, chamber, quartet",chirp-v5,classical
classical,modern classical,"modern classical, transcendent atmosphere, featuring minimalist piano ostinato with slow-moving string layers","classical, minimalist, contemporary",chirp-v5,classical
classical,baroque,"baroque classical, majestic atmosphere, featuring full string orchestra with sweeping melodic lines","classical, orchestral, strings",chirp-v5,classical
classical,romantic,"romantic classical, majestic atmosphere, featuring full string orchestra with sweeping melodic lines","classical, piano, solo",chirp-v5,classical
classical,contemporary classical,"contemporary classical, majestic atmosphere, featuring full string orchestra with sweeping melodic lines","classical, baroque, harpsichord",chirp-v5,classical
classical,minimalist,"minimalist classical, majestic atmosphere, featuring full string orchestra with sweeping melodic lines","classical, chamber, quartet",chirp-v5,classical
classical,neoclassical,"neoclassical, majestic atmosphere, featuring full string orchestra with sweeping melodic lines","classical, minimalist, contemporary",chirp-v5,classical
classical,impressionist,"impressionist classical, majestic atmosphere, featuring full string orchestra with sweeping melodic lines","classical, orchestral, strings",chirp-v5,classical
classical,chamber music,"chamber music classical, majestic atmosphere, featuring full string orchestra with sweeping melodic lines","classical, piano, solo",chirp-v5,classical
classical,symphonic,"symphonic classical, majestic atmosphere, featuring full string orchestra with sweeping melodic lines","classical, baroque, harpsichord",chirp-v5,classical
classical,early music,"early music classical, majestic atmosphere, featuring full string orchestra with sweeping melodic lines","classical, chamber, quartet",chirp-v5,classical
classical,modern classical,"modern classical, majestic atmosphere, featuring full string orchestra with sweeping melodic lines","classical, minimalist, contemporary",chirp-v5,classical
classical,baroque,"baroque classical, serene atmosphere, featuring full string orchestra with sweeping melodic lines","classical, orchestral, strings",chirp-v5,classical
classical,romantic,"romantic classical, serene atmosphere, featuring full string orchestra with sweeping melodic lines","classical, piano, solo",chirp-v5,classical
classical,contemporary classical,"contemporary classical, serene atmosphere, featuring full string orchestra with sweeping melodic lines","classical, baroque, harpsichord",chirp-v5,classical
classical,minimalist,"minimalist classical, serene atmosphere, featuring full string orchestra with sweeping melodic lines","classical, chamber, quartet",chirp-v5,classical
classical,neoclassical,"neoclassical, serene atmosphere, featuring full string orchestra with sweeping melodic lines","classical, minimalist, contemporary",chirp-v5,classical
classical,impressionist,"impressionist classical, serene atmosphere, featuring full string orchestra with sweeping melodic lines","classical, orchestral, strings",chirp-v5,classical
classical,chamber music,"chamber music classical, serene atmosphere, featuring full string orchestra with sweeping melodic lines","classical, piano, solo",chirp-v5,classical
classical,symphonic,"symphonic classical, serene atmosphere, featuring full string orchestra with sweeping melodic lines","classical, baroque, harpsichord",chirp-v5,classical
classical,early music,"early music classical, serene atmosphere, featuring full string orchestra with sweeping melodic lines","classical, chamber, quartet",chirp-v5,classical
classical,modern classical,"modern classical, serene atmosphere, featuring full string orchestra with sweeping melodic lines","classical, minimalist, contemporary",chirp-v5,classical
classical,baroque,"baroque classical, contemplative atmosphere, featuring full string orchestra with sweeping melodic lines","classical, orchestral, strings",chirp-v5,classical
classical,romantic,"romantic classical, contemplative atmosphere, featuring full string orchestra with sweeping melodic lines","classical, piano, solo",chirp-v5,classical
classical,contemporary classical,"contemporary classical, contemplative atmosphere, featuring full string orchestra with sweeping melodic lines","classical, baroque, harpsichord",chirp-v5,classical
classical,minimalist,"minimalist classical, contemplative atmosphere, featuring full string orchestra with sweeping melodic lines","classical, chamber, quartet",chirp-v5,classical
classical,neoclassical,"neoclassical, contemplative atmosphere, featuring full string orchestra with sweeping melodic lines","classical, minimalist, contemporary",chirp-v5,classical
classical,impressionist,"impressionist classical, contemplative atmosphere, featuring full string orchestra with sweeping melodic lines","classical, orchestral, strings",chirp-v5,classical
classical,chamber music,"chamber music classical, contemplative atmosphere, featuring full string orchestra with sweeping melodic lines","classical, piano, solo",chirp-v5,classical
classical,symphonic,"symphonic classical, contemplative atmosphere, featuring full string orchestra with sweeping melodic lines","classical, baroque, harpsichord",chirp-v5,classical
classical,early music,"early music classical, contemplative atmosphere, featuring full string orchestra with sweeping melodic lines","classical, chamber, quartet",chirp-v5,classical
classical,modern classical,"modern classical, contemplative atmosphere, featuring full string orchestra with sweeping melodic lines","classical, minimalist, contemporary",chirp-v5,classical
classical,baroque,"baroque classical, dramatic atmosphere, featuring full string orchestra with sweeping melodic lines","classical, orchestral, strings",chirp-v5,classical
classical,romantic,"romantic classical, dramatic atmosphere, featuring full string orchestra with sweeping melodic lines","classical, piano, solo",chirp-v5,classical
classical,contemporary classical,"contemporary classical, dramatic atmosphere, featuring full string orchestra with sweeping melodic lines","classical, baroque, harpsichord",chirp-v5,classical
classical,minimalist,"minimalist classical, dramatic atmosphere, featuring full string orchestra with sweeping melodic lines","classical, chamber, quartet",chirp-v5,classical
classical,neoclassical,"neoclassical, dramatic atmosphere, featuring full string orchestra with sweeping melodic lines","classical, minimalist, contemporary",chirp-v5,classical
classical,impressionist,"impressionist classical, dramatic atmosphere, featuring full string orchestra with sweeping melodic lines","classical, orchestral, strings",chirp-v5,classical
classical,chamber music,"chamber music classical, dramatic atmosphere, featuring full string orchestra with sweeping melodic lines","classical, piano, solo",chirp-v5,classical
classical,symphonic,"symphonic classical, dramatic atmosphere, featuring full string orchestra with sweeping melodic lines","classical, baroque, harpsichord",chirp-v5,classical
classical,early music,"early music classical, dramatic atmosphere, featuring full string orchestra with sweeping melodic lines","classical, chamber, quartet",chirp-v5,classical
classical,modern classical,"modern classical, dramatic atmosphere, featuring full string orchestra with sweeping melodic lines","classical, minimalist, contemporary",chirp-v5,classical
classical,baroque,"baroque classical, ethereal atmosphere, featuring full string orchestra with sweeping melodic lines","classical, orchestral, strings",chirp-v5,classical
classical,romantic,"romantic classical, ethereal atmosphere, featuring full string orchestra with sweeping melodic lines","classical, piano, solo",chirp-v5,classical
classical,contemporary classical,"contemporary classical, ethereal atmosphere, featuring full string orchestra with sweeping melodic lines","classical, baroque, harpsichord",chirp-v5,classical
classical,minimalist,"minimalist classical, ethereal atmosphere, featuring full string orchestra with sweeping melodic lines","classical, chamber, quartet",chirp-v5,classical
classical,neoclassical,"neoclassical, ethereal atmosphere, featuring full string orchestra with sweeping melodic lines","classical, minimalist, contemporary",chirp-v5,classical
classical,impressionist,"impressionist classical, ethereal atmosphere, featuring full string orchestra with sweeping melodic lines","classical, orchestral, strings",chirp-v5,classical
classical,chamber music,"chamber music classical, ethereal atmosphere, featuring full string orchestra with sweeping melodic lines","classical, piano, solo",chirp-v5,classical
classical,symphonic,"symphonic classical, ethereal atmosphere, featuring full string orchestra with sweeping melodic lines","classical, baroque, harpsichord",chirp-v5,classical
classical,early music,"early music classical, ethereal atmosphere, featuring full string orchestra with sweeping melodic lines","classical, chamber, quartet",chirp-v5,classical
classical,modern classical,"modern classical, ethereal atmosphere, featuring full string orchestra with sweeping melodic lines","classical, minimalist, contemporary",chirp-v5,classical
classical,baroque,"baroque classical, melancholic atmosphere, featuring full string orchestra with sweeping melodic lines","classical, orchestral, strings",chirp-v5,classical
classical,romantic,"romantic classical, melancholic atmosphere, featuring full string orchestra with sweeping melodic lines","classical, piano, solo",chirp-v5,classical
classical,contemporary classical,"contemporary classical, melancholic atmosphere, featuring full string orchestra with sweeping melodic lines","classical, baroque, harpsichord",chirp-v5,classical
classical,minimalist,"minimalist classical, melancholic atmosphere, featuring full string orchestra with sweeping melodic lines","classical, chamber, quartet",chirp-v5,classical
classical,neoclassical,"neoclassical, melancholic atmosphere, featuring full string orchestra with sweeping melodic lines","classical, minimalist, contemporary",chirp-v5,classical
classical,impressionist,"impressionist classical, melancholic atmosphere, featuring full string orchestra with sweeping melodic lines","classical, orchestral, strings",chirp-v5,classical
classical,chamber music,"chamber music classical, melancholic atmosphere, featuring full string orchestra with sweeping melodic lines","classical, piano, solo",chirp-v5,classical
classical,symphonic,"symphonic classical, melancholic atmosphere, featuring full string orchestra with sweeping melodic lines","classical, baroque, harpsichord",chirp-v5,classical
classical,early music,"early music classical, melancholic atmosphere, featuring full string orchestra with sweeping melodic lines","classical, chamber, quartet",chirp-v5,classical
classical,modern classical,"modern classical, melancholic atmosphere, featuring full string orchestra with sweeping melodic lines","classical, minimalist, contemporary",chirp-v5,classical
classical,baroque,"baroque classical, triumphant atmosphere, featuring full string orchestra with sweeping melodic lines","classical, orchestral, strings",chirp-v5,classical
classical,romantic,"romantic classical, triumphant atmosphere, featuring full string orchestra with sweeping melodic lines","classical, piano, solo",chirp-v5,classical
classical,contemporary classical,"contemporary classical, triumphant atmosphere, featuring full string orchestra with sweeping melodic lines","classical, baroque, harpsichord",chirp-v5,classical
classical,minimalist,"minimalist classical, triumphant atmosphere, featuring full string orchestra with sweeping melodic lines","classical, chamber, quartet",chirp-v5,classical
classical,neoclassical,"neoclassical, triumphant atmosphere, featuring full string orchestra with sweeping melodic lines","classical, minimalist, contemporary",chirp-v5,classical
classical,impressionist,"impressionist classical, triumphant atmosphere, featuring full string orchestra with sweeping melodic lines","classical, orchestral, strings",chirp-v5,classical
classical,chamber music,"chamber music classical, triumphant atmosphere, featuring full string orchestra with sweeping melodic lines","classical, piano, solo",chirp-v5,classical
classical,symphonic,"symphonic classical, triumphant atmosphere, featuring full string orchestra with sweeping melodic lines","classical, baroque, harpsichord",chirp-v5,classical
classical,early music,"early music classical, triumphant atmosphere, featuring full string orchestra with sweeping melodic lines","classical, chamber, quartet",chirp-v5,classical
classical,modern classical,"modern classical, triumphant atmosphere, featuring full string orchestra with sweeping melodic lines","classical, minimalist, contemporary",chirp-v5,classical
classical,baroque,"baroque classical, intimate atmosphere, featuring full string orchestra with sweeping melodic lines","classical, orchestral, strings",chirp-v5,classical
classical,romantic,"romantic classical, intimate atmosphere, featuring full string orchestra with sweeping melodic lines","classical, piano, solo",chirp-v5,classical
classical,contemporary classical,"contemporary classical, intimate atmosphere, featuring full string orchestra with sweeping melodic lines","classical, baroque, harpsichord",chirp-v5,classical
classical,minimalist,"minimalist classical, intimate atmosphere, featuring full string orchestra with sweeping melodic lines","classical, chamber, quartet",chirp-v5,classical
classical,neoclassical,"neoclassical, intimate atmosphere, featuring full string orchestra with sweeping melodic lines","classical, minimalist, contemporary",chirp-v5,classical
classical,impressionist,"impressionist classical, intimate atmosphere, featuring full string orchestra with sweeping melodic lines","classical, orchestral, strings",chirp-v5,classical
classical,chamber music,"chamber music classical, intimate atmosphere, featuring full string orchestra with sweeping melodic lines","classical, piano, solo",chirp-v5,classical
classical,symphonic,"symphonic classical, intimate atmosphere, featuring full string orchestra with sweeping melodic lines","classical, baroque, harpsichord",chirp-v5,classical
classical,early music,"early music classical, intimate atmosphere, featuring full string orchestra with sweeping melodic lines","classical, chamber, quartet",chirp-v5,classical
classical,modern classical,"modern classical, intimate atmosphere, featuring full string orchestra with sweeping melodic lines","classical, minimalist, contemporary",chirp-v5,classical
classical,baroque,"baroque classical, tense atmosphere, featuring full string orchestra with sweeping melodic lines","classical, orchestral, strings",chirp-v5,classical
classical,romantic,"romantic classical, tense atmosphere, featuring full string orchestra with sweeping melodic lines","classical, piano, solo",chirp-v5,classical
classical,contemporary classical,"contemporary classical, tense atmosphere, featuring full string orchestra with sweeping melodic lines","classical, baroque, harpsichord",chirp-v5,classical
classical,minimalist,"minimalist classical, tense atmosphere, featuring full string orchestra with sweeping melodic lines","classical, chamber, quartet",chirp-v5,classical
classical,neoclassical,"neoclassical, tense atmosphere, featuring full string orchestra with sweeping melodic lines","classical, minimalist, contemporary",chirp-v5,classical
classical,impressionist,"impressionist classical, tense atmosphere, featuring full string orchestra with sweeping melodic lines","classical, orchestral, strings",chirp-v5,classical
classical,chamber music,"chamber music classical, tense atmosphere, featuring full string orchestra with sweeping melodic lines","classical, piano, solo",chirp-v5,classical
classical,symphonic,"symphonic classical, tense atmosphere, featuring full string orchestra with sweeping melodic lines","classical, baroque, harpsichord",chirp-v5,classical
classical,early music,"early music classical, tense atmosphere, featuring full string orchestra with sweeping melodic lines","classical, chamber, quartet",chirp-v5,classical
classical,modern classical,"modern classical, tense atmosphere, featuring full string orchestra with sweeping melodic lines","classical, minimalist, contemporary",chirp-v5,classical
classical,baroque,"baroque classical, transcendent atmosphere, featuring full string orchestra with sweeping melodic lines","classical, orchestral, strings",chirp-v5,classical
classical,romantic,"romantic classical, transcendent atmosphere, featuring full string orchestra with sweeping melodic lines","classical, piano, solo",chirp-v5,classical
classical,contemporary classical,"contemporary classical, transcendent atmosphere, featuring full string orchestra with sweeping melodic lines","classical, baroque, harpsichord",chirp-v5,classical
classical,minimalist,"minimalist classical, transcendent atmosphere, featuring full string orchestra with sweeping melodic lines","classical, chamber, quartet",chirp-v5,classical
classical,neoclassical,"neoclassical, transcendent atmosphere, featuring full string orchestra with sweeping melodic lines","classical, minimalist, contemporary",chirp-v5,classical
classical,impressionist,"impressionist classical, transcendent atmosphere, featuring full string orchestra with sweeping melodic lines","classical, orchestral, strings",chirp-v5,classical
classical,chamber music,"chamber music classical, transcendent atmosphere, featuring full string orchestra with sweeping melodic lines","classical, piano, solo",chirp-v5,classical
classical,symphonic,"symphonic classical, transcendent atmosphere, featuring full string orchestra with sweeping melodic lines","classical, baroque, harpsichord",chirp-v5,classical
classical,early music,"early music classical, transcendent atmosphere, featuring full string orchestra with sweeping melodic lines","classical, chamber, quartet",chirp-v5,classical
classical,modern classical,"modern classical, transcendent atmosphere, featuring full string orchestra with sweeping melodic lines","classical, minimalist, contemporary",chirp-v5,classical
classical,baroque,"baroque classical, majestic atmosphere, featuring solo piano with delicate chamber ensemble accompaniment","classical, orchestral, strings",chirp-v5,classical
classical,romantic,"romantic classical, majestic atmosphere, featuring solo piano with delicate chamber ensemble accompaniment","classical, piano, solo",chirp-v5,classical
classical,contemporary classical,"contemporary classical, majestic atmosphere, featuring solo piano with delicate chamber ensemble accompaniment","classical, baroque, harpsichord",chirp-v5,classical
classical,minimalist,"minimalist classical, majestic atmosphere, featuring solo piano with delicate chamber ensemble accompaniment","classical, chamber, quartet",chirp-v5,classical
classical,neoclassical,"neoclassical, majestic atmosphere, featuring solo piano with delicate chamber ensemble accompaniment","classical, minimalist, contemporary",chirp-v5,classical
classical,impressionist,"impressionist classical, majestic atmosphere, featuring solo piano with delicate chamber ensemble accompaniment","classical, orchestral, strings",chirp-v5,classical
classical,chamber music,"chamber music classical, majestic atmosphere, featuring solo piano with delicate chamber ensemble accompaniment","classical, piano, solo",chirp-v5,classical
classical,symphonic,"symphonic classical, majestic atmosphere, featuring solo piano with delicate chamber ensemble accompaniment","classical, baroque, harpsichord",chirp-v5,classical
classical,early music,"early music classical, majestic atmosphere, featuring solo piano with delicate chamber ensemble accompaniment","classical, chamber, quartet",chirp-v5,classical
classical,modern classical,"modern classical, majestic atmosphere, featuring solo piano with delicate chamber ensemble accompaniment","classical, minimalist, contemporary",chirp-v5,classical
classical,baroque,"baroque classical, serene atmosphere, featuring solo piano with delicate chamber ensemble accompaniment","classical, orchestral, strings",chirp-v5,classical
classical,romantic,"romantic classical, serene atmosphere, featuring solo piano with delicate chamber ensemble accompaniment","classical, piano, solo",chirp-v5,classical
classical,contemporary classical,"contemporary classical, serene atmosphere, featuring solo piano with delicate chamber ensemble accompaniment","classical, baroque, harpsichord",chirp-v5,classical
classical,minimalist,"minimalist classical, serene atmosphere, featuring solo piano with delicate chamber ensemble accompaniment","classical, chamber, quartet",chirp-v5,classical
classical,neoclassical,"neoclassical, serene atmosphere, featuring solo piano with delicate chamber ensemble accompaniment","classical, minimalist, contemporary",chirp-v5,classical
classical,impressionist,"impressionist classical, serene atmosphere, featuring solo piano with delicate chamber ensemble accompaniment","classical, orchestral, strings",chirp-v5,classical
classical,chamber music,"chamber music classical, serene atmosphere, featuring solo piano with delicate chamber ensemble accompaniment","classical, piano, solo",chirp-v5,classical
classical,symphonic,"symphonic classical, serene atmosphere, featuring solo piano with delicate chamber ensemble accompaniment","classical, baroque, harpsichord",chirp-v5,classical
classical,early music,"early music classical, serene atmosphere, featuring solo piano with delicate chamber ensemble accompaniment","classical, chamber, quartet",chirp-v5,classical
classical,modern classical,"modern classical, serene atmosphere, featuring solo piano with delicate chamber ensemble accompaniment","classical, minimalist, contemporary",chirp-v5,classical
classical,baroque,"baroque classical, contemplative atmosphere, featuring solo piano with delicate chamber ensemble accompaniment","classical, orchestral, strings",chirp-v5,classical
classical,romantic,"romantic classical, contemplative atmosphere, featuring solo piano with delicate chamber ensemble accompaniment","classical, piano, solo",chirp-v5,classical
classical,contemporary classical,"contemporary classical, contemplative atmosphere, featuring solo piano with delicate chamber ensemble accompaniment","classical, baroque, harpsichord",chirp-v5,classical
classical,minimalist,"minimalist classical, contemplative atmosphere, featuring solo piano with delicate chamber ensemble accompaniment","classical, chamber, quartet",chirp-v5,classical
classical,neoclassical,"neoclassical, contemplative atmosphere, featuring solo piano with delicate chamber ensemble accompaniment","classical, minimalist, contemporary",chirp-v5,classical
classical,impressionist,"impressionist classical, contemplative atmosphere, featuring solo piano with delicate chamber ensemble accompaniment","classical, orchestral, strings",chirp-v5,classical
classical,chamber music,"chamber music classical, contemplative atmosphere, featuring solo piano with delicate chamber ensemble accompaniment","classical, piano, solo",chirp-v5,classical
classical,symphonic,"symphonic classical, contemplative atmosphere, featuring solo piano with delicate chamber ensemble accompaniment","classical, baroque, harpsichord",chirp-v5,classical
classical,early music,"early music classical, contemplative atmosphere, featuring solo piano with delicate chamber ensemble accompaniment","classical, chamber, quartet",chirp-v5,classical
classical,modern classical,"modern classical, contemplative atmosphere, featuring solo piano with delicate chamber ensemble accompaniment","classical, minimalist, contemporary",chirp-v5,classical
classical,baroque,"baroque classical, dramatic atmosphere, featuring solo piano with delicate chamber ensemble accompaniment","classical, orchestral, strings",chirp-v5,classical
classical,romantic,"romantic classical, dramatic atmosphere, featuring solo piano with delicate chamber ensemble accompaniment","classical, piano, solo",chirp-v5,classical
classical,contemporary classical,"contemporary classical, dramatic atmosphere, featuring solo piano with delicate chamber ensemble accompaniment","classical, baroque, harpsichord",chirp-v5,classical
classical,minimalist,"minimalist classical, dramatic atmosphere, featuring solo piano with delicate chamber ensemble accompaniment","classical, chamber, quartet",chirp-v5,classical
classical,neoclassical,"neoclassical, dramatic atmosphere, featuring solo piano with delicate chamber ensemble accompaniment","classical, minimalist, contemporary",chirp-v5,classical
classical,impressionist,"impressionist classical, dramatic atmosphere, featuring solo piano with delicate chamber ensemble accompaniment","classical, orchestral, strings",chirp-v5,classical
classical,chamber music,"chamber music classical, dramatic atmosphere, featuring solo piano with delicate chamber ensemble accompaniment","classical, piano, solo",chirp-v5,classical
classical,symphonic,"symphonic classical, dramatic atmosphere, featuring solo piano with delicate chamber ensemble accompaniment","classical, baroque, harpsichord",chirp-v5,classical
classical,early music,"early music classical, dramatic atmosphere, featuring solo piano with delicate chamber ensemble accompaniment","classical, chamber, quartet",chirp-v5,classical
classical,modern classical,"modern classical, dramatic atmosphere, featuring solo piano with delicate chamber ensemble accompaniment","classical, minimalist, contemporary",chirp-v5,classical
classical,baroque,"baroque classical, ethereal atmosphere, featuring solo piano with delicate chamber ensemble accompaniment","classical, orchestral, strings",chirp-v5,classical
classical,romantic,"romantic classical, ethereal atmosphere, featuring solo piano with delicate chamber ensemble accompaniment","classical, piano, solo",chirp-v5,classical
classical,contemporary classical,"contemporary classical, ethereal atmosphere, featuring solo piano with delicate chamber ensemble accompaniment","classical, baroque, harpsichord",chirp-v5,classical
classical,minimalist,"minimalist classical, ethereal atmosphere, featuring solo piano with delicate chamber ensemble accompaniment","classical, chamber, quartet",chirp-v5,classical
classical,neoclassical,"neoclassical, ethereal atmosphere, featuring solo piano with delicate chamber ensemble accompaniment","classical, minimalist, contemporary",chirp-v5,classical
classical,impressionist,"impressionist classical, ethereal atmosphere, featuring solo piano with delicate chamber ensemble accompaniment","classical, orchestral, strings",chirp-v5,classical
classical,chamber music,"chamber music classical, ethereal atmosphere, featuring solo piano with delicate chamber ensemble accompaniment","classical, piano, solo",chirp-v5,classical
classical,symphonic,"symphonic classical, ethereal atmosphere, featuring solo piano with delicate chamber ensemble accompaniment","classical, baroque, harpsichord",chirp-v5,classical
classical,early music,"early music classical, ethereal atmosphere, featuring solo piano with delicate chamber ensemble accompaniment","classical, chamber, quartet",chirp-v5,classical
classical,modern classical,"modern classical, ethereal atmosphere, featuring solo piano with delicate chamber ensemble accompaniment","classical, minimalist, contemporary",chirp-v5,classical
classical,baroque,"baroque classical, melancholic atmosphere, featuring solo piano with delicate chamber ensemble accompaniment","classical, orchestral, strings",chirp-v5,classical
classical,romantic,"romantic classical, melancholic atmosphere, featuring solo piano with delicate chamber ensemble accompaniment","classical, piano, solo",chirp-v5,classical
classical,contemporary classical,"contemporary classical, melancholic atmosphere, featuring solo piano with delicate chamber ensemble accompaniment","classical, baroque, harpsichord",chirp-v5,classical
classical,minimalist,"minimalist classical, melancholic atmosphere, featuring solo piano with delicate chamber ensemble accompaniment","classical, chamber, quartet",chirp-v5,classical
classical,neoclassical,"neoclassical, melancholic atmosphere, featuring solo piano with delicate chamber ensemble accompaniment","classical, minimalist, contemporary",chirp-v5,classical
classical,impressionist,"impressionist classical, melancholic atmosphere, featuring solo piano with delicate chamber ensemble accompaniment","classical, orchestral, strings",chirp-v5,classical
classical,chamber music,"chamber music classical, melancholic atmosphere, featuring solo piano with delicate chamber ensemble accompaniment","classical, piano, solo",chirp-v5,classical
classical,symphonic,"symphonic classical, melancholic atmosphere, featuring solo piano with delicate chamber ensemble accompaniment","classical, baroque, harpsichord",chirp-v5,classical
classical,early music,"early music classical, melancholic atmosphere, featuring solo piano with delicate chamber ensemble accompaniment","classical, chamber, quartet",chirp-v5,classical
classical,modern classical,"modern classical, melancholic atmosphere, featuring solo piano with delicate chamber ensemble accompaniment","classical, minimalist, contemporary",chirp-v5,classical
classical,baroque,"baroque classical, triumphant atmosphere, featuring solo piano with delicate chamber ensemble accompaniment","classical, orchestral, strings",chirp-v5,classical
classical,romantic,"romantic classical, triumphant atmosphere, featuring solo piano with delicate chamber ensemble accompaniment","classical, piano, solo",chirp-v5,classical
classical,contemporary classical,"contemporary classical, triumphant atmosphere, featuring solo piano with delicate chamber ensemble accompaniment","classical, baroque, harpsichord",chirp-v5,classical
classical,minimalist,"minimalist classical, triumphant atmosphere, featuring solo piano with delicate chamber ensemble accompaniment","classical, chamber, quartet",chirp-v5,classical
classical,neoclassical,"neoclassical, triumphant atmosphere, featuring solo piano with delicate chamber ensemble accompaniment","classical, minimalist, contemporary",chirp-v5,classical
classical,impressionist,"impressionist classical, triumphant atmosphere, featuring solo piano with delicate chamber ensemble accompaniment","classical, orchestral, strings",chirp-v5,classical
classical,chamber music,"chamber music classical, triumphant atmosphere, featuring solo piano with delicate chamber ensemble accompaniment","classical, piano, solo",chirp-v5,classical
classical,symphonic,"symphonic classical, triumphant atmosphere, featuring solo piano with delicate chamber ensemble accompaniment","classical, baroque, harpsichord",chirp-v5,classical
classical,early music,"early music classical, triumphant atmosphere, featuring solo piano with delicate chamber ensemble accompaniment","classical, chamber, quartet",chirp-v5,classical
classical,modern classical,"modern classical, triumphant atmosphere, featuring solo piano with delicate chamber ensemble accompaniment","classical, minimalist, contemporary",chirp-v5,classical
classical,baroque,"baroque classical, intimate atmosphere, featuring solo piano with delicate chamber ensemble accompaniment","classical, orchestral, strings",chirp-v5,classical
classical,romantic,"romantic classical, intimate atmosphere, featuring solo piano with delicate chamber ensemble accompaniment","classical, piano, solo",chirp-v5,classical
classical,contemporary classical,"contemporary classical, intimate atmosphere, featuring solo piano with delicate chamber ensemble accompaniment","classical, baroque, harpsichord",chirp-v5,classical
classical,minimalist,"minimalist classical, intimate atmosphere, featuring solo piano with delicate chamber ensemble accompaniment","classical, chamber, quartet",chirp-v5,classical
classical,neoclassical,"neoclassical, intimate atmosphere, featuring solo piano with delicate chamber ensemble accompaniment","classical, minimalist, contemporary",chirp-v5,classical
classical,impressionist,"impressionist classical, intimate atmosphere, featuring solo piano with delicate chamber ensemble accompaniment","classical, orchestral, strings",chirp-v5,classical
classical,chamber music,"chamber music classical, intimate atmosphere, featuring solo piano with delicate chamber ensemble accompaniment","classical, piano, solo",chirp-v5,classical
classical,symphonic,"symphonic classical, intimate atmosphere, featuring solo piano with delicate chamber ensemble accompaniment","classical, baroque, harpsichord",chirp-v5,classical
classical,early music,"early music classical, intimate atmosphere, featuring solo piano with delicate chamber ensemble accompaniment","classical, chamber, quartet",chirp-v5,classical
classical,modern classical,"modern classical, intimate atmosphere, featuring solo piano with delicate chamber ensemble accompaniment","classical, minimalist, contemporary",chirp-v5,classical
classical,baroque,"baroque classical, tense atmosphere, featuring solo piano with delicate chamber ensemble accompaniment","classical, orchestral, strings",chirp-v5,classical
classical,romantic,"romantic classical, tense atmosphere, featuring solo piano with delicate chamber ensemble accompaniment","classical, piano, solo",chirp-v5,classical
classical,contemporary classical,"contemporary classical, tense atmosphere, featuring solo piano with delicate chamber ensemble accompaniment","classical, baroque, harpsichord",chirp-v5,classical
classical,minimalist,"minimalist classical, tense atmosphere, featuring solo piano with delicate chamber ensemble accompaniment","classical, chamber, quartet",chirp-v5,classical
classical,neoclassical,"neoclassical, tense atmosphere, featuring solo piano with delicate chamber ensemble accompaniment","classical, minimalist, contemporary",chirp-v5,classical
classical,impressionist,"impressionist classical, tense atmosphere, featuring solo piano with delicate chamber ensemble accompaniment","classical, orchestral, strings",chirp-v5,classical
classical,chamber music,"chamber music classical, tense atmosphere, featuring solo piano with delicate chamber ensemble accompaniment","classical, piano, solo",chirp-v5,classical
classical,symphonic,"symphonic classical, tense atmosphere, featuring solo piano with delicate chamber ensemble accompaniment","classical, baroque, harpsichord",chirp-v5,classical
classical,early music,"early music classical, tense atmosphere, featuring solo piano with delicate chamber ensemble accompaniment","classical, chamber, quartet",chirp-v5,classical
classical,modern classical,"modern classical, tense atmosphere, featuring solo piano with delicate chamber ensemble accompaniment","classical, minimalist, contemporary",chirp-v5,classical
classical,baroque,"baroque classical, transcendent atmosphere, featuring solo piano with delicate chamber ensemble accompaniment","classical, orchestral, strings",chirp-v5,classical
classical,romantic,"romantic classical, transcendent atmosphere, featuring solo piano with delicate chamber ensemble accompaniment","classical, piano, solo",chirp-v5,classical
classical,contemporary classical,"contemporary classical, transcendent atmosphere, featuring solo piano with delicate chamber ensemble accompaniment","classical, baroque, harpsichord",chirp-v5,classical
classical,minimalist,"minimalist classical, transcendent atmosphere, featuring solo piano with delicate chamber ensemble accompaniment","classical, chamber, quartet",chirp-v5,classical
classical,neoclassical,"neoclassical, transcendent atmosphere, featuring solo piano with delicate chamber ensemble accompaniment","classical, minimalist, contemporary",chirp-v5,classical
classical,impressionist,"impressionist classical, transcendent atmosphere, featuring solo piano with delicate chamber ensemble accompaniment","classical, orchestral, strings",chirp-v5,classical
classical,chamber music,"chamber music classical, transcendent atmosphere, featuring solo piano with delicate chamber ensemble accompaniment","classical, piano, solo",chirp-v5,classical
classical,symphonic,"symphonic classical, transcendent atmosphere, featuring solo piano with delicate chamber ensemble accompaniment","classical, baroque, harpsichord",chirp-v5,classical
classical,early music,"early music classical, transcendent atmosphere, featuring solo piano with delicate chamber ensemble accompaniment","classical, chamber, quartet",chirp-v5,classical
classical,modern classical,"modern classical, transcendent atmosphere, featuring solo piano with delicate chamber ensemble accompaniment","classical, minimalist, contemporary",chirp-v5,classical
classical,baroque,"baroque classical, majestic atmosphere, featuring woodwind and brass choir with tympani","classical, orchestral, strings",chirp-v5,classical
classical,romantic,"romantic classical, majestic atmosphere, featuring woodwind and brass choir with tympani","classical, piano, solo",chirp-v5,classical
classical,contemporary classical,"contemporary classical, majestic atmosphere, featuring woodwind and brass choir with tympani","classical, baroque, harpsichord",chirp-v5,classical
classical,minimalist,"minimalist classical, majestic atmosphere, featuring woodwind and brass choir with tympani","classical, chamber, quartet",chirp-v5,classical
classical,neoclassical,"neoclassical, majestic atmosphere, featuring woodwind and brass choir with tympani","classical, minimalist, contemporary",chirp-v5,classical
classical,impressionist,"impressionist classical, majestic atmosphere, featuring woodwind and brass choir with tympani","classical, orchestral, strings",chirp-v5,classical
classical,chamber music,"chamber music classical, majestic atmosphere, featuring woodwind and brass choir with tympani","classical, piano, solo",chirp-v5,classical
classical,symphonic,"symphonic classical, majestic atmosphere, featuring woodwind and brass choir with tympani","classical, baroque, harpsichord",chirp-v5,classical
classical,early music,"early music classical, majestic atmosphere, featuring woodwind and brass choir with tympani","classical, chamber, quartet",chirp-v5,classical
classical,modern classical,"modern classical, majestic atmosphere, featuring woodwind and brass choir with tympani","classical, minimalist, contemporary",chirp-v5,classical
classical,baroque,"baroque classical, serene atmosphere, featuring woodwind and brass choir with tympani","classical, orchestral, strings",chirp-v5,classical
classical,romantic,"romantic classical, serene atmosphere, featuring woodwind and brass choir with tympani","classical, piano, solo",chirp-v5,classical
classical,contemporary classical,"contemporary classical, serene atmosphere, featuring woodwind and brass choir with tympani","classical, baroque, harpsichord",chirp-v5,classical
classical,minimalist,"minimalist classical, serene atmosphere, featuring woodwind and brass choir with tympani","classical, chamber, quartet",chirp-v5,classical
classical,neoclassical,"neoclassical, serene atmosphere, featuring woodwind and brass choir with tympani","classical, minimalist, contemporary",chirp-v5,classical
classical,impressionist,"impressionist classical, serene atmosphere, featuring woodwind and brass choir with tympani","classical, orchestral, strings",chirp-v5,classical
classical,chamber music,"chamber music classical, serene atmosphere, featuring woodwind and brass choir with tympani","classical, piano, solo",chirp-v5,classical
classical,symphonic,"symphonic classical, serene atmosphere, featuring woodwind and brass choir with tympani","classical, baroque, harpsichord",chirp-v5,classical
classical,early music,"early music classical, serene atmosphere, featuring woodwind and brass choir with tympani","classical, chamber, quartet",chirp-v5,classical
classical,modern classical,"modern classical, serene atmosphere, featuring woodwind and brass choir with tympani","classical, minimalist, contemporary",chirp-v5,classical
classical,baroque,"baroque classical, contemplative atmosphere, featuring woodwind and brass choir with tympani","classical, orchestral, strings",chirp-v5,classical
classical,romantic,"romantic classical, contemplative atmosphere, featuring woodwind and brass choir with tympani","classical, piano, solo",chirp-v5,classical
classical,contemporary classical,"contemporary classical, contemplative atmosphere, featuring woodwind and brass choir with tympani","classical, baroque, harpsichord",chirp-v5,classical
classical,minimalist,"minimalist classical, contemplative atmosphere, featuring woodwind and brass choir with tympani","classical, chamber, quartet",chirp-v5,classical
classical,neoclassical,"neoclassical, contemplative atmosphere, featuring woodwind and brass choir with tympani","classical, minimalist, contemporary",chirp-v5,classical
classical,impressionist,"impressionist classical, contemplative atmosphere, featuring woodwind and brass choir with tympani","classical, orchestral, strings",chirp-v5,classical
classical,chamber music,"chamber music classical, contemplative atmosphere, featuring woodwind and brass choir with tympani","classical, piano, solo",chirp-v5,classical
classical,symphonic,"symphonic classical, contemplative atmosphere, featuring woodwind and brass choir with tympani","classical, baroque, harpsichord",chirp-v5,classical
classical,early music,"early music classical, contemplative atmosphere, featuring woodwind and brass choir with tympani","classical, chamber, quartet",chirp-v5,classical
classical,modern classical,"modern classical, contemplative atmosphere, featuring woodwind and brass choir with tympani","classical, minimalist, contemporary",chirp-v5,classical
classical,baroque,"baroque classical, dramatic atmosphere, featuring woodwind and brass choir with tympani","classical, orchestral, strings",chirp-v5,classical
classical,romantic,"romantic classical, dramatic atmosphere, featuring woodwind and brass choir with tympani","classical, piano, solo",chirp-v5,classical
classical,contemporary classical,"contemporary classical, dramatic atmosphere, featuring woodwind and brass choir with tympani","classical, baroque, harpsichord",chirp-v5,classical
classical,minimalist,"minimalist classical, dramatic atmosphere, featuring woodwind and brass choir with tympani","classical, chamber, quartet",chirp-v5,classical
classical,neoclassical,"neoclassical, dramatic atmosphere, featuring woodwind and brass choir with tympani","classical, minimalist, contemporary",chirp-v5,classical
classical,impressionist,"impressionist classical, dramatic atmosphere, featuring woodwind and brass choir with tympani","classical, orchestral, strings",chirp-v5,classical
classical,chamber music,"chamber music classical, dramatic atmosphere, featuring woodwind and brass choir with tympani","classical, piano, solo",chirp-v5,classical
classical,symphonic,"symphonic classical, dramatic atmosphere, featuring woodwind and brass choir with tympani","classical, baroque, harpsichord",chirp-v5,classical
classical,early music,"early music classical, dramatic atmosphere, featuring woodwind and brass choir with tympani","classical, chamber, quartet",chirp-v5,classical
classical,modern classical,"modern classical, dramatic atmosphere, featuring woodwind and brass choir with tympani","classical, minimalist, contemporary",chirp-v5,classical
classical,baroque,"baroque classical, ethereal atmosphere, featuring woodwind and brass choir with tympani","classical, orchestral, strings",chirp-v5,classical
classical,romantic,"romantic classical, ethereal atmosphere, featuring woodwind and brass choir with tympani","classical, piano, solo",chirp-v5,classical
classical,contemporary classical,"contemporary classical, ethereal atmosphere, featuring woodwind and brass choir with tympani","classical, baroque, harpsichord",chirp-v5,classical
classical,minimalist,"minimalist classical, ethereal atmosphere, featuring woodwind and brass choir with tympani","classical, chamber, quartet",chirp-v5,classical
classical,neoclassical,"neoclassical, ethereal atmosphere, featuring woodwind and brass choir with tympani","classical, minimalist, contemporary",chirp-v5,classical
classical,impressionist,"impressionist classical, ethereal atmosphere, featuring woodwind and brass choir with tympani","classical, orchestral, strings",chirp-v5,classical
classical,chamber music,"chamber music classical, ethereal atmosphere, featuring woodwind and brass choir with tympani","classical, piano, solo",chirp-v5,classical
classical,symphonic,"symphonic classical, ethereal atmosphere, featuring woodwind and brass choir with tympani","classical, baroque, harpsichord",chirp-v5,classical
classical,early music,"early music classical, ethereal atmosphere, featuring woodwind and brass choir with tympani","classical, chamber, quartet",chirp-v5,classical
classical,modern classical,"modern classical, ethereal atmosphere, featuring woodwind and brass choir with tympani","classical, minimalist, contemporary",chirp-v5,classical
