job_uid,genre,subgenre,prompt,tags,mv,status,ttapi_job_id,music_id_1,music_id_2,audio_url_1,audio_url_2,audio_path_1,audio_path_2,pair_group,submitted_at,completed_at,error
98ad3f1b-5b22-4aca-94ff-3300fab9ab93,jazz,bebop,"bebop jazz, late-night atmosphere, featuring saxophone and piano trio","jazz, saxophone, piano",chirp-v4-5+,done,5bdc9c23-16a9-4d30-b911-8ad4c707383d,c81750ab-e84e-4e43-b8c8-2e9bb915a461,996a6195-a5c1-4db7-9e9a-0db3b3b08a1a,https://cdn.ttapi.io/suno/20260525/651a7409571b4d04985216c049af5ab0.mp3,https://cdn.ttapi.io/suno/20260525/a05fde923af84a18a99d6060a10bf77b.mp3,audio/jazz/98ad3f1b-5b22-4aca-94ff-3300fab9ab93_1.mp3,audio/jazz/98ad3f1b-5b22-4aca-94ff-3300fab9ab93_2.mp3,jazz,2026-05-25T19:31:29.872372+00:00,2026-05-25T19:32:59.045475+00:00,
589d8538-b3ee-42d8-91ba-43b3f47f6ad1,jazz,cool jazz,"cool jazz, late-night atmosphere, featuring saxophone and piano trio","jazz, trumpet, swing",chirp-v4-5+,done,604a5bb5-3c4c-443d-98a9-cae261c3f35e,00aa2d25-2f89-4179-aac0-9c430ade13f2,dfd2b976-7874-48c2-9418-7c5280fb8fcc,https://cdn.ttapi.io/suno/20260525/b37c9700751347e68f8ac585fea01380.mp3,https://cdn.ttapi.io/suno/20260525/bbed89023bb4492a941fe09f3ade60d7.mp3,audio/jazz/589d8538-b3ee-42d8-91ba-43b3f47f6ad1_1.mp3,audio/jazz/589d8538-b3ee-42d8-91ba-43b3f47f6ad1_2.mp3,jazz,2026-05-25T19:31:31.114355+00:00,2026-05-25T19:33:25.389522+00:00,
0e189f0f-3786-47ff-9d2b-ba6a8f799fd1,jazz,fusion,"fusion jazz, late-night atmosphere, featuring saxophone and piano trio","jazz, bass, drums",chirp-v4-5+,done,21b5f4ae-635c-4d27-9e1f-2a2c917c4eaf,b98c14c4-28b9-494b-babb-cd0aa346266b,7e4cdc09-c3e5-44f9-8cff-55b6706c8cdf,https://cdn.ttapi.io/suno/20260525/b2e336b2b15248719e4589cdba829670.mp3,https://cdn.ttapi.io/suno/20260525/d28bbf0bc76b465faaa3baf28ed22c0c.mp3,audio/jazz/0e189f0f-3786-47ff-9d2b-ba6a8f799fd1_1.mp3,audio/jazz/0e189f0f-3786-47ff-9d2b-ba6a8f799fd1_2.mp3,jazz,2026-05-25T19:31:32.444593+00:00,2026-05-25T19:32:59.305620+00:00,
48497cac-7e2c-46be-91e5-a19b1f7ffef7,jazz,smooth jazz,"smooth jazz, late-night atmosphere, featuring saxophone and piano trio","jazz, guitar, bossa nova",chirp-v4-5+,done,9329f94a-feee-4de2-a163-e54e92a61887,c6937446-e8c3-46df-b75f-9d01ad8b4f20,8018cded-e4fe-4c06-b9aa-676b9262f6ec,https://cdn.ttapi.io/suno/20260525/a84e3a91983247c5b03de610e929672d.mp3,https://cdn.ttapi.io/suno/20260525/b039319017074392ba3942ae0e54a8da.mp3,audio/jazz/48497cac-7e2c-46be-91e5-a19b1f7ffef7_1.mp3,audio/jazz/48497cac-7e2c-46be-91e5-a19b1f7ffef7_2.mp3,jazz,2026-05-25T19:31:33.778995+00:00,2026-05-25T19:33:15.099562+00:00,
ae0ad733-e16a-426a-af25-44ec7d17152b,jazz,hard bop,"hard bop jazz, late-night atmosphere, featuring saxophone and piano trio","jazz, fusion, electric",chirp-v4-5+,done,01b778be-ead1-447a-b9ed-0f34a2828317,b5a52fe8-eae2-4c0a-8c3c-14292546e6ef,8422a2d4-11df-44e5-acd7-04a3ebb7f94a,https://cdn.ttapi.io/suno/20260525/b3dcb9bb984345928064d95ea0f39a61.mp3,https://cdn.ttapi.io/suno/20260525/e5697d4b2b4c4faea1389b7923c1bd95.mp3,audio/jazz/ae0ad733-e16a-426a-af25-44ec7d17152b_1.mp3,audio/jazz/ae0ad733-e16a-426a-af25-44ec7d17152b_2.mp3,jazz,2026-05-25T19:31:35.048333+00:00,2026-05-25T19:32:45.214092+00:00,
efa4a562-88a8-42cd-b021-655d5be2da2c,jazz,free jazz,"free jazz, late-night atmosphere, featuring saxophone and piano trio","jazz, saxophone, piano",chirp-v4-5+,done,85ce2e4c-e115-4bae-b245-7299ed2b9a11,53926b4a-7c81-4c79-b273-200217a7396d,d6da8ab8-2dcf-408f-ba20-6894a09ccfcc,https://cdn.ttapi.io/suno/20260525/d926812290aa4946b0df159ffd834c6e.mp3,https://cdn.ttapi.io/suno/20260525/3bee1800e4ec44369c1da4c48992b1fa.mp3,audio/jazz/efa4a562-88a8-42cd-b021-655d5be2da2c_1.mp3,audio/jazz/efa4a562-88a8-42cd-b021-655d5be2da2c_2.mp3,jazz,2026-05-25T19:31:36.363435+00:00,2026-05-25T19:33:06.600870+00:00,
c10f71a4-5e1b-48cb-896b-c5b3ef9fb81a,jazz,latin jazz,"latin jazz, late-night atmosphere, featuring saxophone and piano trio","jazz, trumpet, swing",chirp-v4-5+,done,5f477d67-3b64-46a0-8602-3c120ee8a006,c4277e50-0ccb-4d74-8108-4622cf1a65d6,05e0c625-432b-41b1-8a12-d9877834ef09,https://cdn.ttapi.io/suno/20260525/262b49793bb6415db32f64e20cc0c99a.mp3,https://cdn.ttapi.io/suno/20260525/c7b6118670514330bbaf453de77d96e4.mp3,audio/jazz/c10f71a4-5e1b-48cb-896b-c5b3ef9fb81a_1.mp3,audio/jazz/c10f71a4-5e1b-48cb-896b-c5b3ef9fb81a_2.mp3,jazz,2026-05-25T19:31:37.663430+00:00,2026-05-25T19:33:25.561905+00:00,
09239847-088a-4825-b057-d5ee163f19a8,jazz,swing,"swing jazz, late-night atmosphere, featuring saxophone and piano trio","jazz, bass, drums",chirp-v4-5+,done,938da9fa-650a-4caa-9aac-0c576590e97c,fc6748e2-347e-4280-8e24-aafa752afa0f,4740c08e-7040-4767-a545-6603eb28e8bf,https://cdn.ttapi.io/suno/20260525/f7eaccbdd55e4402bb79bb66b1f4dc1a.mp3,https://cdn.ttapi.io/suno/20260525/a0eac9ef20f74b1ea616c4c94f8659de.mp3,audio/jazz/09239847-088a-4825-b057-d5ee163f19a8_1.mp3,audio/jazz/09239847-088a-4825-b057-d5ee163f19a8_2.mp3,jazz,2026-05-25T19:31:38.947236+00:00,2026-05-25T19:32:53.632847+00:00,
1e95999d-d6e3-48bc-a4d2-f404496cf675,jazz,modal jazz,"modal jazz, late-night atmosphere, featuring saxophone and piano trio","jazz, guitar, bossa nova",chirp-v4-5+,done,1669292a-f764-43fc-a7ea-f5d21bfc1a11,b269441c-cf37-4250-b783-6a75aaf55171,b97f9cc8-6b38-4148-9712-207726c2a03e,https://cdn.ttapi.io/suno/20260525/5fb1f30302e7432689398c6aec1a35f2.mp3,https://cdn.ttapi.io/suno/20260525/5affb2922e2c4f71af3ab863a62d4b09.mp3,audio/jazz/1e95999d-d6e3-48bc-a4d2-f404496cf675_1.mp3,audio/jazz/1e95999d-d6e3-48bc-a4d2-f404496cf675_2.mp3,jazz,2026-05-25T19:31:40.371422+00:00,2026-05-25T19:33:25.676611+00:00,
8dd7a846-6caa-4b36-a120-11c2e8efd8d2,jazz,post-bop,"post-bop jazz, late-night atmosphere, featuring saxophone and piano trio","jazz, fusion, electric",chirp-v4-5+,done,e71f8546-3875-43d3-8442-f0a7b243cba7,8dbd510c-1dce-413e-a855-533b3848f25b,0c382f48-6ec9-4783-bf65-ff38c1d9fe07,https://cdn.ttapi.io/suno/20260525/59e20220baad4c448e11daa078280fc7.mp3,https://cdn.ttapi.io/suno/20260525/592f970ea4864033b323f5f117eb1e06.mp3,audio/jazz/8dd7a846-6caa-4b36-a120-11c2e8efd8d2_1.mp3,audio/jazz/8dd7a846-6caa-4b36-a120-11c2e8efd8d2_2.mp3,jazz,2026-05-25T19:31:41.790842+00:00,2026-05-25T19:33:25.786656+00:00,
e3afb438-9331-45e1-9f19-db34c13fd3ac,jazz,bebop,"bebop jazz, melancholic atmosphere, featuring saxophone and piano trio","jazz, saxophone, piano",chirp-v4-5+,done,2b0af225-05f0-42e6-9653-43f238ec9182,7a1ecc39-1f14-4b3b-8e30-1765fcbe6ad5,7978356f-a343-402f-af6a-c8bb6158ed39,https://cdn.ttapi.io/suno/20260525/62a2359a248a469799b05d2ab26b667b.mp3,https://cdn.ttapi.io/suno/20260525/23fa65a8ac294be3bc220c121e9c4dd0.mp3,audio/jazz/e3afb438-9331-45e1-9f19-db34c13fd3ac_1.mp3,audio/jazz/e3afb438-9331-45e1-9f19-db34c13fd3ac_2.mp3,jazz,2026-05-25T19:31:43.043895+00:00,2026-05-25T19:33:07.026982+00:00,
5e2f63d0-1932-424a-a50d-84145f28a88b,jazz,cool jazz,"cool jazz, melancholic atmosphere, featuring saxophone and piano trio","jazz, trumpet, swing",chirp-v4-5+,done,374cb148-c953-4551-b52e-56eebb604266,30429ac9-1c51-4008-b18f-e20dbe0069ab,6db9e89d-4d4c-42e0-ad00-43e52d48d30a,https://cdn.ttapi.io/suno/20260525/d063c704074147a5bbddf9fa97132d98.mp3,https://cdn.ttapi.io/suno/20260525/498ada71c35c412689381f6f89162362.mp3,audio/jazz/5e2f63d0-1932-424a-a50d-84145f28a88b_1.mp3,audio/jazz/5e2f63d0-1932-424a-a50d-84145f28a88b_2.mp3,jazz,2026-05-25T19:31:44.335821+00:00,2026-05-25T19:33:15.527519+00:00,
d0bcec45-55ab-4a3b-8467-9fb34e30b47a,jazz,fusion,"fusion jazz, melancholic atmosphere, featuring saxophone and piano trio","jazz, bass, drums",chirp-v4-5+,done,5ac89dfd-464c-4dd4-b9a0-289df9073ff1,805e7d6e-1094-48cb-8d00-8b6ef71388ce,8e685b92-36e6-43bc-9ba3-c62f4631e933,https://cdn.ttapi.io/suno/20260525/d83b4e6bd24b465b9b09a1007e301d53.mp3,https://cdn.ttapi.io/suno/20260525/71eef4ed0e8242a7a20cece3628fae85.mp3,audio/jazz/d0bcec45-55ab-4a3b-8467-9fb34e30b47a_1.mp3,audio/jazz/d0bcec45-55ab-4a3b-8467-9fb34e30b47a_2.mp3,jazz,2026-05-25T19:31:45.617334+00:00,2026-05-25T19:33:15.681609+00:00,
74b663b4-b3cb-4a0f-82a9-c37a723df7c1,jazz,smooth jazz,"smooth jazz, melancholic atmosphere, featuring saxophone and piano trio","jazz, guitar, bossa nova",chirp-v4-5+,done,f5cf1140-ec2a-46dd-92a6-a893566f8fe9,24874ce1-8b92-48a2-869b-87073558f17c,f7328c2a-591d-4970-a6fb-0edcdf10ca03,https://cdn.ttapi.io/suno/20260525/0a69df7ce3014c2d97abf5c42f78998b.mp3,https://cdn.ttapi.io/suno/20260525/d1237cb0ba114645a7400b2bb75866c0.mp3,audio/jazz/74b663b4-b3cb-4a0f-82a9-c37a723df7c1_1.mp3,audio/jazz/74b663b4-b3cb-4a0f-82a9-c37a723df7c1_2.mp3,jazz,2026-05-25T19:31:46.883253+00:00,2026-05-25T19:33:48.735736+00:00,
f775c436-f618-4270-91e6-466f2bfc28c5,jazz,hard bop,"hard bop jazz, melancholic atmosphere, featuring saxophone and piano trio","jazz, fusion, electric",chirp-v4-5+,done,353d73c6-58c1-4286-9984-59beec556318,cb7955c1-fb19-48d6-9628-e19e2ac3367e,643999ba-7aec-4b52-84bd-49aa23636907,https://cdn.ttapi.io/suno/20260525/e97b789a320d43a28f442464f9dc0c47.mp3,https://cdn.ttapi.io/suno/20260525/e40452c7a5c341238c29d42ad422f47f.mp3,audio/jazz/f775c436-f618-4270-91e6-466f2bfc28c5_1.mp3,audio/jazz/f775c436-f618-4270-91e6-466f2bfc28c5_2.mp3,jazz,2026-05-25T19:31:48.150680+00:00,2026-05-25T19:33:35.640643+00:00,
d08de5af-f8e9-4744-a6b1-2360bf6884e2,jazz,free jazz,"free jazz, melancholic atmosphere, featuring saxophone and piano trio","jazz, saxophone, piano",chirp-v4-5+,done,3728baf9-3fda-4d65-89f3-a182355eb746,1955f307-97ad-4bb1-9559-2d0eb5330b5e,6b23b8b0-1ee4-42c5-9d29-d1a3f2920959,https://cdn.ttapi.io/suno/20260525/841ec828b5964045aed77c978744ddb8.mp3,https://cdn.ttapi.io/suno/20260525/e49a3633a1de4ecc823c5c321534b91d.mp3,audio/jazz/d08de5af-f8e9-4744-a6b1-2360bf6884e2_1.mp3,audio/jazz/d08de5af-f8e9-4744-a6b1-2360bf6884e2_2.mp3,jazz,2026-05-25T19:31:49.428447+00:00,2026-05-25T19:33:35.800513+00:00,
b9a25ae7-1423-481e-aab8-d9bac4c6fe75,jazz,latin jazz,"latin jazz, melancholic atmosphere, featuring saxophone and piano trio","jazz, trumpet, swing",chirp-v4-5+,done,4addf707-93b4-49e4-9d8a-7762d2fac849,72aa4704-b5cc-4bae-9e61-214989ed9085,2d05f5bf-74f5-4722-81fa-6e776a5ddf85,https://cdn.ttapi.io/suno/20260525/67e9248158034be59ba0e59e96180c79.mp3,https://cdn.ttapi.io/suno/20260525/dcbaa6bc2db74cf7a08479aea4d0e1ae.mp3,audio/jazz/b9a25ae7-1423-481e-aab8-d9bac4c6fe75_1.mp3,audio/jazz/b9a25ae7-1423-481e-aab8-d9bac4c6fe75_2.mp3,jazz,2026-05-25T19:31:50.707614+00:00,2026-05-25T19:33:07.651079+00:00,
0fc50e94-e162-497d-aa8c-07a108e437f6,jazz,swing,"swing jazz, melancholic atmosphere, featuring saxophone and piano trio","jazz, bass, drums",chirp-v4-5+,done,c5355470-364f-4b03-bb12-44af0ca6ba54,a4bc7104-c514-4a74-803d-c41ab58a2063,c8088761-107d-4602-b2b1-b28dec91db31,https://cdn.ttapi.io/suno/20260525/2f997fe415e34ab5a01cc1ccfdbe10b7.mp3,https://cdn.ttapi.io/suno/20260525/6a0262eed220451b98ceb9f2407dc224.mp3,audio/jazz/0fc50e94-e162-497d-aa8c-07a108e437f6_1.mp3,audio/jazz/0fc50e94-e162-497d-aa8c-07a108e437f6_2.mp3,jazz,2026-05-25T19:31:52.053270+00:00,2026-05-25T19:33:16.068302+00:00,
3a313187-c671-4421-b41d-4c6e6a29abfe,jazz,modal jazz,"modal jazz, melancholic atmosphere, featuring saxophone and piano trio","jazz, guitar, bossa nova",chirp-v4-5+,done,21fba237-2c29-4619-994b-17f3f9c119d4,7940b413-1982-47b0-bf30-4a50c33a89e5,d66183a2-5212-4380-98d5-5a6244280bd9,https://cdn.ttapi.io/suno/20260525/a8a66dd65a9046d1a73eac70c91b0f52.mp3,https://cdn.ttapi.io/suno/20260525/ec7ec3d6cf464588958c59f54fd36c33.mp3,audio/jazz/3a313187-c671-4421-b41d-4c6e6a29abfe_1.mp3,audio/jazz/3a313187-c671-4421-b41d-4c6e6a29abfe_2.mp3,jazz,2026-05-25T19:31:53.300864+00:00,2026-05-25T19:33:48.897012+00:00,
89844c82-8684-4820-9350-9f849bf460cf,jazz,post-bop,"post-bop jazz, melancholic atmosphere, featuring saxophone and piano trio","jazz, fusion, electric",chirp-v4-5+,done,026c8dad-3890-444d-a6d1-d0ffbca1a223,3ae38b69-5913-443f-8192-623a0659fe50,abfbe69d-6929-47fa-a4f9-94284c094d7c,https://cdn.ttapi.io/suno/20260525/29fabf1e91ce47a3a12f11a179492ed2.mp3,https://cdn.ttapi.io/suno/20260525/993271902f594a779876b59ba55f33f8.mp3,audio/jazz/89844c82-8684-4820-9350-9f849bf460cf_1.mp3,audio/jazz/89844c82-8684-4820-9350-9f849bf460cf_2.mp3,jazz,2026-05-25T19:31:54.551553+00:00,2026-05-25T19:33:42.983738+00:00,
738af8e1-1954-461a-a297-a4ca1855fb4f,jazz,bebop,"bebop jazz, uplifting atmosphere, featuring saxophone and piano trio","jazz, saxophone, piano",chirp-v4-5+,done,cd6d262e-0bbe-4e3b-aa39-070ade23f593,042e0d85-83d8-450a-a4a2-b306dbd946e5,103bdc9c-f210-4ca2-90b6-5aefc8849cb6,https://cdn.ttapi.io/suno/20260525/183482c0222949f7aeda0be8cdfc9623.mp3,https://cdn.ttapi.io/suno/20260525/b749f90d1a174bdcafb3abd3f60b98e6.mp3,audio/jazz/738af8e1-1954-461a-a297-a4ca1855fb4f_1.mp3,audio/jazz/738af8e1-1954-461a-a297-a4ca1855fb4f_2.mp3,jazz,2026-05-25T19:32:50.507867+00:00,2026-05-25T19:34:10.094075+00:00,
64f7dc5b-1bb5-4937-bad0-a1a87c0a447c,jazz,cool jazz,"cool jazz, uplifting atmosphere, featuring saxophone and piano trio","jazz, trumpet, swing",chirp-v4-5+,done,96ceffbe-5867-46f4-877a-d805ea9cfcb4,1b9f9548-33ac-4c88-b661-f54a781bb13d,256dbbdf-8281-4f00-ba96-bb02db774345,https://cdn.ttapi.io/suno/20260525/637f8e9c77354d7fa81b27538eb78912.mp3,https://cdn.ttapi.io/suno/20260525/83ed8667ace74932a3b44331b50e3593.mp3,audio/jazz/64f7dc5b-1bb5-4937-bad0-a1a87c0a447c_1.mp3,audio/jazz/64f7dc5b-1bb5-4937-bad0-a1a87c0a447c_2.mp3,jazz,2026-05-25T19:32:58.356676+00:00,2026-05-25T19:34:10.270845+00:00,
27f37b55-bcb1-4b34-97ef-74bad4d26ef5,jazz,fusion,"fusion jazz, uplifting atmosphere, featuring saxophone and piano trio","jazz, bass, drums",chirp-v4-5+,done,775ac251-6d1a-4a0d-9b80-3a540b093ddc,29f18165-64cf-4e9e-8ac9-a8348bfcacec,89639983-8dfa-41f5-b721-7ac1812b6931,https://cdn.ttapi.io/suno/20260525/2df3ea68bdde4f1c94258be34eb2664b.mp3,https://cdn.ttapi.io/suno/20260525/fc6da4c0c0744463b27fd6ca650734cf.mp3,audio/jazz/27f37b55-bcb1-4b34-97ef-74bad4d26ef5_1.mp3,audio/jazz/27f37b55-bcb1-4b34-97ef-74bad4d26ef5_2.mp3,jazz,2026-05-25T19:33:04.433523+00:00,2026-05-25T19:34:31.291627+00:00,
0db4f367-b6a1-441e-a2f1-609f3b9925a6,jazz,smooth jazz,"smooth jazz, uplifting atmosphere, featuring saxophone and piano trio","jazz, guitar, bossa nova",chirp-v4-5+,done,ea5f2d27-a83e-472f-ad79-900fe765b99c,c7dbcc31-1f4a-469a-a1fc-1c5c23c81ef6,58c851e3-cc2b-4d12-a07c-5905f44f17f2,https://cdn.ttapi.io/suno/20260525/39b5ac47f87d4fa8b995269ed6f404e1.mp3,https://cdn.ttapi.io/suno/20260525/c775546bdc2d417892357cea7420a80f.mp3,audio/jazz/0db4f367-b6a1-441e-a2f1-609f3b9925a6_1.mp3,audio/jazz/0db4f367-b6a1-441e-a2f1-609f3b9925a6_2.mp3,jazz,2026-05-25T19:33:05.699641+00:00,2026-05-25T19:34:31.477105+00:00,
4d2685d0-f6b5-4236-b7c1-6afba2dd92c1,jazz,hard bop,"hard bop jazz, uplifting atmosphere, featuring saxophone and piano trio","jazz, fusion, electric",chirp-v4-5+,done,8949da34-07f2-4486-a283-bb0179820fe4,e960bc8c-3792-4ec9-8646-7dcb19e091f3,cb4a4c84-0c90-4827-b912-cd85e8af3889,https://cdn.ttapi.io/suno/20260525/1e4a6ffe59c94a348e93fddfb9aabd1d.mp3,https://cdn.ttapi.io/suno/20260525/f941babf25254e099b665603d5ea9b6a.mp3,audio/jazz/4d2685d0-f6b5-4236-b7c1-6afba2dd92c1_1.mp3,audio/jazz/4d2685d0-f6b5-4236-b7c1-6afba2dd92c1_2.mp3,jazz,2026-05-25T19:33:11.827762+00:00,2026-05-25T19:34:31.590186+00:00,
778a229d-25f8-4385-bf71-484e9003cd5b,jazz,free jazz,"free jazz, uplifting atmosphere, featuring saxophone and piano trio","jazz, saxophone, piano",chirp-v4-5+,done,2a230eb5-9625-4f66-8861-48990e2fefcd,3b0a319d-c036-4c47-b6f4-656fcc9d72c1,175d28be-8d4b-442d-91ad-7e871c06b142,https://cdn.ttapi.io/suno/20260525/915bed527ce24e0e949ec9df76862884.mp3,https://cdn.ttapi.io/suno/20260525/7ca9af02e15d403589fb64ec586afed9.mp3,audio/jazz/778a229d-25f8-4385-bf71-484e9003cd5b_1.mp3,audio/jazz/778a229d-25f8-4385-bf71-484e9003cd5b_2.mp3,jazz,2026-05-25T19:33:13.064275+00:00,2026-05-25T19:34:31.704078+00:00,
75ff1d86-c154-420e-ae89-89b9d5582d9e,jazz,latin jazz,"latin jazz, uplifting atmosphere, featuring saxophone and piano trio","jazz, trumpet, swing",chirp-v4-5+,done,c6b34389-602f-4071-b32e-ff2b56d83aaf,1b84ffd7-8323-4aa1-8d74-36dde5ed356a,d4c15d80-7b5d-4c4b-b25a-bf8d255a33c2,https://cdn.ttapi.io/suno/20260525/fb95499fd7484868a8b568d726fdbc98.mp3,https://cdn.ttapi.io/suno/20260525/c21e14799c104f6dbc4318d3f07805e4.mp3,audio/jazz/75ff1d86-c154-420e-ae89-89b9d5582d9e_1.mp3,audio/jazz/75ff1d86-c154-420e-ae89-89b9d5582d9e_2.mp3,jazz,2026-05-25T19:33:14.340638+00:00,2026-05-25T19:34:41.278653+00:00,
7866d999-789d-4bf2-9df5-f88e2d308d2b,jazz,swing,"swing jazz, uplifting atmosphere, featuring saxophone and piano trio","jazz, bass, drums",chirp-v4-5+,done,3bdedf18-56a1-40c3-aa9e-9758415c2f7b,385ae78c-bcd6-4398-ba0f-01344b8de884,eeaf4e79-b064-407c-8f46-7033590edbfc,https://cdn.ttapi.io/suno/20260525/985023a4e69d4bcd81f0f765b96145f6.mp3,https://cdn.ttapi.io/suno/20260525/a66219d42eab4c02bc232139950bf8c0.mp3,audio/jazz/7866d999-789d-4bf2-9df5-f88e2d308d2b_1.mp3,audio/jazz/7866d999-789d-4bf2-9df5-f88e2d308d2b_2.mp3,jazz,2026-05-25T19:33:20.812725+00:00,2026-05-25T19:34:53.325909+00:00,
ba0e1cf5-979e-4318-9ecf-eff17aa45dd3,jazz,modal jazz,"modal jazz, uplifting atmosphere, featuring saxophone and piano trio","jazz, guitar, bossa nova",chirp-v4-5+,done,1dc9f4fb-3fb9-476c-bcc5-3e1c36141ebb,19a4e2ed-a74b-4c85-b222-7a08db8913e5,1ef3b23e-766f-438b-af51-44b2f1675eec,https://cdn.ttapi.io/suno/20260525/09c1fbf45d82456bae531e044e38cc0c.mp3,https://cdn.ttapi.io/suno/20260525/db3f1ca741ae4a61ad3a6c9ec4795143.mp3,audio/jazz/ba0e1cf5-979e-4318-9ecf-eff17aa45dd3_1.mp3,audio/jazz/ba0e1cf5-979e-4318-9ecf-eff17aa45dd3_2.mp3,jazz,2026-05-25T19:33:22.135412+00:00,2026-05-25T19:35:02.087048+00:00,
fccbc70f-2a7c-41bd-a0d0-4ca692d32a6a,jazz,post-bop,"post-bop jazz, uplifting atmosphere, featuring saxophone and piano trio","jazz, fusion, electric",chirp-v4-5+,done,04902342-d901-4e5f-aa2c-7404bb708804,d430aaf7-634a-48d8-a168-136926cd043b,0976bea4-f92d-4b85-bfbe-148db1b4639e,https://cdn.ttapi.io/suno/20260525/c5e1be7dbb4843acb04cac6cf99921e3.mp3,https://cdn.ttapi.io/suno/20260525/d3de7be391ed4674969cd60ece20c0d3.mp3,audio/jazz/fccbc70f-2a7c-41bd-a0d0-4ca692d32a6a_1.mp3,audio/jazz/fccbc70f-2a7c-41bd-a0d0-4ca692d32a6a_2.mp3,jazz,2026-05-25T19:33:23.420762+00:00,2026-05-25T19:35:02.260729+00:00,
e79f805f-a3df-430c-851b-549dfeb1f329,jazz,bebop,"bebop jazz, relaxed atmosphere, featuring saxophone and piano trio","jazz, saxophone, piano",chirp-v4-5+,done,0e68501e-dfcd-4173-982b-524afdffa448,4f461c8b-6817-41a6-a293-e012469a8fb4,c3c06de1-56f0-4399-bcb0-d2c46a2aa486,https://cdn.ttapi.io/suno/20260525/ce754f349f22497a8e4bacf04b2a5b50.mp3,https://cdn.ttapi.io/suno/20260525/43b90f24401243aeb92b9ee5c1de76ab.mp3,audio/jazz/e79f805f-a3df-430c-851b-549dfeb1f329_1.mp3,audio/jazz/e79f805f-a3df-430c-851b-549dfeb1f329_2.mp3,jazz,2026-05-25T19:33:24.704009+00:00,2026-05-25T19:34:47.536873+00:00,
4bd5e06c-1c20-4a54-86ea-7f4efe7048a0,jazz,cool jazz,"cool jazz, relaxed atmosphere, featuring saxophone and piano trio","jazz, trumpet, swing",chirp-v4-5+,done,5bca35d5-b8b2-4cc6-9b78-2f30a9f5578c,091bd7ee-e1e2-40cb-98f5-482972f5a22f,61940739-0602-4791-a35d-79bba6aae1c4,https://cdn.ttapi.io/suno/20260525/2c1a988c01b04dff938e136e47e7685b.mp3,https://cdn.ttapi.io/suno/20260525/e4c1de3314cc44088120473d88717061.mp3,audio/jazz/4bd5e06c-1c20-4a54-86ea-7f4efe7048a0_1.mp3,audio/jazz/4bd5e06c-1c20-4a54-86ea-7f4efe7048a0_2.mp3,jazz,2026-05-25T19:33:30.932808+00:00,2026-05-25T19:35:09.656846+00:00,
0de273e9-e6b1-420d-9604-233174940117,jazz,fusion,"fusion jazz, relaxed atmosphere, featuring saxophone and piano trio","jazz, bass, drums",chirp-v4-5+,done,59bdceb2-4c77-4a06-8a93-6501e4a53ad0,2512c3b7-c920-44e8-b97a-a3df7ea00eb0,4f0810c8-b60a-432c-bb44-a4d521b381a5,https://cdn.ttapi.io/suno/20260525/a6e8b2741b354c2bb90dc43cf1fecc1d.mp3,https://cdn.ttapi.io/suno/20260525/e02856effbb849b99a20cf0af4f0ea00.mp3,audio/jazz/0de273e9-e6b1-420d-9604-233174940117_1.mp3,audio/jazz/0de273e9-e6b1-420d-9604-233174940117_2.mp3,jazz,2026-05-25T19:33:32.234254+00:00,2026-05-25T19:34:53.783184+00:00,
560dd7db-3426-426f-a608-fe118694395d,jazz,smooth jazz,"smooth jazz, relaxed atmosphere, featuring saxophone and piano trio","jazz, guitar, bossa nova",chirp-v4-5+,done,53167dfb-917e-46ed-837b-d5228fca1940,e8302667-40a1-4957-84fc-565e9b886536,5e61ad41-4ee4-46d1-81ae-0293b2d7a162,https://cdn.ttapi.io/suno/20260525/c9d6032f1f024167b50c0eb3933546ca.mp3,https://cdn.ttapi.io/suno/20260525/edf585e654d74babbdb2f87f78e688f9.mp3,audio/jazz/560dd7db-3426-426f-a608-fe118694395d_1.mp3,audio/jazz/560dd7db-3426-426f-a608-fe118694395d_2.mp3,jazz,2026-05-25T19:33:33.530007+00:00,2026-05-25T19:34:53.937178+00:00,
ecba9831-d20c-4af9-b7b6-14d3a68b2025,jazz,hard bop,"hard bop jazz, relaxed atmosphere, featuring saxophone and piano trio","jazz, fusion, electric",chirp-v4-5+,done,e6ede1c2-20cc-48ff-b565-ee3af5e8a226,5ad39422-018a-49a9-89b0-9a743a54664f,1f3f3cf2-bdb0-46ab-9131-828c1a2d9c64,https://cdn.ttapi.io/suno/20260525/4e29ff3cd0694c3ab677da33c6c5f5c1.mp3,https://cdn.ttapi.io/suno/20260525/654a54dd33c94f7692735ac382fa39aa.mp3,audio/jazz/ecba9831-d20c-4af9-b7b6-14d3a68b2025_1.mp3,audio/jazz/ecba9831-d20c-4af9-b7b6-14d3a68b2025_2.mp3,jazz,2026-05-25T19:33:34.820831+00:00,2026-05-25T19:35:41.071528+00:00,
75c2dfe6-25b8-4a76-a6c1-75c94ebf6872,jazz,free jazz,"free jazz, relaxed atmosphere, featuring saxophone and piano trio","jazz, saxophone, piano",chirp-v4-5+,done,ee348b07-a295-42ac-922f-76a0e7f825ce,39ee5427-f928-42fb-b0c0-022c0d1dc5a4,774e81af-ea77-4998-acc7-ef8bb5653cf2,https://cdn.ttapi.io/suno/20260525/238c492430804848a50b87c66e4f9707.mp3,https://cdn.ttapi.io/suno/20260525/499f478464584a638b83b6be506b7ec4.mp3,audio/jazz/75c2dfe6-25b8-4a76-a6c1-75c94ebf6872_1.mp3,audio/jazz/75c2dfe6-25b8-4a76-a6c1-75c94ebf6872_2.mp3,jazz,2026-05-25T19:33:40.778001+00:00,2026-05-25T19:35:24.771038+00:00,
580ac556-ada6-413f-8b61-c1fe6f6cec67,jazz,latin jazz,"latin jazz, relaxed atmosphere, featuring saxophone and piano trio","jazz, trumpet, swing",chirp-v4-5+,done,086cb87b-c29c-44e6-b79e-b52c53d1dd31,337123ee-c962-4053-8c79-3cac4292cb6d,5cd04438-8e4f-4df3-90af-73404143de51,https://cdn.ttapi.io/suno/20260525/dc2679b9b15e46b7a708f6316792d9c4.mp3,https://cdn.ttapi.io/suno/20260525/777479a7f6204648883fc9524048aef0.mp3,audio/jazz/580ac556-ada6-413f-8b61-c1fe6f6cec67_1.mp3,audio/jazz/580ac556-ada6-413f-8b61-c1fe6f6cec67_2.mp3,jazz,2026-05-25T19:33:42.087743+00:00,2026-05-25T19:35:10.036722+00:00,
d1ba93f4-54eb-45ce-870e-45f7dc1d9eab,jazz,swing,"swing jazz, relaxed atmosphere, featuring saxophone and piano trio","jazz, bass, drums",chirp-v4-5+,done,e8dcdccd-2113-4e2b-bc52-69eb6e40cef2,34b995c4-dd19-4413-b374-1008e4541d93,5cf953e9-cd16-483e-92a4-bc4e29fea92f,https://cdn.ttapi.io/suno/20260525/7d6ee8d68dfd493084547cb497588b98.mp3,https://cdn.ttapi.io/suno/20260525/f5c87cc907d744fdbf119ad154da32b4.mp3,audio/jazz/d1ba93f4-54eb-45ce-870e-45f7dc1d9eab_1.mp3,audio/jazz/d1ba93f4-54eb-45ce-870e-45f7dc1d9eab_2.mp3,jazz,2026-05-25T19:33:48.031220+00:00,2026-05-25T19:35:24.918021+00:00,
c69812a0-35aa-42e8-8da1-008168d44ce5,jazz,modal jazz,"modal jazz, relaxed atmosphere, featuring saxophone and piano trio","jazz, guitar, bossa nova",chirp-v4-5+,done,b2e4b08b-82ec-4dc4-a0e3-69222b91081f,4d69e4a6-7fee-4256-b5aa-3ce4bd437164,3aabfe60-1c7a-4b4f-9f9d-79c992d779ad,https://cdn.ttapi.io/suno/20260525/8846e9f994274753b804c6e175a3373a.mp3,https://cdn.ttapi.io/suno/20260525/4dcb0d08f4db44e0a56d29520af4d7ac.mp3,audio/jazz/c69812a0-35aa-42e8-8da1-008168d44ce5_1.mp3,audio/jazz/c69812a0-35aa-42e8-8da1-008168d44ce5_2.mp3,jazz,2026-05-25T19:33:54.250141+00:00,2026-05-25T19:35:41.236335+00:00,
0bc48d7e-6b5a-4876-8d58-3603e7073e8b,jazz,post-bop,"post-bop jazz, relaxed atmosphere, featuring saxophone and piano trio","jazz, fusion, electric",chirp-v4-5+,done,ed474c41-6d79-490e-864d-186533bbf810,3c362e85-86bf-4b1e-95a2-2cbd364c55e4,b2376900-756b-4867-becd-1351c460d19c,https://cdn.ttapi.io/suno/20260525/cd297c93c30640c6855583160b1ae4a6.mp3,https://cdn.ttapi.io/suno/20260525/5c40e64343a947608baa3ccff5885924.mp3,audio/jazz/0bc48d7e-6b5a-4876-8d58-3603e7073e8b_1.mp3,audio/jazz/0bc48d7e-6b5a-4876-8d58-3603e7073e8b_2.mp3,jazz,2026-05-25T19:33:55.581003+00:00,2026-05-25T19:35:17.419651+00:00,
3f9e4ebf-7dd7-41ad-8447-4168f57fd607,jazz,bebop,"bebop jazz, energetic atmosphere, featuring saxophone and piano trio","jazz, saxophone, piano",chirp-v4-5+,done,34f6239c-8454-4bb5-aab4-b3ca4093b33d,c493a8cb-f66e-4859-9b45-90f0423e8694,19462bb7-0048-4237-89a5-205ac8fb29f4,https://cdn.ttapi.io/suno/20260525/116b29b17ce541a48b1627eec08e465d.mp3,https://cdn.ttapi.io/suno/20260525/b400d7dd9aae4097adbfb2e3434540c2.mp3,audio/jazz/3f9e4ebf-7dd7-41ad-8447-4168f57fd607_1.mp3,audio/jazz/3f9e4ebf-7dd7-41ad-8447-4168f57fd607_2.mp3,jazz,2026-05-25T19:34:15.538638+00:00,2026-05-25T19:35:33.983903+00:00,
345e2eab-5d46-468a-82c0-3928cd549a31,jazz,cool jazz,"cool jazz, energetic atmosphere, featuring saxophone and piano trio","jazz, trumpet, swing",chirp-v4-5+,done,65eb9d7d-7a20-4005-860b-cf5c5459d1cc,57ae7d14-59d7-483d-bcb8-be4112485cbf,6991d95e-48e9-46f0-9e1d-7ebe2f2e0f59,https://cdn.ttapi.io/suno/20260525/7e989b4da58349f7924db6c1b222a94a.mp3,https://cdn.ttapi.io/suno/20260525/6f161baac1fc4c0e8565b93066cd56d3.mp3,audio/jazz/345e2eab-5d46-468a-82c0-3928cd549a31_1.mp3,audio/jazz/345e2eab-5d46-468a-82c0-3928cd549a31_2.mp3,jazz,2026-05-25T19:34:16.851614+00:00,2026-05-25T19:35:34.138475+00:00,
50eaa51f-555e-42c7-819c-e252bfbe8787,jazz,fusion,"fusion jazz, energetic atmosphere, featuring saxophone and piano trio","jazz, bass, drums",chirp-v4-5+,done,3f6a57c6-b28a-45b5-9e0d-a3245ee7f8e1,58b2dcff-82a6-4b16-9768-e586cc628e53,7eb4ceab-f253-46e9-9584-c97a8bd15fd4,https://cdn.ttapi.io/suno/20260525/af61abe54f5a4444bf177cea4e20a0ed.mp3,https://cdn.ttapi.io/suno/20260525/65c78d352f444cfba344a899f9a6e50f.mp3,audio/jazz/50eaa51f-555e-42c7-819c-e252bfbe8787_1.mp3,audio/jazz/50eaa51f-555e-42c7-819c-e252bfbe8787_2.mp3,jazz,2026-05-25T19:34:36.782381+00:00,2026-05-25T19:36:09.654190+00:00,
6aacaa00-cb1d-488e-89b7-41916a76548d,jazz,smooth jazz,"smooth jazz, energetic atmosphere, featuring saxophone and piano trio","jazz, guitar, bossa nova",chirp-v4-5+,done,a629c4e3-313a-4b2a-86ce-a911ed7ab69e,2b647cd9-4a5d-4efc-9b02-24dc675a2e8d,63ccc6b9-e727-4b4e-9ab7-1f54f1769223,https://cdn.ttapi.io/suno/20260525/d83dbc8348f24f22a0b000a7b485cb30.mp3,https://cdn.ttapi.io/suno/20260525/7f00ff759e954be89c9b698752bc1c17.mp3,audio/jazz/6aacaa00-cb1d-488e-89b7-41916a76548d_1.mp3,audio/jazz/6aacaa00-cb1d-488e-89b7-41916a76548d_2.mp3,jazz,2026-05-25T19:34:38.037787+00:00,2026-05-25T19:36:09.768941+00:00,
860ae9af-465c-4cff-9194-2f290da30e27,jazz,hard bop,"hard bop jazz, energetic atmosphere, featuring saxophone and piano trio","jazz, fusion, electric",chirp-v4-5+,done,0fc1fbe9-19f5-4532-8355-d0d8af0ad192,5171500f-ff01-478f-a851-65d081b52c77,21bffa3d-6cd1-488c-b690-d4feda395265,https://cdn.ttapi.io/suno/20260525/5d22dfc945604d40bca61e228d07f3f2.mp3,https://cdn.ttapi.io/suno/20260525/0a0cfc6bceeb46cbb2e57c2f7c5c2a90.mp3,audio/jazz/860ae9af-465c-4cff-9194-2f290da30e27_1.mp3,audio/jazz/860ae9af-465c-4cff-9194-2f290da30e27_2.mp3,jazz,2026-05-25T19:34:39.299529+00:00,2026-05-25T19:36:02.329571+00:00,
931e09aa-db8d-4c64-810a-53f91fc650ab,jazz,free jazz,"free jazz, energetic atmosphere, featuring saxophone and piano trio","jazz, saxophone, piano",chirp-v4-5+,done,6da0549a-1827-42ca-973e-91abfc522d12,f362ece9-148b-4d33-af41-4f1f45b45349,6646500d-d221-4a7f-a08c-4b598c98b78a,https://cdn.ttapi.io/suno/20260525/59781a1b82194f179b80de01ea7251df.mp3,https://cdn.ttapi.io/suno/20260525/3419392174044989a4af1fd05d3d637e.mp3,audio/jazz/931e09aa-db8d-4c64-810a-53f91fc650ab_1.mp3,audio/jazz/931e09aa-db8d-4c64-810a-53f91fc650ab_2.mp3,jazz,2026-05-25T19:34:40.573691+00:00,2026-05-25T19:36:09.897880+00:00,
eed6b1a8-60db-4064-9dbd-67424d20ffb3,jazz,latin jazz,"latin jazz, energetic atmosphere, featuring saxophone and piano trio","jazz, trumpet, swing",chirp-v4-5+,done,1cc9f636-37ff-4eb2-85df-92d566dc52bb,52b08800-7ee7-4da5-aac0-f9df0bb6b3e1,ba3ca3b8-738f-4572-a48f-3b49e722459d,https://cdn.ttapi.io/suno/20260525/018a714c0aea41b99357688115a3a697.mp3,https://cdn.ttapi.io/suno/20260525/beb12afca3ce4993b9e5c17dd754a66a.mp3,audio/jazz/eed6b1a8-60db-4064-9dbd-67424d20ffb3_1.mp3,audio/jazz/eed6b1a8-60db-4064-9dbd-67424d20ffb3_2.mp3,jazz,2026-05-25T19:34:46.616314+00:00,2026-05-25T19:36:09.998395+00:00,
7b13de1d-96ef-4aa5-ae99-67321a10f5dd,jazz,swing,"swing jazz, energetic atmosphere, featuring saxophone and piano trio","jazz, bass, drums",chirp-v4-5+,done,4fb848d6-aba0-4227-8ee4-9332abf1d0d7,959ca9de-46ca-4015-960a-5c67d95e63bf,4b2b1a9a-b7dd-4e2f-989b-bef40a6a1942,https://cdn.ttapi.io/suno/20260525/21327b54e43947309ce11a88fc39a57a.mp3,https://cdn.ttapi.io/suno/20260525/bd998879e3b04bcfba2c77c8fcb43580.mp3,audio/jazz/7b13de1d-96ef-4aa5-ae99-67321a10f5dd_1.mp3,audio/jazz/7b13de1d-96ef-4aa5-ae99-67321a10f5dd_2.mp3,jazz,2026-05-25T19:34:52.622038+00:00,2026-05-25T19:36:02.697839+00:00,
50e7a079-d545-480f-9b51-63c9dcf404f6,jazz,modal jazz,"modal jazz, energetic atmosphere, featuring saxophone and piano trio","jazz, guitar, bossa nova",chirp-v4-5+,done,0b3bb691-c195-413c-8175-3b10aef8a0b4,665621ed-df44-4952-bb51-4a161ca77abf,86723dfb-7887-482a-94ef-37745583c95f,https://cdn.ttapi.io/suno/20260525/07d6e37e95254c749ead29f1225f306d.mp3,https://cdn.ttapi.io/suno/20260525/250520dd070b4c7fa7d05ac65bdf8108.mp3,audio/jazz/50e7a079-d545-480f-9b51-63c9dcf404f6_1.mp3,audio/jazz/50e7a079-d545-480f-9b51-63c9dcf404f6_2.mp3,jazz,2026-05-25T19:34:58.759508+00:00,2026-05-25T19:36:19.683383+00:00,
6ca4ba6e-1359-4696-8808-a068fa23ada5,jazz,post-bop,"post-bop jazz, energetic atmosphere, featuring saxophone and piano trio","jazz, fusion, electric",chirp-v4-5+,done,866f447f-95dc-4ad8-a6e7-92aee6610f56,ac401905-e7f1-4d7c-8f72-f1fdc455783f,5a4a1365-cca1-4c98-979f-691691e17520,https://cdn.ttapi.io/suno/20260525/1e660a292d4546e2b5c6cf691c3f2b9d.mp3,https://cdn.ttapi.io/suno/20260525/3961e2445a694b72963b7dbe7793c052.mp3,audio/jazz/6ca4ba6e-1359-4696-8808-a068fa23ada5_1.mp3,audio/jazz/6ca4ba6e-1359-4696-8808-a068fa23ada5_2.mp3,jazz,2026-05-25T19:35:00.046505+00:00,2026-05-25T19:36:54.366779+00:00,
faf60f37-ef8f-474a-9a62-eb9b633a1ccc,jazz,bebop,"bebop jazz, nostalgic atmosphere, featuring saxophone and piano trio","jazz, saxophone, piano",chirp-v4-5+,done,bd460b2f-6de5-4eac-9536-fa08864c5e8a,9920359e-a909-47ae-80ec-757e7cce6a5a,3e6216b0-b541-4541-ad3f-e56e94c151dd,https://cdn.ttapi.io/suno/20260525/8860dbb87cee4f9ebdb008cf8c275f20.mp3,https://cdn.ttapi.io/suno/20260525/b233104e3c4647419586e12e6696976c.mp3,audio/jazz/faf60f37-ef8f-474a-9a62-eb9b633a1ccc_1.mp3,audio/jazz/faf60f37-ef8f-474a-9a62-eb9b633a1ccc_2.mp3,jazz,2026-05-25T19:35:01.405652+00:00,2026-05-25T19:36:19.948481+00:00,
8c8a9a19-a0ad-475f-9b68-982d3dc83bee,jazz,cool jazz,"cool jazz, nostalgic atmosphere, featuring saxophone and piano trio","jazz, trumpet, swing",chirp-v4-5+,done,d59756f8-922b-40b9-90c7-46245e7ad889,759f3355-b943-4004-a172-506f0462b0d8,151dbc5e-2bad-49b2-8bf7-8aa79ae4ecbe,https://cdn.ttapi.io/suno/20260525/de00c0998510452eba8239dd1c276c62.mp3,https://cdn.ttapi.io/suno/20260525/072f8a947480434991e6ef2c1b9a0369.mp3,audio/jazz/8c8a9a19-a0ad-475f-9b68-982d3dc83bee_1.mp3,audio/jazz/8c8a9a19-a0ad-475f-9b68-982d3dc83bee_2.mp3,jazz,2026-05-25T19:35:07.654387+00:00,2026-05-25T19:36:20.045871+00:00,
d15cfad5-e4b7-4e9c-bf55-add90a5d8a28,jazz,fusion,"fusion jazz, nostalgic atmosphere, featuring saxophone and piano trio","jazz, bass, drums",chirp-v4-5+,done,9009f5f0-9c74-4996-84ce-368785ee37eb,066c5800-e4cf-46ef-8dec-573b470513af,c284e524-f697-45f8-b232-d97f56b26c8e,https://cdn.ttapi.io/suno/20260525/12062d41e3524f2085e12ae4d5ef96cc.mp3,https://cdn.ttapi.io/suno/20260525/c2730fa32dc443538a3e7ea929ae5bd4.mp3,audio/jazz/d15cfad5-e4b7-4e9c-bf55-add90a5d8a28_1.mp3,audio/jazz/d15cfad5-e4b7-4e9c-bf55-add90a5d8a28_2.mp3,jazz,2026-05-25T19:35:08.947465+00:00,2026-05-25T19:36:34.476515+00:00,
f0bb53ab-1523-4d2f-a341-c4810887e4ae,jazz,smooth jazz,"smooth jazz, nostalgic atmosphere, featuring saxophone and piano trio","jazz, guitar, bossa nova",chirp-v4-5+,done,1ff5d378-c5dd-45b7-842d-3b26ee584ac1,50bc3625-872d-4e57-b8d0-371620e50882,9839a322-97c3-4728-af63-276ea886d8ba,https://cdn.ttapi.io/suno/20260525/7d5fe43498714c31b2249900582dd7fe.mp3,https://cdn.ttapi.io/suno/20260525/ad21b9d929174ec4a45bd408317719c7.mp3,audio/jazz/f0bb53ab-1523-4d2f-a341-c4810887e4ae_1.mp3,audio/jazz/f0bb53ab-1523-4d2f-a341-c4810887e4ae_2.mp3,jazz,2026-05-25T19:35:15.135374+00:00,2026-05-25T19:36:28.509950+00:00,
3276833b-2647-4c44-8317-98db101b77d0,jazz,hard bop,"hard bop jazz, nostalgic atmosphere, featuring saxophone and piano trio","jazz, fusion, electric",chirp-v4-5+,done,6cd963e6-5066-4854-b44f-d6eb30915bb8,ec773a95-eb37-48a3-add4-b25ac6761315,a3c9160c-9b87-47eb-9f78-ce8b15c0200e,https://cdn.ttapi.io/suno/20260525/9f2160b452e24a2690bf333f2855c0f3.mp3,https://cdn.ttapi.io/suno/20260525/ae6687ca0c5b442fbcadc0f5014a9c44.mp3,audio/jazz/3276833b-2647-4c44-8317-98db101b77d0_1.mp3,audio/jazz/3276833b-2647-4c44-8317-98db101b77d0_2.mp3,jazz,2026-05-25T19:35:16.372010+00:00,2026-05-25T19:36:34.633758+00:00,
e172d7f1-0ff7-4835-baaf-0f3e9e926a65,jazz,free jazz,"free jazz, nostalgic atmosphere, featuring saxophone and piano trio","jazz, saxophone, piano",chirp-v4-5+,done,59085c56-474d-4a7b-878c-b55bd740739e,f14e76ff-bac4-401d-87b8-338924d49392,66f2b46b-150a-44d0-847f-7a6ed903c4c2,https://cdn.ttapi.io/suno/20260525/789e9d095757433bb97c205b21af346c.mp3,https://cdn.ttapi.io/suno/20260525/95ff389c9f2a41dc9b80fd0db5609fbe.mp3,audio/jazz/e172d7f1-0ff7-4835-baaf-0f3e9e926a65_1.mp3,audio/jazz/e172d7f1-0ff7-4835-baaf-0f3e9e926a65_2.mp3,jazz,2026-05-25T19:35:22.084505+00:00,2026-05-25T19:36:45.119593+00:00,
be35a8d1-7e99-4f2a-ac51-4c7249c9669d,jazz,latin jazz,"latin jazz, nostalgic atmosphere, featuring saxophone and piano trio","jazz, trumpet, swing",chirp-v4-5+,done,49d290e0-4abd-4e11-b8d4-cac82066a7c3,cef170a2-aed2-4f8a-b6e3-1bff9d32892c,4be916e0-8ab4-44ab-8c71-5d35107955c7,https://cdn.ttapi.io/suno/20260525/c1dbc7068dee425eb5bbbd2cb1bcd8d9.mp3,https://cdn.ttapi.io/suno/20260525/cbc8a1ae35a24dbea41938246406b8d7.mp3,audio/jazz/be35a8d1-7e99-4f2a-ac51-4c7249c9669d_1.mp3,audio/jazz/be35a8d1-7e99-4f2a-ac51-4c7249c9669d_2.mp3,jazz,2026-05-25T19:35:29.976951+00:00,2026-05-25T19:36:45.266942+00:00,
e5dc39cb-2918-44fc-8afe-49ddf1a629ab,jazz,swing,"swing jazz, nostalgic atmosphere, featuring saxophone and piano trio","jazz, bass, drums",chirp-v4-5+,done,03817acd-6971-4d7b-963d-d0fd8af457b8,6ed1e8d5-b2c7-4758-b445-549795d32e5c,b84c5864-a05c-40e5-84e9-65aaaea61e77,https://cdn.ttapi.io/suno/20260525/81e93c1fa4a847e59fd7a6953527d697.mp3,https://cdn.ttapi.io/suno/20260525/03a25153486849ef8c4da0d933e54988.mp3,audio/jazz/e5dc39cb-2918-44fc-8afe-49ddf1a629ab_1.mp3,audio/jazz/e5dc39cb-2918-44fc-8afe-49ddf1a629ab_2.mp3,jazz,2026-05-25T19:35:31.271560+00:00,2026-05-25T19:36:34.938996+00:00,
41e53322-411e-4ad9-b96c-2818643d50df,jazz,modal jazz,"modal jazz, nostalgic atmosphere, featuring saxophone and piano trio","jazz, guitar, bossa nova",chirp-v4-5+,done,1ba9ac02-7722-4ccb-b856-65f1c883559d,4f2cfda2-c279-4718-88ff-632d9cdc469a,abb3102c-915f-40fa-b13e-f5c87e0fd80f,https://cdn.ttapi.io/suno/20260525/cbaa35d63fc24106b010f784b05770ca.mp3,https://cdn.ttapi.io/suno/20260525/80c38233642044779e3ae758adc346f3.mp3,audio/jazz/41e53322-411e-4ad9-b96c-2818643d50df_1.mp3,audio/jazz/41e53322-411e-4ad9-b96c-2818643d50df_2.mp3,jazz,2026-05-25T19:35:39.059975+00:00,2026-05-25T19:37:43.820086+00:00,
bc413625-4991-4d6c-84e0-871b95be52ab,jazz,post-bop,"post-bop jazz, nostalgic atmosphere, featuring saxophone and piano trio","jazz, fusion, electric",chirp-v4-5+,done,508aa265-a78e-4928-a3a0-c1241843b51b,2f276b37-aae4-42b0-a829-138c79eaf8a8,1bcbbd44-167c-43b5-9111-36e2f9e8ffbe,https://cdn.ttapi.io/suno/20260525/fc130f8a0525436aaf697b4ce251fbc1.mp3,https://cdn.ttapi.io/suno/20260525/778091e83cfb4433ae51300af919f9f8.mp3,audio/jazz/bc413625-4991-4d6c-84e0-871b95be52ab_1.mp3,audio/jazz/bc413625-4991-4d6c-84e0-871b95be52ab_2.mp3,jazz,2026-05-25T19:35:40.342841+00:00,2026-05-25T19:37:15.432311+00:00,
e9011a17-3010-4b03-8a56-2ec29faf0cb2,jazz,bebop,"bebop jazz, romantic atmosphere, featuring saxophone and piano trio","jazz, saxophone, piano",chirp-v4-5+,done,9b9e8857-6d08-487f-a936-d3171fbf1a23,c1de6b99-441e-4969-a2c9-827604c81a90,f6623016-cc50-40fa-bee1-f6ca700547f5,https://cdn.ttapi.io/suno/20260525/b34d1796a99d44dc94ebb9d5da708258.mp3,https://cdn.ttapi.io/suno/20260525/c522c54720de400eb33c4604e55c79b8.mp3,audio/jazz/e9011a17-3010-4b03-8a56-2ec29faf0cb2_1.mp3,audio/jazz/e9011a17-3010-4b03-8a56-2ec29faf0cb2_2.mp3,jazz,2026-05-25T19:35:46.367469+00:00,2026-05-25T19:36:54.714650+00:00,
fae65112-a96f-4552-a704-ed29c462abe0,jazz,cool jazz,"cool jazz, romantic atmosphere, featuring saxophone and piano trio","jazz, trumpet, swing",chirp-v4-5+,done,591e0840-6286-4e92-a93b-1028ab460046,51a2ec23-ca05-4c72-9c99-2f1be06a5d05,9b63188c-31c0-4643-a506-f17d64d281e3,https://cdn.ttapi.io/suno/20260525/d364d2c33d9b48d5ae3c4bbbef531982.mp3,https://cdn.ttapi.io/suno/20260525/56e7e2c2dfa2422ea7c95ebe5c4b2992.mp3,audio/jazz/fae65112-a96f-4552-a704-ed29c462abe0_1.mp3,audio/jazz/fae65112-a96f-4552-a704-ed29c462abe0_2.mp3,jazz,2026-05-25T19:35:47.641485+00:00,2026-05-25T19:37:23.235666+00:00,
bd568207-0329-4318-a575-8078e018b846,jazz,fusion,"fusion jazz, romantic atmosphere, featuring saxophone and piano trio","jazz, bass, drums",chirp-v4-5+,done,a60318bf-b027-4f8f-b423-d3ce48292e98,b1c4ccb8-07dc-42d1-acdf-fbe0bd3ee188,cc5ced86-34b3-48da-b6ab-1eef5fde68c1,https://cdn.ttapi.io/suno/20260525/c285a4b23a24443aaf5baf7880e6024f.mp3,https://cdn.ttapi.io/suno/20260525/432978b79c7944e0ac0abc1fa5d92e81.mp3,audio/jazz/bd568207-0329-4318-a575-8078e018b846_1.mp3,audio/jazz/bd568207-0329-4318-a575-8078e018b846_2.mp3,jazz,2026-05-25T19:36:07.679866+00:00,2026-05-25T19:38:06.263407+00:00,
515f01b3-58f6-4bd3-b52c-114431bf6df4,jazz,smooth jazz,"smooth jazz, romantic atmosphere, featuring saxophone and piano trio","jazz, guitar, bossa nova",chirp-v4-5+,done,60f493f6-9256-4327-b922-86dcbee36d9d,f4c230a2-f8b4-4e90-a295-f4d27ba43487,3d564a0e-4ae4-4aa7-a3f5-9a17ca661727,https://cdn.ttapi.io/suno/20260525/6e874812727645358581e1f9b438c462.mp3,https://cdn.ttapi.io/suno/20260525/bd97e08f21064e4f862c3763b96056d7.mp3,audio/jazz/515f01b3-58f6-4bd3-b52c-114431bf6df4_1.mp3,audio/jazz/515f01b3-58f6-4bd3-b52c-114431bf6df4_2.mp3,jazz,2026-05-25T19:36:08.945990+00:00,2026-05-25T19:37:23.411673+00:00,
01ee9425-d0ff-4bd8-b40a-c84db0a2bd2b,jazz,hard bop,"hard bop jazz, romantic atmosphere, featuring saxophone and piano trio","jazz, fusion, electric",chirp-v4-5+,done,88563257-80b8-4057-9f2a-ddddd69ac963,afeae140-8730-41fb-a03f-cca7a0456b98,8a36bfa6-b73e-4285-a8fe-3226343fa540,https://cdn.ttapi.io/suno/20260525/f8ca9cd79e5b432baf571bb4b3a99389.mp3,https://cdn.ttapi.io/suno/20260525/45b8c39c2c874492bfea4552fde14adb.mp3,audio/jazz/01ee9425-d0ff-4bd8-b40a-c84db0a2bd2b_1.mp3,audio/jazz/01ee9425-d0ff-4bd8-b40a-c84db0a2bd2b_2.mp3,jazz,2026-05-25T19:36:15.018017+00:00,2026-05-25T19:38:00.507913+00:00,
afd183d8-9efd-4924-803e-a7c3b298969f,jazz,free jazz,"free jazz, romantic atmosphere, featuring saxophone and piano trio","jazz, saxophone, piano",chirp-v4-5+,done,8228dd14-b21d-45c1-9956-61c5ea704f7a,2adfe93e-c055-4540-a11e-85bb508dd23e,8877202e-6792-4839-ba62-b3f8578f62b3,https://cdn.ttapi.io/suno/20260525/758c02beb257447c971d0089bcb0c233.mp3,https://cdn.ttapi.io/suno/20260525/29d993129dfb41f19b06a68aa5efd754.mp3,audio/jazz/afd183d8-9efd-4924-803e-a7c3b298969f_1.mp3,audio/jazz/afd183d8-9efd-4924-803e-a7c3b298969f_2.mp3,jazz,2026-05-25T19:36:16.342095+00:00,2026-05-25T19:37:53.113705+00:00,
bfd73bd9-3c8a-4c18-987d-787828970d52,jazz,latin jazz,"latin jazz, romantic atmosphere, featuring saxophone and piano trio","jazz, trumpet, swing",chirp-v4-5+,done,0a456aff-c82c-42c0-9e2f-a833b99973ab,2825eaa4-15de-490a-b089-791f8bb388bc,294a9f04-47cc-4d3e-abd6-799f7f5ee400,https://cdn.ttapi.io/suno/20260525/4b59404fb8f542448c9e33c88d9048f0.mp3,https://cdn.ttapi.io/suno/20260525/931dce07a1bc43199bfa2c2e927dcde2.mp3,audio/jazz/bfd73bd9-3c8a-4c18-987d-787828970d52_1.mp3,audio/jazz/bfd73bd9-3c8a-4c18-987d-787828970d52_2.mp3,jazz,2026-05-25T19:36:17.667753+00:00,2026-05-25T19:37:44.284692+00:00,
4580cb9d-de35-457c-832c-987736113971,jazz,swing,"swing jazz, romantic atmosphere, featuring saxophone and piano trio","jazz, bass, drums",chirp-v4-5+,done,41eaca8f-c3ac-4347-a09f-8c4890c517bc,246f09a4-9ac3-409f-aace-e27593840047,9a8f318a-a270-4557-985a-47b71b5396c8,https://cdn.ttapi.io/suno/20260525/b963fd916043400c949daa2e16a2cfd9.mp3,https://cdn.ttapi.io/suno/20260525/5089b120a15e471a857c569b52df0872.mp3,audio/jazz/4580cb9d-de35-457c-832c-987736113971_1.mp3,audio/jazz/4580cb9d-de35-457c-832c-987736113971_2.mp3,jazz,2026-05-25T19:36:18.961761+00:00,2026-05-25T19:37:53.257126+00:00,
e2a7d174-470b-44fe-b623-9bbf366bd5ef,jazz,modal jazz,"modal jazz, romantic atmosphere, featuring saxophone and piano trio","jazz, guitar, bossa nova",chirp-v4-5+,done,7f8866b1-cd63-41d0-9642-4d36fb5bdf64,e1fc6182-13b6-4957-b357-951f050ec3d8,66cb4638-c966-43a7-9517-3a049856b26f,https://cdn.ttapi.io/suno/20260525/30843842f5bd4ffb982ce6cde73e8e7f.mp3,https://cdn.ttapi.io/suno/20260525/bfe795319f1448f0b5154be5df57f88a.mp3,audio/jazz/e2a7d174-470b-44fe-b623-9bbf366bd5ef_1.mp3,audio/jazz/e2a7d174-470b-44fe-b623-9bbf366bd5ef_2.mp3,jazz,2026-05-25T19:36:25.068562+00:00,2026-05-25T19:38:30.342416+00:00,
10aba8a9-87e3-4be9-a3c1-be0bf3bb9ea2,jazz,post-bop,"post-bop jazz, romantic atmosphere, featuring saxophone and piano trio","jazz, fusion, electric",chirp-v4-5+,done,a57a49cb-91dc-4f92-9b2a-39111b3abaff,36b6f944-95b1-4671-a3a7-cbc52c8aa5f1,52e88707-d017-470a-8fa6-b18b065f797b,https://cdn.ttapi.io/suno/20260525/33d66efbbf05447a9389ed634c3cc16f.mp3,https://cdn.ttapi.io/suno/20260525/31b7dff359094e41ac15e484d57ecf27.mp3,audio/jazz/10aba8a9-87e3-4be9-a3c1-be0bf3bb9ea2_1.mp3,audio/jazz/10aba8a9-87e3-4be9-a3c1-be0bf3bb9ea2_2.mp3,jazz,2026-05-25T19:36:26.357133+00:00,2026-05-25T19:38:36.308047+00:00,
2b915777-2224-42bc-92ab-cb593b7fe60e,jazz,bebop,"bebop jazz, brooding atmosphere, featuring saxophone and piano trio","jazz, saxophone, piano",chirp-v4-5+,done,9d6825b2-b112-4cf7-a875-986a191ae10a,d810aebc-0293-4b62-b7c0-7c957830d5d8,5f1a7eb7-1ca6-4687-a6e7-389e3e894b14,https://cdn.ttapi.io/suno/20260525/b6ce8d4aa27c48cdb1e24396e56a0109.mp3,https://cdn.ttapi.io/suno/20260525/249f3deb6b5645028ba1abcdee7e69b1.mp3,audio/jazz/2b915777-2224-42bc-92ab-cb593b7fe60e_1.mp3,audio/jazz/2b915777-2224-42bc-92ab-cb593b7fe60e_2.mp3,jazz,2026-05-25T19:36:27.617138+00:00,2026-05-25T19:38:06.624930+00:00,
556cdfd7-b6f5-4ec3-b8da-3ae7807eacdc,jazz,cool jazz,"cool jazz, brooding atmosphere, featuring saxophone and piano trio","jazz, trumpet, swing",chirp-v4-5+,done,08e9b0b5-7b2c-4375-864a-afa3a52fbf87,3d926ec8-ff45-460b-9d6e-0b9e66cb19f6,f3ef21dc-4d09-46e8-a921-45190dbdaace,https://cdn.ttapi.io/suno/20260525/3d0b45bf6c2a4a958f7b303ad974263d.mp3,https://cdn.ttapi.io/suno/20260525/81965a60ee3a41ea9e9b7d68ee9c9180.mp3,audio/jazz/556cdfd7-b6f5-4ec3-b8da-3ae7807eacdc_1.mp3,audio/jazz/556cdfd7-b6f5-4ec3-b8da-3ae7807eacdc_2.mp3,jazz,2026-05-25T19:36:33.660929+00:00,2026-05-25T19:38:06.783043+00:00,
cab28a14-3c30-49f2-a8fa-772149a1d8f3,jazz,fusion,"fusion jazz, brooding atmosphere, featuring saxophone and piano trio","jazz, bass, drums",chirp-v4-5+,done,e892ae2d-cabe-4bf4-9d51-3bd6a20ed5ea,0026de71-1ab7-45ff-bf98-edba3074d678,e122c794-583a-498f-a18f-819bff12d0d3,https://cdn.ttapi.io/suno/20260525/6eb5d311236143479a33e6095bac7524.mp3,https://cdn.ttapi.io/suno/20260525/3b7fa211460d4babb30249151a847c53.mp3,audio/jazz/cab28a14-3c30-49f2-a8fa-772149a1d8f3_1.mp3,audio/jazz/cab28a14-3c30-49f2-a8fa-772149a1d8f3_2.mp3,jazz,2026-05-25T19:36:39.823926+00:00,2026-05-25T19:38:15.313677+00:00,
d8cf8d11-0c0f-4afa-bb7a-e32db1009dc5,jazz,smooth jazz,"smooth jazz, brooding atmosphere, featuring saxophone and piano trio","jazz, guitar, bossa nova",chirp-v4-5+,done,6536628b-57d0-4d23-aeb8-555b6ea756a7,9fc69ef3-c32a-4e63-9e6d-0ee787070151,f5262391-3dd1-4595-8093-18392824606d,https://cdn.ttapi.io/suno/20260525/806b6ab731e341839ec87fc94f87ff20.mp3,https://cdn.ttapi.io/suno/20260525/8a2b969ca91e41698fab65f90f5261c9.mp3,audio/jazz/d8cf8d11-0c0f-4afa-bb7a-e32db1009dc5_1.mp3,audio/jazz/d8cf8d11-0c0f-4afa-bb7a-e32db1009dc5_2.mp3,jazz,2026-05-25T19:36:41.122935+00:00,2026-05-25T19:39:04.836860+00:00,
e0814e47-48c2-4e2b-8cd2-3310de13a576,jazz,hard bop,"hard bop jazz, brooding atmosphere, featuring saxophone and piano trio","jazz, fusion, electric",chirp-v4-5+,done,941d2bed-d3c2-468e-a15a-5a5160cd8fc6,0744815d-9330-463f-9f6b-5603b6f57c7a,eba02a89-70f8-4cb5-a7fe-e5f09563c0de,https://cdn.ttapi.io/suno/20260525/11ca3496ada943239a1917341c5537b3.mp3,https://cdn.ttapi.io/suno/20260525/d032727f294d47ba85a40078a0c70ce1.mp3,audio/jazz/e0814e47-48c2-4e2b-8cd2-3310de13a576_1.mp3,audio/jazz/e0814e47-48c2-4e2b-8cd2-3310de13a576_2.mp3,jazz,2026-05-25T19:36:42.495802+00:00,2026-05-25T19:38:24.812448+00:00,
a4273c25-21ba-4be3-bb2b-3907080bd001,jazz,free jazz,"free jazz, brooding atmosphere, featuring saxophone and piano trio","jazz, saxophone, piano",chirp-v4-5+,done,07e94a1c-ea89-4c0f-8608-23a34213658b,2bea79da-ce88-48ad-8d6c-f5b2489deb0c,5f86640c-270b-441f-915d-816d03207d00,https://cdn.ttapi.io/suno/20260525/7ff6d546a3eb4f15b111975c5c189cc8.mp3,https://cdn.ttapi.io/suno/20260525/3ea0625a336344e696177e6c256b6b0f.mp3,audio/jazz/a4273c25-21ba-4be3-bb2b-3907080bd001_1.mp3,audio/jazz/a4273c25-21ba-4be3-bb2b-3907080bd001_2.mp3,jazz,2026-05-25T19:36:50.435116+00:00,2026-05-25T19:38:15.665711+00:00,
7b7795a9-b398-4272-ae17-eee0ae1f7ddf,jazz,latin jazz,"latin jazz, brooding atmosphere, featuring saxophone and piano trio","jazz, trumpet, swing",chirp-v4-5+,done,caaa5583-c8ad-470f-bd1c-c62dfecdbd73,e2053416-e0d5-44c6-93ff-ac9329544c2c,ecdfb71f-eeb8-4cfa-bc9b-5148474bc686,https://cdn.ttapi.io/suno/20260525/81fd9095e7534a29b534e0b71d170d2d.mp3,https://cdn.ttapi.io/suno/20260525/95bb2305ea164fef965b40ba61c3ec42.mp3,audio/jazz/7b7795a9-b398-4272-ae17-eee0ae1f7ddf_1.mp3,audio/jazz/7b7795a9-b398-4272-ae17-eee0ae1f7ddf_2.mp3,jazz,2026-05-25T19:36:51.805645+00:00,2026-05-25T19:38:57.693168+00:00,
70024086-58bd-4f07-b305-8c2206d64611,jazz,swing,"swing jazz, brooding atmosphere, featuring saxophone and piano trio","jazz, bass, drums",chirp-v4-5+,done,e8e8d1a8-a798-4b28-9bac-106d422f8196,31d6d28b-2538-4884-9640-ad4979dcd9b4,ead2f96d-582d-421f-9e86-39f610c28534,https://cdn.ttapi.io/suno/20260525/89b12d794d99411faa9ee45fdfc5c216.mp3,https://cdn.ttapi.io/suno/20260525/eeb80ae952c6403eb770310637d543ea.mp3,audio/jazz/70024086-58bd-4f07-b305-8c2206d64611_1.mp3,audio/jazz/70024086-58bd-4f07-b305-8c2206d64611_2.mp3,jazz,2026-05-25T19:36:59.550807+00:00,2026-05-25T19:38:36.657682+00:00,
bd488b72-bd75-4109-b915-bf49cb00a89b,jazz,modal jazz,"modal jazz, brooding atmosphere, featuring saxophone and piano trio","jazz, guitar, bossa nova",chirp-v4-5+,done,2a7aabc6-6c50-4136-b072-da2b98a8b9e9,13c78ada-6ab1-4050-a47b-8fa94e25f19a,2564bba6-2b11-41fa-91b3-e9b73cbdd6c0,https://cdn.ttapi.io/suno/20260525/1e31a7bff04c43bcb774a1f3a4369e6d.mp3,https://cdn.ttapi.io/suno/20260525/ea177a7117d8452fa7a0596228e4f08a.mp3,audio/jazz/bd488b72-bd75-4109-b915-bf49cb00a89b_1.mp3,audio/jazz/bd488b72-bd75-4109-b915-bf49cb00a89b_2.mp3,jazz,2026-05-25T19:37:00.819432+00:00,2026-05-25T19:39:13.991099+00:00,
80b9f9d3-dd4e-4b05-b43c-9a2cab426598,jazz,post-bop,"post-bop jazz, brooding atmosphere, featuring saxophone and piano trio","jazz, fusion, electric",chirp-v4-5+,done,709e61e8-2bfa-4d6f-8060-c2a5ba1030ba,16969307-5b81-4e3a-87f0-25d93fec29ca,ec21edaf-1e31-4fa0-ac8c-71cecc1fca9b,https://cdn.ttapi.io/suno/20260525/83cd103ccf4c49f09fcc62094e3f685a.mp3,https://cdn.ttapi.io/suno/20260525/f8c09d46ed8c4290a08a92f21122cdad.mp3,audio/jazz/80b9f9d3-dd4e-4b05-b43c-9a2cab426598_1.mp3,audio/jazz/80b9f9d3-dd4e-4b05-b43c-9a2cab426598_2.mp3,jazz,2026-05-25T19:37:20.621987+00:00,2026-05-25T19:39:05.092416+00:00,
53e730f6-fbe2-4285-aaef-a407018366ef,jazz,bebop,"bebop jazz, meditative atmosphere, featuring saxophone and piano trio","jazz, saxophone, piano",chirp-v4-5+,done,02d7fb7b-3d69-41ef-a259-af08024a8351,7d23ac8d-651f-4949-82a0-bbc4fc073348,40fdca8e-8090-42f3-b61f-3b4ca0054dd3,https://cdn.ttapi.io/suno/20260525/8b7f994e913f44489452a697b6a2e16e.mp3,https://cdn.ttapi.io/suno/20260525/60c7857b8bce4c5d91341e4d2615035d.mp3,audio/jazz/53e730f6-fbe2-4285-aaef-a407018366ef_1.mp3,audio/jazz/53e730f6-fbe2-4285-aaef-a407018366ef_2.mp3,jazz,2026-05-25T19:37:28.154706+00:00,2026-05-25T19:39:14.140869+00:00,
b2425315-e26e-4dc6-be0d-8061a92a6263,jazz,cool jazz,"cool jazz, meditative atmosphere, featuring saxophone and piano trio","jazz, trumpet, swing",chirp-v4-5+,done,14ec391c-3449-4f7e-888f-837461dd5dda,093e9f89-33c0-49f4-8771-7a94675d30fe,bd2fc904-6352-4c9c-8a3a-3fb3b9bf5948,https://cdn.ttapi.io/suno/20260525/a2352ac7f0594747a1a0b5f942918afa.mp3,https://cdn.ttapi.io/suno/20260525/7d5f1360b819424b96a0440e73d10913.mp3,audio/jazz/b2425315-e26e-4dc6-be0d-8061a92a6263_1.mp3,audio/jazz/b2425315-e26e-4dc6-be0d-8061a92a6263_2.mp3,jazz,2026-05-25T19:37:29.409119+00:00,2026-05-25T19:38:58.113591+00:00,
de21cc82-a7a7-4dd9-b6c2-b70f4714af01,jazz,fusion,"fusion jazz, meditative atmosphere, featuring saxophone and piano trio","jazz, bass, drums",chirp-v4-5+,done,9fa5fb78-04e0-4927-baa9-69c885846707,a8416c78-d2a4-49cc-bb0c-6bda55ae8248,87e15135-9598-4dee-8b91-6b8688fb2631,https://cdn.ttapi.io/suno/20260525/78f1f98f90f34fa1a5a6a0c5b56fdf02.mp3,https://cdn.ttapi.io/suno/20260525/664c9f8794914c0a8bcfbf009bef0f19.mp3,audio/jazz/de21cc82-a7a7-4dd9-b6c2-b70f4714af01_1.mp3,audio/jazz/de21cc82-a7a7-4dd9-b6c2-b70f4714af01_2.mp3,jazz,2026-05-25T19:37:49.121622+00:00,2026-05-25T19:39:58.048285+00:00,
e3f2c1b5-8ac5-458d-b129-3f3c2d4b7a4c,jazz,smooth jazz,"smooth jazz, meditative atmosphere, featuring saxophone and piano trio","jazz, guitar, bossa nova",chirp-v4-5+,done,89b2ffac-6d6e-421c-bc26-4f27b339e1b6,6a3b57c1-938e-4870-9d22-2e665969cb88,ef7d8f04-e944-4461-a9aa-4e568fa6005e,https://cdn.ttapi.io/suno/20260525/3b0ad22275e24a1cb1f25374ec8b36fe.mp3,https://cdn.ttapi.io/suno/20260525/46497be7d8924f02bd869c9c0b8f5629.mp3,audio/jazz/e3f2c1b5-8ac5-458d-b129-3f3c2d4b7a4c_1.mp3,audio/jazz/e3f2c1b5-8ac5-458d-b129-3f3c2d4b7a4c_2.mp3,jazz,2026-05-25T19:37:50.363094+00:00,2026-05-25T19:39:47.971727+00:00,
c96c7ef1-49a2-417c-ba33-7e3626fc3d54,jazz,hard bop,"hard bop jazz, meditative atmosphere, featuring saxophone and piano trio","jazz, fusion, electric",chirp-v4-5+,done,49bd2846-fe86-4ab1-a9ea-45901032246d,16555916-fd49-47b5-ae3f-1ddb7bb390b1,c04b4ff5-bda8-4e16-ba41-31ef69e9adce,https://cdn.ttapi.io/suno/20260525/44dd61687603441e8ad088e98ad87819.mp3,https://cdn.ttapi.io/suno/20260525/bb2d66e8a64c4f9fabb219525d7f2e14.mp3,audio/jazz/c96c7ef1-49a2-417c-ba33-7e3626fc3d54_1.mp3,audio/jazz/c96c7ef1-49a2-417c-ba33-7e3626fc3d54_2.mp3,jazz,2026-05-25T19:37:58.406094+00:00,2026-05-25T19:39:48.119938+00:00,
a3e03e36-07e5-44f0-bd87-531f618cf63c,jazz,free jazz,"free jazz, meditative atmosphere, featuring saxophone and piano trio","jazz, saxophone, piano",chirp-v4-5+,done,d66c3e07-4b0e-48b6-bbc8-9b00a17270eb,a680b3a4-ddf9-41e5-af13-39fdc536413f,e6478a12-a604-414f-9756-5bee3a5e13b5,https://cdn.ttapi.io/suno/20260525/fb91ba9402c9490e8081f7545839baef.mp3,https://cdn.ttapi.io/suno/20260525/57ac6b09a5f541178cb79724668925ba.mp3,audio/jazz/a3e03e36-07e5-44f0-bd87-531f618cf63c_1.mp3,audio/jazz/a3e03e36-07e5-44f0-bd87-531f618cf63c_2.mp3,jazz,2026-05-25T19:37:59.700954+00:00,2026-05-25T19:40:05.433304+00:00,
eaa9c632-91d1-44c8-8e64-8d296faf41a8,jazz,latin jazz,"latin jazz, meditative atmosphere, featuring saxophone and piano trio","jazz, trumpet, swing",chirp-v4-5+,done,e2144ea3-bab9-45c7-9f74-524de2ce3efb,e45f4f67-5125-4c4b-b226-b05d4dfcb584,b2a23de2-d223-4bcd-8618-5ebbc1c5da0a,https://cdn.ttapi.io/suno/20260525/ffdac1612c584f2bbd3cebfb89eaff1f.mp3,https://cdn.ttapi.io/suno/20260525/33248c3066084526a22b69e82a0af9a3.mp3,audio/jazz/eaa9c632-91d1-44c8-8e64-8d296faf41a8_1.mp3,audio/jazz/eaa9c632-91d1-44c8-8e64-8d296faf41a8_2.mp3,jazz,2026-05-25T19:38:05.624397+00:00,2026-05-25T19:39:58.325180+00:00,
a45e05a8-c89c-44f4-9c18-cea9b20e1d15,jazz,swing,"swing jazz, meditative atmosphere, featuring saxophone and piano trio","jazz, bass, drums",chirp-v4-5+,done,73c26812-2317-44ec-b222-b2774b271018,2166793c-6355-4e4f-b781-95736db20d42,701569b1-3e24-4b95-9035-8c3213a8c290,https://cdn.ttapi.io/suno/20260525/24de4c952a5f47ec94614da40a7ad75e.mp3,https://cdn.ttapi.io/suno/20260525/5677e5877a4348ce94f0f7e64a34d145.mp3,audio/jazz/a45e05a8-c89c-44f4-9c18-cea9b20e1d15_1.mp3,audio/jazz/a45e05a8-c89c-44f4-9c18-cea9b20e1d15_2.mp3,jazz,2026-05-25T19:38:11.836487+00:00,2026-05-25T19:39:48.399567+00:00,
6758d319-e34a-4a7d-9005-3411a33520d8,jazz,modal jazz,"modal jazz, meditative atmosphere, featuring saxophone and piano trio","jazz, guitar, bossa nova",chirp-v4-5+,done,2a624987-c74e-4725-befe-02e398fd24b7,894b486e-07fb-48d8-9f09-dc658e9944db,f31195b1-7656-484b-ad0d-343159e5b993,https://cdn.ttapi.io/suno/20260525/2cbeebff45b34b08886caddf68750b87.mp3,https://cdn.ttapi.io/suno/20260525/0f717c7102874335b950744cb6593c45.mp3,audio/jazz/6758d319-e34a-4a7d-9005-3411a33520d8_1.mp3,audio/jazz/6758d319-e34a-4a7d-9005-3411a33520d8_2.mp3,jazz,2026-05-25T19:38:13.119324+00:00,2026-05-25T19:40:05.595459+00:00,
80a22312-c4fd-4f6c-9419-be01d0aeb715,jazz,post-bop,"post-bop jazz, meditative atmosphere, featuring saxophone and piano trio","jazz, fusion, electric",chirp-v4-5+,done,0b68b328-6cd8-4a6a-9a89-04fc5d61f867,0e0c9a32-01b4-4290-9380-65716c05cbd8,4e987f01-33df-45b3-baed-4b12345f7eba,https://cdn.ttapi.io/suno/20260525/ecad5c56b7444d19afb44e812357b5a5.mp3,https://cdn.ttapi.io/suno/20260525/d6219c467696494d86f33df5a270b5ba.mp3,audio/jazz/80a22312-c4fd-4f6c-9419-be01d0aeb715_1.mp3,audio/jazz/80a22312-c4fd-4f6c-9419-be01d0aeb715_2.mp3,jazz,2026-05-25T19:38:14.403943+00:00,2026-05-25T19:40:05.704625+00:00,
9d8cc167-d847-4985-b10a-b2097a29c6ae,jazz,bebop,"bebop jazz, playful atmosphere, featuring saxophone and piano trio","jazz, saxophone, piano",chirp-v4-5+,done,6b37180c-9830-425f-8d81-b0cd7d6a9493,d1ed53a4-e18a-434c-920d-2e9b9869954f,faea4d4a-a367-4dde-9255-dbb6a175a186,https://cdn.ttapi.io/suno/20260525/e47e658116864f9399ff95b0de9f13d6.mp3,https://cdn.ttapi.io/suno/20260525/9658c353e3574d8fa8584d7fa35c5e06.mp3,audio/jazz/9d8cc167-d847-4985-b10a-b2097a29c6ae_1.mp3,audio/jazz/9d8cc167-d847-4985-b10a-b2097a29c6ae_2.mp3,jazz,2026-05-25T19:38:20.508685+00:00,2026-05-25T19:39:35.656104+00:00,
3af3c462-e8d2-4ff3-8358-a652dcde10bc,jazz,cool jazz,"cool jazz, playful atmosphere, featuring saxophone and piano trio","jazz, trumpet, swing",chirp-v4-5+,done,9bf593b0-ef15-4f49-9cb3-b38e4b40de8b,727f0b89-a7f0-4ae0-8bd6-63c93f6b0d14,c2a01378-b601-4b25-b809-6ccf664a2995,https://cdn.ttapi.io/suno/20260525/63ad99fc62f34ed0bbaa81462c3f566a.mp3,https://cdn.ttapi.io/suno/20260525/f724dccd8e9b49cda121a7777b53088b.mp3,audio/jazz/3af3c462-e8d2-4ff3-8358-a652dcde10bc_1.mp3,audio/jazz/3af3c462-e8d2-4ff3-8358-a652dcde10bc_2.mp3,jazz,2026-05-25T19:38:21.899001+00:00,2026-05-25T19:39:48.687903+00:00,
3c5ed54d-c395-4a99-8354-e7f272fa5288,jazz,fusion,"fusion jazz, playful atmosphere, featuring saxophone and piano trio","jazz, bass, drums",chirp-v4-5+,done,e765d98c-37aa-41d8-9ef9-ea86116fdf5b,8376617a-9aa8-451f-815f-8b9fdb699941,5d891158-d746-4c16-a141-9f124be30376,https://cdn.ttapi.io/suno/20260525/95690a7fce7644558e3a001deffd9e8a.mp3,https://cdn.ttapi.io/suno/20260525/c21a94e043bb409e8b64c84fb51f6a9b.mp3,audio/jazz/3c5ed54d-c395-4a99-8354-e7f272fa5288_1.mp3,audio/jazz/3c5ed54d-c395-4a99-8354-e7f272fa5288_2.mp3,jazz,2026-05-25T19:38:29.647148+00:00,2026-05-25T19:39:42.941647+00:00,
adfb5b61-e170-456a-9540-d71e42b0f3d5,jazz,smooth jazz,"smooth jazz, playful atmosphere, featuring saxophone and piano trio","jazz, guitar, bossa nova",chirp-v4-5+,done,b19dd5b0-9fdb-4614-829a-6dd0d81e2948,af482ba2-df9b-4474-8916-0f40c37aa126,0bea4482-d2d2-409f-964a-765c3e943c9c,https://cdn.ttapi.io/suno/20260525/52208bb0411b445493cc3b84e26e6ab2.mp3,https://cdn.ttapi.io/suno/20260525/ac1fc3d0219d40118c891162d7838c9c.mp3,audio/jazz/adfb5b61-e170-456a-9540-d71e42b0f3d5_1.mp3,audio/jazz/adfb5b61-e170-456a-9540-d71e42b0f3d5_2.mp3,jazz,2026-05-25T19:38:35.608584+00:00,2026-05-25T19:40:05.797411+00:00,
cd1c245c-86d6-4bdd-96d4-3980ce45fe8f,jazz,hard bop,"hard bop jazz, playful atmosphere, featuring saxophone and piano trio","jazz, fusion, electric",chirp-v4-5+,done,774afe89-7834-4d58-a17f-2096fcbc00eb,c192909a-ff66-4d05-8216-ad70cf93d954,33dd92e0-e5b9-4267-9080-853d37892ef9,https://cdn.ttapi.io/suno/20260525/acf71e9319054249a34211af9bafc24a.mp3,https://cdn.ttapi.io/suno/20260525/180057189537444689926a19ae967e99.mp3,audio/jazz/cd1c245c-86d6-4bdd-96d4-3980ce45fe8f_1.mp3,audio/jazz/cd1c245c-86d6-4bdd-96d4-3980ce45fe8f_2.mp3,jazz,2026-05-25T19:38:41.696593+00:00,2026-05-25T19:40:19.160027+00:00,
116e7f2c-74ba-4156-8c9a-7629116bfc94,jazz,free jazz,"free jazz, playful atmosphere, featuring saxophone and piano trio","jazz, saxophone, piano",chirp-v4-5+,done,a9779bf1-31ec-4e33-8b04-224bbbe8eea0,3f64f41d-bf6e-458f-9678-b33db2a8c2f7,b6db15b9-e1f4-4a69-a01d-bcd781a4e2cb,https://cdn.ttapi.io/suno/20260525/368ce811920144dd8e82ce629f800ea4.mp3,https://cdn.ttapi.io/suno/20260525/8e5561c1daee483f845694700e4308d0.mp3,audio/jazz/116e7f2c-74ba-4156-8c9a-7629116bfc94_1.mp3,audio/jazz/116e7f2c-74ba-4156-8c9a-7629116bfc94_2.mp3,jazz,2026-05-25T19:38:42.956034+00:00,2026-05-25T19:40:05.980640+00:00,
daaaac5b-13ed-44d6-a9ed-cd5df69ebbd0,jazz,latin jazz,"latin jazz, playful atmosphere, featuring saxophone and piano trio","jazz, trumpet, swing",chirp-v4-5+,done,b0582382-fb6a-403e-bcf7-ed5cb7c7d553,ea539e2c-d8d1-4e6d-9468-8ac4fa7cb91d,df130599-9ccb-4c64-98b6-d52b31c62dae,https://cdn.ttapi.io/suno/20260525/ad3785f03ef14499bc17c544b76c627c.mp3,https://cdn.ttapi.io/suno/20260525/d5ea62efad754489be753360a459881d.mp3,audio/jazz/daaaac5b-13ed-44d6-a9ed-cd5df69ebbd0_1.mp3,audio/jazz/daaaac5b-13ed-44d6-a9ed-cd5df69ebbd0_2.mp3,jazz,2026-05-25T19:39:02.853771+00:00,2026-05-25T19:40:34.405698+00:00,
3c93a165-2307-4289-91eb-815bed889b0a,jazz,swing,"swing jazz, playful atmosphere, featuring saxophone and piano trio","jazz, bass, drums",chirp-v4-5+,done,d924ec84-b4a6-418d-8862-be69cdeec738,dfa71884-08a2-444d-b689-f727df973779,4c79df19-613e-4340-b33a-3b1759ee2de6,https://cdn.ttapi.io/suno/20260525/ce33c52bc270429888a9985575487b46.mp3,https://cdn.ttapi.io/suno/20260525/552c0e18ae1a46b982a278ed5d6a941a.mp3,audio/jazz/3c93a165-2307-4289-91eb-815bed889b0a_1.mp3,audio/jazz/3c93a165-2307-4289-91eb-815bed889b0a_2.mp3,jazz,2026-05-25T19:39:04.135367+00:00,2026-05-25T19:40:26.819073+00:00,
97819b67-9cab-4e81-9a6d-28bd08646189,jazz,modal jazz,"modal jazz, playful atmosphere, featuring saxophone and piano trio","jazz, guitar, bossa nova",chirp-v4-5+,done,6337aa7d-7330-4929-86e6-78298fcb252c,eec3f8d8-9f13-4049-a339-00e2657ae48c,89aebe9f-92c0-45d6-ae48-c321895b5fbc,https://cdn.ttapi.io/suno/20260525/4cf0abf9f5d24e72be58adbc72737aea.mp3,https://cdn.ttapi.io/suno/20260525/c75d8bc48821430da8ac3b2374b9f051.mp3,audio/jazz/97819b67-9cab-4e81-9a6d-28bd08646189_1.mp3,audio/jazz/97819b67-9cab-4e81-9a6d-28bd08646189_2.mp3,jazz,2026-05-25T19:39:10.149535+00:00,2026-05-25T19:40:34.577693+00:00,
149af12e-eac0-4373-bae6-72fb7e2fd603,jazz,post-bop,"post-bop jazz, playful atmosphere, featuring saxophone and piano trio","jazz, fusion, electric",chirp-v4-5+,done,d980f359-97ce-4fca-9399-c928af9f4d4f,da7f1032-6323-4017-a6f2-f5d12d5009ea,a761c667-163d-4fc4-a1b2-84c4c077abe1,https://cdn.ttapi.io/suno/20260525/a44a7eb1f66941548efcd1e7071177d5.mp3,https://cdn.ttapi.io/suno/20260525/4d8f2704a7f4436b8864687a9c67ee19.mp3,audio/jazz/149af12e-eac0-4373-bae6-72fb7e2fd603_1.mp3,audio/jazz/149af12e-eac0-4373-bae6-72fb7e2fd603_2.mp3,jazz,2026-05-25T19:39:11.451495+00:00,2026-05-25T19:40:19.613893+00:00,
8e2a7bb3-8343-49a1-a2c7-f8d12208fd9f,jazz,bebop,"bebop jazz, late-night atmosphere, featuring double bass and brushed drums","jazz, saxophone, piano",chirp-v4-5+,done,c1e7b7f6-485e-46e4-b662-8bdc69d7c669,e7f9e828-7c32-4ae1-a1e6-dacfcad8286c,3786ebda-6441-4b1f-bd3b-836b16fc98ba,https://cdn.ttapi.io/suno/20260525/8f6df9a312b34713aabfc314ea9e8b36.mp3,https://cdn.ttapi.io/suno/20260525/cfe47c91addf4e35ab68c9ea143dfc76.mp3,audio/jazz/8e2a7bb3-8343-49a1-a2c7-f8d12208fd9f_1.mp3,audio/jazz/8e2a7bb3-8343-49a1-a2c7-f8d12208fd9f_2.mp3,jazz,2026-05-25T19:39:19.307704+00:00,2026-05-25T19:40:43.520746+00:00,
948c14a3-b54f-43d1-98df-ea580ed8ab87,jazz,cool jazz,"cool jazz, late-night atmosphere, featuring double bass and brushed drums","jazz, trumpet, swing",chirp-v4-5+,done,066a2f3e-942e-4560-8767-b34bd633984e,9800eb61-7fe6-4677-8de6-ed14701289f5,9304f53c-6b3f-4d7c-9221-7f8f3b4925d6,https://cdn.ttapi.io/suno/20260525/cc333b91606e49fe9c9df7ddbdd57b37.mp3,https://cdn.ttapi.io/suno/20260525/c790682b24a24f8c814f9c70d7e3f84d.mp3,audio/jazz/948c14a3-b54f-43d1-98df-ea580ed8ab87_1.mp3,audio/jazz/948c14a3-b54f-43d1-98df-ea580ed8ab87_2.mp3,jazz,2026-05-25T19:39:20.544343+00:00,2026-05-25T19:40:43.667607+00:00,
edf94cf1-58d5-4535-a193-0bbcffe6c735,jazz,fusion,"fusion jazz, late-night atmosphere, featuring double bass and brushed drums","jazz, bass, drums",chirp-v4-5+,done,e0187a17-31d5-4bc7-aa97-e78c4774fffc,a5cd381c-2a09-4e67-b325-34aecabb854d,5d23f2e2-a1f7-4594-b449-b32bcbaa5fa8,https://cdn.ttapi.io/suno/20260525/52e65903a8db4fde8113469398d23d6b.mp3,https://cdn.ttapi.io/suno/20260525/63c9ca1b7ed84630b22cfd6fdbd3b2d3.mp3,audio/jazz/edf94cf1-58d5-4535-a193-0bbcffe6c735_1.mp3,audio/jazz/edf94cf1-58d5-4535-a193-0bbcffe6c735_2.mp3,jazz,2026-05-25T19:39:41.396562+00:00,2026-05-25T19:41:34.282140+00:00,
73d34968-d715-4dbf-a274-b3dfab0e2821,jazz,smooth jazz,"smooth jazz, late-night atmosphere, featuring double bass and brushed drums","jazz, guitar, bossa nova",chirp-v4-5+,done,0b758ab2-b950-4ebc-94a4-76b57e78e83e,983d59be-9837-4e10-b48d-e6bcbde2c788,a2d9ad62-2145-400b-8bfe-08c98ee65964,https://cdn.ttapi.io/suno/20260525/3e686e62ad2b425c8eb0590d8e3b462c.mp3,https://cdn.ttapi.io/suno/20260525/2114f99828e24befa1dd170d2d212af7.mp3,audio/jazz/73d34968-d715-4dbf-a274-b3dfab0e2821_1.mp3,audio/jazz/73d34968-d715-4dbf-a274-b3dfab0e2821_2.mp3,jazz,2026-05-25T19:39:47.145667+00:00,2026-05-25T19:41:13.438606+00:00,
bbcf8933-9156-4f13-a67f-a59dd57771bc,jazz,hard bop,"hard bop jazz, late-night atmosphere, featuring double bass and brushed drums","jazz, fusion, electric",chirp-v4-5+,done,038f7b45-00a8-4bf5-9f9d-fc4f313dde33,78e55225-fc93-4390-9afa-df5d3500e370,5324b49a-329a-4079-a5bb-08b952bcc78b,https://cdn.ttapi.io/suno/20260525/3dbfe0a8a2694ab2af0a8a324188003a.mp3,https://cdn.ttapi.io/suno/20260525/9ffba308ee2a407382406a6d6456ce6e.mp3,audio/jazz/bbcf8933-9156-4f13-a67f-a59dd57771bc_1.mp3,audio/jazz/bbcf8933-9156-4f13-a67f-a59dd57771bc_2.mp3,jazz,2026-05-25T19:39:53.498064+00:00,2026-05-25T19:41:04.609869+00:00,
52330472-7bbc-4471-8fd8-d5f112766b5a,jazz,free jazz,"free jazz, late-night atmosphere, featuring double bass and brushed drums","jazz, saxophone, piano",chirp-v4-5+,done,6562b6e2-b290-4f4b-8738-0f43607fc955,319f9681-4aff-4338-9677-2204d86866d4,4722260b-38d1-4c4e-9fdc-3009d4ba1fc7,https://cdn.ttapi.io/suno/20260525/73a89e05460544df98cad9fb52b6dc6a.mp3,https://cdn.ttapi.io/suno/20260525/8c943d48c04d4d92b5056706997c05f9.mp3,audio/jazz/52330472-7bbc-4471-8fd8-d5f112766b5a_1.mp3,audio/jazz/52330472-7bbc-4471-8fd8-d5f112766b5a_2.mp3,jazz,2026-05-25T19:39:54.820492+00:00,2026-05-25T19:41:34.456241+00:00,
ebc6cde6-e3a6-412c-861a-59f0684f4dba,jazz,latin jazz,"latin jazz, late-night atmosphere, featuring double bass and brushed drums","jazz, trumpet, swing",chirp-v4-5+,done,37e31f8e-71a0-42cb-a038-79bbfe7bc3cd,dca37853-1d1b-4b06-9c46-3e4598f5c283,3248e359-21be-473f-916d-edf00d750bb0,https://cdn.ttapi.io/suno/20260525/c2f685af69fb43f7b6c7e0298aa8ed3c.mp3,https://cdn.ttapi.io/suno/20260525/1c4f9d3aad044a4b998cbd3d9c74418f.mp3,audio/jazz/ebc6cde6-e3a6-412c-861a-59f0684f4dba_1.mp3,audio/jazz/ebc6cde6-e3a6-412c-861a-59f0684f4dba_2.mp3,jazz,2026-05-25T19:39:56.075979+00:00,2026-05-25T19:41:34.575240+00:00,
a53f91f9-d0c1-4c49-b8d0-d7a1c9deee2e,jazz,swing,"swing jazz, late-night atmosphere, featuring double bass and brushed drums","jazz, bass, drums",chirp-v4-5+,done,7ba4a324-ea18-4251-a413-09cf531d825e,d94b16a7-03f1-4b57-a1dc-5d9bdee2cf5a,1ba1fffa-f8f5-4f93-8f48-ef4e1bf06012,https://cdn.ttapi.io/suno/20260525/9f91c8f5297f455eb2925dfcb25eb9c4.mp3,https://cdn.ttapi.io/suno/20260525/dd7c236ff2794c0b9a1710a272cf8a68.mp3,audio/jazz/a53f91f9-d0c1-4c49-b8d0-d7a1c9deee2e_1.mp3,audio/jazz/a53f91f9-d0c1-4c49-b8d0-d7a1c9deee2e_2.mp3,jazz,2026-05-25T19:39:57.336586+00:00,2026-05-25T19:41:04.970987+00:00,
a451b6fa-841a-4463-abbd-8e3d1f4e66d3,jazz,modal jazz,"modal jazz, late-night atmosphere, featuring double bass and brushed drums","jazz, guitar, bossa nova",chirp-v4-5+,done,030c9d51-282f-4cc1-b0d8-fbf09ceac08a,8a669def-8da9-427f-84fd-1d958586b714,2fca13df-ca91-43f1-86d3-be1b6e1b2ea4,https://cdn.ttapi.io/suno/20260525/f74e3ded36ec4c768123fe7f801bcd12.mp3,https://cdn.ttapi.io/suno/20260525/30c757e2fbfb40fc8f705827e9570d27.mp3,audio/jazz/a451b6fa-841a-4463-abbd-8e3d1f4e66d3_1.mp3,audio/jazz/a451b6fa-841a-4463-abbd-8e3d1f4e66d3_2.mp3,jazz,2026-05-25T19:40:03.454726+00:00,2026-05-25T19:41:34.678620+00:00,
70f8861e-e373-4a5c-8fc0-7b1a5a195ea2,jazz,post-bop,"post-bop jazz, late-night atmosphere, featuring double bass and brushed drums","jazz, fusion, electric",chirp-v4-5+,done,a3d392ba-5ffb-4be7-b117-bf63e4cee558,38775953-b5b2-48e0-92de-cc92d0d35bf5,50742ab6-b904-4cb2-b921-af1dc2bfb78b,https://cdn.ttapi.io/suno/20260525/650adf3ef57b426ba4879c9aca66c426.mp3,https://cdn.ttapi.io/suno/20260525/09018098c1ab4f8aaee081767c06d1c8.mp3,audio/jazz/70f8861e-e373-4a5c-8fc0-7b1a5a195ea2_1.mp3,audio/jazz/70f8861e-e373-4a5c-8fc0-7b1a5a195ea2_2.mp3,jazz,2026-05-25T19:40:04.755748+00:00,2026-05-25T19:41:13.862836+00:00,
df3cfdc6-0c80-4366-9d3c-859b6dc65e61,jazz,bebop,"bebop jazz, melancholic atmosphere, featuring double bass and brushed drums","jazz, saxophone, piano",chirp-v4-5+,done,14124cdb-3e9b-4f69-8cc8-823ddee4bb9b,e9889cb6-cb62-4aee-a9e5-af5a46a0fbe3,1b021e4e-ac3d-4a4d-a6d6-aac6d3d1a152,https://cdn.ttapi.io/suno/20260525/d91ec006b1d74fce8da3a26aaaa44ada.mp3,https://cdn.ttapi.io/suno/20260525/296c6e7595674c9ba107780e647f0d9a.mp3,audio/jazz/df3cfdc6-0c80-4366-9d3c-859b6dc65e61_1.mp3,audio/jazz/df3cfdc6-0c80-4366-9d3c-859b6dc65e61_2.mp3,jazz,2026-05-25T19:40:13.380847+00:00,2026-05-25T19:41:34.774286+00:00,
cdc65417-a6a0-4ae2-9203-6262f32a7ae8,jazz,cool jazz,"cool jazz, melancholic atmosphere, featuring double bass and brushed drums","jazz, trumpet, swing",chirp-v4-5+,done,aea6c45c-4287-4ea4-af84-5949c0f13eaf,c48f41dd-fe51-47e3-b0fc-8e58dddcf8aa,6c4c261b-fa6c-4f87-878b-e7dcd82c705f,https://cdn.ttapi.io/suno/20260525/0525197f81004cff9c396ea720546dc5.mp3,https://cdn.ttapi.io/suno/20260525/d51993afdf8c416fb3bae57d3c84cd96.mp3,audio/jazz/cdc65417-a6a0-4ae2-9203-6262f32a7ae8_1.mp3,audio/jazz/cdc65417-a6a0-4ae2-9203-6262f32a7ae8_2.mp3,jazz,2026-05-25T19:40:14.662134+00:00,2026-05-25T19:42:04.035877+00:00,
872f2b37-8463-4c65-80f0-2f603fbc1e62,jazz,fusion,"fusion jazz, melancholic atmosphere, featuring double bass and brushed drums","jazz, bass, drums",chirp-v4-5+,done,051a6e5b-86eb-4ca2-8ead-13a86a11003e,1308cf31-956f-4a8a-a7b6-50067694c150,3a43db63-f235-434e-aa0a-211722b979b0,https://cdn.ttapi.io/suno/20260525/813a64f928f94d7b8ca8db1ea51c2932.mp3,https://cdn.ttapi.io/suno/20260525/9dc808311a0a4739b8085dc1aff97ba8.mp3,audio/jazz/872f2b37-8463-4c65-80f0-2f603fbc1e62_1.mp3,audio/jazz/872f2b37-8463-4c65-80f0-2f603fbc1e62_2.mp3,jazz,2026-05-25T19:40:15.947018+00:00,2026-05-25T19:41:51.020656+00:00,
af3ebd9c-d723-42c6-ab6c-d76ad0b0ece8,jazz,smooth jazz,"smooth jazz, melancholic atmosphere, featuring double bass and brushed drums","jazz, guitar, bossa nova",chirp-v4-5+,done,f90da298-57f0-4f9b-a72f-33c7e985fb17,72d29670-70a6-4661-97d2-c40aabdfc987,5f9478ef-3929-4e2d-ac06-a3ce9f14fd86,https://cdn.ttapi.io/suno/20260525/194e1d4dcfe14c509467bd79025ce037.mp3,https://cdn.ttapi.io/suno/20260525/498590a69af2412f864b6f97e6264517.mp3,audio/jazz/af3ebd9c-d723-42c6-ab6c-d76ad0b0ece8_1.mp3,audio/jazz/af3ebd9c-d723-42c6-ab6c-d76ad0b0ece8_2.mp3,jazz,2026-05-25T19:40:17.141665+00:00,2026-05-25T19:41:35.042498+00:00,
c056ab9d-5356-47f0-9fd4-8655577878d2,jazz,hard bop,"hard bop jazz, melancholic atmosphere, featuring double bass and brushed drums","jazz, fusion, electric",chirp-v4-5+,done,726f52f2-6351-4197-aa0c-979b97228e6e,427de585-5c44-4a7f-907c-36edfb8ac4d1,b34912e2-259a-40cc-bc2b-92be8d4dc4e4,https://cdn.ttapi.io/suno/20260525/8f1f0822c6b342bcb26770ad71714367.mp3,https://cdn.ttapi.io/suno/20260525/6bda225f578a4970a9f50a548bd227e8.mp3,audio/jazz/c056ab9d-5356-47f0-9fd4-8655577878d2_1.mp3,audio/jazz/c056ab9d-5356-47f0-9fd4-8655577878d2_2.mp3,jazz,2026-05-25T19:40:18.447521+00:00,2026-05-25T19:41:35.190119+00:00,
b36005b1-4567-4b6c-89a1-d8bafc267eec,jazz,free jazz,"free jazz, melancholic atmosphere, featuring double bass and brushed drums","jazz, saxophone, piano",chirp-v4-5+,done,49a854c3-f85d-43b4-9754-da327a606945,550ed14f-18e7-4be5-94cd-57f771b87cd5,d62d8e7f-799e-47d5-a1a7-f24663a99473,https://cdn.ttapi.io/suno/20260525/823538c6cf144902a611ee2894a63829.mp3,https://cdn.ttapi.io/suno/20260525/a426e6fa84764239ae5ddf1cf39c93fa.mp3,audio/jazz/b36005b1-4567-4b6c-89a1-d8bafc267eec_1.mp3,audio/jazz/b36005b1-4567-4b6c-89a1-d8bafc267eec_2.mp3,jazz,2026-05-25T19:40:24.657140+00:00,2026-05-25T19:42:14.006641+00:00,
8d8ebd82-5f83-415f-9852-433a25356233,jazz,latin jazz,"latin jazz, melancholic atmosphere, featuring double bass and brushed drums","jazz, trumpet, swing",chirp-v4-5+,done,96e27972-4d20-4290-8961-d0fe9ace13c9,730b7f36-dce4-4f8c-af9a-6620b533ce6b,8306d5e4-207b-43e6-9cb3-6827f985facf,https://cdn.ttapi.io/suno/20260525/bb32394a645c4c2c99471a1c047c84bc.mp3,https://cdn.ttapi.io/suno/20260525/744b3c1dfc804f2fbc7f41992cb3dbda.mp3,audio/jazz/8d8ebd82-5f83-415f-9852-433a25356233_1.mp3,audio/jazz/8d8ebd82-5f83-415f-9852-433a25356233_2.mp3,jazz,2026-05-25T19:40:25.967191+00:00,2026-05-25T19:41:56.908373+00:00,
cef6d725-5d11-43c5-9a76-0912a206a555,jazz,swing,"swing jazz, melancholic atmosphere, featuring double bass and brushed drums","jazz, bass, drums",chirp-v4-5+,done,7d50c209-b47a-40a1-a510-370581725e81,6c3870c3-a1c8-4e99-a28c-2e21ad14a235,4a137795-b257-4c6a-ae05-98d0ccdbc49b,https://cdn.ttapi.io/suno/20260525/584eed6899a2404c9c32b79dec4fc9e7.mp3,https://cdn.ttapi.io/suno/20260525/9deffbb9333b437ea66ef9e73bcc28e1.mp3,audio/jazz/cef6d725-5d11-43c5-9a76-0912a206a555_1.mp3,audio/jazz/cef6d725-5d11-43c5-9a76-0912a206a555_2.mp3,jazz,2026-05-25T19:40:31.895297+00:00,2026-05-25T19:41:57.061975+00:00,
18fc5250-6754-407d-9ddf-fec7aeb71b2d,jazz,modal jazz,"modal jazz, melancholic atmosphere, featuring double bass and brushed drums","jazz, guitar, bossa nova",chirp-v4-5+,done,25aeaa2d-7afa-44bc-b619-75c7e6dedab1,1dc8fce5-d556-4531-9711-28010d53f40c,b8528c93-67a2-4ef9-ac69-c9bfe0f9aa03,https://cdn.ttapi.io/suno/20260525/7148fa6719454378ae2d57b231aa0ff8.mp3,https://cdn.ttapi.io/suno/20260525/20faba7cd4414643857b0dbff4fae57f.mp3,audio/jazz/18fc5250-6754-407d-9ddf-fec7aeb71b2d_1.mp3,audio/jazz/18fc5250-6754-407d-9ddf-fec7aeb71b2d_2.mp3,jazz,2026-05-25T19:40:39.721226+00:00,2026-05-25T19:42:04.306145+00:00,
ef36828e-e8bf-4c55-8d54-5924911091ce,jazz,post-bop,"post-bop jazz, melancholic atmosphere, featuring double bass and brushed drums","jazz, fusion, electric",chirp-v4-5+,done,31734795-1775-4ebb-b26b-e32f2079a4a7,bda275c6-1872-4b5a-bde6-caaa14ba6476,5448fc23-6877-44e5-bce3-ee65400d119f,https://cdn.ttapi.io/suno/20260525/6552e10c2ee84bf7ad8fa6ab565171db.mp3,https://cdn.ttapi.io/suno/20260525/12ee0896f9dc4dd882cc4e7490c5ed9f.mp3,audio/jazz/ef36828e-e8bf-4c55-8d54-5924911091ce_1.mp3,audio/jazz/ef36828e-e8bf-4c55-8d54-5924911091ce_2.mp3,jazz,2026-05-25T19:40:40.976608+00:00,2026-05-25T19:42:14.172180+00:00,
2af0e5a4-79b7-487d-b485-546b8f1c3d53,jazz,bebop,"bebop jazz, uplifting atmosphere, featuring double bass and brushed drums","jazz, saxophone, piano",chirp-v4-5+,done,3a0136c4-0a10-401a-a098-623c971934cf,2863b4ce-9ada-4bf9-b35d-9adf5f85d0d1,e673b6df-d421-4be9-8df4-8fce3861dc27,https://cdn.ttapi.io/suno/20260525/de426116c4bd437da347559983be661c.mp3,https://cdn.ttapi.io/suno/20260525/c219cc5be72a472184426826d29d9fba.mp3,audio/jazz/2af0e5a4-79b7-487d-b485-546b8f1c3d53_1.mp3,audio/jazz/2af0e5a4-79b7-487d-b485-546b8f1c3d53_2.mp3,jazz,2026-05-25T19:40:48.659829+00:00,2026-05-25T19:42:04.517896+00:00,
2f001d7b-ef1a-4944-be07-d5a2f7cf009f,jazz,cool jazz,"cool jazz, uplifting atmosphere, featuring double bass and brushed drums","jazz, trumpet, swing",chirp-v4-5+,done,04c1e6c7-ee4f-441a-a113-9c2816b89d7c,021fef69-58ca-474b-a4a1-cfb5dd3c82f7,87c5a537-77a4-476b-b9e5-2e274e96df68,https://cdn.ttapi.io/suno/20260525/773b90ae1f204ed592f1b1a781dd2a71.mp3,https://cdn.ttapi.io/suno/20260525/c247762068b7413eb70b120ca2092af7.mp3,audio/jazz/2f001d7b-ef1a-4944-be07-d5a2f7cf009f_1.mp3,audio/jazz/2f001d7b-ef1a-4944-be07-d5a2f7cf009f_2.mp3,jazz,2026-05-25T19:40:49.949570+00:00,2026-05-25T19:42:04.610979+00:00,
81111c20-8af7-4afb-b771-d8184192cded,jazz,fusion,"fusion jazz, uplifting atmosphere, featuring double bass and brushed drums","jazz, bass, drums",chirp-v4-5+,done,5089df5a-a287-4cc4-b3d0-d60f3223b010,1c7efbe0-c489-4c23-af1e-c2a93b4b9d1c,cfcc3bc7-79c1-455c-9396-d60f0ff3516e,https://cdn.ttapi.io/suno/20260525/1887718174b24753a8f403890101491d.mp3,https://cdn.ttapi.io/suno/20260525/9f78ee5cd7064ceb8e7e76aa460a7e5b.mp3,audio/jazz/81111c20-8af7-4afb-b771-d8184192cded_1.mp3,audio/jazz/81111c20-8af7-4afb-b771-d8184192cded_2.mp3,jazz,2026-05-25T19:41:09.580821+00:00,2026-05-25T19:43:14.095991+00:00,
54a75d86-fe56-4e47-9c96-30d755e7f1fd,jazz,smooth jazz,"smooth jazz, uplifting atmosphere, featuring double bass and brushed drums","jazz, guitar, bossa nova",chirp-v4-5+,done,5855d5ef-305d-4595-a713-a5c96b384081,52b562a9-8b09-498f-b9ca-9405e086c83b,8e187f47-e7fa-4a47-8c51-ab9ad46073a0,https://cdn.ttapi.io/suno/20260525/e033fa40e21f44998dd58ec2fb2d3758.mp3,https://cdn.ttapi.io/suno/20260525/886a3502aa104fdd8d135dc7b97bd2c7.mp3,audio/jazz/54a75d86-fe56-4e47-9c96-30d755e7f1fd_1.mp3,audio/jazz/54a75d86-fe56-4e47-9c96-30d755e7f1fd_2.mp3,jazz,2026-05-25T19:41:10.861321+00:00,2026-05-25T19:42:35.120395+00:00,
1350630c-7ddf-4c3d-bcf9-8ea085ee7e6a,jazz,hard bop,"hard bop jazz, uplifting atmosphere, featuring double bass and brushed drums","jazz, fusion, electric",chirp-v4-5+,done,31146be6-1315-4a9e-b91f-b904b8d312a2,c254b933-9606-4d32-b666-7cd3f7d478ab,aa74a38d-3125-418a-82d7-035c9f817c83,https://cdn.ttapi.io/suno/20260525/4ae11ec852864532a7a1fff154070688.mp3,https://cdn.ttapi.io/suno/20260525/25622f2add944cf6b95ffc56f8845c22.mp3,audio/jazz/1350630c-7ddf-4c3d-bcf9-8ea085ee7e6a_1.mp3,audio/jazz/1350630c-7ddf-4c3d-bcf9-8ea085ee7e6a_2.mp3,jazz,2026-05-25T19:41:18.512507+00:00,2026-05-25T19:44:06.711254+00:00,
31d3c137-3fe2-406d-bf38-955c1b330fd8,jazz,free jazz,"free jazz, uplifting atmosphere, featuring double bass and brushed drums","jazz, saxophone, piano",chirp-v4-5+,done,f92c719a-15c8-4ea6-a361-901704e18467,d37f09ce-1794-4db1-8801-235f82df8bd1,fece02b3-7864-4c17-b440-03bac1cd324b,https://cdn.ttapi.io/suno/20260525/5e0b3b537e0c49279330231a172ed96f.mp3,https://cdn.ttapi.io/suno/20260525/5b4efe27900744aa96abe2f66be72657.mp3,audio/jazz/31d3c137-3fe2-406d-bf38-955c1b330fd8_1.mp3,audio/jazz/31d3c137-3fe2-406d-bf38-955c1b330fd8_2.mp3,jazz,2026-05-25T19:41:19.788439+00:00,2026-05-25T19:43:14.412224+00:00,
20de31c3-402c-43a9-820e-f766bb5352ab,jazz,latin jazz,"latin jazz, uplifting atmosphere, featuring double bass and brushed drums","jazz, trumpet, swing",chirp-v4-5+,done,1e054fb7-41b2-46e2-8b40-310fb9c666b0,ec9ae279-40c6-47ad-a14d-444b87f8018b,5fb432a8-813e-4b42-a285-c8441e6a45de,https://cdn.ttapi.io/suno/20260525/b74b38ca070f47aaa133dc19813922e5.mp3,https://cdn.ttapi.io/suno/20260525/285cf43651c141af8a43cacd0d2f0a80.mp3,audio/jazz/20de31c3-402c-43a9-820e-f766bb5352ab_1.mp3,audio/jazz/20de31c3-402c-43a9-820e-f766bb5352ab_2.mp3,jazz,2026-05-25T19:41:42.552640+00:00,2026-05-25T19:44:06.885056+00:00,
a478c13c-ad6c-4652-99fe-b375d9482fc1,jazz,swing,"swing jazz, uplifting atmosphere, featuring double bass and brushed drums","jazz, bass, drums",chirp-v4-5+,done,fbf56200-24f8-4631-9f51-2e4f8f9d79f8,3cfc3288-7dfe-4d25-b6a7-6ad31cca9021,aeaa102a-d017-454d-8905-51b1c8fbe8ca,https://cdn.ttapi.io/suno/20260525/fe97ea3d5eb54a9cb8b4fde8bf039390.mp3,https://cdn.ttapi.io/suno/20260525/1075959d1fa74114a466fe53ed43a2cd.mp3,audio/jazz/a478c13c-ad6c-4652-99fe-b375d9482fc1_1.mp3,audio/jazz/a478c13c-ad6c-4652-99fe-b375d9482fc1_2.mp3,jazz,2026-05-25T19:41:43.822718+00:00,2026-05-25T19:42:54.972880+00:00,
a556a2b9-c7dc-4ef2-99d5-38ff3e07ca27,jazz,modal jazz,"modal jazz, uplifting atmosphere, featuring double bass and brushed drums","jazz, guitar, bossa nova",chirp-v4-5+,done,20042e9f-6224-4bb8-8f6a-4eb6f81a16b1,272ab9d5-8a55-4b80-ac77-dde8ec22e0a5,c78b97ea-4e77-4dd3-bd93-10c38d38faa4,https://cdn.ttapi.io/suno/20260525/8753bb2f5f8d45c3a94a1c44934f113b.mp3,https://cdn.ttapi.io/suno/20260525/ec96e4f1e1e54acd8a1c582a7a989919.mp3,audio/jazz/a556a2b9-c7dc-4ef2-99d5-38ff3e07ca27_1.mp3,audio/jazz/a556a2b9-c7dc-4ef2-99d5-38ff3e07ca27_2.mp3,jazz,2026-05-25T19:41:45.120752+00:00,2026-05-25T19:43:42.447302+00:00,
12b8dfff-5a00-43c4-b844-aa8f939191ba,jazz,post-bop,"post-bop jazz, uplifting atmosphere, featuring double bass and brushed drums","jazz, fusion, electric",chirp-v4-5+,done,bbc40af2-7f5d-4b2e-9b30-9b5cef4eb0dd,c58579e5-03d8-418f-a85a-fb5ec5ada88d,20e4f405-42d6-4b78-9b6c-d1291bdbe39c,https://cdn.ttapi.io/suno/20260525/a9e6cadea8fa4c6fa94ab3a18b29acef.mp3,https://cdn.ttapi.io/suno/20260525/e0e6001fc12947938219139e2fcfba97.mp3,audio/jazz/12b8dfff-5a00-43c4-b844-aa8f939191ba_1.mp3,audio/jazz/12b8dfff-5a00-43c4-b844-aa8f939191ba_2.mp3,jazz,2026-05-25T19:41:46.367230+00:00,2026-05-25T19:43:42.621926+00:00,
54a691de-bd01-4af6-8315-b62b3969977d,jazz,bebop,"bebop jazz, relaxed atmosphere, featuring double bass and brushed drums","jazz, saxophone, piano",chirp-v4-5+,done,496a38b7-187a-40f3-b166-4f579c4376e2,02fdf7f1-4946-48ad-9918-11219f4faed3,1b481993-a312-43f1-8f57-c7913fd96bea,https://cdn.ttapi.io/suno/20260525/8f6993de99404388844ada917bc6cf1a.mp3,https://cdn.ttapi.io/suno/20260525/74d183cf2d234f02a6209bb6a409cde1.mp3,audio/jazz/54a691de-bd01-4af6-8315-b62b3969977d_1.mp3,audio/jazz/54a691de-bd01-4af6-8315-b62b3969977d_2.mp3,jazz,2026-05-25T19:41:47.695388+00:00,2026-05-25T19:43:23.216409+00:00,
35bcb96c-8aab-4685-8d59-5f8be515e4a0,jazz,cool jazz,"cool jazz, relaxed atmosphere, featuring double bass and brushed drums","jazz, trumpet, swing",chirp-v4-5+,done,2d8d337c-dbf9-4614-ae8f-f63456343dc4,2c30a953-4145-4680-ab74-0ec4e96b9595,a82041fd-0311-43d1-b93e-7599c5a09893,https://cdn.ttapi.io/suno/20260525/83b8cd396b594cbc9f30d9751544d9d5.mp3,https://cdn.ttapi.io/suno/20260525/2c8eff292b3249a8880bd4e663425be3.mp3,audio/jazz/35bcb96c-8aab-4685-8d59-5f8be515e4a0_1.mp3,audio/jazz/35bcb96c-8aab-4685-8d59-5f8be515e4a0_2.mp3,jazz,2026-05-25T19:41:48.944012+00:00,2026-05-25T19:43:14.918893+00:00,
f20653c9-29ff-4ac7-be02-79627b833040,jazz,fusion,"fusion jazz, relaxed atmosphere, featuring double bass and brushed drums","jazz, bass, drums",chirp-v4-5+,done,70fd2f7e-23a5-41f4-a158-11595c2b23ed,ed81345a-cca0-4689-be51-ab4d53f13583,af377280-fd7c-4d82-a326-970e4a2ba88d,https://cdn.ttapi.io/suno/20260525/43fb874dc76d40f6b4d7347604627c37.mp3,https://cdn.ttapi.io/suno/20260525/4724641d97084c0db559149ca4fdb1c1.mp3,audio/jazz/f20653c9-29ff-4ac7-be02-79627b833040_1.mp3,audio/jazz/f20653c9-29ff-4ac7-be02-79627b833040_2.mp3,jazz,2026-05-25T19:41:50.219775+00:00,2026-05-25T19:43:42.730425+00:00,
13752f61-3641-4894-8ad4-736ce9f2e1e2,jazz,smooth jazz,"smooth jazz, relaxed atmosphere, featuring double bass and brushed drums","jazz, guitar, bossa nova",chirp-v4-5+,done,13d290b4-a183-4f24-b29b-2404d93e274a,04155b13-5095-4b8f-96bc-e27dfe0abc13,fbd8a0a8-68e5-4240-bf22-0d602355ce50,https://cdn.ttapi.io/suno/20260525/77107ba721c24deabe8d3f04308d004e.mp3,https://cdn.ttapi.io/suno/20260525/5b13c5dfe86a407e88a742c01b1203fb.mp3,audio/jazz/13752f61-3641-4894-8ad4-736ce9f2e1e2_1.mp3,audio/jazz/13752f61-3641-4894-8ad4-736ce9f2e1e2_2.mp3,jazz,2026-05-25T19:41:56.010222+00:00,2026-05-25T19:43:42.825302+00:00,
1288064e-2923-4e0e-85eb-81195b15300a,jazz,hard bop,"hard bop jazz, relaxed atmosphere, featuring double bass and brushed drums","jazz, fusion, electric",chirp-v4-5+,done,7f2bfe3d-d35b-4b51-97d9-dc7f7f26d9ac,0d6e0967-52d4-4abf-b749-b7f9bc23e8d1,7328de5c-dbde-44ce-a136-6b7e1b786f04,https://cdn.ttapi.io/suno/20260525/804ad944f1ad4da28f940c4a258b5d83.mp3,https://cdn.ttapi.io/suno/20260525/e036456009724a22bf97e640b4e02413.mp3,audio/jazz/1288064e-2923-4e0e-85eb-81195b15300a_1.mp3,audio/jazz/1288064e-2923-4e0e-85eb-81195b15300a_2.mp3,jazz,2026-05-25T19:42:02.064050+00:00,2026-05-25T19:43:42.951136+00:00,
ed933f23-1f10-4a58-b00b-b9bb263ed29e,jazz,free jazz,"free jazz, relaxed atmosphere, featuring double bass and brushed drums","jazz, saxophone, piano",chirp-v4-5+,done,b5cc8ea9-d1f5-4221-bda4-097cb1e6babf,c55f5e7c-5037-407c-b0ee-75d18c2800e6,36269daa-7474-4090-888c-b1bb59b480bf,https://cdn.ttapi.io/suno/20260525/8e8a11726752456a8716a66b626218e4.mp3,https://cdn.ttapi.io/suno/20260525/69e3d1a3a5904b32a23357e05a4fe471.mp3,audio/jazz/ed933f23-1f10-4a58-b00b-b9bb263ed29e_1.mp3,audio/jazz/ed933f23-1f10-4a58-b00b-b9bb263ed29e_2.mp3,jazz,2026-05-25T19:42:03.324540+00:00,2026-05-25T19:43:43.054588+00:00,
86f69389-e8b9-47ff-8c07-101078e9d55e,jazz,latin jazz,"latin jazz, relaxed atmosphere, featuring double bass and brushed drums","jazz, trumpet, swing",chirp-v4-5+,done,9de426e4-1149-4649-84d5-e374d44690f3,c9e4d873-436c-4d26-a614-8e43f15445d7,3ba33134-e6ee-4c98-8f17-b20322d259c4,https://cdn.ttapi.io/suno/20260525/021db658ef4c4fe78ab12c972510ec4e.mp3,https://cdn.ttapi.io/suno/20260525/727029a014844393a02e2e4c2ad02b9a.mp3,audio/jazz/86f69389-e8b9-47ff-8c07-101078e9d55e_1.mp3,audio/jazz/86f69389-e8b9-47ff-8c07-101078e9d55e_2.mp3,jazz,2026-05-25T19:42:09.322783+00:00,2026-05-25T19:43:43.151105+00:00,
c4cc3079-4e88-45d0-9ec4-ba564b86c707,jazz,swing,"swing jazz, relaxed atmosphere, featuring double bass and brushed drums","jazz, bass, drums",chirp-v4-5+,done,10c4b91f-4a69-47af-b824-c9039c72047e,186e8b5a-3b3b-406e-bb8f-220bc01cedae,a2f89b9b-5f62-4e78-a765-b02b4b659b7e,https://cdn.ttapi.io/suno/20260525/2caf4693456945c5880d928f0c882273.mp3,https://cdn.ttapi.io/suno/20260525/1f719bbe472a4ee8b7f2ad6c6a7c5c16.mp3,audio/jazz/c4cc3079-4e88-45d0-9ec4-ba564b86c707_1.mp3,audio/jazz/c4cc3079-4e88-45d0-9ec4-ba564b86c707_2.mp3,jazz,2026-05-25T19:42:10.585280+00:00,2026-05-25T19:43:43.251000+00:00,
0865a04d-64b5-4aaf-9277-2c8c7126ac72,jazz,modal jazz,"modal jazz, relaxed atmosphere, featuring double bass and brushed drums","jazz, guitar, bossa nova",chirp-v4-5+,done,a55dca13-2049-44a6-ae58-48674600d677,9251feee-72b2-4377-b791-8b04dc2a9f1b,40646aea-3547-4cac-9884-8818fe5ad61b,https://cdn.ttapi.io/suno/20260525/161555fb12f34482a1281431ead6e30e.mp3,https://cdn.ttapi.io/suno/20260525/fc6fae57e58c4c0ab0da98d70533cc83.mp3,audio/jazz/0865a04d-64b5-4aaf-9277-2c8c7126ac72_1.mp3,audio/jazz/0865a04d-64b5-4aaf-9277-2c8c7126ac72_2.mp3,jazz,2026-05-25T19:42:11.988779+00:00,2026-05-25T19:43:43.358873+00:00,
3196a4ae-a1d1-42dc-873b-ea6391c2e131,jazz,post-bop,"post-bop jazz, relaxed atmosphere, featuring double bass and brushed drums","jazz, fusion, electric",chirp-v4-5+,done,d29f4bb3-20d2-40b4-a9af-24a48f569763,f5ca4dcc-53a7-47df-9fe5-ce65d21391fe,d0f701f4-e906-42d6-90bf-33443c28a858,https://cdn.ttapi.io/suno/20260525/429a2b91fa51493baead0a24fe6277af.mp3,https://cdn.ttapi.io/suno/20260525/f893b091de2645519ff55b330fdbc8ba.mp3,audio/jazz/3196a4ae-a1d1-42dc-873b-ea6391c2e131_1.mp3,audio/jazz/3196a4ae-a1d1-42dc-873b-ea6391c2e131_2.mp3,jazz,2026-05-25T19:42:13.300785+00:00,2026-05-25T19:44:06.995499+00:00,
dc480516-f949-4ea4-b611-5b6d8ecc8b04,jazz,bebop,"bebop jazz, energetic atmosphere, featuring double bass and brushed drums","jazz, saxophone, piano",chirp-v4-5+,done,0a16e9e2-3f5f-4c0c-9fa0-f798c3ccdfbf,f344ed56-6181-45fb-b4e3-2b21ba74df2e,516926e8-2296-4a00-8db4-3e84c46684ee,https://cdn.ttapi.io/suno/20260525/9f01dee8126840f6934c32cc3a16d7a0.mp3,https://cdn.ttapi.io/suno/20260525/e1e093c35ceb4506b9f0bbddf67f7b28.mp3,audio/jazz/dc480516-f949-4ea4-b611-5b6d8ecc8b04_1.mp3,audio/jazz/dc480516-f949-4ea4-b611-5b6d8ecc8b04_2.mp3,jazz,2026-05-25T19:42:19.405606+00:00,2026-05-25T19:43:43.554088+00:00,
43213962-122c-4726-a92d-9b0995ecb2b6,jazz,cool jazz,"cool jazz, energetic atmosphere, featuring double bass and brushed drums","jazz, trumpet, swing",chirp-v4-5+,done,10b8280c-43bf-4731-b49a-e0c945eee8f2,7563da95-2e5d-4386-9146-01a64662c97e,f4c74545-473b-49cf-9dea-70f7d0c4836d,https://cdn.ttapi.io/suno/20260525/589dd8762cbb4521b1fc7fda4784a491.mp3,https://cdn.ttapi.io/suno/20260525/d9e285632abd4372a4e1f7589b288ccd.mp3,audio/jazz/43213962-122c-4726-a92d-9b0995ecb2b6_1.mp3,audio/jazz/43213962-122c-4726-a92d-9b0995ecb2b6_2.mp3,jazz,2026-05-25T19:42:20.685789+00:00,2026-05-25T19:43:43.651826+00:00,
08d318b1-4f2d-48c9-8c6c-8a7a614db9cf,jazz,fusion,"fusion jazz, energetic atmosphere, featuring double bass and brushed drums","jazz, bass, drums",chirp-v4-5+,done,10bf0868-6619-4ec3-a1f6-36037b15e70d,ca98459e-a1a4-40f3-b118-79d3fd2351a1,03a424ba-ab9a-4320-88cf-61fefed2999d,https://cdn.ttapi.io/suno/20260525/c2e25f10d96c4849a672068c739bbd0d.mp3,https://cdn.ttapi.io/suno/20260525/bda2438d95d544dbb275ce298816502d.mp3,audio/jazz/08d318b1-4f2d-48c9-8c6c-8a7a614db9cf_1.mp3,audio/jazz/08d318b1-4f2d-48c9-8c6c-8a7a614db9cf_2.mp3,jazz,2026-05-25T19:42:40.260803+00:00,2026-05-25T19:45:03.918626+00:00,
6b094dcf-332e-48a4-96c3-c40fcaf700e3,jazz,smooth jazz,"smooth jazz, energetic atmosphere, featuring double bass and brushed drums","jazz, guitar, bossa nova",chirp-v4-5+,done,2091a66c-0533-4810-a1dd-2afc76ced2b1,d44e771f-83fe-426a-bb5a-f4161b051161,88b66aa9-9e16-4efe-a799-b920d2436517,https://cdn.ttapi.io/suno/20260525/fed6f5ba97ec4fec8af4e39e7d2afc99.mp3,https://cdn.ttapi.io/suno/20260525/13f7d2e8cb914d7dadc366a2ae4e6413.mp3,audio/jazz/6b094dcf-332e-48a4-96c3-c40fcaf700e3_1.mp3,audio/jazz/6b094dcf-332e-48a4-96c3-c40fcaf700e3_2.mp3,jazz,2026-05-25T19:42:59.733115+00:00,2026-05-25T19:44:15.608684+00:00,
07259ec4-5913-428c-a7ed-e01ee3e7dc46,jazz,hard bop,"hard bop jazz, energetic atmosphere, featuring double bass and brushed drums","jazz, fusion, electric",chirp-v4-5+,done,518ea8eb-4162-4196-b7bd-26c802cd026d,08d90155-304d-4cd1-b525-bf564ace5173,7a67e87c-0118-43b9-bc79-7956953f1496,https://cdn.ttapi.io/suno/20260525/e87f02e151394de6864603e6f2bab9ac.mp3,https://cdn.ttapi.io/suno/20260525/80b5048f93f7472f83816ee6f7ff693c.mp3,audio/jazz/07259ec4-5913-428c-a7ed-e01ee3e7dc46_1.mp3,audio/jazz/07259ec4-5913-428c-a7ed-e01ee3e7dc46_2.mp3,jazz,2026-05-25T19:43:19.597483+00:00,2026-05-25T19:44:35.230700+00:00,
21c849fa-cd15-4fa7-a4d2-636ce45e553e,jazz,free jazz,"free jazz, energetic atmosphere, featuring double bass and brushed drums","jazz, saxophone, piano",chirp-v4-5+,done,a4786702-0b3e-436a-9d9f-685c3955d37a,005b8cdb-4d99-4545-9501-59a1070e5390,8a65effb-5578-4ccb-b345-340fd33effdb,https://cdn.ttapi.io/suno/20260525/e5b1fab191184d90a6144bd1519901ae.mp3,https://cdn.ttapi.io/suno/20260525/6e77e6a5f5884c038c9df5d7ba12770f.mp3,audio/jazz/21c849fa-cd15-4fa7-a4d2-636ce45e553e_1.mp3,audio/jazz/21c849fa-cd15-4fa7-a4d2-636ce45e553e_2.mp3,jazz,2026-05-25T19:43:20.837000+00:00,2026-05-25T19:44:54.913684+00:00,
76d5a473-2f8a-417f-803e-bab2e0fb661b,jazz,latin jazz,"latin jazz, energetic atmosphere, featuring double bass and brushed drums","jazz, trumpet, swing",chirp-v4-5+,done,9cf182ee-084d-4421-9e25-983c25a6714c,a0e6afeb-af7e-4d42-9b35-d3b5df764ef4,19865564-215f-426d-94ba-5e1072c3964d,https://cdn.ttapi.io/suno/20260525/ebebe18ef9ae4e5b8f9965c822a60064.mp3,https://cdn.ttapi.io/suno/20260525/de1e0a787f7242aeb91cc7e3bb743125.mp3,audio/jazz/76d5a473-2f8a-417f-803e-bab2e0fb661b_1.mp3,audio/jazz/76d5a473-2f8a-417f-803e-bab2e0fb661b_2.mp3,jazz,2026-05-25T19:43:22.126771+00:00,2026-05-25T19:44:49.056091+00:00,
8a2f9052-fbe5-47be-8b4d-d6d47052edb1,jazz,swing,"swing jazz, energetic atmosphere, featuring double bass and brushed drums","jazz, bass, drums",chirp-v4-5+,done,3b4d94d7-6f04-42f6-8731-b81cbc18f740,30d3fb32-e925-4c8d-b75b-9b2ddd6c4236,2df0e35f-181b-4b73-a35f-3c8e69132459,https://cdn.ttapi.io/suno/20260525/4849fd4c41534361a66124d05dc4954e.mp3,https://cdn.ttapi.io/suno/20260525/336a7a8e9ee54818ba30118c55180214.mp3,audio/jazz/8a2f9052-fbe5-47be-8b4d-d6d47052edb1_1.mp3,audio/jazz/8a2f9052-fbe5-47be-8b4d-d6d47052edb1_2.mp3,jazz,2026-05-25T19:43:27.943537+00:00,2026-05-25T19:44:43.351362+00:00,
54ba92d4-072d-4ab4-bb80-796ca7dd6f4e,jazz,modal jazz,"modal jazz, energetic atmosphere, featuring double bass and brushed drums","jazz, guitar, bossa nova",chirp-v4-5+,done,e881654b-f605-4fd6-89e6-c91cd85dd3f5,638b59fb-a081-4d03-91d0-45e4e39043b2,bcdc6f63-bf12-4f7a-ad4d-d67b8ce573a1,https://cdn.ttapi.io/suno/20260525/4f699044905f4a8b8cf30217f959c54d.mp3,https://cdn.ttapi.io/suno/20260525/a67977df2612431c813437ab4fc0c42b.mp3,audio/jazz/54ba92d4-072d-4ab4-bb80-796ca7dd6f4e_1.mp3,audio/jazz/54ba92d4-072d-4ab4-bb80-796ca7dd6f4e_2.mp3,jazz,2026-05-25T19:43:53.122729+00:00,2026-05-25T19:45:27.394880+00:00,
f447a2cd-f87b-44ef-a5df-9d924c91a1b7,jazz,post-bop,"post-bop jazz, energetic atmosphere, featuring double bass and brushed drums","jazz, fusion, electric",chirp-v4-5+,done,21932c5a-a48d-4d61-a3e1-6d9287264e79,cab98023-8bd4-4f4c-93ec-4cd885e61e55,7006cf39-11b4-4760-9332-c0ff371d5b6c,https://cdn.ttapi.io/suno/20260525/84f5a2851676496a9ac1690fb9813e20.mp3,https://cdn.ttapi.io/suno/20260525/3262b28824b44bba8f8ddb308748c101.mp3,audio/jazz/f447a2cd-f87b-44ef-a5df-9d924c91a1b7_1.mp3,audio/jazz/f447a2cd-f87b-44ef-a5df-9d924c91a1b7_2.mp3,jazz,2026-05-25T19:43:54.419508+00:00,2026-05-25T19:45:27.593647+00:00,
1548d10e-6f92-4282-996f-18c0d0e45a6f,jazz,bebop,"bebop jazz, nostalgic atmosphere, featuring double bass and brushed drums","jazz, saxophone, piano",chirp-v4-5+,done,ff52780a-f16b-4a74-b273-a07cac38d257,dbe711e2-9f2e-43be-bac9-6cff10d32fe6,9d95ec5f-0810-4ac3-a239-c54c8bf886c7,https://cdn.ttapi.io/suno/20260525/2791f8dc22194ade9d8af92f566b0861.mp3,https://cdn.ttapi.io/suno/20260525/52e367ddd639467a81369a6bb6f5d2ff.mp3,audio/jazz/1548d10e-6f92-4282-996f-18c0d0e45a6f_1.mp3,audio/jazz/1548d10e-6f92-4282-996f-18c0d0e45a6f_2.mp3,jazz,2026-05-25T19:43:55.717124+00:00,2026-05-25T19:44:55.277104+00:00,
32d625dc-2ce2-443b-83d6-92fa1cc6ba4a,jazz,cool jazz,"cool jazz, nostalgic atmosphere, featuring double bass and brushed drums","jazz, trumpet, swing",chirp-v4-5+,done,85a4de48-b894-49e8-a5ca-71ebab06f5f4,6993f3a8-ca17-4e5d-99a5-2b5dc94c9815,046dbbc8-266b-44b8-9a1e-2bc5a4fbf2c9,https://cdn.ttapi.io/suno/20260525/d8d71f20eeb54ea0bb23a1fee35537ba.mp3,https://cdn.ttapi.io/suno/20260525/d62f84580f05421da2f04ca25854904e.mp3,audio/jazz/32d625dc-2ce2-443b-83d6-92fa1cc6ba4a_1.mp3,audio/jazz/32d625dc-2ce2-443b-83d6-92fa1cc6ba4a_2.mp3,jazz,2026-05-25T19:43:57.009044+00:00,2026-05-25T19:45:04.256640+00:00,
c725ce1e-cf56-4fbf-931c-f6705c9c98fb,jazz,fusion,"fusion jazz, nostalgic atmosphere, featuring double bass and brushed drums","jazz, bass, drums",chirp-v4-5+,done,94ddf6a7-484d-4e84-8aa5-1c6f91f75756,c6504da0-4718-4382-8ef5-e341267b8ae9,16d3a9c1-c1dd-40fc-86e0-852aa6fe20f7,https://cdn.ttapi.io/suno/20260525/7d4a7e2adce24a7e99fd579d100c1a6d.mp3,https://cdn.ttapi.io/suno/20260525/2f4ccd94e58f4226a7209c0ed91e4978.mp3,audio/jazz/c725ce1e-cf56-4fbf-931c-f6705c9c98fb_1.mp3,audio/jazz/c725ce1e-cf56-4fbf-931c-f6705c9c98fb_2.mp3,jazz,2026-05-25T19:43:58.268127+00:00,2026-05-25T19:45:14.628745+00:00,
c3ed92cc-ea73-48c9-bd35-9861bd95476b,jazz,smooth jazz,"smooth jazz, nostalgic atmosphere, featuring double bass and brushed drums","jazz, guitar, bossa nova",chirp-v4-5+,done,8d77b99a-0236-4ace-b226-b6615cdc4ed5,15cdc1af-6109-4240-9fbf-75090c2f04ff,76379a36-393c-4380-bb28-14fa3b0db07f,https://cdn.ttapi.io/suno/20260525/def305c9aeb246499447a3c862242ea3.mp3,https://cdn.ttapi.io/suno/20260525/1d9c7b19354f4245ba1a6b102a12d931.mp3,audio/jazz/c3ed92cc-ea73-48c9-bd35-9861bd95476b_1.mp3,audio/jazz/c3ed92cc-ea73-48c9-bd35-9861bd95476b_2.mp3,jazz,2026-05-25T19:43:59.536280+00:00,2026-05-25T19:45:04.498006+00:00,
028aa8df-fbc6-4fe8-85f3-db71591ab7fa,jazz,hard bop,"hard bop jazz, nostalgic atmosphere, featuring double bass and brushed drums","jazz, fusion, electric",chirp-v4-5+,done,e3acfcae-a1f4-423a-a96c-842b5441920f,7db69265-5abb-4204-b9d6-9e0a0fcc2bcb,6a274503-7be9-4303-be1f-7bb289c78113,https://cdn.ttapi.io/suno/20260525/0920157461f94ad79d8ef0bcf872a01b.mp3,https://cdn.ttapi.io/suno/20260525/b29a87f14d6d4a5aa0b5998fe917fcd4.mp3,audio/jazz/028aa8df-fbc6-4fe8-85f3-db71591ab7fa_1.mp3,audio/jazz/028aa8df-fbc6-4fe8-85f3-db71591ab7fa_2.mp3,jazz,2026-05-25T19:44:00.837770+00:00,2026-05-25T19:45:14.730089+00:00,
ed6c36fd-4594-42a2-9603-9444c927692b,jazz,free jazz,"free jazz, nostalgic atmosphere, featuring double bass and brushed drums","jazz, saxophone, piano",chirp-v4-5+,done,b41f6515-c80a-425e-ad93-bf8b9a8769b6,33ca6583-7fb6-4e86-a11c-8b65d830db96,cc1d8683-7b51-493e-8138-60ca4119ecb9,https://cdn.ttapi.io/suno/20260525/cdc413ca6b444bb9a83a0edbebbce4c4.mp3,https://cdn.ttapi.io/suno/20260525/39508e2847d94cdaa9a2a89e79c798ab.mp3,audio/jazz/ed6c36fd-4594-42a2-9603-9444c927692b_1.mp3,audio/jazz/ed6c36fd-4594-42a2-9603-9444c927692b_2.mp3,jazz,2026-05-25T19:44:02.202935+00:00,2026-05-25T19:45:27.699236+00:00,
4184932e-b513-40f2-932d-e63b15265138,jazz,latin jazz,"latin jazz, nostalgic atmosphere, featuring double bass and brushed drums","jazz, trumpet, swing",chirp-v4-5+,done,3d0377f9-2a5e-42e9-a13f-49b3b7e4463b,e359e25d-a8b2-42a7-8099-69f2ec702659,2078c461-355a-4185-9006-3b8f7e6875f1,https://cdn.ttapi.io/suno/20260525/a1437dca690d44ca9efc6702c3fc18f0.mp3,https://cdn.ttapi.io/suno/20260525/3a7c129cadce46f98237e3f30c2c82e8.mp3,audio/jazz/4184932e-b513-40f2-932d-e63b15265138_1.mp3,audio/jazz/4184932e-b513-40f2-932d-e63b15265138_2.mp3,jazz,2026-05-25T19:44:03.491669+00:00,2026-05-25T19:45:21.862563+00:00,
bd71a77d-26fd-4779-b3d0-539f99f82d4a,jazz,swing,"swing jazz, nostalgic atmosphere, featuring double bass and brushed drums","jazz, bass, drums",chirp-v4-5+,done,a5202876-49ac-42f6-8c71-82f05082cb06,70d53f39-7834-4e9f-b9f2-109f156b4d6a,cede0eeb-b729-44c5-ba24-2cde0ca1b673,https://cdn.ttapi.io/suno/20260525/95c5a2f6a0e14bdfb62770b53e2a516b.mp3,https://cdn.ttapi.io/suno/20260525/56ea7f4a35ee4e019293b8043fccc887.mp3,audio/jazz/bd71a77d-26fd-4779-b3d0-539f99f82d4a_1.mp3,audio/jazz/bd71a77d-26fd-4779-b3d0-539f99f82d4a_2.mp3,jazz,2026-05-25T19:44:04.783568+00:00,2026-05-25T19:45:04.854329+00:00,
7e03846f-2249-431d-ad6c-65640c114930,jazz,modal jazz,"modal jazz, nostalgic atmosphere, featuring double bass and brushed drums","jazz, guitar, bossa nova",chirp-v4-5+,done,50cab4da-2227-4d61-9d1a-81ec1ed27d4d,ffef5b68-e9ba-424a-8158-6e629dcf8dce,1f5bad92-ac3c-44df-94ac-28575871ce31,https://cdn.ttapi.io/suno/20260525/cb889c5b7a1f403fb784831370445332.mp3,https://cdn.ttapi.io/suno/20260525/ef24be0ff6774283b352a50cda348d35.mp3,audio/jazz/7e03846f-2249-431d-ad6c-65640c114930_1.mp3,audio/jazz/7e03846f-2249-431d-ad6c-65640c114930_2.mp3,jazz,2026-05-25T19:44:06.020859+00:00,2026-05-25T19:45:39.586320+00:00,
cf8f82be-084e-4626-8b71-fa35c94f0bcc,jazz,post-bop,"post-bop jazz, nostalgic atmosphere, featuring double bass and brushed drums","jazz, fusion, electric",chirp-v4-5+,done,90c35740-6e18-418d-9f6f-912c6f89c5e8,89e0ea93-9ccf-4ecf-be9b-45dd261cafb4,dd348582-9671-45fd-9624-2180758fbd67,https://cdn.ttapi.io/suno/20260525/bc3971f8274a49a19eeaa67cb308ed13.mp3,https://cdn.ttapi.io/suno/20260525/b1f86bc8475948bfbc9a25ab30a56804.mp3,audio/jazz/cf8f82be-084e-4626-8b71-fa35c94f0bcc_1.mp3,audio/jazz/cf8f82be-084e-4626-8b71-fa35c94f0bcc_2.mp3,jazz,2026-05-25T19:44:12.274715+00:00,2026-05-25T19:45:39.754087+00:00,
3a82dcaa-cf39-4658-a7fd-1b969c331ec2,jazz,bebop,"bebop jazz, romantic atmosphere, featuring double bass and brushed drums","jazz, saxophone, piano",chirp-v4-5+,done,1361e7fc-edb8-4c32-987a-b2199e7c2d72,ccf7f8b5-c512-481b-b73a-1d8c8222260f,9b315c02-caf0-46fe-bef6-99c791bd7551,https://cdn.ttapi.io/suno/20260525/fee7ee77d7b44d78b4d3e10e4ce08f79.mp3,https://cdn.ttapi.io/suno/20260525/0f744e0b5bb0451bb38f0857f201917b.mp3,audio/jazz/3a82dcaa-cf39-4658-a7fd-1b969c331ec2_1.mp3,audio/jazz/3a82dcaa-cf39-4658-a7fd-1b969c331ec2_2.mp3,jazz,2026-05-25T19:44:13.544994+00:00,2026-05-25T19:45:39.862684+00:00,
abaff922-9636-4049-9ddf-510c67b642cb,jazz,cool jazz,"cool jazz, romantic atmosphere, featuring double bass and brushed drums","jazz, trumpet, swing",chirp-v4-5+,done,b2f5c034-e387-4d1b-9d47-e2de3d51640c,84206c63-0954-437a-b4f2-561e94ec5b3b,43facb9d-f914-44b0-8222-2072d6da5e52,https://cdn.ttapi.io/suno/20260525/aa215fed44694b7f8e5e833cfe90e0e3.mp3,https://cdn.ttapi.io/suno/20260525/4307cb468d9e46edb3a7f3345f12cf1c.mp3,audio/jazz/abaff922-9636-4049-9ddf-510c67b642cb_1.mp3,audio/jazz/abaff922-9636-4049-9ddf-510c67b642cb_2.mp3,jazz,2026-05-25T19:44:14.852765+00:00,2026-05-25T19:45:28.058896+00:00,
254f6124-583d-4372-b480-3112b7ee2d41,jazz,fusion,"fusion jazz, romantic atmosphere, featuring double bass and brushed drums","jazz, bass, drums",chirp-v4-5+,done,c80c1b9c-84b2-461f-97b6-dc451462e17a,a546ec7c-a75e-43e6-b465-717bd281e53c,7db2bdd1-c419-426d-9b60-594279074bdf,https://cdn.ttapi.io/suno/20260525/854e1555b00d409394b95f03979c0ee3.mp3,https://cdn.ttapi.io/suno/20260525/d553034c839d4e7b95ce996ca2904823.mp3,audio/jazz/254f6124-583d-4372-b480-3112b7ee2d41_1.mp3,audio/jazz/254f6124-583d-4372-b480-3112b7ee2d41_2.mp3,jazz,2026-05-25T19:44:20.791590+00:00,2026-05-25T19:46:13.638349+00:00,
e0157db3-63ef-4fc9-80ab-d0da265e4dc6,jazz,smooth jazz,"smooth jazz, romantic atmosphere, featuring double bass and brushed drums","jazz, guitar, bossa nova",chirp-v4-5+,done,13b97004-d561-4010-939d-cf76fb317497,fe371553-84c4-498d-a1f8-c8c96c6a2320,a9fb23f8-087f-4456-9a18-8c3efc4512da,https://cdn.ttapi.io/suno/20260525/1423f23212844baf944faaf8c546946a.mp3,https://cdn.ttapi.io/suno/20260525/af95ac02038d45f091aa178bd24f7f90.mp3,audio/jazz/e0157db3-63ef-4fc9-80ab-d0da265e4dc6_1.mp3,audio/jazz/e0157db3-63ef-4fc9-80ab-d0da265e4dc6_2.mp3,jazz,2026-05-25T19:44:40.539148+00:00,2026-05-25T19:46:13.801012+00:00,
61bda6f7-a326-470a-a258-81b0c3b3cf6a,jazz,hard bop,"hard bop jazz, romantic atmosphere, featuring double bass and brushed drums","jazz, fusion, electric",chirp-v4-5+,done,78abdfbb-fc1f-404a-8e93-25f2452d4cb4,02d4c1f3-d56f-4ee5-99ad-b6e75a28c15f,9ccab054-25f6-43d5-84fe-1acacfcba09b,https://cdn.ttapi.io/suno/20260525/de8ba936b6f746cab863ad139e0876de.mp3,https://cdn.ttapi.io/suno/20260525/c1d125d1b2084bcab554653bac83a785.mp3,audio/jazz/61bda6f7-a326-470a-a258-81b0c3b3cf6a_1.mp3,audio/jazz/61bda6f7-a326-470a-a258-81b0c3b3cf6a_2.mp3,jazz,2026-05-25T19:44:48.186924+00:00,2026-05-25T19:46:49.241639+00:00,
df6cc47f-545e-4a47-9f4c-2e6f0eba272a,jazz,free jazz,"free jazz, romantic atmosphere, featuring double bass and brushed drums","jazz, saxophone, piano",chirp-v4-5+,done,2f9245c9-c9c7-413c-9278-1f8bb2e23710,4c10b92f-328f-4e6b-ae14-2eb296d4ef76,f2aa2b07-0987-479b-a5f5-9884bd95a7b0,https://cdn.ttapi.io/suno/20260525/1fe7a027c9be4410a7bb3e2a22a2795a.mp3,https://cdn.ttapi.io/suno/20260525/5e6ed29c47da4b84aaad32bfc3f11de2.mp3,audio/jazz/df6cc47f-545e-4a47-9f4c-2e6f0eba272a_1.mp3,audio/jazz/df6cc47f-545e-4a47-9f4c-2e6f0eba272a_2.mp3,jazz,2026-05-25T19:44:54.098806+00:00,2026-05-25T19:46:49.408119+00:00,
4cc95855-3b1e-49f9-81f4-b243657fe1d1,jazz,latin jazz,"latin jazz, romantic atmosphere, featuring double bass and brushed drums","jazz, trumpet, swing",chirp-v4-5+,done,c9b13435-8729-4612-b29c-e9e7c50e32ed,cb390a2c-a2af-4af6-9c5c-3175eef50820,7d30143c-8456-400d-bb51-8f4e3c38dbd5,https://cdn.ttapi.io/suno/20260525/41b648ef7bb84fc381bdd471e1b113a5.mp3,https://cdn.ttapi.io/suno/20260525/220184e8e8dd4d589e77fa0c770bc578.mp3,audio/jazz/4cc95855-3b1e-49f9-81f4-b243657fe1d1_1.mp3,audio/jazz/4cc95855-3b1e-49f9-81f4-b243657fe1d1_2.mp3,jazz,2026-05-25T19:45:00.070420+00:00,2026-05-25T19:46:58.999201+00:00,
7f72c081-9502-4e56-8835-e407d6297b2e,jazz,swing,"swing jazz, romantic atmosphere, featuring double bass and brushed drums","jazz, bass, drums",chirp-v4-5+,done,7ee0b776-46ba-4cd0-bf73-1c36afd36ab8,b0eb8368-3d1b-4c95-878d-c372a6d0a534,197ec4fc-a659-4e5c-8378-2a03821157e2,https://cdn.ttapi.io/suno/20260525/532422cecd874753815ff5a1f941b8c8.mp3,https://cdn.ttapi.io/suno/20260525/94672b92e614441aa2f49e79783f813d.mp3,audio/jazz/7f72c081-9502-4e56-8835-e407d6297b2e_1.mp3,audio/jazz/7f72c081-9502-4e56-8835-e407d6297b2e_2.mp3,jazz,2026-05-25T19:45:01.383652+00:00,2026-05-25T19:46:59.113060+00:00,
481564d5-ef92-4a6a-b3dc-f572cefa8676,jazz,modal jazz,"modal jazz, romantic atmosphere, featuring double bass and brushed drums","jazz, guitar, bossa nova",chirp-v4-5+,done,28098617-ae98-44a1-9ae8-7547dd5d787a,d60317cc-d152-4121-8ca8-e1647a74ea23,c7b29ade-2685-4961-940c-93a02b9178b8,https://cdn.ttapi.io/suno/20260525/226e8ab4087747bab67f50ba900a7a4c.mp3,https://cdn.ttapi.io/suno/20260525/ff10cfc7251f445190bc5bb2b232b978.mp3,audio/jazz/481564d5-ef92-4a6a-b3dc-f572cefa8676_1.mp3,audio/jazz/481564d5-ef92-4a6a-b3dc-f572cefa8676_2.mp3,jazz,2026-05-25T19:45:09.819071+00:00,2026-05-25T19:46:42.509323+00:00,
b14168b7-3621-4507-b34d-55d9d6c9d01b,jazz,post-bop,"post-bop jazz, romantic atmosphere, featuring double bass and brushed drums","jazz, fusion, electric",chirp-v4-5+,done,fb2f5da3-edda-4a44-a735-56d4285599fc,ace71874-d6eb-42fa-999d-79f3b80211f5,c58dfbd7-1f7c-4980-b228-a1d117786272,https://cdn.ttapi.io/suno/20260525/d2e3ad3374df4b708b43f86a246d4e28.mp3,https://cdn.ttapi.io/suno/20260525/55c97a8b7ebe465595b0b787dfbe7651.mp3,audio/jazz/b14168b7-3621-4507-b34d-55d9d6c9d01b_1.mp3,audio/jazz/b14168b7-3621-4507-b34d-55d9d6c9d01b_2.mp3,jazz,2026-05-25T19:45:11.123703+00:00,2026-05-25T19:46:49.697632+00:00,
8326954d-8150-4cd4-8f1b-395f26993478,jazz,bebop,"bebop jazz, brooding atmosphere, featuring double bass and brushed drums","jazz, saxophone, piano",chirp-v4-5+,done,ae0a2008-1da9-4e02-9ae8-fb7ef6cc041c,88a4d049-ee70-439d-a2e9-bfa2dc332678,17ffdfef-bccd-4701-a3db-b79a95a169b2,https://cdn.ttapi.io/suno/20260525/672da251e53d43a69f9eef93a73673e1.mp3,https://cdn.ttapi.io/suno/20260525/4197382b452d4a01bd0fec4f24e52ec1.mp3,audio/jazz/8326954d-8150-4cd4-8f1b-395f26993478_1.mp3,audio/jazz/8326954d-8150-4cd4-8f1b-395f26993478_2.mp3,jazz,2026-05-25T19:45:12.436582+00:00,2026-05-25T19:46:42.775566+00:00,
ed410010-6ca6-4289-86a7-d945fbe360fc,jazz,cool jazz,"cool jazz, brooding atmosphere, featuring double bass and brushed drums","jazz, trumpet, swing",chirp-v4-5+,done,7eec7793-465a-4141-a3b5-f62aa3dfd6e6,5eff5d42-89b4-4633-a1de-2071fd840979,68f33ac7-61c9-481e-b4c4-b57d845b3ca7,https://cdn.ttapi.io/suno/20260525/232a2f53426f4c4694d6938dc0945266.mp3,https://cdn.ttapi.io/suno/20260525/c5e5a02593f84dc899cdc96522139ab2.mp3,audio/jazz/ed410010-6ca6-4289-86a7-d945fbe360fc_1.mp3,audio/jazz/ed410010-6ca6-4289-86a7-d945fbe360fc_2.mp3,jazz,2026-05-25T19:45:13.720443+00:00,2026-05-25T19:46:23.262394+00:00,
b5c76034-1860-4d04-85df-97514f822664,jazz,fusion,"fusion jazz, brooding atmosphere, featuring double bass and brushed drums","jazz, bass, drums",chirp-v4-5+,done,4ae94285-745c-4759-97e8-b73432c10dc0,01c43016-b5e4-48d0-a93f-c51d81fb8a20,20bda164-14a2-4dd7-b688-cc6d2b300b14,https://cdn.ttapi.io/suno/20260525/5114a09cc64948efb6c66ba7a8394788.mp3,https://cdn.ttapi.io/suno/20260525/a145096d3f1a45e5922ce8df952936a4.mp3,audio/jazz/b5c76034-1860-4d04-85df-97514f822664_1.mp3,audio/jazz/b5c76034-1860-4d04-85df-97514f822664_2.mp3,jazz,2026-05-25T19:45:19.709624+00:00,2026-05-25T19:47:34.356960+00:00,
473e8c2f-f3d6-4662-be30-49d09aa39935,jazz,smooth jazz,"smooth jazz, brooding atmosphere, featuring double bass and brushed drums","jazz, guitar, bossa nova",chirp-v4-5+,done,70b6c0a5-6817-457b-b863-4e0a5463fc69,3ed8ee5d-0b0a-4e41-9957-18d2fbf38848,53bddd17-649b-4f81-a21c-80f5bf3e55de,https://cdn.ttapi.io/suno/20260525/9bba95e513774012bd9c5167187163cb.mp3,https://cdn.ttapi.io/suno/20260525/134e2813fcd641c299afb68166d5e452.mp3,audio/jazz/473e8c2f-f3d6-4662-be30-49d09aa39935_1.mp3,audio/jazz/473e8c2f-f3d6-4662-be30-49d09aa39935_2.mp3,jazz,2026-05-25T19:45:20.918377+00:00,2026-05-25T19:46:49.881113+00:00,
51d8cdb4-98a4-4330-a604-d9b12f76a256,jazz,hard bop,"hard bop jazz, brooding atmosphere, featuring double bass and brushed drums","jazz, fusion, electric",chirp-v4-5+,done,443c07de-567e-4e77-9d8d-b2b199c40157,a5107b2f-73fa-4f91-98ba-a24dad3912eb,965d62cc-a8f0-47d9-9f68-361a4ad385a1,https://cdn.ttapi.io/suno/20260525/0b29feab82854e509dcd29360e038c2c.mp3,https://cdn.ttapi.io/suno/20260525/0919a5211ed7470389229a263fbca264.mp3,audio/jazz/51d8cdb4-98a4-4330-a604-d9b12f76a256_1.mp3,audio/jazz/51d8cdb4-98a4-4330-a604-d9b12f76a256_2.mp3,jazz,2026-05-25T19:45:26.692894+00:00,2026-05-25T19:46:59.357321+00:00,
32cea9d9-bc94-48e8-82f7-e8c097d77f55,jazz,free jazz,"free jazz, brooding atmosphere, featuring double bass and brushed drums","jazz, saxophone, piano",chirp-v4-5+,done,7bcd9eef-56f4-4127-88ed-8d2e6648a3b9,d45de4b0-8979-4228-9751-f2dac04a2d66,0dbb14ac-339a-43b7-82cd-b5f1a294eab3,https://cdn.ttapi.io/suno/20260525/93baa2822a6d4fc7addc9ca7b6b87ee1.mp3,https://cdn.ttapi.io/suno/20260525/43b3d6f8698d41699e56f4d0e6172a15.mp3,audio/jazz/32cea9d9-bc94-48e8-82f7-e8c097d77f55_1.mp3,audio/jazz/32cea9d9-bc94-48e8-82f7-e8c097d77f55_2.mp3,jazz,2026-05-25T19:45:35.155032+00:00,2026-05-25T19:47:34.504292+00:00,
9b5a277f-acd1-4760-b9a1-c7c12aa2be61,jazz,latin jazz,"latin jazz, brooding atmosphere, featuring double bass and brushed drums","jazz, trumpet, swing",chirp-v4-5+,done,3e6fcf07-9b6e-42c1-be24-2ba99d6160aa,10dd6d91-34fd-4f93-9b56-2e3f335ab880,b74ca8c0-5478-4331-83ae-d580f9f642f7,https://cdn.ttapi.io/suno/20260525/a26cf30a64414d5ea49989a92949f273.mp3,https://cdn.ttapi.io/suno/20260525/2b706e3f75994b149e9dec02b00dc439.mp3,audio/jazz/9b5a277f-acd1-4760-b9a1-c7c12aa2be61_1.mp3,audio/jazz/9b5a277f-acd1-4760-b9a1-c7c12aa2be61_2.mp3,jazz,2026-05-25T19:45:36.331528+00:00,2026-05-25T19:46:59.550807+00:00,
f4036bc8-fb19-43f4-9126-567200c60294,jazz,swing,"swing jazz, brooding atmosphere, featuring double bass and brushed drums","jazz, bass, drums",chirp-v4-5+,done,8caea6a1-89d2-4bc5-9e1a-83d5a2b15d9c,d45a236a-0e2c-4d0a-85e2-698cdbf34022,c064d3a9-f30e-42c6-9444-7f047e5555c2,https://cdn.ttapi.io/suno/20260525/3686dd33c3db4ea9a4c7dab2eea05e21.mp3,https://cdn.ttapi.io/suno/20260525/3bf8f4e82e7c4d708b796a4fbc2a96ea.mp3,audio/jazz/f4036bc8-fb19-43f4-9126-567200c60294_1.mp3,audio/jazz/f4036bc8-fb19-43f4-9126-567200c60294_2.mp3,jazz,2026-05-25T19:45:37.625337+00:00,2026-05-25T19:49:03.958940+00:00,
cc758471-a7b6-4d0f-a6cd-486f3ed564bb,jazz,modal jazz,"modal jazz, brooding atmosphere, featuring double bass and brushed drums","jazz, guitar, bossa nova",chirp-v4-5+,done,8f524788-400f-47fe-9a55-d0e1dd34d8cc,7587047b-6bd7-483e-a0dc-a0411a4c0456,c24ac19e-ecd2-4bab-947a-03967aeb5219,https://cdn.ttapi.io/suno/20260525/8f55d0780d6a49238b3b790ed6aae442.mp3,https://cdn.ttapi.io/suno/20260525/731961b1a58442afa0ce02bb5ad10789.mp3,audio/jazz/cc758471-a7b6-4d0f-a6cd-486f3ed564bb_1.mp3,audio/jazz/cc758471-a7b6-4d0f-a6cd-486f3ed564bb_2.mp3,jazz,2026-05-25T19:45:38.881570+00:00,2026-05-25T19:49:04.139872+00:00,
cd2a6b8c-a1fd-47b6-a6f3-9c2686baecb6,jazz,post-bop,"post-bop jazz, brooding atmosphere, featuring double bass and brushed drums","jazz, fusion, electric",chirp-v4-5+,done,9a684fc7-0a28-4296-9448-0e9915196451,970696a4-e958-4b47-995d-a7d674436657,2a823a86-e4ca-473e-9113-d3c68d5fca8b,https://cdn.ttapi.io/suno/20260525/cf6242e6f47548d9a6f318ecebcd3a4f.mp3,https://cdn.ttapi.io/suno/20260525/ea8267dcf9c24dd3801f3c786820f88c.mp3,audio/jazz/cd2a6b8c-a1fd-47b6-a6f3-9c2686baecb6_1.mp3,audio/jazz/cd2a6b8c-a1fd-47b6-a6f3-9c2686baecb6_2.mp3,jazz,2026-05-25T19:45:44.986216+00:00,2026-05-25T19:49:13.079330+00:00,
9605d377-80a5-4e91-9114-a1d3f4180af3,jazz,bebop,"bebop jazz, meditative atmosphere, featuring double bass and brushed drums","jazz, saxophone, piano",chirp-v4-5+,done,9b396e19-3b0a-4374-a44a-b0d75e9737b8,b61453db-41bb-4fe8-a4af-1f5f6edefaad,ac97f3c9-9254-4af8-ade6-571b4d3dd6bc,https://cdn.ttapi.io/suno/20260525/07da9f471def404ba283bda8cea66703.mp3,https://cdn.ttapi.io/suno/20260525/fe96198bd1cc4d2aae5dd5cf0973e6e2.mp3,audio/jazz/9605d377-80a5-4e91-9114-a1d3f4180af3_1.mp3,audio/jazz/9605d377-80a5-4e91-9114-a1d3f4180af3_2.mp3,jazz,2026-05-25T19:45:46.235387+00:00,2026-05-25T19:47:34.919779+00:00,
f3c8b5ce-157d-4533-9a19-f3f608931d3b,jazz,cool jazz,"cool jazz, meditative atmosphere, featuring double bass and brushed drums","jazz, trumpet, swing",chirp-v4-5+,done,5a0b41f7-57a3-4a97-b94f-b610063316ab,5d917149-b90e-4570-9060-dbcb33bd22b7,f77433ff-38eb-423d-aa75-a9b0b3daf13f,https://cdn.ttapi.io/suno/20260525/f67bd955993844ca88f79511bfb2cc75.mp3,https://cdn.ttapi.io/suno/20260525/bb6ea896018d451aa6c3e9d15288f2e0.mp3,audio/jazz/f3c8b5ce-157d-4533-9a19-f3f608931d3b_1.mp3,audio/jazz/f3c8b5ce-157d-4533-9a19-f3f608931d3b_2.mp3,jazz,2026-05-25T19:45:47.516309+00:00,2026-05-25T19:48:44.617608+00:00,
f307dc7d-c30b-4191-82cd-d788cc024746,jazz,fusion,"fusion jazz, meditative atmosphere, featuring double bass and brushed drums","jazz, bass, drums",chirp-v4-5+,done,6c27cb4c-cf43-450e-9830-aab85e6cdddd,1efa55e2-644a-4ad1-a8fa-742f8468cb0b,c4fe0e4f-41f4-4ae7-8f87-989736731d47,https://cdn.ttapi.io/suno/20260525/cfb1d36f60f145178776aa9706cd60c0.mp3,https://cdn.ttapi.io/suno/20260525/d4d4b4373e9b4bfc811663b1dcec3534.mp3,audio/jazz/f307dc7d-c30b-4191-82cd-d788cc024746_1.mp3,audio/jazz/f307dc7d-c30b-4191-82cd-d788cc024746_2.mp3,jazz,2026-05-25T19:46:18.866059+00:00,2026-05-25T19:49:36.748030+00:00,
31208784-5dc0-43ae-a977-69bb600f4e5c,jazz,smooth jazz,"smooth jazz, meditative atmosphere, featuring double bass and brushed drums","jazz, guitar, bossa nova",chirp-v4-5+,done,2b2c651b-a51f-4366-badd-7d0ddc7becc2,bd4a17ca-a49a-49ae-9ed6-05c6dc861c35,3c01e21e-1a66-4a83-a0ab-fa24560b5924,https://cdn.ttapi.io/suno/20260525/c64cf15b7175485ba8c5a67ef5521311.mp3,https://cdn.ttapi.io/suno/20260525/48065f3edc9b440bb7456ba9f32c8fe5.mp3,audio/jazz/31208784-5dc0-43ae-a977-69bb600f4e5c_1.mp3,audio/jazz/31208784-5dc0-43ae-a977-69bb600f4e5c_2.mp3,jazz,2026-05-25T19:46:20.163768+00:00,2026-05-25T19:49:28.099385+00:00,
ec482833-c106-4848-a53c-5551dff55d5c,jazz,hard bop,"hard bop jazz, meditative atmosphere, featuring double bass and brushed drums","jazz, fusion, electric",chirp-v4-5+,done,7bc70a60-1a32-4dc3-9bb6-02684f455f4e,0d9efb99-be79-4df3-8e03-c28c94431444,5123a09d-120f-453f-b5ca-90cfcc0d5443,https://cdn.ttapi.io/suno/20260525/80320394763042fbaa6a1e8f75f072c9.mp3,https://cdn.ttapi.io/suno/20260525/5807636a416948d08ffef6f3d1624eae.mp3,audio/jazz/ec482833-c106-4848-a53c-5551dff55d5c_1.mp3,audio/jazz/ec482833-c106-4848-a53c-5551dff55d5c_2.mp3,jazz,2026-05-25T19:46:27.818882+00:00,2026-05-25T19:49:20.778487+00:00,
ac04e35d-c3b6-4b26-ae5c-6d6f2112edd9,jazz,free jazz,"free jazz, meditative atmosphere, featuring double bass and brushed drums","jazz, saxophone, piano",chirp-v4-5+,done,56790508-e693-4623-937d-260b8935ff6b,287e0f4e-55aa-42c2-9788-f51b71322455,04a8c4b9-7e6c-418f-ba46-d5d4217c237f,https://cdn.ttapi.io/suno/20260525/6f2cef4cd92147f1a87b1a5ebdcc06ba.mp3,https://cdn.ttapi.io/suno/20260525/40c19af0adb54f3fa84114d652a920a5.mp3,audio/jazz/ac04e35d-c3b6-4b26-ae5c-6d6f2112edd9_1.mp3,audio/jazz/ac04e35d-c3b6-4b26-ae5c-6d6f2112edd9_2.mp3,jazz,2026-05-25T19:46:47.328531+00:00,2026-05-25T19:49:36.930582+00:00,
e868122d-4b71-4311-9c2a-a4544f4771e1,jazz,latin jazz,"latin jazz, meditative atmosphere, featuring double bass and brushed drums","jazz, trumpet, swing",chirp-v4-5+,done,15ac697f-9fc9-4faf-9033-f4c4d8506318,17d2de87-4997-4e6d-ac5c-1060d22f5319,de6dba9d-a2d7-41e9-af68-dc7aea21a1b3,https://cdn.ttapi.io/suno/20260525/ec13374e2cf64e4cb6d094713792382d.mp3,https://cdn.ttapi.io/suno/20260525/b50dd9fe39844341b1b4d10b6cf843cb.mp3,audio/jazz/e868122d-4b71-4311-9c2a-a4544f4771e1_1.mp3,audio/jazz/e868122d-4b71-4311-9c2a-a4544f4771e1_2.mp3,jazz,2026-05-25T19:46:48.611257+00:00,2026-05-25T19:49:37.045309+00:00,
08397b26-a464-4ceb-a1d7-7c78f90fd6d9,jazz,swing,"swing jazz, meditative atmosphere, featuring double bass and brushed drums","jazz, bass, drums",chirp-v4-5+,done,e56016b1-6153-49dc-b625-e4749598fd5a,ce512bef-2c05-4994-a4a9-6d2f2ac28461,8eab36cf-3432-4356-87c5-90caf542496d,https://cdn.ttapi.io/suno/20260525/3b36be25d5834e7c812b7c0f9cb9c1e7.mp3,https://cdn.ttapi.io/suno/20260525/72b26f1521ce49e081498b617f48aa0b.mp3,audio/jazz/08397b26-a464-4ceb-a1d7-7c78f90fd6d9_1.mp3,audio/jazz/08397b26-a464-4ceb-a1d7-7c78f90fd6d9_2.mp3,jazz,2026-05-25T19:46:54.571863+00:00,2026-05-25T19:49:13.690939+00:00,
c8af3b71-6251-4c40-a832-a0f6e945af99,jazz,modal jazz,"modal jazz, meditative atmosphere, featuring double bass and brushed drums","jazz, guitar, bossa nova",chirp-v4-5+,done,209721a8-0987-457f-9b02-5997a92a712c,fe6fc245-9c2b-47eb-b9ce-109a16deae22,90253a73-7411-4768-932d-f40f957a67f1,https://cdn.ttapi.io/suno/20260525/fed445145f9e464ca0cbb215a783201f.mp3,https://cdn.ttapi.io/suno/20260525/72e77c16fc2041e9839caa54b7ba0679.mp3,audio/jazz/c8af3b71-6251-4c40-a832-a0f6e945af99_1.mp3,audio/jazz/c8af3b71-6251-4c40-a832-a0f6e945af99_2.mp3,jazz,2026-05-25T19:46:55.817274+00:00,2026-05-25T19:49:57.593657+00:00,
39ad98bb-d14f-4d0c-a5f4-f142bd5216de,jazz,post-bop,"post-bop jazz, meditative atmosphere, featuring double bass and brushed drums","jazz, fusion, electric",chirp-v4-5+,done,9654ee32-7989-442b-8d19-01d197c2ba04,86532472-cf5d-4433-bf02-354bca685050,c6efdf80-e004-44df-a8e7-5af0bf3a9494,https://cdn.ttapi.io/suno/20260525/b0ce20183b8b4e1b80437a7553b6431c.mp3,https://cdn.ttapi.io/suno/20260525/544bdf947c29476795c986a72e930446.mp3,audio/jazz/39ad98bb-d14f-4d0c-a5f4-f142bd5216de_1.mp3,audio/jazz/39ad98bb-d14f-4d0c-a5f4-f142bd5216de_2.mp3,jazz,2026-05-25T19:46:57.007983+00:00,2026-05-25T19:50:05.552774+00:00,
16cdf2db-5377-488a-ac09-07140571df77,jazz,bebop,"bebop jazz, playful atmosphere, featuring double bass and brushed drums","jazz, saxophone, piano",chirp-v4-5+,done,22f184de-a478-443e-bc18-c8116cb96cc8,1da992b0-8379-4274-a014-2a6abb8d2856,518c657f-f8de-4212-8942-b7d029c1c0df,https://cdn.ttapi.io/suno/20260525/4a7cc7fa47834a5a8e63a8381a2af3c1.mp3,https://cdn.ttapi.io/suno/20260525/ffee84fcc0304cb08e1bfd5c789b2c77.mp3,audio/jazz/16cdf2db-5377-488a-ac09-07140571df77_1.mp3,audio/jazz/16cdf2db-5377-488a-ac09-07140571df77_2.mp3,jazz,2026-05-25T19:46:58.290463+00:00,2026-05-25T19:49:37.313495+00:00,
b614985d-2cda-45c8-a7f3-79dc32640c3c,jazz,cool jazz,"cool jazz, playful atmosphere, featuring double bass and brushed drums","jazz, trumpet, swing",chirp-v4-5+,done,8479e83e-023e-4c0c-93b5-53f188142bb5,c54101bb-529b-4329-b68c-c2894fa745c3,551e0794-71b3-4c36-b289-7599d0831728,https://cdn.ttapi.io/suno/20260525/3277e0e6ff414a50ad529696054d6c78.mp3,https://cdn.ttapi.io/suno/20260525/5e23a8489ee5438e9d28314c6b6e8d29.mp3,audio/jazz/b614985d-2cda-45c8-a7f3-79dc32640c3c_1.mp3,audio/jazz/b614985d-2cda-45c8-a7f3-79dc32640c3c_2.mp3,jazz,2026-05-25T19:47:04.399458+00:00,2026-05-25T19:49:37.411324+00:00,
49f8b9f7-8399-4ead-bb33-64aeace98015,jazz,fusion,"fusion jazz, playful atmosphere, featuring double bass and brushed drums","jazz, bass, drums",chirp-v4-5+,done,c8410f5d-f550-4fcb-ba89-7e61a1a4643c,fe2cff94-4e89-41c6-92d3-ac9efd253060,537d75d4-90a2-443d-9e69-697d07a56cbe,https://cdn.ttapi.io/suno/20260525/c0dba7518a7a426e9032de6acd7099c2.mp3,https://cdn.ttapi.io/suno/20260525/1eecebbf7e2f4873afb53f79a19ac9cd.mp3,audio/jazz/49f8b9f7-8399-4ead-bb33-64aeace98015_1.mp3,audio/jazz/49f8b9f7-8399-4ead-bb33-64aeace98015_2.mp3,jazz,2026-05-25T19:47:05.648501+00:00,2026-05-25T19:49:50.682725+00:00,
b4687979-01cd-456a-8d37-2b5d61abd15e,jazz,smooth jazz,"smooth jazz, playful atmosphere, featuring double bass and brushed drums","jazz, guitar, bossa nova",chirp-v4-5+,done,adb2795b-31f9-48fc-b922-143df84c5e9d,2b9bc7c7-3d93-48de-a79d-cc0ccff832a3,8569aa8d-f2df-4b6b-874f-40f1b3168d51,https://cdn.ttapi.io/suno/20260525/fc98cd42f721479882ff9788dc5f0e63.mp3,https://cdn.ttapi.io/suno/20260525/815f58c96ade40758e8621867f97ddd3.mp3,audio/jazz/b4687979-01cd-456a-8d37-2b5d61abd15e_1.mp3,audio/jazz/b4687979-01cd-456a-8d37-2b5d61abd15e_2.mp3,jazz,2026-05-25T19:47:06.928615+00:00,2026-05-25T19:50:05.708967+00:00,
97292475-9bfc-4832-b6d6-146359c8f3a5,jazz,hard bop,"hard bop jazz, playful atmosphere, featuring double bass and brushed drums","jazz, fusion, electric",chirp-v4-5+,done,0a7d7c43-2f44-4b2a-981f-0daa38eee8b2,82de64f9-a55c-436e-b85a-32bb27c64d03,d62fa25a-ca34-43e3-bab9-b0a2fc39ab54,https://cdn.ttapi.io/suno/20260525/0d7e3a64f8e64f97963cc770d3cb05ed.mp3,https://cdn.ttapi.io/suno/20260525/ff296328ab1a4c089736a5d017259160.mp3,audio/jazz/97292475-9bfc-4832-b6d6-146359c8f3a5_1.mp3,audio/jazz/97292475-9bfc-4832-b6d6-146359c8f3a5_2.mp3,jazz,2026-05-25T19:47:08.200118+00:00,2026-05-25T19:49:50.887396+00:00,
046ef00b-887f-457a-86a9-7798f804616d,jazz,free jazz,"free jazz, playful atmosphere, featuring double bass and brushed drums","jazz, saxophone, piano",chirp-v4-5+,done,532bf4bd-3122-40a2-9eda-eb2a92b5751c,0d648a7e-48f3-49e9-8513-5cea83ae0a86,8487fa51-7503-4741-9fd0-49f1c3326f49,https://cdn.ttapi.io/suno/20260525/e1720822b04b43bfb5780fa6e59e38eb.mp3,https://cdn.ttapi.io/suno/20260525/559f505b0d1345908fc185a6fbb6a118.mp3,audio/jazz/046ef00b-887f-457a-86a9-7798f804616d_1.mp3,audio/jazz/046ef00b-887f-457a-86a9-7798f804616d_2.mp3,jazz,2026-05-25T19:47:39.917977+00:00,2026-05-25T19:49:29.090643+00:00,
1afb69f7-29a4-4b66-8aea-5e277c507c6a,jazz,latin jazz,"latin jazz, playful atmosphere, featuring double bass and brushed drums","jazz, trumpet, swing",chirp-v4-5+,done,76a5ec05-a739-428a-8431-9c1b3c018722,87e7c099-3805-4edf-9232-e377b2543872,3538de5c-9ca9-4881-a5cb-e90c821497c9,https://cdn.ttapi.io/suno/20260525/29c493a294ff415a8298d37d1c6e0cf8.mp3,https://cdn.ttapi.io/suno/20260525/ba30eb069ba449c3be363255059fcb20.mp3,audio/jazz/1afb69f7-29a4-4b66-8aea-5e277c507c6a_1.mp3,audio/jazz/1afb69f7-29a4-4b66-8aea-5e277c507c6a_2.mp3,jazz,2026-05-25T19:47:41.199503+00:00,2026-05-25T19:49:21.887348+00:00,
f32318c1-4441-4a73-8d15-a42fef3d016c,jazz,swing,"swing jazz, playful atmosphere, featuring double bass and brushed drums","jazz, bass, drums",chirp-v4-5+,done,467e056b-8bcd-44c4-9960-f3e16f63c148,a9635296-22c0-4790-b50b-bb087d0ab043,4f72e50f-890f-4327-acb0-70d715ac4410,https://cdn.ttapi.io/suno/20260525/8d13443e674c40b1b1f1d4dde7efeb3d.mp3,https://cdn.ttapi.io/suno/20260525/4b758b8762a842e7a125413e937dfc43.mp3,audio/jazz/f32318c1-4441-4a73-8d15-a42fef3d016c_1.mp3,audio/jazz/f32318c1-4441-4a73-8d15-a42fef3d016c_2.mp3,jazz,2026-05-25T19:47:42.543918+00:00,2026-05-25T19:49:29.237795+00:00,
c572f8e3-6980-4c91-9ea1-d9ec3b1e8bdb,jazz,modal jazz,"modal jazz, playful atmosphere, featuring double bass and brushed drums","jazz, guitar, bossa nova",chirp-v4-5+,done,be457bdb-c4d2-4ad9-a3ed-fce0e54758bb,aa4e36c1-bb3a-4562-8e2b-6f05cdd7c43b,7117d01c-7348-482a-9b9a-09351db28156,https://cdn.ttapi.io/suno/20260525/7a498d283f5a4b179fdcc615533ee903.mp3,https://cdn.ttapi.io/suno/20260525/c59e50166cec4bdca2f3cfadc9fb6110.mp3,audio/jazz/c572f8e3-6980-4c91-9ea1-d9ec3b1e8bdb_1.mp3,audio/jazz/c572f8e3-6980-4c91-9ea1-d9ec3b1e8bdb_2.mp3,jazz,2026-05-25T19:48:49.615588+00:00,2026-05-25T19:50:14.676539+00:00,
f4099517-9dd7-44e4-b1e4-ff15b62c2b46,jazz,post-bop,"post-bop jazz, playful atmosphere, featuring double bass and brushed drums","jazz, fusion, electric",chirp-v4-5+,done,03311a6c-7f20-409e-a10e-80f0add09265,14b219e2-2163-4333-92d3-759859d1d275,87fb8443-ee7a-4016-b0c6-1e267e2055f7,https://cdn.ttapi.io/suno/20260525/556fdd632c3f4cada99463fe36f5751d.mp3,https://cdn.ttapi.io/suno/20260525/6ba9bb1a162c4c52981c788f3d77e134.mp3,audio/jazz/f4099517-9dd7-44e4-b1e4-ff15b62c2b46_1.mp3,audio/jazz/f4099517-9dd7-44e4-b1e4-ff15b62c2b46_2.mp3,jazz,2026-05-25T19:49:09.311280+00:00,2026-05-25T19:50:53.543244+00:00,
45565b5d-582f-49ce-990c-eab318571bda,jazz,bebop,"bebop jazz, late-night atmosphere, featuring muted trumpet quartet","jazz, saxophone, piano",chirp-v4-5+,done,1fd0be5b-edb2-4690-8692-d21e41aa54f5,153c691c-1bb0-4e06-b31d-c9836c91d89d,3ed06094-e0ce-4e2a-8300-f4348748ca65,https://cdn.ttapi.io/suno/20260525/755bc012842d4acebb588ebf3d3c0462.mp3,https://cdn.ttapi.io/suno/20260525/cc01dc9421e24124b46658ac859b82a2.mp3,audio/jazz/45565b5d-582f-49ce-990c-eab318571bda_1.mp3,audio/jazz/45565b5d-582f-49ce-990c-eab318571bda_2.mp3,jazz,2026-05-25T19:49:10.604633+00:00,2026-05-25T19:50:34.134373+00:00,
a2246645-ee44-4e2c-99fc-3d79d38cdfdc,jazz,cool jazz,"cool jazz, late-night atmosphere, featuring muted trumpet quartet","jazz, trumpet, swing",chirp-v4-5+,done,7897e62a-8138-41b8-b68f-c0d1cd215311,9575e4ee-b146-49c6-aa24-b28bf0b9e230,48ea34ee-0ce1-4a96-ba17-31ef3943d983,https://cdn.ttapi.io/suno/20260525/3d2a1764b1da43ad82c175c8df8eef9a.mp3,https://cdn.ttapi.io/suno/20260525/11f696a2d4a24a35b6f4a327d0b73be5.mp3,audio/jazz/a2246645-ee44-4e2c-99fc-3d79d38cdfdc_1.mp3,audio/jazz/a2246645-ee44-4e2c-99fc-3d79d38cdfdc_2.mp3,jazz,2026-05-25T19:49:18.558938+00:00,2026-05-25T19:50:53.719773+00:00,
14c7dce5-1318-4574-8b81-6b997f71791f,jazz,fusion,"fusion jazz, late-night atmosphere, featuring muted trumpet quartet","jazz, bass, drums",chirp-v4-5+,done,38a5ba19-2984-4096-88a8-dcb0e8216931,2045ab52-5190-470a-852a-61e63dd0c56f,5e2c4c16-c915-466c-97ee-5eca4957de74,https://cdn.ttapi.io/suno/20260525/d37aa9094447425c925e4acf510f92f9.mp3,https://cdn.ttapi.io/suno/20260525/252b9c3731ff485bbdc9fffaabd861d1.mp3,audio/jazz/14c7dce5-1318-4574-8b81-6b997f71791f_1.mp3,audio/jazz/14c7dce5-1318-4574-8b81-6b997f71791f_2.mp3,jazz,2026-05-25T19:49:19.849148+00:00,2026-05-25T19:51:39.301751+00:00,
5826b655-2eb2-4c7a-860c-b61baa164d21,jazz,smooth jazz,"smooth jazz, late-night atmosphere, featuring muted trumpet quartet","jazz, guitar, bossa nova",chirp-v4-5+,done,1107f0b6-8231-4e45-befa-3fd15c3e2d46,8f662608-0293-4cd3-b7b5-76fbcb7c0200,a85af7f1-3caa-466e-87a9-1ae821fbe063,https://cdn.ttapi.io/suno/20260525/0ee7edb7d9614e299160070a4378206a.mp3,https://cdn.ttapi.io/suno/20260525/e23362098f4a473e9e8a1d2818e14c16.mp3,audio/jazz/5826b655-2eb2-4c7a-860c-b61baa164d21_1.mp3,audio/jazz/5826b655-2eb2-4c7a-860c-b61baa164d21_2.mp3,jazz,2026-05-25T19:49:26.018165+00:00,2026-05-25T19:51:07.557048+00:00,
bacbc0e6-d3c5-44c9-9216-7969c90da3fb,jazz,hard bop,"hard bop jazz, late-night atmosphere, featuring muted trumpet quartet","jazz, fusion, electric",chirp-v4-5+,done,fe229f0c-85a7-4654-b3b4-2f78663d1951,161be693-b8d1-4c88-81bf-ea02eacac744,b1604bd8-6d47-4628-b87a-577a9e39a624,https://cdn.ttapi.io/suno/20260525/a8eb9571cdeb4daa9972eeae70d12fd7.mp3,https://cdn.ttapi.io/suno/20260525/b563a1211a9946809a6d36a093076419.mp3,audio/jazz/bacbc0e6-d3c5-44c9-9216-7969c90da3fb_1.mp3,audio/jazz/bacbc0e6-d3c5-44c9-9216-7969c90da3fb_2.mp3,jazz,2026-05-25T19:49:27.305190+00:00,2026-05-25T19:50:54.032040+00:00,
62655384-a832-48fc-91d5-046e70f5ce74,jazz,free jazz,"free jazz, late-night atmosphere, featuring muted trumpet quartet","jazz, saxophone, piano",chirp-v4-5+,done,3d5d3cd2-c95e-4abc-bf72-5c696dea93ed,08cbcbaf-a347-4eab-9f90-5b0b01503e92,019200c9-79aa-49e8-bc10-314fd5ff197d,https://cdn.ttapi.io/suno/20260525/cb3676d19c1646e7b06f0a68692619d7.mp3,https://cdn.ttapi.io/suno/20260525/1f4af0fcda284551bf88da9959f1251a.mp3,audio/jazz/62655384-a832-48fc-91d5-046e70f5ce74_1.mp3,audio/jazz/62655384-a832-48fc-91d5-046e70f5ce74_2.mp3,jazz,2026-05-25T19:49:33.454475+00:00,2026-05-25T19:50:54.183941+00:00,
c380cc3c-62f5-4181-8aba-8b938c5485a9,jazz,latin jazz,"latin jazz, late-night atmosphere, featuring muted trumpet quartet","jazz, trumpet, swing",chirp-v4-5+,done,570f755a-177a-4e1a-a493-ef45e8c67e0b,15fc1ab9-78ed-4b87-a3b6-2a783d5a6cbd,0a4f3e90-b79d-49ad-9d1f-2291d20f0709,https://cdn.ttapi.io/suno/20260525/d49a2fe1e35147b7aa9caa4b94807645.mp3,https://cdn.ttapi.io/suno/20260525/e0a1a5fff6354f728deb69d43a9b33eb.mp3,audio/jazz/c380cc3c-62f5-4181-8aba-8b938c5485a9_1.mp3,audio/jazz/c380cc3c-62f5-4181-8aba-8b938c5485a9_2.mp3,jazz,2026-05-25T19:49:34.728379+00:00,2026-05-25T19:50:54.290614+00:00,
9f44ef4b-4ed3-497f-8b6b-03c52717d4cb,jazz,swing,"swing jazz, late-night atmosphere, featuring muted trumpet quartet","jazz, bass, drums",chirp-v4-5+,done,2ddec7c5-5393-4559-9b63-3c25f9057b18,758ccacf-a00a-437b-a47b-ed4e8fce21a8,7c64ddea-2d6d-4e6c-8d6e-5f2e26d60f6f,https://cdn.ttapi.io/suno/20260525/583cedfb016a4e6f9748d84f45877f45.mp3,https://cdn.ttapi.io/suno/20260525/2fa8280fc0d740509697e10f5a2f5f33.mp3,audio/jazz/9f44ef4b-4ed3-497f-8b6b-03c52717d4cb_1.mp3,audio/jazz/9f44ef4b-4ed3-497f-8b6b-03c52717d4cb_2.mp3,jazz,2026-05-25T19:49:36.040387+00:00,2026-05-25T19:51:07.701381+00:00,
ab85c4ad-e9f5-416b-acd4-d7593b25d597,jazz,modal jazz,"modal jazz, late-night atmosphere, featuring muted trumpet quartet","jazz, guitar, bossa nova",chirp-v4-5+,done,b4a5aded-fcf2-4089-acb3-4f5f8761acf2,53ae6037-709a-4f10-9a7d-5e12856407a3,fb420631-110c-4ae4-8524-543f0d61b40f,https://cdn.ttapi.io/suno/20260525/e9785f3d806d44d18e2f2d9aaaa7aa8b.mp3,https://cdn.ttapi.io/suno/20260525/86ee65907f2048f8af5b2f443b653734.mp3,audio/jazz/ab85c4ad-e9f5-416b-acd4-d7593b25d597_1.mp3,audio/jazz/ab85c4ad-e9f5-416b-acd4-d7593b25d597_2.mp3,jazz,2026-05-25T19:49:44.704237+00:00,2026-05-25T19:51:07.806598+00:00,
7f0c07e8-a2b3-4ad8-80c9-b36f7560a6fe,jazz,post-bop,"post-bop jazz, late-night atmosphere, featuring muted trumpet quartet","jazz, fusion, electric",chirp-v4-5+,done,dfedb4c1-af4a-471a-aa6e-02931ece6664,8009a7d8-157f-4f97-b475-308682a65b97,a26857e9-29ce-4afb-87e7-e185490871d4,https://cdn.ttapi.io/suno/20260525/b1aec16e4ef04a89ad28ef01c0da32cb.mp3,https://cdn.ttapi.io/suno/20260525/69062694b0fe49a399920df668d5f1ef.mp3,audio/jazz/7f0c07e8-a2b3-4ad8-80c9-b36f7560a6fe_1.mp3,audio/jazz/7f0c07e8-a2b3-4ad8-80c9-b36f7560a6fe_2.mp3,jazz,2026-05-25T19:49:45.973581+00:00,2026-05-25T19:51:07.904382+00:00,
29a0dae6-8d39-4388-97cb-4c39dff5cc09,jazz,bebop,"bebop jazz, melancholic atmosphere, featuring muted trumpet quartet","jazz, saxophone, piano",chirp-v4-5+,done,cd66bb98-9571-4860-9d06-1ecfeccda3d8,3ff9d231-ca21-40a6-9326-93712f574688,e1c75e63-30a0-4f5c-aec6-c765da97eeee,https://cdn.ttapi.io/suno/20260525/d6d1d7013cd34765ac1a3e931003d303.mp3,https://cdn.ttapi.io/suno/20260525/4cf9261572cf48f88cc6db63d51efc54.mp3,audio/jazz/29a0dae6-8d39-4388-97cb-4c39dff5cc09_1.mp3,audio/jazz/29a0dae6-8d39-4388-97cb-4c39dff5cc09_2.mp3,jazz,2026-05-25T19:49:47.238905+00:00,2026-05-25T19:51:17.646194+00:00,
a29b6003-67d4-4470-82c0-fa2e64637278,jazz,cool jazz,"cool jazz, melancholic atmosphere, featuring muted trumpet quartet","jazz, trumpet, swing",chirp-v4-5+,done,6f969240-f4ad-4be3-b71a-48ad2a0c6c21,5192c5b3-8a86-43e5-af8d-f3e222e31c9b,0ac8f5b0-d9a6-46d8-ad30-f7199a2fbb87,https://cdn.ttapi.io/suno/20260525/2ad672b0abc540b79fba921b217005e2.mp3,https://cdn.ttapi.io/suno/20260525/743fbef7ea42476699a72b140f0c93b5.mp3,audio/jazz/a29b6003-67d4-4470-82c0-fa2e64637278_1.mp3,audio/jazz/a29b6003-67d4-4470-82c0-fa2e64637278_2.mp3,jazz,2026-05-25T19:49:48.507360+00:00,2026-05-25T19:51:27.649794+00:00,
be210422-8bb6-4a15-a938-5d9133f375c4,jazz,fusion,"fusion jazz, melancholic atmosphere, featuring muted trumpet quartet","jazz, bass, drums",chirp-v4-5+,done,e6d03e16-cff0-437c-bf7f-f5a0b1161f0f,546c90b4-c327-47c8-81fc-4399db4ac41a,a2e68831-d74b-41de-b7ba-679b40ed517d,https://cdn.ttapi.io/suno/20260525/bdc974ae707f4007b292557d8ecd4a48.mp3,https://cdn.ttapi.io/suno/20260525/0d805ef0d10d4b1f8901023c24c971ab.mp3,audio/jazz/be210422-8bb6-4a15-a938-5d9133f375c4_1.mp3,audio/jazz/be210422-8bb6-4a15-a938-5d9133f375c4_2.mp3,jazz,2026-05-25T19:49:49.773552+00:00,2026-05-25T19:51:17.903194+00:00,
6e5c5b95-6180-49ab-935b-d1b85dd8b1e1,jazz,smooth jazz,"smooth jazz, melancholic atmosphere, featuring muted trumpet quartet","jazz, guitar, bossa nova",chirp-v4-5+,done,18b55def-a24b-4dbe-ae8d-ca546328a3bc,f7c39294-685c-4b0a-8a80-2487208e10db,98221e1c-d906-4751-9234-f15cc6caf629,https://cdn.ttapi.io/suno/20260525/ff3f7f082f1845b2b84563f58c8517ed.mp3,https://cdn.ttapi.io/suno/20260525/2832e16f17f04130a99f92000cf57f17.mp3,audio/jazz/6e5c5b95-6180-49ab-935b-d1b85dd8b1e1_1.mp3,audio/jazz/6e5c5b95-6180-49ab-935b-d1b85dd8b1e1_2.mp3,jazz,2026-05-25T19:49:55.624429+00:00,2026-05-25T19:51:59.095085+00:00,
c642dc63-a748-472f-8f9a-3b4942bd4b39,jazz,hard bop,"hard bop jazz, melancholic atmosphere, featuring muted trumpet quartet","jazz, fusion, electric",chirp-v4-5+,done,e30ad27f-f23d-48f6-8c39-46a7f25ec7d5,e7e351ff-dc04-4d90-801c-80de83465205,fa276bd7-2475-4727-9b20-d0326e00abfd,https://cdn.ttapi.io/suno/20260525/de3c8657b3f44b78bdb920ec4edfd7c2.mp3,https://cdn.ttapi.io/suno/20260525/61b96a2b1aba44ffa72cfd06beedc0e5.mp3,audio/jazz/c642dc63-a748-472f-8f9a-3b4942bd4b39_1.mp3,audio/jazz/c642dc63-a748-472f-8f9a-3b4942bd4b39_2.mp3,jazz,2026-05-25T19:49:56.906127+00:00,2026-05-25T19:51:18.089442+00:00,
47199629-a652-4761-8bbf-e0296f110492,jazz,free jazz,"free jazz, melancholic atmosphere, featuring muted trumpet quartet","jazz, saxophone, piano",chirp-v4-5+,done,60b7c846-6478-4573-a366-17139bdda606,e2bdfa2c-0a13-432e-bd77-f2785268649d,30fd590a-faa6-4732-b28f-136599227e66,https://cdn.ttapi.io/suno/20260525/2431d1534ac64d9c8547ed2c7d62044f.mp3,https://cdn.ttapi.io/suno/20260525/dc614707d6d34bc598a526c09280cb1c.mp3,audio/jazz/47199629-a652-4761-8bbf-e0296f110492_1.mp3,audio/jazz/47199629-a652-4761-8bbf-e0296f110492_2.mp3,jazz,2026-05-25T19:50:03.033337+00:00,2026-05-25T19:51:59.320153+00:00,
bda02c77-eff9-4cb7-8994-9f96aab8cc10,jazz,latin jazz,"latin jazz, melancholic atmosphere, featuring muted trumpet quartet","jazz, trumpet, swing",chirp-v4-5+,done,89924530-8dab-436d-8d09-c53fa8da4791,1b3cb390-32d7-42be-a2db-732f9fb13527,a80f6205-2e39-472c-9af6-5b6f0c79a260,https://cdn.ttapi.io/suno/20260525/0b90abbda1f24f0a9debe6753aaccc3c.mp3,https://cdn.ttapi.io/suno/20260525/0cacefb47fad478bace62e3ccedf0e82.mp3,audio/jazz/bda02c77-eff9-4cb7-8994-9f96aab8cc10_1.mp3,audio/jazz/bda02c77-eff9-4cb7-8994-9f96aab8cc10_2.mp3,jazz,2026-05-25T19:50:10.785658+00:00,2026-05-25T19:51:33.787233+00:00,
3b206cf1-efc7-46aa-9bd7-b92fbe0a4049,jazz,swing,"swing jazz, melancholic atmosphere, featuring muted trumpet quartet","jazz, bass, drums",chirp-v4-5+,done,e539c3ec-60f3-4301-8379-88b949a9eae9,9c002cc9-a569-4001-b907-cbca82c47708,9ec908ff-b21f-466a-b9d7-ed8fa0499976,https://cdn.ttapi.io/suno/20260525/1ca32f3c708f4b1790ae46a11a45f596.mp3,https://cdn.ttapi.io/suno/20260525/96cca4b187ae4005a05dc0b785a66f95.mp3,audio/jazz/3b206cf1-efc7-46aa-9bd7-b92fbe0a4049_1.mp3,audio/jazz/3b206cf1-efc7-46aa-9bd7-b92fbe0a4049_2.mp3,jazz,2026-05-25T19:50:12.213984+00:00,2026-05-25T19:51:18.379031+00:00,
9a809c96-140a-4ca5-a3a2-2fa99684e7d8,jazz,modal jazz,"modal jazz, melancholic atmosphere, featuring muted trumpet quartet","jazz, guitar, bossa nova",chirp-v4-5+,done,8239aef3-c5f6-4a56-9a52-95770cd3e480,1e22bb1c-4e5b-4662-baff-c3fc7680c650,6160746a-c6e0-46f4-8e1d-6753d99c25b0,https://cdn.ttapi.io/suno/20260525/f63abad6c9ad407db0e4fee49087d107.mp3,https://cdn.ttapi.io/suno/20260525/a467952ddd874698b2cb4029d4737f8b.mp3,audio/jazz/9a809c96-140a-4ca5-a3a2-2fa99684e7d8_1.mp3,audio/jazz/9a809c96-140a-4ca5-a3a2-2fa99684e7d8_2.mp3,jazz,2026-05-25T19:50:19.740975+00:00,2026-05-25T19:52:06.552307+00:00,
3143679a-6c2d-4095-a078-f61e75689fbc,jazz,post-bop,"post-bop jazz, melancholic atmosphere, featuring muted trumpet quartet","jazz, fusion, electric",chirp-v4-5+,done,fe88ef79-c56f-41f6-9517-1aeb986512ed,464031e3-12ae-49d9-a470-79a3e1b10f9a,d2332f6e-5805-40d0-aa9b-c3300cd8e819,https://cdn.ttapi.io/suno/20260525/3da55f92c0d44634999b3476909f20a4.mp3,https://cdn.ttapi.io/suno/20260525/2b3661871af0439ca909a87357f5321e.mp3,audio/jazz/3143679a-6c2d-4095-a078-f61e75689fbc_1.mp3,audio/jazz/3143679a-6c2d-4095-a078-f61e75689fbc_2.mp3,jazz,2026-05-25T19:50:39.239543+00:00,2026-05-25T19:52:06.713644+00:00,
5781c329-8a48-42cd-bf87-ccce60cd2e15,jazz,bebop,"bebop jazz, uplifting atmosphere, featuring muted trumpet quartet","jazz, saxophone, piano",chirp-v4-5+,done,1b4d1e17-3e18-4735-ab16-6892b4c590d9,c68d5abd-2aba-49b0-beae-75bb47899a41,1cdc0e4b-f1e3-45e1-a2fa-66ace07f305e,https://cdn.ttapi.io/suno/20260525/4625ac35ce304443a0ee5e590914e96e.mp3,https://cdn.ttapi.io/suno/20260525/bfb297dffcd14f18bef77d969982ba8e.mp3,audio/jazz/5781c329-8a48-42cd-bf87-ccce60cd2e15_1.mp3,audio/jazz/5781c329-8a48-42cd-bf87-ccce60cd2e15_2.mp3,jazz,2026-05-25T19:51:01.708216+00:00,2026-05-25T19:52:35.017706+00:00,
30b67097-34a8-4a23-8ae8-011bc7e3b1f5,jazz,cool jazz,"cool jazz, uplifting atmosphere, featuring muted trumpet quartet","jazz, trumpet, swing",chirp-v4-5+,done,9abce928-a2a0-481e-becc-b222655c88af,7db1ca4d-4dec-46c7-8a6e-e47a029929e5,aff181ea-3101-40f0-af39-721af7808212,https://cdn.ttapi.io/suno/20260525/a34cae41fb194b5ab127c455f2060418.mp3,https://cdn.ttapi.io/suno/20260525/83df2dde18c744f99a9c1a40ca3769d1.mp3,audio/jazz/30b67097-34a8-4a23-8ae8-011bc7e3b1f5_1.mp3,audio/jazz/30b67097-34a8-4a23-8ae8-011bc7e3b1f5_2.mp3,jazz,2026-05-25T19:51:03.032603+00:00,2026-05-25T19:52:52.945434+00:00,
d9aa30bc-df43-4271-bcb6-7b324fe0703d,jazz,fusion,"fusion jazz, uplifting atmosphere, featuring muted trumpet quartet","jazz, bass, drums",chirp-v4-5+,done,3c8e26c6-e148-431f-aa6b-9b271d6299dd,5e507bd9-3c5b-4e85-9f29-29961767d80f,e3b5daab-50e8-46a0-874e-a3f3905bab32,https://cdn.ttapi.io/suno/20260525/dcd274f0e4de460f99de97427ac66431.mp3,https://cdn.ttapi.io/suno/20260525/1e5c1839d98145fdaa00c87a16e3fac0.mp3,audio/jazz/d9aa30bc-df43-4271-bcb6-7b324fe0703d_1.mp3,audio/jazz/d9aa30bc-df43-4271-bcb6-7b324fe0703d_2.mp3,jazz,2026-05-25T19:51:04.310213+00:00,2026-05-25T19:52:35.267654+00:00,
ee3fbee2-474f-46ae-92ba-1b9f29a95d06,jazz,smooth jazz,"smooth jazz, uplifting atmosphere, featuring muted trumpet quartet","jazz, guitar, bossa nova",chirp-v4-5+,done,dc72a580-1221-49a0-b2bd-dbfd9a2a27cd,28fa70f4-705d-482b-8551-a5194a1231e0,15a8302d-5ee5-4a63-8c35-b6819d151913,https://cdn.ttapi.io/suno/20260525/a9b04637294c4cf1b006f67fe25ba432.mp3,https://cdn.ttapi.io/suno/20260525/5eeeea665bcd498ead8d546a0ff5671b.mp3,audio/jazz/ee3fbee2-474f-46ae-92ba-1b9f29a95d06_1.mp3,audio/jazz/ee3fbee2-474f-46ae-92ba-1b9f29a95d06_2.mp3,jazz,2026-05-25T19:51:05.530489+00:00,2026-05-25T19:52:35.363618+00:00,
47e1006d-3f12-44ea-9184-ba82f7f1309c,jazz,hard bop,"hard bop jazz, uplifting atmosphere, featuring muted trumpet quartet","jazz, fusion, electric",chirp-v4-5+,done,6dcf03a0-8174-4862-b42f-7c585510ec94,798c8264-8c41-4fe7-8a6c-3078ba0eec8b,06932c86-34c9-438f-8300-f71ec3e2d637,https://cdn.ttapi.io/suno/20260525/02250e4c4f8843a6a0e6de791399e2cd.mp3,https://cdn.ttapi.io/suno/20260525/ff3dc79643f44a87951f8262818de3e8.mp3,audio/jazz/47e1006d-3f12-44ea-9184-ba82f7f1309c_1.mp3,audio/jazz/47e1006d-3f12-44ea-9184-ba82f7f1309c_2.mp3,jazz,2026-05-25T19:51:06.799695+00:00,2026-05-25T19:52:35.459166+00:00,
5a534147-4775-43c2-a7ca-2c9a71681993,jazz,free jazz,"free jazz, uplifting atmosphere, featuring muted trumpet quartet","jazz, saxophone, piano",chirp-v4-5+,done,df1655d6-5e0c-4830-a9e6-481884fb1c01,b28c8f5a-655b-4664-a220-bf2e78e95335,b89c83e0-1b31-4dd6-9c51-23ceb208739b,https://cdn.ttapi.io/suno/20260525/8f581fcf6afa48e19206371907169272.mp3,https://cdn.ttapi.io/suno/20260525/1a1a16a50f4f4a78a5f1d5912cd7e48b.mp3,audio/jazz/5a534147-4775-43c2-a7ca-2c9a71681993_1.mp3,audio/jazz/5a534147-4775-43c2-a7ca-2c9a71681993_2.mp3,jazz,2026-05-25T19:51:12.964060+00:00,2026-05-25T19:53:08.750912+00:00,
b1fa7ff5-6e44-4107-b53c-a5ab3c80377e,jazz,latin jazz,"latin jazz, uplifting atmosphere, featuring muted trumpet quartet","jazz, trumpet, swing",chirp-v4-5+,done,5004f612-de91-45d6-b8f9-92c67d4c0b25,12b66f7d-f7ea-4fef-b640-b125d9f82da1,0c1297aa-4aa2-47b2-b121-e61589ab409a,https://cdn.ttapi.io/suno/20260525/1c0964a089a84b94ba60eb5f1146c048.mp3,https://cdn.ttapi.io/suno/20260525/3ae0e90ab4624317bc01f67a20f632cc.mp3,audio/jazz/b1fa7ff5-6e44-4107-b53c-a5ab3c80377e_1.mp3,audio/jazz/b1fa7ff5-6e44-4107-b53c-a5ab3c80377e_2.mp3,jazz,2026-05-25T19:51:14.233858+00:00,2026-05-25T19:52:53.210586+00:00,
b77b05e7-c1ad-476e-822b-02b7571de40c,jazz,swing,"swing jazz, uplifting atmosphere, featuring muted trumpet quartet","jazz, bass, drums",chirp-v4-5+,done,76de3ab6-1b25-4bec-ac96-ecf2c9940c01,105c043a-7fda-42d1-aae8-787578feafa2,cb305db7-755b-4691-9a3b-a48e0b0b1aa1,https://cdn.ttapi.io/suno/20260525/f6f340c8f34f4ad1aa78440eb96bffc6.mp3,https://cdn.ttapi.io/suno/20260525/4d5b384139194207aa926125377e4ebd.mp3,audio/jazz/b77b05e7-c1ad-476e-822b-02b7571de40c_1.mp3,audio/jazz/b77b05e7-c1ad-476e-822b-02b7571de40c_2.mp3,jazz,2026-05-25T19:51:15.510005+00:00,2026-05-25T19:52:28.400327+00:00,
4c9447ae-0607-4193-9cdf-c26e04e8e387,jazz,modal jazz,"modal jazz, uplifting atmosphere, featuring muted trumpet quartet","jazz, guitar, bossa nova",chirp-v4-5+,done,cbb6d7c8-e16b-4767-98ee-c742cd518b0f,ace5fed9-1481-46a9-a18a-651f61e75341,a563abf0-0538-45f5-b9c1-e1185e8e6037,https://cdn.ttapi.io/suno/20260525/c7d53aabf87e49b4bd9211c087641c1c.mp3,https://cdn.ttapi.io/suno/20260525/abd9321a1c874e0cb857efe9c7b55f71.mp3,audio/jazz/4c9447ae-0607-4193-9cdf-c26e04e8e387_1.mp3,audio/jazz/4c9447ae-0607-4193-9cdf-c26e04e8e387_2.mp3,jazz,2026-05-25T19:51:16.815030+00:00,2026-05-25T19:52:28.574433+00:00,
9eff29cf-1f6e-4b9b-ba96-f11b72c08702,jazz,post-bop,"post-bop jazz, uplifting atmosphere, featuring muted trumpet quartet","jazz, fusion, electric",chirp-v4-5+,done,bf8b6a59-c8bf-4902-8e37-6a1ffc8fa1a4,aa82ca63-59aa-4904-8533-9cbe1d30edad,0fc95e8f-4368-4274-a522-1f5f0b803646,https://cdn.ttapi.io/suno/20260525/7c5833d7449840cc8aaf69564fdaf85e.mp3,https://cdn.ttapi.io/suno/20260525/cdad60bcd86245709c85b73d9f8ad3a6.mp3,audio/jazz/9eff29cf-1f6e-4b9b-ba96-f11b72c08702_1.mp3,audio/jazz/9eff29cf-1f6e-4b9b-ba96-f11b72c08702_2.mp3,jazz,2026-05-25T19:51:22.869692+00:00,2026-05-25T19:52:53.305535+00:00,
4168a297-762c-4e4a-acd7-316482181fee,jazz,bebop,"bebop jazz, relaxed atmosphere, featuring muted trumpet quartet","jazz, saxophone, piano",chirp-v4-5+,done,4395d320-c834-4036-99eb-75136763e280,410bf153-f702-4907-a3a7-4dc58bbc2f82,b5c6494d-659b-4efe-9af7-f7d9a162e6cb,https://cdn.ttapi.io/suno/20260525/0a26367e83da4d4da3909191dd8f0231.mp3,https://cdn.ttapi.io/suno/20260525/2929a98494a140d084c4a8d51a0e6de2.mp3,audio/jazz/4168a297-762c-4e4a-acd7-316482181fee_1.mp3,audio/jazz/4168a297-762c-4e4a-acd7-316482181fee_2.mp3,jazz,2026-05-25T19:51:24.257088+00:00,2026-05-25T19:53:31.105732+00:00,
d055d4a0-9ffe-4fb4-868f-a9149f1bf1ba,jazz,cool jazz,"cool jazz, relaxed atmosphere, featuring muted trumpet quartet","jazz, trumpet, swing",chirp-v4-5+,done,e04213f8-a8eb-4781-96a7-7c62571a7a24,289be3d7-3c22-4f9e-b3c5-b7d9e842447b,2cdea49a-080a-4fd9-87f2-dba2cb6abc3f,https://cdn.ttapi.io/suno/20260525/770b340e8e6b4d1fb93900371ac562ae.mp3,https://cdn.ttapi.io/suno/20260525/78c5d09e1b344bf6b7afcb28e05fcac5.mp3,audio/jazz/d055d4a0-9ffe-4fb4-868f-a9149f1bf1ba_1.mp3,audio/jazz/d055d4a0-9ffe-4fb4-868f-a9149f1bf1ba_2.mp3,jazz,2026-05-25T19:51:25.547921+00:00,2026-05-25T19:52:53.489814+00:00,
dbf70ad5-feae-4f12-8b85-54468f032619,jazz,fusion,"fusion jazz, relaxed atmosphere, featuring muted trumpet quartet","jazz, bass, drums",chirp-v4-5+,done,c0cc6337-d0d7-4698-bd63-f1d10b5cf2df,d154f5f9-d354-4bd4-b97b-0711e31d2290,d48efc00-7a53-4a8f-8c43-f5208fa69cb5,https://cdn.ttapi.io/suno/20260525/0cf3b3ee5c214c7e910ca233e63e3deb.mp3,https://cdn.ttapi.io/suno/20260525/f36bc8d52c414167a8c46000f69c78bb.mp3,audio/jazz/dbf70ad5-feae-4f12-8b85-54468f032619_1.mp3,audio/jazz/dbf70ad5-feae-4f12-8b85-54468f032619_2.mp3,jazz,2026-05-25T19:51:26.834292+00:00,2026-05-25T19:53:31.295179+00:00,
fcd5b957-d746-48a6-b587-548c628ecf95,jazz,smooth jazz,"smooth jazz, relaxed atmosphere, featuring muted trumpet quartet","jazz, guitar, bossa nova",chirp-v4-5+,done,43c06425-bc03-4bcc-95d4-f404600fef91,49429a09-4c27-4af6-ab75-812c57a595f8,83dba53e-3766-4d21-950d-161651172a00,https://cdn.ttapi.io/suno/20260525/1d2bca9c24354716926ebf321e568e5b.mp3,https://cdn.ttapi.io/suno/20260525/d3c96549588f43678571edf237395c26.mp3,audio/jazz/fcd5b957-d746-48a6-b587-548c628ecf95_1.mp3,audio/jazz/fcd5b957-d746-48a6-b587-548c628ecf95_2.mp3,jazz,2026-05-25T19:51:32.840288+00:00,2026-05-25T19:53:09.082225+00:00,
6f7413b2-f7c9-40cf-a7b6-c41b4dd1e9b9,jazz,hard bop,"hard bop jazz, relaxed atmosphere, featuring muted trumpet quartet","jazz, fusion, electric",chirp-v4-5+,done,9b0d295a-c0df-419e-81d5-5381fc9c4517,e24f41fd-c3d5-46af-9ea1-32ca1c3c0a3f,d75f1784-4847-4003-81d5-46c3d1c183f7,https://cdn.ttapi.io/suno/20260525/76f9678d90ee47a9a5757fb90bd1e2ce.mp3,https://cdn.ttapi.io/suno/20260525/1da9cdff3d524061b8498aabf757375d.mp3,audio/jazz/6f7413b2-f7c9-40cf-a7b6-c41b4dd1e9b9_1.mp3,audio/jazz/6f7413b2-f7c9-40cf-a7b6-c41b4dd1e9b9_2.mp3,jazz,2026-05-25T19:51:38.599728+00:00,2026-05-25T19:54:27.478608+00:00,
c20358c6-7d9e-471c-bef0-05625e29b58f,jazz,free jazz,"free jazz, relaxed atmosphere, featuring muted trumpet quartet","jazz, saxophone, piano",chirp-v4-5+,done,9b8e5225-f428-4430-b2c4-b4633999b366,9867b8cc-ce1c-4608-9295-531200736f95,f8a00f64-8dba-4e40-8d89-6d81da0f201c,https://cdn.ttapi.io/suno/20260525/ed8060adc15444e196abd62a4ad37a7e.mp3,https://cdn.ttapi.io/suno/20260525/e289b7a5b9ff44ff84237e66158d3c23.mp3,audio/jazz/c20358c6-7d9e-471c-bef0-05625e29b58f_1.mp3,audio/jazz/c20358c6-7d9e-471c-bef0-05625e29b58f_2.mp3,jazz,2026-05-25T19:51:44.774810+00:00,2026-05-25T19:53:09.305171+00:00,
b8552b64-5668-465e-b40d-3f429c2e934f,jazz,latin jazz,"latin jazz, relaxed atmosphere, featuring muted trumpet quartet","jazz, trumpet, swing",chirp-v4-5+,done,b123f939-74fa-4971-88b6-5f13120d9972,aa9d5cda-895b-4fa7-bb13-3f43eceb4ea3,f0dc3b03-784e-43e0-bda1-316044998ba9,https://cdn.ttapi.io/suno/20260525/946c704784244da09d550b9a3a043ff6.mp3,https://cdn.ttapi.io/suno/20260525/2e8b263a4a1547a8bf44fd890966b591.mp3,audio/jazz/b8552b64-5668-465e-b40d-3f429c2e934f_1.mp3,audio/jazz/b8552b64-5668-465e-b40d-3f429c2e934f_2.mp3,jazz,2026-05-25T19:52:04.560647+00:00,2026-05-25T19:53:39.926083+00:00,
0ce96a1d-41c9-48f9-90ba-5500faabf0c2,jazz,swing,"swing jazz, relaxed atmosphere, featuring muted trumpet quartet","jazz, bass, drums",chirp-v4-5+,done,4485c7e9-8f91-4d55-86bd-aaaf255c6bff,0887f7ba-166d-424a-b5f9-5f51a663578b,a8d9d2ae-ba7d-4a7d-a660-aad6892a2ab1,https://cdn.ttapi.io/suno/20260525/629b6847a75945f097b47b1c2a4b5da1.mp3,https://cdn.ttapi.io/suno/20260525/ac49eeef8c9e4b52af9d9c633cbe2cea.mp3,audio/jazz/0ce96a1d-41c9-48f9-90ba-5500faabf0c2_1.mp3,audio/jazz/0ce96a1d-41c9-48f9-90ba-5500faabf0c2_2.mp3,jazz,2026-05-25T19:52:05.852148+00:00,2026-05-25T19:53:31.626732+00:00,
c519d602-9785-4c43-897f-437762abdebf,jazz,modal jazz,"modal jazz, relaxed atmosphere, featuring muted trumpet quartet","jazz, guitar, bossa nova",chirp-v4-5+,done,8369040b-32de-48a1-87e4-fe2bc7e1943f,52fa08ec-91b9-48f8-9966-c589e5f5a4a8,a0204829-d588-46cc-9c3d-e45886407753,https://cdn.ttapi.io/suno/20260525/d2771d1e48314b7882e85d63fc4c6c92.mp3,https://cdn.ttapi.io/suno/20260525/0ebfd711f4044df6b593eb4df1664389.mp3,audio/jazz/c519d602-9785-4c43-897f-437762abdebf_1.mp3,audio/jazz/c519d602-9785-4c43-897f-437762abdebf_2.mp3,jazz,2026-05-25T19:52:11.956831+00:00,2026-05-25T19:54:01.925281+00:00,
76864f81-0edd-4eb8-9356-605b79c43392,jazz,post-bop,"post-bop jazz, relaxed atmosphere, featuring muted trumpet quartet","jazz, fusion, electric",chirp-v4-5+,done,09274cbe-a02f-4687-98e8-80a1383b8c71,38e979fd-6d4a-441a-bcb4-ebf6ef7fbb11,4fc0fd18-5f12-44ee-b458-aec46cffedde,https://cdn.ttapi.io/suno/20260525/65607f65b11d4339bc2f1c17dde701b4.mp3,https://cdn.ttapi.io/suno/20260525/948f572036714a5c99636814ef3c5a34.mp3,audio/jazz/76864f81-0edd-4eb8-9356-605b79c43392_1.mp3,audio/jazz/76864f81-0edd-4eb8-9356-605b79c43392_2.mp3,jazz,2026-05-25T19:52:13.312630+00:00,2026-05-25T19:54:21.780770+00:00,
c7a2416a-4255-47d6-af1f-af4572c94a33,jazz,bebop,"bebop jazz, energetic atmosphere, featuring muted trumpet quartet","jazz, saxophone, piano",chirp-v4-5+,done,aa14b8db-f978-43ef-8cbe-dcd00e9b855b,57d8b105-6802-4f06-8771-0764878d0415,253f1358-8843-4e07-ae09-53fd3a54d207,https://cdn.ttapi.io/suno/20260525/b32c0696a8d7413da15abbc5bb4db298.mp3,https://cdn.ttapi.io/suno/20260525/8f3b602a911943efa89eeafc026440eb.mp3,audio/jazz/c7a2416a-4255-47d6-af1f-af4572c94a33_1.mp3,audio/jazz/c7a2416a-4255-47d6-af1f-af4572c94a33_2.mp3,jazz,2026-05-25T19:52:33.047303+00:00,2026-05-25T19:54:27.652729+00:00,
476042c3-41ab-4f79-ad67-750d4124872e,jazz,cool jazz,"cool jazz, energetic atmosphere, featuring muted trumpet quartet","jazz, trumpet, swing",chirp-v4-5+,done,801539f7-459d-4af5-83ad-2d990da72811,3cdc52f5-cab5-4001-92da-3b324efb45e2,8464397d-add2-4bb5-95d5-1c7592aa5550,https://cdn.ttapi.io/suno/20260525/0283603ed5744841b899940f0a7d89d7.mp3,https://cdn.ttapi.io/suno/20260525/99b857eef17149cd9756b1a601c34606.mp3,audio/jazz/476042c3-41ab-4f79-ad67-750d4124872e_1.mp3,audio/jazz/476042c3-41ab-4f79-ad67-750d4124872e_2.mp3,jazz,2026-05-25T19:52:34.361578+00:00,2026-05-25T19:54:48.514935+00:00,
e5469e3d-cb3a-4906-a389-c205fd6787a3,jazz,fusion,"fusion jazz, energetic atmosphere, featuring muted trumpet quartet","jazz, bass, drums",chirp-v4-5+,done,692410b3-225d-4276-96c3-a099527616dd,6dfb575f-ed52-483d-b749-7d92a9c0d59f,1fce4179-f013-4c77-adb7-fc0bc81b33c7,https://cdn.ttapi.io/suno/20260525/7af97bc601d64e9f9a49ffda5150580d.mp3,https://cdn.ttapi.io/suno/20260525/f6300c5490f846a59f94fa67790b6e05.mp3,audio/jazz/e5469e3d-cb3a-4906-a389-c205fd6787a3_1.mp3,audio/jazz/e5469e3d-cb3a-4906-a389-c205fd6787a3_2.mp3,jazz,2026-05-25T19:52:48.357056+00:00,2026-05-25T19:54:48.690585+00:00,
933c0ce9-9816-476a-9dd9-6bf4dab22f9f,jazz,smooth jazz,"smooth jazz, energetic atmosphere, featuring muted trumpet quartet","jazz, guitar, bossa nova",chirp-v4-5+,done,9d2a4ce5-1757-476b-80b5-5558b278f386,ece879ff-6b37-4816-82fd-33e67750f137,8b47fbcc-5916-4c34-a864-ef8bbf82fbea,https://cdn.ttapi.io/suno/20260525/50ad0fa890d44cdaabf0c484fb3c57f1.mp3,https://cdn.ttapi.io/suno/20260525/0e7781bffa254bc28c93fbdca3dd2dcd.mp3,audio/jazz/933c0ce9-9816-476a-9dd9-6bf4dab22f9f_1.mp3,audio/jazz/933c0ce9-9816-476a-9dd9-6bf4dab22f9f_2.mp3,jazz,2026-05-25T19:52:49.627852+00:00,2026-05-25T19:54:58.626208+00:00,
78874c43-54d3-489b-86cc-dd81c7b72eed,jazz,hard bop,"hard bop jazz, energetic atmosphere, featuring muted trumpet quartet","jazz, fusion, electric",chirp-v4-5+,done,43582eb5-3282-4974-9f4d-8b03dff6c439,24b1c04a-1a94-42ee-add8-83f3902e3fab,ef096ca1-7c26-46fd-9998-c5298eb88059,https://cdn.ttapi.io/suno/20260525/17057490c9f34a1a90912ef2eafe25d1.mp3,https://cdn.ttapi.io/suno/20260525/c15b189f0d5c443a8e56aada00e93a26.mp3,audio/jazz/78874c43-54d3-489b-86cc-dd81c7b72eed_1.mp3,audio/jazz/78874c43-54d3-489b-86cc-dd81c7b72eed_2.mp3,jazz,2026-05-25T19:52:50.930704+00:00,2026-05-25T19:54:58.783089+00:00,
033c1fc3-8da5-4e69-8c0d-c647405b6775,jazz,free jazz,"free jazz, energetic atmosphere, featuring muted trumpet quartet","jazz, saxophone, piano",chirp-v4-5+,done,560717ad-f72b-4ef1-be16-03f1fbf7a67c,3604f893-d0bb-4e98-b8c5-35be36aa11d4,24cba67d-5d8f-4dee-94bd-ef2a79af1952,https://cdn.ttapi.io/suno/20260525/92b51814d88a41c2aba0da4514973742.mp3,https://cdn.ttapi.io/suno/20260525/0be1e7959d6a42c5914590580c614460.mp3,audio/jazz/033c1fc3-8da5-4e69-8c0d-c647405b6775_1.mp3,audio/jazz/033c1fc3-8da5-4e69-8c0d-c647405b6775_2.mp3,jazz,2026-05-25T19:52:52.243439+00:00,2026-05-25T19:54:35.267158+00:00,
84d6345e-4094-4f09-97f0-03295e2f2d75,jazz,latin jazz,"latin jazz, energetic atmosphere, featuring muted trumpet quartet","jazz, trumpet, swing",chirp-v4-5+,done,dafd4ad6-4a58-4302-afba-100fbe5cd0b6,bc9835d0-4db1-48c5-b85f-2815ca7a4572,5865794f-d555-4f0f-a224-05752e4d45e4,https://cdn.ttapi.io/suno/20260525/3e2f74a0e62d4e238c814572f8c87e8d.mp3,https://cdn.ttapi.io/suno/20260525/4767f4fa4739499ebe88f43e762488d4.mp3,audio/jazz/84d6345e-4094-4f09-97f0-03295e2f2d75_1.mp3,audio/jazz/84d6345e-4094-4f09-97f0-03295e2f2d75_2.mp3,jazz,2026-05-25T19:53:04.233516+00:00,2026-05-25T19:54:58.893753+00:00,
777447f2-0bd6-434f-b92e-94d48f678de8,jazz,swing,"swing jazz, energetic atmosphere, featuring muted trumpet quartet","jazz, bass, drums",chirp-v4-5+,done,02d678cc-8201-45bc-83b5-1edb8b860aba,58cf1642-ebb2-4be2-acf9-6cfda32fc4d8,e3bb324a-8e43-4cda-b7da-c7aba0e9c9d3,https://cdn.ttapi.io/suno/20260525/52a36086a8704e07913aec6a02604dcf.mp3,https://cdn.ttapi.io/suno/20260525/41baf5f0f7054dc6bb8e9bcf8d37124f.mp3,audio/jazz/777447f2-0bd6-434f-b92e-94d48f678de8_1.mp3,audio/jazz/777447f2-0bd6-434f-b92e-94d48f678de8_2.mp3,jazz,2026-05-25T19:53:05.514049+00:00,2026-05-25T19:54:43.205596+00:00,
e28bbb48-aafe-4c9c-912d-896b425368a1,jazz,modal jazz,"modal jazz, energetic atmosphere, featuring muted trumpet quartet","jazz, guitar, bossa nova",chirp-v4-5+,done,f45e1913-24a6-44df-a81f-b23b7eda8f19,8fc242b9-4288-45c0-8a5b-62d3e8e1b204,5be7e0e6-78eb-4b75-828c-e12bb949fd3e,https://cdn.ttapi.io/suno/20260525/8df1ed2a94034904ba82f3d09711d14d.mp3,https://cdn.ttapi.io/suno/20260525/e11167ce9af84c0da7a35982473d7b47.mp3,audio/jazz/e28bbb48-aafe-4c9c-912d-896b425368a1_1.mp3,audio/jazz/e28bbb48-aafe-4c9c-912d-896b425368a1_2.mp3,jazz,2026-05-25T19:53:06.751123+00:00,2026-05-25T19:55:15.286831+00:00,
c974655d-541e-4162-bb7e-3cd00db4b531,jazz,post-bop,"post-bop jazz, energetic atmosphere, featuring muted trumpet quartet","jazz, fusion, electric",chirp-v4-5+,done,c860e193-6bdd-4527-a529-e4f9ea2f42e7,dd2d25cf-e462-4ac5-ad16-a7931880d94b,cc634d76-edca-4b83-b882-ab312316189e,https://cdn.ttapi.io/suno/20260525/0b4008584a5d48898e2f2a5edd53716f.mp3,https://cdn.ttapi.io/suno/20260525/6601c219450145f5b9f49c83eab245fb.mp3,audio/jazz/c974655d-541e-4162-bb7e-3cd00db4b531_1.mp3,audio/jazz/c974655d-541e-4162-bb7e-3cd00db4b531_2.mp3,jazz,2026-05-25T19:53:08.044756+00:00,2026-05-25T19:54:59.077156+00:00,
4b6c0917-a692-428a-a58d-a67bfacf2510,jazz,bebop,"bebop jazz, nostalgic atmosphere, featuring muted trumpet quartet","jazz, saxophone, piano",chirp-v4-5+,done,94119c59-f157-4aad-b1b9-1c7f6ccae8bc,f72759a4-bb1d-420f-b510-cbea7ccd09e4,f69e9914-394e-4da9-9759-248b8947dcc7,https://cdn.ttapi.io/suno/20260525/393290131bd4427c9761024b6f6205c6.mp3,https://cdn.ttapi.io/suno/20260525/34d9b359ee414a1991302e43b90aa6ca.mp3,audio/jazz/4b6c0917-a692-428a-a58d-a67bfacf2510_1.mp3,audio/jazz/4b6c0917-a692-428a-a58d-a67bfacf2510_2.mp3,jazz,2026-05-25T19:53:14.212256+00:00,2026-05-25T19:55:15.457165+00:00,
3af47793-fd11-4754-9b3e-450dd2d469dd,jazz,cool jazz,"cool jazz, nostalgic atmosphere, featuring muted trumpet quartet","jazz, trumpet, swing",chirp-v4-5+,done,9fc9a5b6-c164-4b0e-8e22-4938d546c6c4,42b28d96-d479-4d7f-9833-f86ac0e21dc3,9121f305-f5e8-4d7e-9ac3-26065a6ff7f7,https://cdn.ttapi.io/suno/20260525/2030975424f54f498a1706c53e61d88c.mp3,https://cdn.ttapi.io/suno/20260525/272ef6eda69d42c89b9add253aabcd46.mp3,audio/jazz/3af47793-fd11-4754-9b3e-450dd2d469dd_1.mp3,audio/jazz/3af47793-fd11-4754-9b3e-450dd2d469dd_2.mp3,jazz,2026-05-25T19:53:15.471516+00:00,2026-05-25T19:54:59.281812+00:00,
3ea5d11e-2a94-47b2-87aa-7c309c4f4a79,jazz,fusion,"fusion jazz, nostalgic atmosphere, featuring muted trumpet quartet","jazz, bass, drums",chirp-v4-5+,done,8057653a-d7b0-46f0-89af-3eb507207c51,e350772b-5754-4877-ab03-51426b689eb1,223f1bf4-da50-4456-8b3a-75c8867dad78,https://cdn.ttapi.io/suno/20260525/e9209bc87cf146b8b8f0a65e23e0704a.mp3,https://cdn.ttapi.io/suno/20260525/5cb87e711b444d0e854b503e5c14cf48.mp3,audio/jazz/3ea5d11e-2a94-47b2-87aa-7c309c4f4a79_1.mp3,audio/jazz/3ea5d11e-2a94-47b2-87aa-7c309c4f4a79_2.mp3,jazz,2026-05-25T19:53:16.747287+00:00,2026-05-25T19:55:15.565892+00:00,
fc6499b9-d1da-4bc1-b67d-fcd676a152af,jazz,smooth jazz,"smooth jazz, nostalgic atmosphere, featuring muted trumpet quartet","jazz, guitar, bossa nova",chirp-v4-5+,done,65ab37d4-be31-455b-8ea9-5c89f2e46123,9ebffa63-6c6e-4b91-a218-53f8c9acb9e9,eb66f059-600b-4284-8c3c-3af0fc9b7d2c,https://cdn.ttapi.io/suno/20260525/b7a544d07c8040e381f36851710a1ddc.mp3,https://cdn.ttapi.io/suno/20260525/11dfb14301044c3a99cda31f293e352f.mp3,audio/jazz/fc6499b9-d1da-4bc1-b67d-fcd676a152af_1.mp3,audio/jazz/fc6499b9-d1da-4bc1-b67d-fcd676a152af_2.mp3,jazz,2026-05-25T19:53:36.609857+00:00,2026-05-25T19:54:59.466509+00:00,
6434f5bf-4a7e-4842-b5f6-8ba27699de43,jazz,hard bop,"hard bop jazz, nostalgic atmosphere, featuring muted trumpet quartet","jazz, fusion, electric",chirp-v4-5+,done,c578ca7e-33ed-494a-a38e-2edcdf33a106,ad77e1a9-674b-45e2-ac6d-2f0a41bd6d8a,9aab9c22-48f4-4f1a-8660-50c72f73691f,https://cdn.ttapi.io/suno/20260525/0232c703e35d4e6aabf20219778510e5.mp3,https://cdn.ttapi.io/suno/20260525/5effa760bae440e3bc6fe48aba7d4207.mp3,audio/jazz/6434f5bf-4a7e-4842-b5f6-8ba27699de43_1.mp3,audio/jazz/6434f5bf-4a7e-4842-b5f6-8ba27699de43_2.mp3,jazz,2026-05-25T19:53:37.896761+00:00,2026-05-25T19:55:15.665120+00:00,
42a8c199-a7a3-4f74-9259-b7baac232145,jazz,free jazz,"free jazz, nostalgic atmosphere, featuring muted trumpet quartet","jazz, saxophone, piano",chirp-v4-5+,done,dc33d4a2-60fb-49e3-8196-08681da3c803,ee82557b-271c-4e3d-9cdc-45c3111200d3,be296b8b-c310-4e51-890f-3499ad599e3a,https://cdn.ttapi.io/suno/20260525/623390772fbd4313b6a666b0edefb1e4.mp3,https://cdn.ttapi.io/suno/20260525/a0dff30d34044d1f9a5c53babc1e2f13.mp3,audio/jazz/42a8c199-a7a3-4f74-9259-b7baac232145_1.mp3,audio/jazz/42a8c199-a7a3-4f74-9259-b7baac232145_2.mp3,jazz,2026-05-25T19:53:39.118671+00:00,2026-05-25T19:54:59.655933+00:00,
5fcafb43-ca61-457c-bbc7-144de29e57bc,jazz,latin jazz,"latin jazz, nostalgic atmosphere, featuring muted trumpet quartet","jazz, trumpet, swing",chirp-v4-5+,done,8297db64-502a-462d-b709-7572854d3706,c21bf816-292a-41a2-b30a-835d25d10811,6de31307-9b6f-4aec-be2c-f52eec014be8,https://cdn.ttapi.io/suno/20260525/b7f453789c944321959cc2c65f555d83.mp3,https://cdn.ttapi.io/suno/20260525/b2b6755cda284a4298afd0b234f91978.mp3,audio/jazz/5fcafb43-ca61-457c-bbc7-144de29e57bc_1.mp3,audio/jazz/5fcafb43-ca61-457c-bbc7-144de29e57bc_2.mp3,jazz,2026-05-25T19:53:47.393149+00:00,2026-05-25T19:55:42.803247+00:00,
bc91853e-d485-40f1-bfcc-5ca4e4536f2d,jazz,swing,"swing jazz, nostalgic atmosphere, featuring muted trumpet quartet","jazz, bass, drums",chirp-v4-5+,done,c2e2fb0d-2a38-42e7-9438-54a5c2e69b7c,1e981013-d865-4227-bf14-f71aa8af5c82,fff64b85-d402-4767-bff6-3c3335057627,https://cdn.ttapi.io/suno/20260525/69b6e55e2a274ad39f4a98139ba0c34d.mp3,https://cdn.ttapi.io/suno/20260525/2b423eeb58dd44d391106e367dc791ef.mp3,audio/jazz/bc91853e-d485-40f1-bfcc-5ca4e4536f2d_1.mp3,audio/jazz/bc91853e-d485-40f1-bfcc-5ca4e4536f2d_2.mp3,jazz,2026-05-25T19:54:07.183352+00:00,2026-05-25T19:55:15.856618+00:00,
f0347b17-4f22-4aca-8c78-ce77a245cbc1,jazz,modal jazz,"modal jazz, nostalgic atmosphere, featuring muted trumpet quartet","jazz, guitar, bossa nova",chirp-v4-5+,done,8ebc9af0-69f1-4c19-b21a-2ff8006a9878,cf225a84-647b-4f38-acc4-fee751c7265b,60c4c1ee-a4e6-4647-a977-5f42a5656a22,https://cdn.ttapi.io/suno/20260525/3ccee992cd664a3ebf561594ee92ac69.mp3,https://cdn.ttapi.io/suno/20260525/f89322ad494549f39169385ebc47eeff.mp3,audio/jazz/f0347b17-4f22-4aca-8c78-ce77a245cbc1_1.mp3,audio/jazz/f0347b17-4f22-4aca-8c78-ce77a245cbc1_2.mp3,jazz,2026-05-25T19:54:26.785544+00:00,2026-05-25T19:56:03.913666+00:00,
d94c92e6-678e-46c9-be7a-4999a6299c1a,jazz,post-bop,"post-bop jazz, nostalgic atmosphere, featuring muted trumpet quartet","jazz, fusion, electric",chirp-v4-5+,done,d0734121-4792-4642-9979-66964fdd4006,c5a75cd8-4753-4ccc-a64a-c1f4c6ef2ddf,12b7ee39-1f39-4e1e-9f43-beb0af719ad1,https://cdn.ttapi.io/suno/20260525/29d7eb363dc94a999690efba53aab4d6.mp3,https://cdn.ttapi.io/suno/20260525/382a5cc33f3744c9a958e96277cd686e.mp3,audio/jazz/d94c92e6-678e-46c9-be7a-4999a6299c1a_1.mp3,audio/jazz/d94c92e6-678e-46c9-be7a-4999a6299c1a_2.mp3,jazz,2026-05-25T19:54:32.872122+00:00,2026-05-25T19:56:04.088785+00:00,
f3c6dd38-695f-496b-9611-6253119159ab,jazz,bebop,"bebop jazz, romantic atmosphere, featuring muted trumpet quartet","jazz, saxophone, piano",chirp-v4-5+,done,6cc40165-01ba-465b-9dd0-9ef39ed66174,a48ddcdf-154b-4327-adb2-dbe5e6425532,e9b1e5e5-b2e5-4d1d-92f0-e87522ee646a,https://cdn.ttapi.io/suno/20260525/7d9fecfe2a164b04a26b72e9d8044d64.mp3,https://cdn.ttapi.io/suno/20260525/dfdb0ff32d564025a43d8d2ab921a7ec.mp3,audio/jazz/f3c6dd38-695f-496b-9611-6253119159ab_1.mp3,audio/jazz/f3c6dd38-695f-496b-9611-6253119159ab_2.mp3,jazz,2026-05-25T19:54:34.163620+00:00,2026-05-25T19:55:43.186713+00:00,
d1501f61-1fd5-4e2a-a81f-440951374d15,jazz,cool jazz,"cool jazz, romantic atmosphere, featuring muted trumpet quartet","jazz, trumpet, swing",chirp-v4-5+,done,165b5716-91fd-4db1-ae56-ec1aae046271,74e4fdd1-e1f0-4ae5-a6a0-af2043c871b1,2489f56f-1ae5-426b-aba0-4a85d098dd57,https://cdn.ttapi.io/suno/20260525/b489382b584a45259ec2dcdf4ddfc43f.mp3,https://cdn.ttapi.io/suno/20260525/82486dcdf2f44adbaf2bb3b3e34067a2.mp3,audio/jazz/d1501f61-1fd5-4e2a-a81f-440951374d15_1.mp3,audio/jazz/d1501f61-1fd5-4e2a-a81f-440951374d15_2.mp3,jazz,2026-05-25T19:54:40.185745+00:00,2026-05-25T19:56:24.912255+00:00,
5b61a00b-7f2b-447f-9068-c8a0f72ebbd2,jazz,fusion,"fusion jazz, romantic atmosphere, featuring muted trumpet quartet","jazz, bass, drums",chirp-v4-5+,done,61dea023-ac0c-4a5f-ab01-d1ae785335b8,c3652f67-1291-4b0e-a44c-7c68fef49725,03becbc0-b94a-46a4-ad94-295ed2c220fe,https://cdn.ttapi.io/suno/20260525/fdae323583ef4a189736f92807f89832.mp3,https://cdn.ttapi.io/suno/20260525/d60f29efe50946acaf432fe545b0ea6c.mp3,audio/jazz/5b61a00b-7f2b-447f-9068-c8a0f72ebbd2_1.mp3,audio/jazz/5b61a00b-7f2b-447f-9068-c8a0f72ebbd2_2.mp3,jazz,2026-05-25T19:54:47.818551+00:00,2026-05-25T19:56:38.608269+00:00,
2b4ac16e-7dfd-4414-b35e-279f33575640,jazz,smooth jazz,"smooth jazz, romantic atmosphere, featuring muted trumpet quartet","jazz, guitar, bossa nova",chirp-v4-5+,done,3a20ead0-5fad-4158-ac19-30770db91d96,f96ca24c-d560-4933-84dd-394ea6211d30,b6ef6617-f93a-481f-8c7c-7ecac27b849e,https://cdn.ttapi.io/suno/20260525/244816222c0c4951934fa703ff1bdd7c.mp3,https://cdn.ttapi.io/suno/20260525/6a10173bf338480e8d26a47d79af4255.mp3,audio/jazz/2b4ac16e-7dfd-4414-b35e-279f33575640_1.mp3,audio/jazz/2b4ac16e-7dfd-4414-b35e-279f33575640_2.mp3,jazz,2026-05-25T19:54:56.639878+00:00,2026-05-25T19:56:25.196731+00:00,
efa3e7db-83ba-417f-a3ee-a903075e69dd,jazz,hard bop,"hard bop jazz, romantic atmosphere, featuring muted trumpet quartet","jazz, fusion, electric",chirp-v4-5+,done,ce87d504-0c43-4a52-8045-4df754aed082,173d3df0-c74e-4e33-a134-dc3e0bfa4c95,57b2880d-c371-4caa-ab9a-45a23e203c6e,https://cdn.ttapi.io/suno/20260525/979e58613b3440b0b3d3feef527b4c61.mp3,https://cdn.ttapi.io/suno/20260525/d0189b5ba3c2427894347d295ad0aafd.mp3,audio/jazz/efa3e7db-83ba-417f-a3ee-a903075e69dd_1.mp3,audio/jazz/efa3e7db-83ba-417f-a3ee-a903075e69dd_2.mp3,jazz,2026-05-25T19:54:57.918539+00:00,2026-05-25T19:56:25.346902+00:00,
cb1861e1-7664-4932-8a66-9f8f4cffd27b,jazz,free jazz,"free jazz, romantic atmosphere, featuring muted trumpet quartet","jazz, saxophone, piano",chirp-v4-5+,done,afd96819-0865-4478-ac04-bb3ef4f0ccb1,79924fa4-acd1-436c-a9f5-64466506fab0,04fb6d9c-780d-439e-882c-afbabfb59719,https://cdn.ttapi.io/suno/20260525/0754aba9d37c481089dd8f2f1b7401d0.mp3,https://cdn.ttapi.io/suno/20260525/f5c7f4f85b8943528bd3ce6350dc58bb.mp3,audio/jazz/cb1861e1-7664-4932-8a66-9f8f4cffd27b_1.mp3,audio/jazz/cb1861e1-7664-4932-8a66-9f8f4cffd27b_2.mp3,jazz,2026-05-25T19:55:06.710806+00:00,2026-05-25T19:56:38.773968+00:00,
8efafda0-efd1-474e-a0cd-cf009459467e,jazz,latin jazz,"latin jazz, romantic atmosphere, featuring muted trumpet quartet","jazz, trumpet, swing",chirp-v4-5+,done,c7053aa4-fa66-44d4-80c4-a31b0b80d65e,f0b099ad-0dab-4846-a9a2-d4f2fe628c11,6eca91bb-a4fb-4599-a5a0-e2f06dfd891e,https://cdn.ttapi.io/suno/20260525/0257a036adf143abb6ab45ae53ef313c.mp3,https://cdn.ttapi.io/suno/20260525/bb04d91ab01f4376bcc81a80fbbc952a.mp3,audio/jazz/8efafda0-efd1-474e-a0cd-cf009459467e_1.mp3,audio/jazz/8efafda0-efd1-474e-a0cd-cf009459467e_2.mp3,jazz,2026-05-25T19:55:08.044283+00:00,2026-05-25T19:57:01.078475+00:00,
5fd55cae-e946-418e-8c2e-1d96326c0950,jazz,swing,"swing jazz, romantic atmosphere, featuring muted trumpet quartet","jazz, bass, drums",chirp-v4-5+,done,dc9d30e4-e76f-4814-bc9a-7ad4d8c61180,df12cb85-a92d-401d-a243-2a57353ed2ea,7b9a97dc-f026-48ef-aec8-3ec14a0f5c21,https://cdn.ttapi.io/suno/20260525/f06e1a6283fd4bf29dc48d22f9d3ccd2.mp3,https://cdn.ttapi.io/suno/20260525/3e53af7a235c4c3d92d2433f80499024.mp3,audio/jazz/5fd55cae-e946-418e-8c2e-1d96326c0950_1.mp3,audio/jazz/5fd55cae-e946-418e-8c2e-1d96326c0950_2.mp3,jazz,2026-05-25T19:55:09.307549+00:00,2026-05-25T19:56:25.632882+00:00,
dd7373c8-f7b1-4a15-8b39-88a91fcb4c73,jazz,modal jazz,"modal jazz, romantic atmosphere, featuring muted trumpet quartet","jazz, guitar, bossa nova",chirp-v4-5+,done,d7f5a92a-a59e-46cd-b657-d3a6b4cc9dd9,bd7aa183-7675-4e31-94ff-f46ded18f10e,2cf63d96-c043-4064-8692-f142bf2c875b,https://cdn.ttapi.io/suno/20260525/58148909a9cf4a0faca559dff5ddd29c.mp3,https://cdn.ttapi.io/suno/20260525/66b71e81e8304d2bacb6debfc7a80ee5.mp3,audio/jazz/dd7373c8-f7b1-4a15-8b39-88a91fcb4c73_1.mp3,audio/jazz/dd7373c8-f7b1-4a15-8b39-88a91fcb4c73_2.mp3,jazz,2026-05-25T19:55:10.584491+00:00,2026-05-25T19:57:38.869272+00:00,
dc468599-6e3f-4ac3-a2d2-097f3833b38a,jazz,post-bop,"post-bop jazz, romantic atmosphere, featuring muted trumpet quartet","jazz, fusion, electric",chirp-v4-5+,done,1a16613e-4fd0-4297-9410-00ac84690502,416cc64c-237a-4637-864d-713cbe33b329,f9fc6613-7fc0-463f-9494-91108b4f28cf,https://cdn.ttapi.io/suno/20260525/f3ede50ab15e4a8cb5f29ba262cbcfb5.mp3,https://cdn.ttapi.io/suno/20260525/41ef79218395499d8d88e5586fbb477a.mp3,audio/jazz/dc468599-6e3f-4ac3-a2d2-097f3833b38a_1.mp3,audio/jazz/dc468599-6e3f-4ac3-a2d2-097f3833b38a_2.mp3,jazz,2026-05-25T19:55:12.024113+00:00,2026-05-25T19:56:39.064492+00:00,
1d445026-9ac7-442a-8f42-8ab1e2960d62,jazz,bebop,"bebop jazz, brooding atmosphere, featuring muted trumpet quartet","jazz, saxophone, piano",chirp-v4-5+,done,3c467e69-2678-4fee-9271-9ae4d84c5ecc,ba1e9689-e4c1-4c58-ab59-ce799b6a2680,f3d19e97-8cda-473c-b468-d977003f5cc2,https://cdn.ttapi.io/suno/20260525/9ce137892eff44a9a089195f54bf94db.mp3,https://cdn.ttapi.io/suno/20260525/c0694523f25a48c7a17e3fcdb27927ee.mp3,audio/jazz/1d445026-9ac7-442a-8f42-8ab1e2960d62_1.mp3,audio/jazz/1d445026-9ac7-442a-8f42-8ab1e2960d62_2.mp3,jazz,2026-05-25T19:55:13.315883+00:00,2026-05-25T19:56:26.001441+00:00,
a4fd3c92-aa67-48d0-a3a1-20f21ef1af94,jazz,cool jazz,"cool jazz, brooding atmosphere, featuring muted trumpet quartet","jazz, trumpet, swing",chirp-v4-5+,done,221da106-5353-4a8f-986c-2bd4113cb4f7,04632dc9-d3cc-47af-9b49-f0cb8b604774,c3a2a048-b1c0-4eb8-a19f-c5ad7b5777fd,https://cdn.ttapi.io/suno/20260525/dd857e49b50843d09445b9f7373e9fad.mp3,https://cdn.ttapi.io/suno/20260525/50d54303b5044b43b8cfc82186386160.mp3,audio/jazz/a4fd3c92-aa67-48d0-a3a1-20f21ef1af94_1.mp3,audio/jazz/a4fd3c92-aa67-48d0-a3a1-20f21ef1af94_2.mp3,jazz,2026-05-25T19:55:14.585592+00:00,2026-05-25T19:57:11.680437+00:00,
66859946-8c4f-43bd-a5dc-a52259538dc3,jazz,fusion,"fusion jazz, brooding atmosphere, featuring muted trumpet quartet","jazz, bass, drums",chirp-v4-5+,done,3621cbe8-0562-41fd-86e5-f7100c46132d,d5ba003a-319d-412b-b32c-2bf447931578,8e85b70b-16de-45bc-9272-91612ce6dab8,https://cdn.ttapi.io/suno/20260525/3380dd70535646a89b041e413aab4cb3.mp3,https://cdn.ttapi.io/suno/20260525/b42e54bb45c44b03b1d3646403963f1b.mp3,audio/jazz/66859946-8c4f-43bd-a5dc-a52259538dc3_1.mp3,audio/jazz/66859946-8c4f-43bd-a5dc-a52259538dc3_2.mp3,jazz,2026-05-25T19:55:23.314138+00:00,2026-05-25T19:57:38.988835+00:00,
70fe3211-f534-4f41-80e1-56ca7569efd0,jazz,smooth jazz,"smooth jazz, brooding atmosphere, featuring muted trumpet quartet","jazz, guitar, bossa nova",chirp-v4-5+,done,8baf55e1-847d-4a08-b6c6-7a48d34ccf87,15f0c59f-5b73-4ad3-80ad-454da6b123a8,54faf3f4-7187-4f58-aa1f-9a5f82a5c824,https://cdn.ttapi.io/suno/20260525/f5d472fee9124aaca21b2696d8621136.mp3,https://cdn.ttapi.io/suno/20260525/18a311d21a97402b9b569b3aabfeae2a.mp3,audio/jazz/70fe3211-f534-4f41-80e1-56ca7569efd0_1.mp3,audio/jazz/70fe3211-f534-4f41-80e1-56ca7569efd0_2.mp3,jazz,2026-05-25T19:55:24.626636+00:00,2026-05-25T19:57:11.925684+00:00,
0720a789-da7a-4ffc-8914-a33cc7cb5551,jazz,hard bop,"hard bop jazz, brooding atmosphere, featuring muted trumpet quartet","jazz, fusion, electric",chirp-v4-5+,done,122b46cf-4a5e-49d8-a647-888eeb85d9d7,044f2b47-0201-40b7-bf64-2d0dbd5f8641,d2210741-4aba-4607-801a-7dee58c48bb4,https://cdn.ttapi.io/suno/20260525/0bef1fa899b34cb4a689b56ccd5e850b.mp3,https://cdn.ttapi.io/suno/20260525/80d3d13ae03c428189a03ba597a5b619.mp3,audio/jazz/0720a789-da7a-4ffc-8914-a33cc7cb5551_1.mp3,audio/jazz/0720a789-da7a-4ffc-8914-a33cc7cb5551_2.mp3,jazz,2026-05-25T19:55:25.952461+00:00,2026-05-25T19:57:12.027582+00:00,
490908cb-3987-4930-8a6d-5261c926e938,jazz,free jazz,"free jazz, brooding atmosphere, featuring muted trumpet quartet","jazz, saxophone, piano",chirp-v4-5+,done,58104ff2-7b95-430e-b9f4-665711270048,ceff6daf-924b-44f0-ad77-fd647718014d,5bd103b0-71db-49c9-af3f-187b02fc95db,https://cdn.ttapi.io/suno/20260525/7bc09c20972b47d9af5a81c054713942.mp3,https://cdn.ttapi.io/suno/20260525/44a772cb82114e3892aef1e1071713ec.mp3,audio/jazz/490908cb-3987-4930-8a6d-5261c926e938_1.mp3,audio/jazz/490908cb-3987-4930-8a6d-5261c926e938_2.mp3,jazz,2026-05-25T19:55:27.252259+00:00,2026-05-25T19:57:39.093789+00:00,
66682473-b7b8-4698-ad1c-3a5182a132ec,jazz,latin jazz,"latin jazz, brooding atmosphere, featuring muted trumpet quartet","jazz, trumpet, swing",chirp-v4-5+,done,912027f9-1b21-4f8b-a834-2521a1b524de,fe014845-ef7e-49b6-ad84-de4316c603b7,1eb681b9-a85d-4015-a773-75c937c1f483,https://cdn.ttapi.io/suno/20260525/fa9bccc2ee694c2982ceac5ef4b268a4.mp3,https://cdn.ttapi.io/suno/20260525/708c9634888447c2a9c70e98979ac2be.mp3,audio/jazz/66682473-b7b8-4698-ad1c-3a5182a132ec_1.mp3,audio/jazz/66682473-b7b8-4698-ad1c-3a5182a132ec_2.mp3,jazz,2026-05-25T19:55:28.493698+00:00,2026-05-25T19:57:39.188607+00:00,
fdbcea93-4dc9-4f2d-bd0b-fc02598288e1,jazz,swing,"swing jazz, brooding atmosphere, featuring muted trumpet quartet","jazz, bass, drums",chirp-v4-5+,done,17825cb8-75d0-44df-a939-6fff80bf29f5,9a5077b9-da73-4695-ae17-ac1741795b1d,1197a54d-c653-4a36-9d15-47e419c745ea,https://cdn.ttapi.io/suno/20260525/7a9ef8f1451342028244ba07ecdda2e3.mp3,https://cdn.ttapi.io/suno/20260525/5cf59c94888742cd8906718e4c4ebd16.mp3,audio/jazz/fdbcea93-4dc9-4f2d-bd0b-fc02598288e1_1.mp3,audio/jazz/fdbcea93-4dc9-4f2d-bd0b-fc02598288e1_2.mp3,jazz,2026-05-25T19:55:48.294006+00:00,2026-05-25T19:57:12.317202+00:00,
90ee8eac-25f8-4ebf-8288-7a116cbdd1b6,jazz,modal jazz,"modal jazz, brooding atmosphere, featuring muted trumpet quartet","jazz, guitar, bossa nova",chirp-v4-5+,done,453eeb9b-e5f3-4100-af0f-ce2b6bd9e49c,2f7ee138-edbe-44df-9161-0b5f7eb8b329,215b2258-eb3e-47eb-8854-5706034a7196,https://cdn.ttapi.io/suno/20260525/374d12a5d03c4530b515fb9d64401fdc.mp3,https://cdn.ttapi.io/suno/20260525/1c779fb314c54460af88b3bd38cc88da.mp3,audio/jazz/90ee8eac-25f8-4ebf-8288-7a116cbdd1b6_1.mp3,audio/jazz/90ee8eac-25f8-4ebf-8288-7a116cbdd1b6_2.mp3,jazz,2026-05-25T19:55:49.576553+00:00,2026-05-25T19:57:39.287506+00:00,
8b82c947-5790-47ef-990d-d5d6444e0b9d,jazz,post-bop,"post-bop jazz, brooding atmosphere, featuring muted trumpet quartet","jazz, fusion, electric",chirp-v4-5+,done,f95d60dd-dbd3-418a-9506-c8c785d27001,1ba9fa76-08ef-413c-a331-5121f2691e36,9cf75ab8-1be4-4ff9-93a6-ae5fa2fb79e6,https://cdn.ttapi.io/suno/20260525/c42955c7fb6c46f8afbc53e5ba0262c7.mp3,https://cdn.ttapi.io/suno/20260525/486a83a1f5ff4cafb0f8223d0966a9e1.mp3,audio/jazz/8b82c947-5790-47ef-990d-d5d6444e0b9d_1.mp3,audio/jazz/8b82c947-5790-47ef-990d-d5d6444e0b9d_2.mp3,jazz,2026-05-25T19:56:09.315374+00:00,2026-05-25T19:58:03.953937+00:00,
ee70f111-def7-4867-93c0-9d0fac663603,jazz,bebop,"bebop jazz, meditative atmosphere, featuring muted trumpet quartet","jazz, saxophone, piano",chirp-v4-5+,done,bd9e85cb-e940-4a07-bcad-3f6d89fab8c2,5a414e39-7c74-4f77-92ae-4c73ab59091a,1cadc514-de7c-4e4e-b42a-e329e4c00386,https://cdn.ttapi.io/suno/20260525/4242a18748d64b37b47fa9b6d6172c71.mp3,https://cdn.ttapi.io/suno/20260525/0a0a480fe7a342d69891eaddf9515beb.mp3,audio/jazz/ee70f111-def7-4867-93c0-9d0fac663603_1.mp3,audio/jazz/ee70f111-def7-4867-93c0-9d0fac663603_2.mp3,jazz,2026-05-25T19:56:10.523358+00:00,2026-05-25T19:57:39.473604+00:00,
19408619-9852-4a97-86cf-a8db2c7b237e,jazz,cool jazz,"cool jazz, meditative atmosphere, featuring muted trumpet quartet","jazz, trumpet, swing",chirp-v4-5+,done,0d170789-0839-478a-8d27-220a24166314,02b95e00-c3f0-43ef-ba8d-b2e08bb78ed0,f31310b6-724b-4d88-b594-238daa58cd4b,https://cdn.ttapi.io/suno/20260525/8e35b7031e6c489aa6a6960666f89767.mp3,https://cdn.ttapi.io/suno/20260525/a9c5d514aaa64bff9e4f42e6b15fea47.mp3,audio/jazz/19408619-9852-4a97-86cf-a8db2c7b237e_1.mp3,audio/jazz/19408619-9852-4a97-86cf-a8db2c7b237e_2.mp3,jazz,2026-05-25T19:56:32.749153+00:00,2026-05-25T19:58:10.247218+00:00,
f14778b5-8d5d-4be9-aa8b-e64a0d208e5b,jazz,fusion,"fusion jazz, meditative atmosphere, featuring muted trumpet quartet","jazz, bass, drums",chirp-v4-5+,done,3ce385f2-fccb-4e8f-8867-a5405420d0b4,b14cc0d0-cd25-4218-a397-e52af55ac011,eb06a15e-eb20-4788-8b9e-6c251cb5afdc,https://cdn.ttapi.io/suno/20260525/df8335b6452a446ebf479f83d884f06d.mp3,https://cdn.ttapi.io/suno/20260525/3cbf32f456c044b3a92a3b0971c0cfc7.mp3,audio/jazz/f14778b5-8d5d-4be9-aa8b-e64a0d208e5b_1.mp3,audio/jazz/f14778b5-8d5d-4be9-aa8b-e64a0d208e5b_2.mp3,jazz,2026-05-25T19:56:34.053225+00:00,2026-05-25T19:57:54.025636+00:00,
00df1fa4-c8aa-49fb-9ae2-d23ce6484764,jazz,smooth jazz,"smooth jazz, meditative atmosphere, featuring muted trumpet quartet","jazz, guitar, bossa nova",chirp-v4-5+,done,a321dd25-4d80-41a4-88a0-574a1863f3d5,8f0ae8b5-37fc-4cde-9a79-fbcf485abc5c,4c8318c0-329e-4551-9ffd-55729ccb67d5,https://cdn.ttapi.io/suno/20260525/7e41a6de0ab1429a8a662d67d3052390.mp3,https://cdn.ttapi.io/suno/20260525/13565d312fa54d42a9e3c48af4254c95.mp3,audio/jazz/00df1fa4-c8aa-49fb-9ae2-d23ce6484764_1.mp3,audio/jazz/00df1fa4-c8aa-49fb-9ae2-d23ce6484764_2.mp3,jazz,2026-05-25T19:56:35.319448+00:00,2026-05-25T19:57:54.171292+00:00,
23213922-281d-409d-8091-76c053aaec27,jazz,hard bop,"hard bop jazz, meditative atmosphere, featuring muted trumpet quartet","jazz, fusion, electric",chirp-v4-5+,done,c78f7b5f-ace3-44f0-937b-182c99fc1926,0412cc7c-82fa-47fd-9e02-d9a18afe9ee3,19c59f3c-5fbc-425c-ab41-9b1bd4815334,https://cdn.ttapi.io/suno/20260525/93e253fab31b42c088c3ab50dd375964.mp3,https://cdn.ttapi.io/suno/20260525/03c8f130d16b488798e21b6bed1bff5c.mp3,audio/jazz/23213922-281d-409d-8091-76c053aaec27_1.mp3,audio/jazz/23213922-281d-409d-8091-76c053aaec27_2.mp3,jazz,2026-05-25T19:56:36.573071+00:00,2026-05-25T19:57:54.273485+00:00,
025b71e7-e348-4f34-ab5c-e0f0ce6d7847,jazz,free jazz,"free jazz, meditative atmosphere, featuring muted trumpet quartet","jazz, saxophone, piano",chirp-v4-5+,done,d6fbbaa4-223d-45d9-9310-078bdfeb2b8b,364eb2bd-b96b-481e-8077-63a9362e0576,3176ee43-4c38-434a-8b6d-847406993e0f,https://cdn.ttapi.io/suno/20260525/ead069c033314e3dbacd8b689e907268.mp3,https://cdn.ttapi.io/suno/20260525/cc283a52220744acaa33788305d0f5b2.mp3,audio/jazz/025b71e7-e348-4f34-ab5c-e0f0ce6d7847_1.mp3,audio/jazz/025b71e7-e348-4f34-ab5c-e0f0ce6d7847_2.mp3,jazz,2026-05-25T19:56:37.888111+00:00,2026-05-25T19:58:10.422675+00:00,
3fa5248d-4edf-45de-a9b4-d05c55accbac,jazz,latin jazz,"latin jazz, meditative atmosphere, featuring muted trumpet quartet","jazz, trumpet, swing",chirp-v4-5+,done,da2e10e1-e755-41b3-9e95-e3143baaabd4,1c98d4e7-ed83-44e9-b78a-724f7061885f,7e3b1122-b7ef-4679-b1b3-abb1a7bdfbf7,https://cdn.ttapi.io/suno/20260525/63afbee242c647e7a6094fc1856b9c65.mp3,https://cdn.ttapi.io/suno/20260525/20974367ec9042dea15c8998f43e0f06.mp3,audio/jazz/3fa5248d-4edf-45de-a9b4-d05c55accbac_1.mp3,audio/jazz/3fa5248d-4edf-45de-a9b4-d05c55accbac_2.mp3,jazz,2026-05-25T19:56:44.098461+00:00,2026-05-25T19:58:17.891730+00:00,
9d7a554a-0318-462a-b2ce-c8d3784484f3,jazz,swing,"swing jazz, meditative atmosphere, featuring muted trumpet quartet","jazz, bass, drums",chirp-v4-5+,done,5395f4c4-3e41-460f-929f-7605c2df3076,337c681f-92de-4b4b-9ea7-d3e872448a11,df46f110-cacd-447a-9d36-f383dc844168,https://cdn.ttapi.io/suno/20260525/53ae91e322a547b6bc8c059e06a6bc5a.mp3,https://cdn.ttapi.io/suno/20260525/1ca5e64191d8445382d14bad58a4fed3.mp3,audio/jazz/9d7a554a-0318-462a-b2ce-c8d3784484f3_1.mp3,audio/jazz/9d7a554a-0318-462a-b2ce-c8d3784484f3_2.mp3,jazz,2026-05-25T19:56:45.385671+00:00,2026-05-25T19:57:54.545601+00:00,
eda0bf57-b435-4b74-9165-5c1f996e5283,jazz,modal jazz,"modal jazz, meditative atmosphere, featuring muted trumpet quartet","jazz, guitar, bossa nova",chirp-v4-5+,done,4d9d17cc-aa51-406f-b81b-7333960170bd,798c6ca8-6bd5-4d59-9009-1fe4814898f2,6dfdb4b1-d343-4d50-9ecf-c59b652d9695,https://cdn.ttapi.io/suno/20260525/e91ce1b4692941a08b2241b0751617ee.mp3,https://cdn.ttapi.io/suno/20260525/309d186fc2d149c38fa33ece4abb6b9c.mp3,audio/jazz/eda0bf57-b435-4b74-9165-5c1f996e5283_1.mp3,audio/jazz/eda0bf57-b435-4b74-9165-5c1f996e5283_2.mp3,jazz,2026-05-25T19:56:46.656860+00:00,2026-05-25T19:58:23.799072+00:00,
3e57445e-622a-4a1e-a546-1b14eea06468,jazz,post-bop,"post-bop jazz, meditative atmosphere, featuring muted trumpet quartet","jazz, fusion, electric",chirp-v4-5+,done,f3332b05-50fc-4fbb-b470-af23ca362084,fdaea70d-2a77-4ed5-a88b-b9e41763793c,4d46a0ad-8aad-46fd-861e-b853af41d8ad,https://cdn.ttapi.io/suno/20260525/ee0aa584022949709b6e6a73fcd39bb6.mp3,https://cdn.ttapi.io/suno/20260525/aa2ddd0d61c846d5bae6b5a425853391.mp3,audio/jazz/3e57445e-622a-4a1e-a546-1b14eea06468_1.mp3,audio/jazz/3e57445e-622a-4a1e-a546-1b14eea06468_2.mp3,jazz,2026-05-25T19:57:10.873720+00:00,2026-05-25T19:58:50.974433+00:00,
8f39f9d5-6141-430b-800e-ecaa537a78da,jazz,bebop,"bebop jazz, playful atmosphere, featuring muted trumpet quartet","jazz, saxophone, piano",chirp-v4-5+,done,8cd274a0-c2aa-4494-a5cf-982cc0f30073,da2ab0c0-583a-4e80-903e-7fd60ffe67a5,a448cf63-8604-43d5-8c2c-906a45b54624,https://cdn.ttapi.io/suno/20260525/c2b493c6708a4246a063ed0419bb8609.mp3,https://cdn.ttapi.io/suno/20260525/60c41669d1a540acbd767f5971d6b0ff.mp3,audio/jazz/8f39f9d5-6141-430b-800e-ecaa537a78da_1.mp3,audio/jazz/8f39f9d5-6141-430b-800e-ecaa537a78da_2.mp3,jazz,2026-05-25T19:57:34.414667+00:00,2026-05-25T19:58:43.704720+00:00,
c0f7c8cb-ccb1-4970-b6a1-55bb02133028,jazz,cool jazz,"cool jazz, playful atmosphere, featuring muted trumpet quartet","jazz, trumpet, swing",chirp-v4-5+,done,365eba41-cb74-44ea-9709-50b2148a86a0,362395bb-e4e3-44cd-9a1c-c04de7c5253f,54d01196-ced1-4ad4-8e11-97598e683b2e,https://cdn.ttapi.io/suno/20260525/d1fee6ea0dc841718867294534754b11.mp3,https://cdn.ttapi.io/suno/20260525/9388d093798d4fb5b34a9613ff11aba7.mp3,audio/jazz/c0f7c8cb-ccb1-4970-b6a1-55bb02133028_1.mp3,audio/jazz/c0f7c8cb-ccb1-4970-b6a1-55bb02133028_2.mp3,jazz,2026-05-25T19:57:35.629575+00:00,2026-05-25T19:58:51.147437+00:00,
233df08f-7a81-43fd-baea-ea9653c22af6,jazz,fusion,"fusion jazz, playful atmosphere, featuring muted trumpet quartet","jazz, bass, drums",chirp-v4-5+,done,9beecece-8af0-46fe-aad2-5247cd9fc439,d218ab11-2975-4d55-b40d-9b3777bb2094,40830daf-191d-4afc-9fdd-ee3f40053542,https://cdn.ttapi.io/suno/20260525/821b18ffa68d4818830f2cd1b9799872.mp3,https://cdn.ttapi.io/suno/20260525/a2e94a4b99b945a9b4cfdcdc23722780.mp3,audio/jazz/233df08f-7a81-43fd-baea-ea9653c22af6_1.mp3,audio/jazz/233df08f-7a81-43fd-baea-ea9653c22af6_2.mp3,jazz,2026-05-25T19:57:36.949367+00:00,2026-05-25T19:59:24.546619+00:00,
374b3ae6-f7fa-42b3-be24-5473d3f734d1,jazz,smooth jazz,"smooth jazz, playful atmosphere, featuring muted trumpet quartet","jazz, guitar, bossa nova",chirp-v4-5+,done,00cf01a1-bf79-4c8c-8118-5fde32050669,e34483e6-a74a-40b2-b125-4c08c2e76575,d6cdec75-fc01-4e2d-b8b0-44e7c364b235,https://cdn.ttapi.io/suno/20260525/f7d2b3353fa54116abb8be541a51053a.mp3,https://cdn.ttapi.io/suno/20260525/a2ea80ed6bc2405a9a4c1f4360713b78.mp3,audio/jazz/374b3ae6-f7fa-42b3-be24-5473d3f734d1_1.mp3,audio/jazz/374b3ae6-f7fa-42b3-be24-5473d3f734d1_2.mp3,jazz,2026-05-25T19:57:38.213187+00:00,2026-05-25T19:58:44.070896+00:00,
23d6ff81-53b8-4026-90b4-e58048273137,jazz,hard bop,"hard bop jazz, playful atmosphere, featuring muted trumpet quartet","jazz, fusion, electric",chirp-v4-5+,done,4b01c053-223a-4846-ae7e-127da89684b7,9410902c-cf93-4275-96e5-8f4348237ef0,45014d1c-1bed-4c59-a7b3-2db45886be0c,https://cdn.ttapi.io/suno/20260525/bee8baf4ea754c9c83fcc4a03aa4567a.mp3,https://cdn.ttapi.io/suno/20260525/f014d8af1773493ba9ad5155f4aae707.mp3,audio/jazz/23d6ff81-53b8-4026-90b4-e58048273137_1.mp3,audio/jazz/23d6ff81-53b8-4026-90b4-e58048273137_2.mp3,jazz,2026-05-25T19:57:46.719726+00:00,2026-05-25T19:59:46.702729+00:00,
daefc170-ce96-4f93-b431-4d37ed2201be,jazz,free jazz,"free jazz, playful atmosphere, featuring muted trumpet quartet","jazz, saxophone, piano",chirp-v4-5+,done,eb71bec7-8a1f-406d-85b1-e72a7300c62a,6e4d3c0b-4a00-4b17-b760-cf7184a2504b,92b81564-4ff7-4ed8-b09d-cf2c5541279d,https://cdn.ttapi.io/suno/20260525/8f9b7931dde94eaf8a19db344674ef89.mp3,https://cdn.ttapi.io/suno/20260525/50b309bda9bb4b40aaf13529a35a88cf.mp3,audio/jazz/daefc170-ce96-4f93-b431-4d37ed2201be_1.mp3,audio/jazz/daefc170-ce96-4f93-b431-4d37ed2201be_2.mp3,jazz,2026-05-25T19:57:47.996901+00:00,2026-05-25T19:58:51.462633+00:00,
e89d8aeb-6204-493e-a0a5-733c860e3137,jazz,latin jazz,"latin jazz, playful atmosphere, featuring muted trumpet quartet","jazz, trumpet, swing",chirp-v4-5+,done,fd904f4a-0e69-462b-a165-c6e02fbdb60e,34db74d3-55c5-4bc8-ac99-ea1622dc43ab,168f24ca-1b13-4103-9a71-6dd81ffacc8a,https://cdn.ttapi.io/suno/20260525/cc53a74ef94a4bba840057f68b11f6ce.mp3,https://cdn.ttapi.io/suno/20260525/f16c77ef9988454ca1656f11525bbaf4.mp3,audio/jazz/e89d8aeb-6204-493e-a0a5-733c860e3137_1.mp3,audio/jazz/e89d8aeb-6204-493e-a0a5-733c860e3137_2.mp3,jazz,2026-05-25T19:57:49.274288+00:00,2026-05-25T19:59:18.966041+00:00,
d1f9d867-1410-49df-8eef-b1bd9f2fcdcd,jazz,swing,"swing jazz, playful atmosphere, featuring muted trumpet quartet","jazz, bass, drums",chirp-v4-5+,done,08b87dac-3557-40d7-a43c-83f44a0d341c,d4a1651e-00f8-4974-aecb-42ac0ef3013d,e0f52d5a-ff60-47ca-9e51-1b252893f4d5,https://cdn.ttapi.io/suno/20260525/ff482f2353d84d39b50320b1c7dc7e90.mp3,https://cdn.ttapi.io/suno/20260525/f88c410858a248a4b5eb7fa7b4b808be.mp3,audio/jazz/d1f9d867-1410-49df-8eef-b1bd9f2fcdcd_1.mp3,audio/jazz/d1f9d867-1410-49df-8eef-b1bd9f2fcdcd_2.mp3,jazz,2026-05-25T19:57:50.500683+00:00,2026-05-25T19:59:24.789944+00:00,
d42ba3c1-ee80-4f0b-b205-901bf9d05352,jazz,modal jazz,"modal jazz, playful atmosphere, featuring muted trumpet quartet","jazz, guitar, bossa nova",chirp-v4-5+,done,67602727-8eda-4128-9b4c-5be872a64a82,9a317dc4-a661-4ed2-9301-75b7e81ff17a,d759622e-dc14-46d0-8d19-29d8dddc8792,https://cdn.ttapi.io/suno/20260525/e83c353f9af7405d85a72378aedc203a.mp3,https://cdn.ttapi.io/suno/20260525/c48c74ba42e34afdb1e8b5f42e3d776c.mp3,audio/jazz/d42ba3c1-ee80-4f0b-b205-901bf9d05352_1.mp3,audio/jazz/d42ba3c1-ee80-4f0b-b205-901bf9d05352_2.mp3,jazz,2026-05-25T19:57:51.875865+00:00,2026-05-25T19:59:24.894161+00:00,
e6a19c01-b429-4e96-80dd-c18d1deae5c3,jazz,post-bop,"post-bop jazz, playful atmosphere, featuring muted trumpet quartet","jazz, fusion, electric",chirp-v4-5+,done,8e340279-25f6-4686-9c98-a561c7fd716f,6d6224c0-0c06-4e52-8afc-af9a3b750f3b,0c65e011-f5f2-49ba-b1f8-c5c604764296,https://cdn.ttapi.io/suno/20260525/3da139a5a6d54afdb87e0b465410f6b5.mp3,https://cdn.ttapi.io/suno/20260525/5370eff8722c432a98d288a8c983f44e.mp3,audio/jazz/e6a19c01-b429-4e96-80dd-c18d1deae5c3_1.mp3,audio/jazz/e6a19c01-b429-4e96-80dd-c18d1deae5c3_2.mp3,jazz,2026-05-25T19:57:53.173324+00:00,2026-05-25T19:59:00.076940+00:00,
aa26fdad-d296-48d6-b50e-2bf1807e35bc,jazz,bebop,"bebop jazz, late-night atmosphere, featuring solo piano with walking bass","jazz, saxophone, piano",chirp-v4-5+,done,bc543a2b-c36d-417e-b047-2ba22cd705d8,1e38d232-959b-424d-9a76-1cc309b5d673,a33d5ef0-3265-45bf-98c4-651206f4ccfe,https://cdn.ttapi.io/suno/20260525/010bcb3298f64962a22aa816eae2094c.mp3,https://cdn.ttapi.io/suno/20260525/cd46a3ecd67f411f9d074702af554851.mp3,audio/jazz/aa26fdad-d296-48d6-b50e-2bf1807e35bc_1.mp3,audio/jazz/aa26fdad-d296-48d6-b50e-2bf1807e35bc_2.mp3,jazz,2026-05-25T19:57:59.221864+00:00,2026-05-25T19:59:05.908285+00:00,
222c9387-bd51-4131-bbd9-270dd574a4d8,jazz,cool jazz,"cool jazz, late-night atmosphere, featuring solo piano with walking bass","jazz, trumpet, swing",chirp-v4-5+,done,74045167-ff3d-40dc-9b96-d58a81668a01,2a12bc4f-e1bc-4c16-a21f-f22b0bb40d58,43e4312b-50b8-49b3-8372-2ec20856f3f2,https://cdn.ttapi.io/suno/20260525/4552d06ee28e46498dc868dfb00b0eb0.mp3,https://cdn.ttapi.io/suno/20260525/fb9b61966b4d4580ab303343dbf40eaf.mp3,audio/jazz/222c9387-bd51-4131-bbd9-270dd574a4d8_1.mp3,audio/jazz/222c9387-bd51-4131-bbd9-270dd574a4d8_2.mp3,jazz,2026-05-25T19:58:00.532022+00:00,2026-05-25T19:59:13.434079+00:00,
adb0aff1-99f4-4f7b-ac1d-e83c8b5b7f5e,jazz,fusion,"fusion jazz, late-night atmosphere, featuring solo piano with walking bass","jazz, bass, drums",chirp-v4-5+,done,61c0e5d5-2b2a-4013-a8bb-88fd2480c0cb,a3df16ea-fc3d-4e8b-8aea-5dd03f5fe827,7b80bb91-0949-4d5d-abe5-48c6c4810d36,https://cdn.ttapi.io/suno/20260525/30ef6efba0e64873abb3c24343ec6577.mp3,https://cdn.ttapi.io/suno/20260525/7f7a4fe07d5c4639a60a3b77f5d2f359.mp3,audio/jazz/adb0aff1-99f4-4f7b-ac1d-e83c8b5b7f5e_1.mp3,audio/jazz/adb0aff1-99f4-4f7b-ac1d-e83c8b5b7f5e_2.mp3,jazz,2026-05-25T19:58:01.933391+00:00,2026-05-25T19:59:46.821402+00:00,
6aa4d649-8d57-452b-8b33-fa1f681d8af1,jazz,smooth jazz,"smooth jazz, late-night atmosphere, featuring solo piano with walking bass","jazz, guitar, bossa nova",chirp-v4-5+,done,8a1f1dda-891a-410c-8243-63aceaed5725,e428ef57-fa58-4fc7-9435-f29cdb037af7,70569307-b77a-41cd-810c-2344c9ec57dc,https://cdn.ttapi.io/suno/20260525/64986977e23540dda1ba8ea5732b8e7f.mp3,https://cdn.ttapi.io/suno/20260525/23f746b2fe7f46908fb30f933e4f4cab.mp3,audio/jazz/6aa4d649-8d57-452b-8b33-fa1f681d8af1_1.mp3,audio/jazz/6aa4d649-8d57-452b-8b33-fa1f681d8af1_2.mp3,jazz,2026-05-25T19:58:03.242640+00:00,2026-05-25T19:59:25.081239+00:00,
9f06e5ee-22c7-42e7-8dbe-75b912f48d8f,jazz,hard bop,"hard bop jazz, late-night atmosphere, featuring solo piano with walking bass","jazz, fusion, electric",chirp-v4-5+,done,75d4bff1-6533-470d-ac3d-02e88139427a,8940d1c1-8e23-4686-927d-8764506c0df4,2e601b6b-ef52-4ed3-a607-7b3111e4a4a4,https://cdn.ttapi.io/suno/20260525/fadd2a8bbcc24fbcb2773b032901aebe.mp3,https://cdn.ttapi.io/suno/20260525/91d93d2c87114a839bb82376215b62fe.mp3,audio/jazz/9f06e5ee-22c7-42e7-8dbe-75b912f48d8f_1.mp3,audio/jazz/9f06e5ee-22c7-42e7-8dbe-75b912f48d8f_2.mp3,jazz,2026-05-25T19:58:09.556022+00:00,2026-05-25T19:59:25.185413+00:00,
0b803748-8d2c-4ef6-ba38-d9cc06714b21,jazz,free jazz,"free jazz, late-night atmosphere, featuring solo piano with walking bass","jazz, saxophone, piano",chirp-v4-5+,done,60ae953a-7b2e-4c46-b3da-5b34d9795cc7,667e5cdd-6287-4fe5-8a73-b9e72e823793,0ac3829a-a53d-434f-b940-694769ba3699,https://cdn.ttapi.io/suno/20260525/e88623cd5b7848e6a189d5f4f9594262.mp3,https://cdn.ttapi.io/suno/20260525/86a2c5b04712443195e3cbf97e65ad6d.mp3,audio/jazz/0b803748-8d2c-4ef6-ba38-d9cc06714b21_1.mp3,audio/jazz/0b803748-8d2c-4ef6-ba38-d9cc06714b21_2.mp3,jazz,2026-05-25T19:58:15.588987+00:00,2026-05-25T19:59:25.287176+00:00,
2a7b612f-b231-4ce6-9705-9860b2a4154a,jazz,latin jazz,"latin jazz, late-night atmosphere, featuring solo piano with walking bass","jazz, trumpet, swing",chirp-v4-5+,done,8b8d6a10-ef67-4042-b1c9-ac42df3395b1,37e764e6-a25a-462a-ad94-92bdf58c9aad,0f2ee6a3-c761-4649-aa3d-6859f4a62215,https://cdn.ttapi.io/suno/20260525/bc765d62f8834054922734caa1c9c58b.mp3,https://cdn.ttapi.io/suno/20260525/ff7f31e59aee40f09a4743b851fd5d42.mp3,audio/jazz/2a7b612f-b231-4ce6-9705-9860b2a4154a_1.mp3,audio/jazz/2a7b612f-b231-4ce6-9705-9860b2a4154a_2.mp3,jazz,2026-05-25T19:58:17.178972+00:00,2026-05-25T19:59:41.176843+00:00,
f388896c-7c4f-4d7d-a044-69d2fb150f60,jazz,swing,"swing jazz, late-night atmosphere, featuring solo piano with walking bass","jazz, bass, drums",chirp-v4-5+,done,40c5f1db-5bb1-45e8-bd05-8974a61f13b1,28f6f089-673e-4369-9f73-5a520f35a3e8,91b6c766-7dea-4d30-9244-18a060ec641d,https://cdn.ttapi.io/suno/20260525/f2715c4bcd274871b28a94c7a9e82923.mp3,https://cdn.ttapi.io/suno/20260525/31d9118a39124e05aa033b6083347329.mp3,audio/jazz/f388896c-7c4f-4d7d-a044-69d2fb150f60_1.mp3,audio/jazz/f388896c-7c4f-4d7d-a044-69d2fb150f60_2.mp3,jazz,2026-05-25T19:58:23.098916+00:00,2026-05-25T19:59:25.461279+00:00,
33794135-4964-45d1-b096-b71f61816874,jazz,modal jazz,"modal jazz, late-night atmosphere, featuring solo piano with walking bass","jazz, guitar, bossa nova",chirp-v4-5+,done,a08c3b61-6ad1-4468-97bc-b57703cc3a3d,ffbe1093-96a2-40dc-857a-3bbcc054a236,aa2ef800-345a-4354-995a-80b6c6ae2cfa,https://cdn.ttapi.io/suno/20260525/8e8dca2a9a6e42579e8c6b6486464de0.mp3,https://cdn.ttapi.io/suno/20260525/52af3692c8b240528376c2c7b3989920.mp3,audio/jazz/33794135-4964-45d1-b096-b71f61816874_1.mp3,audio/jazz/33794135-4964-45d1-b096-b71f61816874_2.mp3,jazz,2026-05-25T19:58:29.202177+00:00,2026-05-25T19:59:53.957122+00:00,
b99773f9-4813-4cc1-ba62-6f461ac6cbdd,jazz,post-bop,"post-bop jazz, late-night atmosphere, featuring solo piano with walking bass","jazz, fusion, electric",chirp-v4-5+,done,7d1364c8-20b2-46db-816f-5c44702846c4,6447ddb7-8362-4df9-8b0f-06f8533f203a,b71ec813-7b7d-4d30-9ec5-ba6fd605bb4c,https://cdn.ttapi.io/suno/20260525/055059a233bc43288c0aa7dbd8fa0451.mp3,https://cdn.ttapi.io/suno/20260525/27db4cb27b1b4a95bf94e3689d3a6ada.mp3,audio/jazz/b99773f9-4813-4cc1-ba62-6f461ac6cbdd_1.mp3,audio/jazz/b99773f9-4813-4cc1-ba62-6f461ac6cbdd_2.mp3,jazz,2026-05-25T19:58:49.023070+00:00,2026-05-25T19:59:59.780134+00:00,
2affba16-317f-48ee-8f7e-aebc92451611,jazz,bebop,"bebop jazz, melancholic atmosphere, featuring solo piano with walking bass","jazz, saxophone, piano",chirp-v4-5+,done,852f5181-94b0-4338-aae0-7b053ed4d6b6,ea9f6bc2-1fdc-4931-9d12-7833b80eea5f,f9b857aa-3c40-41b0-bbd5-7adb843de7a5,https://cdn.ttapi.io/suno/20260525/5894ccad10964cd4be944615201759a7.mp3,https://cdn.ttapi.io/suno/20260525/7c88316e356a4e869aab0e6e88704339.mp3,audio/jazz/2affba16-317f-48ee-8f7e-aebc92451611_1.mp3,audio/jazz/2affba16-317f-48ee-8f7e-aebc92451611_2.mp3,jazz,2026-05-25T19:58:50.278471+00:00,2026-05-25T19:59:59.958109+00:00,
497a914b-f280-4e7e-a020-17ebaccff501,jazz,cool jazz,"cool jazz, melancholic atmosphere, featuring solo piano with walking bass","jazz, trumpet, swing",chirp-v4-5+,done,6b512acf-947a-4f0c-b7af-d25948d349ac,3ea87aef-f5f1-46b9-a434-631fb7c1f9c8,1abb975f-049e-4453-88e2-ebc2af27eec8,https://cdn.ttapi.io/suno/20260525/eda1e94868084bbd83859311e8aa39e4.mp3,https://cdn.ttapi.io/suno/20260525/a5ee7ed53b394568ad17eb622b36ec69.mp3,audio/jazz/497a914b-f280-4e7e-a020-17ebaccff501_1.mp3,audio/jazz/497a914b-f280-4e7e-a020-17ebaccff501_2.mp3,jazz,2026-05-25T19:58:56.389335+00:00,2026-05-25T20:00:44.295622+00:00,
c4215605-1ece-4326-aad9-835a382d00bf,jazz,fusion,"fusion jazz, melancholic atmosphere, featuring solo piano with walking bass","jazz, bass, drums",chirp-v4-5+,done,c20f6651-0f77-4cc7-8a44-125af44733cd,996ba3f0-cefb-452a-9ba4-5592f9d6d395,e3b56ba8-eb5f-4713-9a81-602c221478dc,https://cdn.ttapi.io/suno/20260525/55fec1f39e8841e29848d4dcb6a6f984.mp3,https://cdn.ttapi.io/suno/20260525/4e690d72753046abb3deb538652d59fb.mp3,audio/jazz/c4215605-1ece-4326-aad9-835a382d00bf_1.mp3,audio/jazz/c4215605-1ece-4326-aad9-835a382d00bf_2.mp3,jazz,2026-05-25T19:58:57.627455+00:00,2026-05-25T20:00:44.478987+00:00,
0fb5788b-bc0f-450d-8762-ec65185e257b,jazz,smooth jazz,"smooth jazz, melancholic atmosphere, featuring solo piano with walking bass","jazz, guitar, bossa nova",chirp-v4-5+,done,2fb714f7-9996-4b0a-9051-c192ab6b5a1c,4c8b46a4-c64d-43ee-a4b8-13874c5dc14a,d0a15498-1ac9-49a6-a45f-93d19cdcd5c0,https://cdn.ttapi.io/suno/20260525/a6d38eaad35e4b33b36bf702f7e97c6d.mp3,https://cdn.ttapi.io/suno/20260525/a196cbfa0ba0400c90d0463639f4d43c.mp3,audio/jazz/0fb5788b-bc0f-450d-8762-ec65185e257b_1.mp3,audio/jazz/0fb5788b-bc0f-450d-8762-ec65185e257b_2.mp3,jazz,2026-05-25T19:58:58.895787+00:00,2026-05-25T20:00:44.616194+00:00,
64a2308a-ddf6-4d53-98ad-f46edad318d7,jazz,hard bop,"hard bop jazz, melancholic atmosphere, featuring solo piano with walking bass","jazz, fusion, electric",chirp-v4-5+,done,8a26b2b8-8b94-4431-96c2-1b408aaa5114,02005aff-1215-450d-881f-2ba5faeb4037,6b08dc66-c30e-4b31-a72f-466dbe7c3766,https://cdn.ttapi.io/suno/20260525/4009224ed5f74abda7f9e4c7c3b28f94.mp3,https://cdn.ttapi.io/suno/20260525/381f08d0a8504a9e818456fca74fe8d4.mp3,audio/jazz/64a2308a-ddf6-4d53-98ad-f46edad318d7_1.mp3,audio/jazz/64a2308a-ddf6-4d53-98ad-f46edad318d7_2.mp3,jazz,2026-05-25T19:59:04.733181+00:00,2026-05-25T20:00:59.299121+00:00,
1910035b-de44-4d43-88bf-c2acb48bae55,jazz,free jazz,"free jazz, melancholic atmosphere, featuring solo piano with walking bass","jazz, saxophone, piano",chirp-v4-5+,done,f641adcc-2417-4cc4-aac4-bacc544e0845,1baf8862-395e-4280-b6a0-d1a757f1d363,25e60b09-8ada-4f53-8235-74aeabf94521,https://cdn.ttapi.io/suno/20260525/95c88ba7b4be447f8da86c232ba4de08.mp3,https://cdn.ttapi.io/suno/20260525/4c3f13190fc44960bbb26f69986130c9.mp3,audio/jazz/1910035b-de44-4d43-88bf-c2acb48bae55_1.mp3,audio/jazz/1910035b-de44-4d43-88bf-c2acb48bae55_2.mp3,jazz,2026-05-25T19:59:10.452318+00:00,2026-05-25T20:00:44.817330+00:00,
e6660def-27a6-4cf3-b361-bd5f5a59dd90,jazz,latin jazz,"latin jazz, melancholic atmosphere, featuring solo piano with walking bass","jazz, trumpet, swing",chirp-v4-5+,done,11cd7169-bbe5-4a56-80b9-96d6884623db,a1e93392-c504-48c6-82e2-95740fe6c453,b721d76a-f53d-4f08-a13d-559752e0a726,https://cdn.ttapi.io/suno/20260525/93b9b1352a4c4069baa4037d58ee4c54.mp3,https://cdn.ttapi.io/suno/20260525/93db043e56cb427e987389c368de4aad.mp3,audio/jazz/e6660def-27a6-4cf3-b361-bd5f5a59dd90_1.mp3,audio/jazz/e6660def-27a6-4cf3-b361-bd5f5a59dd90_2.mp3,jazz,2026-05-25T19:59:18.141290+00:00,2026-05-25T20:00:44.919377+00:00,
aac385ef-fe37-4afa-b831-f484707c67aa,jazz,swing,"swing jazz, melancholic atmosphere, featuring solo piano with walking bass","jazz, bass, drums",chirp-v4-5+,done,f90e811e-d4cc-4b04-8965-85dfd188bfb9,3a65b3c3-d25b-4936-aa9a-765948ce81f1,7602093a-975b-44dc-a22f-f61e03fecf09,https://cdn.ttapi.io/suno/20260525/01a699398d3b464887c49c93cedd1483.mp3,https://cdn.ttapi.io/suno/20260525/5e03b7ce56d74dd69178621c89a77eac.mp3,audio/jazz/aac385ef-fe37-4afa-b831-f484707c67aa_1.mp3,audio/jazz/aac385ef-fe37-4afa-b831-f484707c67aa_2.mp3,jazz,2026-05-25T19:59:23.857179+00:00,2026-05-25T20:01:09.421077+00:00,
42af9126-f456-4a0c-b4a3-d82190237913,jazz,modal jazz,"modal jazz, melancholic atmosphere, featuring solo piano with walking bass","jazz, guitar, bossa nova",chirp-v4-5+,done,c600fe2d-d635-4aae-a97a-3740aa449d14,c3a4c4ef-139b-4600-bdd8-97f1bc86fd97,a8a1a812-8eba-41f1-b216-36a3b55050bd,https://cdn.ttapi.io/suno/20260525/3571a44932434666a3e8ed4e4dfea8ff.mp3,https://cdn.ttapi.io/suno/20260525/5b29982b53554d6fbaf3e28a4ce14725.mp3,audio/jazz/42af9126-f456-4a0c-b4a3-d82190237913_1.mp3,audio/jazz/42af9126-f456-4a0c-b4a3-d82190237913_2.mp3,jazz,2026-05-25T19:59:32.667684+00:00,2026-05-25T20:01:18.130232+00:00,
ecd4c0f0-62da-45b4-8857-f1d361644ddf,jazz,post-bop,"post-bop jazz, melancholic atmosphere, featuring solo piano with walking bass","jazz, fusion, electric",chirp-v4-5+,done,94074072-49f8-41b7-81ad-3d916b079c1f,b2a5ca7e-8abd-4bae-96f9-ae8c017974f2,d60612d0-8055-4b10-8ff5-4918b443c82e,https://cdn.ttapi.io/suno/20260525/875823e0d4404c57bfb95e72ebc4aaab.mp3,https://cdn.ttapi.io/suno/20260525/3aa816eac22144d49d4bfbc8c8125a6d.mp3,audio/jazz/ecd4c0f0-62da-45b4-8857-f1d361644ddf_1.mp3,audio/jazz/ecd4c0f0-62da-45b4-8857-f1d361644ddf_2.mp3,jazz,2026-05-25T19:59:33.985482+00:00,2026-05-25T20:01:09.688002+00:00,
b73ddec7-4d21-4418-a426-8c6eab23f9f7,jazz,bebop,"bebop jazz, uplifting atmosphere, featuring solo piano with walking bass","jazz, saxophone, piano",chirp-v4-5+,done,a283eeaf-0be0-47eb-90f5-f8c3cdf6576e,f8b19bdc-2d9d-4b2a-9b63-78386077f0a1,321f2d93-2f46-4367-ad3d-d486999e0741,https://cdn.ttapi.io/suno/20260525/f791408915aa4750b2b36cc75582fd3d.mp3,https://cdn.ttapi.io/suno/20260525/79e524abef9543d3ad869210fda4c9c1.mp3,audio/jazz/b73ddec7-4d21-4418-a426-8c6eab23f9f7_1.mp3,audio/jazz/b73ddec7-4d21-4418-a426-8c6eab23f9f7_2.mp3,jazz,2026-05-25T19:59:35.248785+00:00,2026-05-25T20:00:45.281726+00:00,
a8d72353-976c-4537-88d5-24d3ee6c266f,jazz,cool jazz,"cool jazz, uplifting atmosphere, featuring solo piano with walking bass","jazz, trumpet, swing",chirp-v4-5+,done,f66d7424-4fa6-4799-aa93-b24429ada22a,d5a2ac33-2864-4131-a032-1ffc14844cb9,44650c87-c8a1-44f2-8fd1-c247ff4eb4d0,https://cdn.ttapi.io/suno/20260525/aed49973034a457da4b1638d2ccceca4.mp3,https://cdn.ttapi.io/suno/20260525/a70f54d26bbb4b2f83199b4269f09c34.mp3,audio/jazz/a8d72353-976c-4537-88d5-24d3ee6c266f_1.mp3,audio/jazz/a8d72353-976c-4537-88d5-24d3ee6c266f_2.mp3,jazz,2026-05-25T19:59:36.543915+00:00,2026-05-25T20:00:59.753445+00:00,
241676c7-64bc-43cc-aa58-4181019cb4d4,jazz,fusion,"fusion jazz, uplifting atmosphere, featuring solo piano with walking bass","jazz, bass, drums",chirp-v4-5+,done,5f0be7ce-2b73-48d2-abd0-0f9ba5a88aca,5ad187a2-1efd-46a8-bd12-a26b02472e7e,7e47c262-b063-4eb7-92c1-ae599c312787,https://cdn.ttapi.io/suno/20260525/769fb69acc2f4c34846cc170e59ed1d5.mp3,https://cdn.ttapi.io/suno/20260525/cade0bd71caf47059a308128082653fe.mp3,audio/jazz/241676c7-64bc-43cc-aa58-4181019cb4d4_1.mp3,audio/jazz/241676c7-64bc-43cc-aa58-4181019cb4d4_2.mp3,jazz,2026-05-25T19:59:37.804356+00:00,2026-05-25T20:01:09.790129+00:00,
bc6565d0-79c5-4f7e-a8d1-33150babf575,jazz,smooth jazz,"smooth jazz, uplifting atmosphere, featuring solo piano with walking bass","jazz, guitar, bossa nova",chirp-v4-5+,done,b03d621c-720d-4fbb-bcb2-40f84486ecd8,9ee02c34-d335-4a47-b905-a28ab72515f8,eda0b01e-6b08-4f62-a63f-653ebf01acfc,https://cdn.ttapi.io/suno/20260525/80f8b0fe5a9c4d18ab1c20729721b7ab.mp3,https://cdn.ttapi.io/suno/20260525/17715bf40f2d47fc95638258ee28634e.mp3,audio/jazz/bc6565d0-79c5-4f7e-a8d1-33150babf575_1.mp3,audio/jazz/bc6565d0-79c5-4f7e-a8d1-33150babf575_2.mp3,jazz,2026-05-25T19:59:38.996897+00:00,2026-05-25T20:01:18.295984+00:00,
bc99cc5a-28d0-4623-be4a-075a27845d1c,jazz,hard bop,"hard bop jazz, uplifting atmosphere, featuring solo piano with walking bass","jazz, fusion, electric",chirp-v4-5+,done,9323f4a2-b274-474d-8f5d-6d2754419560,3dece7bc-bdb8-4c26-b38c-9a6942d77346,b6cb9651-078f-4999-9c5d-8c653d0155db,https://cdn.ttapi.io/suno/20260525/fb964a9de9094ebcb4a8167188fb2518.mp3,https://cdn.ttapi.io/suno/20260525/448eff7703c54785b9f4884ec79aff97.mp3,audio/jazz/bc99cc5a-28d0-4623-be4a-075a27845d1c_1.mp3,audio/jazz/bc99cc5a-28d0-4623-be4a-075a27845d1c_2.mp3,jazz,2026-05-25T19:59:40.265074+00:00,2026-05-25T20:01:00.083401+00:00,
87614c9c-f603-475c-9f3f-a8d540c37e7f,jazz,free jazz,"free jazz, uplifting atmosphere, featuring solo piano with walking bass","jazz, saxophone, piano",chirp-v4-5+,done,cfd0dccf-1d74-4f97-a99b-91e195243a40,d9a080f8-df1b-4f43-8ae7-b23ac338b3cc,7ce350e6-f5d8-4818-b881-c7427952edb0,https://cdn.ttapi.io/suno/20260525/663f360c3f1a49549ae196450a5b1843.mp3,https://cdn.ttapi.io/suno/20260525/d058149500e24ceab39091d44ef60a4e.mp3,audio/jazz/87614c9c-f603-475c-9f3f-a8d540c37e7f_1.mp3,audio/jazz/87614c9c-f603-475c-9f3f-a8d540c37e7f_2.mp3,jazz,2026-05-25T19:59:46.005048+00:00,2026-05-25T20:01:18.405213+00:00,
1c128b37-0648-4a15-acdf-32f810655e16,jazz,latin jazz,"latin jazz, uplifting atmosphere, featuring solo piano with walking bass","jazz, trumpet, swing",chirp-v4-5+,done,f980f1d6-da7a-4a08-846f-d8a81383f46f,6640721c-c127-4698-ac35-6cc01c9e4110,828c732d-f407-4e8f-84cf-2a1a0fcc9fdc,https://cdn.ttapi.io/suno/20260525/c9c4eb1a25c248dda01b35ed811538cb.mp3,https://cdn.ttapi.io/suno/20260525/c1e7529a01b44c3a897a83e9f3af0509.mp3,audio/jazz/1c128b37-0648-4a15-acdf-32f810655e16_1.mp3,audio/jazz/1c128b37-0648-4a15-acdf-32f810655e16_2.mp3,jazz,2026-05-25T19:59:52.023682+00:00,2026-05-25T20:01:18.507923+00:00,
e6af09bd-7003-494f-a227-e4847a299dae,jazz,swing,"swing jazz, uplifting atmosphere, featuring solo piano with walking bass","jazz, bass, drums",chirp-v4-5+,done,973fa011-8632-4a65-9e25-cf7eb8b96316,33c0dfc0-4ea0-4e1c-93fe-887b5c466a14,f8a16a04-7a79-49b8-8dc3-bb3152eabec0,https://cdn.ttapi.io/suno/20260525/4e8f46cf69da42559b9734be262ca5d7.mp3,https://cdn.ttapi.io/suno/20260525/fe0ffb920cbf482ca4858aac160d8267.mp3,audio/jazz/e6af09bd-7003-494f-a227-e4847a299dae_1.mp3,audio/jazz/e6af09bd-7003-494f-a227-e4847a299dae_2.mp3,jazz,2026-05-25T19:59:53.247779+00:00,2026-05-25T20:01:00.372677+00:00,
c9e8733d-c612-4c74-a267-12a3e160ac4a,jazz,modal jazz,"modal jazz, uplifting atmosphere, featuring solo piano with walking bass","jazz, guitar, bossa nova",chirp-v4-5+,done,6cac27c6-18ed-41ad-bed7-b114560630c0,5c434777-c4a6-461b-9109-8d4b52677e85,64bc1047-31a8-4dff-95aa-5f42d8b34a17,https://cdn.ttapi.io/suno/20260525/297c46efb5b748a78d391ce73b6ed3f3.mp3,https://cdn.ttapi.io/suno/20260525/ab37e937eeb54b40ac0f29f7cb535ad7.mp3,audio/jazz/c9e8733d-c612-4c74-a267-12a3e160ac4a_1.mp3,audio/jazz/c9e8733d-c612-4c74-a267-12a3e160ac4a_2.mp3,jazz,2026-05-25T19:59:59.073896+00:00,2026-05-25T20:01:18.607546+00:00,
5a0386a2-6ecc-4f71-b226-99adfcb05e64,jazz,post-bop,"post-bop jazz, uplifting atmosphere, featuring solo piano with walking bass","jazz, fusion, electric",chirp-v4-5+,done,e8d5ae60-6f5b-47bf-9d9a-83d8c710c071,a1c479fd-1aad-4834-8f2a-7a80d1f7f7f2,f092d6f0-6ccb-45e1-b138-9f1e4d39326c,https://cdn.ttapi.io/suno/20260525/bb322d00861b43d98e5dde992fd728dd.mp3,https://cdn.ttapi.io/suno/20260525/30f72a0fd93a4552b0a71f93a4f39d6a.mp3,audio/jazz/5a0386a2-6ecc-4f71-b226-99adfcb05e64_1.mp3,audio/jazz/5a0386a2-6ecc-4f71-b226-99adfcb05e64_2.mp3,jazz,2026-05-25T20:00:04.899004+00:00,2026-05-25T20:01:18.705364+00:00,
1633139e-fe9d-424b-8e6d-4fc3ec8afd27,jazz,bebop,"bebop jazz, relaxed atmosphere, featuring solo piano with walking bass","jazz, saxophone, piano",chirp-v4-5+,done,bc7635aa-1636-4fe1-8349-ed0f9f1dab9c,a0e2500e-1ef0-4f0b-be94-9036c92a063c,1832b269-379a-4832-aee2-f9bc82d45e60,https://cdn.ttapi.io/suno/20260525/bc153af399f64e57b8d3a844c30c9b1d.mp3,https://cdn.ttapi.io/suno/20260525/b5c36bc9ed0d4b9298f8d046dfee271a.mp3,audio/jazz/1633139e-fe9d-424b-8e6d-4fc3ec8afd27_1.mp3,audio/jazz/1633139e-fe9d-424b-8e6d-4fc3ec8afd27_2.mp3,jazz,2026-05-25T20:00:06.142219+00:00,2026-05-25T20:01:18.820741+00:00,
0c68458c-c163-492f-a523-ed3e0e7fb5d3,jazz,cool jazz,"cool jazz, relaxed atmosphere, featuring solo piano with walking bass","jazz, trumpet, swing",chirp-v4-5+,done,47513212-8e87-417c-b911-6ea6cb18d6ec,10e0e438-fde5-4517-80a2-1b3200a04898,263535c7-d7dc-40b4-a242-644f9b690e83,https://cdn.ttapi.io/suno/20260525/e91f365435804ec6b8c6e8cd7c3b0616.mp3,https://cdn.ttapi.io/suno/20260525/8a93ef8b54e6411193aa4d971aec9b89.mp3,audio/jazz/0c68458c-c163-492f-a523-ed3e0e7fb5d3_1.mp3,audio/jazz/0c68458c-c163-492f-a523-ed3e0e7fb5d3_2.mp3,jazz,2026-05-25T20:00:52.109641+00:00,2026-05-25T20:02:09.160726+00:00,
32e080ef-e277-4b05-ad6f-88070b90a3e7,jazz,fusion,"fusion jazz, relaxed atmosphere, featuring solo piano with walking bass","jazz, bass, drums",chirp-v4-5+,done,f92f051f-3034-418a-b5e4-8fe5d356f7bf,3b9c5f2e-3cab-45d9-a3d8-74558624ca29,03fb6210-f4ce-48b7-a612-6d70b61ef78d,https://cdn.ttapi.io/suno/20260525/2391a9c8b401437093799d6a6b37887a.mp3,https://cdn.ttapi.io/suno/20260525/1309525892ec4ecf95dfcc66639a6998.mp3,audio/jazz/32e080ef-e277-4b05-ad6f-88070b90a3e7_1.mp3,audio/jazz/32e080ef-e277-4b05-ad6f-88070b90a3e7_2.mp3,jazz,2026-05-25T20:00:53.403913+00:00,2026-05-25T20:02:16.266648+00:00,
fba378b3-6742-4671-b5a5-963907b910c9,jazz,smooth jazz,"smooth jazz, relaxed atmosphere, featuring solo piano with walking bass","jazz, guitar, bossa nova",chirp-v4-5+,done,373b070f-6289-424f-9918-4e99985978f5,e9158ae3-384c-4ed2-95d4-94ed1abed1a8,4e37e491-ca2a-4907-8c15-34f8b52caabb,https://cdn.ttapi.io/suno/20260525/b9c76a51ae7d41919809aec1081c1b23.mp3,https://cdn.ttapi.io/suno/20260525/3503a942cb6b46b987a7dd895b81cff9.mp3,audio/jazz/fba378b3-6742-4671-b5a5-963907b910c9_1.mp3,audio/jazz/fba378b3-6742-4671-b5a5-963907b910c9_2.mp3,jazz,2026-05-25T20:00:54.736952+00:00,2026-05-25T20:02:16.437355+00:00,
6a65d240-dae3-4fb2-8ca9-ad95989df162,jazz,hard bop,"hard bop jazz, relaxed atmosphere, featuring solo piano with walking bass","jazz, fusion, electric",chirp-v4-5+,done,5aaad0dd-2f6f-49ce-9a90-0a21f4014c05,43500a69-3422-49ae-902a-1ad063f651e8,664ad0d2-6c14-4400-838d-968fb6c4fd40,https://cdn.ttapi.io/suno/20260525/290ee8464c7e4686be1ad29b486ee9a8.mp3,https://cdn.ttapi.io/suno/20260525/89fb01aa374646d89a2b7171a298f0c5.mp3,audio/jazz/6a65d240-dae3-4fb2-8ca9-ad95989df162_1.mp3,audio/jazz/6a65d240-dae3-4fb2-8ca9-ad95989df162_2.mp3,jazz,2026-05-25T20:00:56.033499+00:00,2026-05-25T20:02:03.947432+00:00,
d74e9ad5-2713-4d23-bfa9-2d8f9a8bebb2,jazz,free jazz,"free jazz, relaxed atmosphere, featuring solo piano with walking bass","jazz, saxophone, piano",chirp-v4-5+,done,7ee5b973-f613-4fd9-808b-9679107ce402,c11904ae-9d28-471e-ab5e-1c9a7cedb45c,750d13a9-a204-495c-9cd4-0b762a730252,https://cdn.ttapi.io/suno/20260525/c495c4d809c34f67aeceb89e85ecdb66.mp3,https://cdn.ttapi.io/suno/20260525/b2c6d6ccc49b4a71b3df6ea045480a2e.mp3,audio/jazz/d74e9ad5-2713-4d23-bfa9-2d8f9a8bebb2_1.mp3,audio/jazz/d74e9ad5-2713-4d23-bfa9-2d8f9a8bebb2_2.mp3,jazz,2026-05-25T20:00:57.296124+00:00,2026-05-25T20:02:33.958525+00:00,
d4c6fa00-8244-465e-8a99-a9b13b05cd82,jazz,latin jazz,"latin jazz, relaxed atmosphere, featuring solo piano with walking bass","jazz, trumpet, swing",chirp-v4-5+,done,37d55da5-f81b-4861-abee-63ebccb303e5,8b1a6289-1677-4d52-ac87-71f39d303d32,4a28df93-f7ef-4346-b21e-bc6b0d079ab1,https://cdn.ttapi.io/suno/20260525/79931129a1b947b5b97acbe130bf72fc.mp3,https://cdn.ttapi.io/suno/20260525/01572370e536430c9cea2564e26aefd7.mp3,audio/jazz/d4c6fa00-8244-465e-8a99-a9b13b05cd82_1.mp3,audio/jazz/d4c6fa00-8244-465e-8a99-a9b13b05cd82_2.mp3,jazz,2026-05-25T20:00:58.603025+00:00,2026-05-25T20:02:16.642197+00:00,
eed7364e-b4da-4b4a-9771-4e4be5ca4674,jazz,swing,"swing jazz, relaxed atmosphere, featuring solo piano with walking bass","jazz, bass, drums",chirp-v4-5+,done,90236753-1bf5-4920-bf39-c7e220eab4c3,0c495519-47a6-43e8-b5ca-a0d998d8f307,07d80b60-d54e-4def-ad56-b9cb9253c2df,https://cdn.ttapi.io/suno/20260525/7813ddb800df43a0bce26f0d4bc54519.mp3,https://cdn.ttapi.io/suno/20260525/9d8d7c37d9fa430a82feacb13e607e15.mp3,audio/jazz/eed7364e-b4da-4b4a-9771-4e4be5ca4674_1.mp3,audio/jazz/eed7364e-b4da-4b4a-9771-4e4be5ca4674_2.mp3,jazz,2026-05-25T20:01:04.798027+00:00,2026-05-25T20:02:16.742714+00:00,
fc68837a-641b-484f-92a1-e683c0d2a167,jazz,modal jazz,"modal jazz, relaxed atmosphere, featuring solo piano with walking bass","jazz, guitar, bossa nova",chirp-v4-5+,done,cbaa5eda-ef97-4023-8c35-c565f9e4ff6d,6d3d6315-ac8f-4b24-8599-410b1e2ebd03,69c12bb8-f5dc-4c2f-bb94-6cbd6f16083e,https://cdn.ttapi.io/suno/20260525/416e7ca13cc64830a500cfe57dd769ca.mp3,https://cdn.ttapi.io/suno/20260525/1f171863c62f496ea01e4d30315dbd50.mp3,audio/jazz/fc68837a-641b-484f-92a1-e683c0d2a167_1.mp3,audio/jazz/fc68837a-641b-484f-92a1-e683c0d2a167_2.mp3,jazz,2026-05-25T20:01:06.110280+00:00,2026-05-25T20:02:16.840503+00:00,
4358ba4d-1336-403b-8a52-8bf413eecf6c,jazz,post-bop,"post-bop jazz, relaxed atmosphere, featuring solo piano with walking bass","jazz, fusion, electric",chirp-v4-5+,done,9665fa7f-13c6-4eda-93b3-0886b76d8951,bb3e67ad-186c-4645-8c89-abb100acc1f0,7737f0aa-ba79-46cd-b4d2-e632d5c9fafe,https://cdn.ttapi.io/suno/20260525/28ba35a4f1884c9fa919d137681bed10.mp3,https://cdn.ttapi.io/suno/20260525/a48f6ac1149c4c07ac08b921e28561f6.mp3,audio/jazz/4358ba4d-1336-403b-8a52-8bf413eecf6c_1.mp3,audio/jazz/4358ba4d-1336-403b-8a52-8bf413eecf6c_2.mp3,jazz,2026-05-25T20:01:07.418918+00:00,2026-05-25T20:02:43.929147+00:00,
d4142f7c-7d2a-4e76-a9f3-62baf8d06695,jazz,bebop,"bebop jazz, energetic atmosphere, featuring solo piano with walking bass","jazz, saxophone, piano",chirp-v4-5+,done,291ddb9e-13ef-459d-9a53-b55b7b76f044,898618c3-8ba9-454c-adfb-e38b99c2242f,abe6d6c7-a860-4558-8297-77bf5065c1e1,https://cdn.ttapi.io/suno/20260525/4295d233f01741c8b83aca94fe0e8fa1.mp3,https://cdn.ttapi.io/suno/20260525/e96230b23f0e451dbbab835ca0f58246.mp3,audio/jazz/d4142f7c-7d2a-4e76-a9f3-62baf8d06695_1.mp3,audio/jazz/d4142f7c-7d2a-4e76-a9f3-62baf8d06695_2.mp3,jazz,2026-05-25T20:01:08.715810+00:00,2026-05-25T20:02:09.963456+00:00,
958b7caf-c29f-4b32-aee0-d1609a342aff,jazz,cool jazz,"cool jazz, energetic atmosphere, featuring solo piano with walking bass","jazz, trumpet, swing",chirp-v4-5+,done,b1a122b2-8df6-4d94-8335-424d4d386368,252041c8-d291-4c60-80c3-5ad0d4f1ba66,280a5f82-56fb-44cc-8673-98eb06dfed49,https://cdn.ttapi.io/suno/20260525/971e784fd5f64c37a0f65f10ce631841.mp3,https://cdn.ttapi.io/suno/20260525/d3714b3cec944646add8c834e29f0009.mp3,audio/jazz/958b7caf-c29f-4b32-aee0-d1609a342aff_1.mp3,audio/jazz/958b7caf-c29f-4b32-aee0-d1609a342aff_2.mp3,jazz,2026-05-25T20:01:14.816079+00:00,2026-05-25T20:02:17.026356+00:00,
5fd30a49-622a-4abf-a96b-71cb97b5bfeb,jazz,fusion,"fusion jazz, energetic atmosphere, featuring solo piano with walking bass","jazz, bass, drums",chirp-v4-5+,done,a3228af3-961f-44ae-8d39-a0c69ec2cc27,f49d43ac-0f56-4945-bf1b-93ebb8995b34,9cf77700-beb5-455c-8e7e-0d564db70cd7,https://cdn.ttapi.io/suno/20260525/e2754623fa22417fac94b228ff503f8c.mp3,https://cdn.ttapi.io/suno/20260525/944b355511b745d7a215baac98df73a8.mp3,audio/jazz/5fd30a49-622a-4abf-a96b-71cb97b5bfeb_1.mp3,audio/jazz/5fd30a49-622a-4abf-a96b-71cb97b5bfeb_2.mp3,jazz,2026-05-25T20:01:16.136347+00:00,2026-05-25T20:02:34.232315+00:00,
c490c257-aa05-4191-ae4c-0198fe4aef41,jazz,smooth jazz,"smooth jazz, energetic atmosphere, featuring solo piano with walking bass","jazz, guitar, bossa nova",chirp-v4-5+,done,346c7b17-e58f-4d43-930c-f303818e8161,3d2581f0-bd77-4a7a-a398-fbda27b47af2,e181c0db-33bc-4319-8c55-cb7c85c5f4b0,https://cdn.ttapi.io/suno/20260525/0cfb99f67360434aac0ca93f1ba6b48f.mp3,https://cdn.ttapi.io/suno/20260525/b49e1e68ef81466e8d63c61e2e1dc559.mp3,audio/jazz/c490c257-aa05-4191-ae4c-0198fe4aef41_1.mp3,audio/jazz/c490c257-aa05-4191-ae4c-0198fe4aef41_2.mp3,jazz,2026-05-25T20:01:17.420818+00:00,2026-05-25T20:02:17.208692+00:00,
9c249f33-3432-4e49-a5bf-517b5938ad26,jazz,hard bop,"hard bop jazz, energetic atmosphere, featuring solo piano with walking bass","jazz, fusion, electric",chirp-v4-5+,done,55a4c1af-1aeb-4b5f-b217-cbb01e964494,d9c7496a-7765-4287-b9c6-7a16cf4df376,0f83207b-7f37-45ae-bfb6-cf4fac69d930,https://cdn.ttapi.io/suno/20260525/a05582efa8074f0a9cb564a19943c3f0.mp3,https://cdn.ttapi.io/suno/20260525/cb112f2520ee42f980c4051807c2cfaf.mp3,audio/jazz/9c249f33-3432-4e49-a5bf-517b5938ad26_1.mp3,audio/jazz/9c249f33-3432-4e49-a5bf-517b5938ad26_2.mp3,jazz,2026-05-25T20:01:29.641041+00:00,2026-05-25T20:02:44.099366+00:00,
94621a4b-c3d9-4c06-9483-34376f007c12,jazz,free jazz,"free jazz, energetic atmosphere, featuring solo piano with walking bass","jazz, saxophone, piano",chirp-v4-5+,done,c3e49608-4166-4aa4-91cd-27c9475ca81d,07d5a893-afe5-4d11-9a1f-8f88862cb43b,72c9e6f6-2b3f-404c-bfef-d11163a04061,https://cdn.ttapi.io/suno/20260525/9264c1a9e75f41249e30a87fbf731ae8.mp3,https://cdn.ttapi.io/suno/20260525/918fe7468c404f64a68ec80b80b87a1d.mp3,audio/jazz/94621a4b-c3d9-4c06-9483-34376f007c12_1.mp3,audio/jazz/94621a4b-c3d9-4c06-9483-34376f007c12_2.mp3,jazz,2026-05-25T20:01:30.963253+00:00,2026-05-25T20:02:34.462049+00:00,
276312e0-5639-4133-b6b5-48bb224ae2ab,jazz,latin jazz,"latin jazz, energetic atmosphere, featuring solo piano with walking bass","jazz, trumpet, swing",chirp-v4-5+,done,0b599cb4-2b21-49bf-85dd-239da146a74d,6b69645a-41f8-45a8-92af-42dfa4e11b9e,e67d3a54-5571-4938-b2f2-e4080be8a453,https://cdn.ttapi.io/suno/20260525/1c9d9951b4cc4037b9f8d8dafb566a67.mp3,https://cdn.ttapi.io/suno/20260525/704a9127b11f4cb0ac362b29988c744f.mp3,audio/jazz/276312e0-5639-4133-b6b5-48bb224ae2ab_1.mp3,audio/jazz/276312e0-5639-4133-b6b5-48bb224ae2ab_2.mp3,jazz,2026-05-25T20:01:32.312978+00:00,2026-05-25T20:03:06.295750+00:00,
dde85e1f-9984-42f6-9cd3-a98a305c09df,jazz,swing,"swing jazz, energetic atmosphere, featuring solo piano with walking bass","jazz, bass, drums",chirp-v4-5+,done,d4044d3b-4071-4c08-8f03-d35ae4e4cb09,f6950a1e-04a1-4f30-ab42-ef5c65706d54,a1476792-5f87-4585-89ac-83365eb951b8,https://cdn.ttapi.io/suno/20260525/4979300061f34d4f90d86042752ecd77.mp3,https://cdn.ttapi.io/suno/20260525/ae40aa865d8d40c1ba6ce42d93757411.mp3,audio/jazz/dde85e1f-9984-42f6-9cd3-a98a305c09df_1.mp3,audio/jazz/dde85e1f-9984-42f6-9cd3-a98a305c09df_2.mp3,jazz,2026-05-25T20:01:33.559491+00:00,2026-05-25T20:02:34.648200+00:00,
bf25a0b3-cde9-4bb8-a862-6ed7c4ff46c3,jazz,modal jazz,"modal jazz, energetic atmosphere, featuring solo piano with walking bass","jazz, guitar, bossa nova",chirp-v4-5+,done,00bf4666-0243-4ab0-9aa2-c886f8decf5e,e703438d-9c44-46d2-a78a-7fb36e805093,4782344c-6c6e-47e7-9517-2a46dfae5ddc,https://cdn.ttapi.io/suno/20260525/cfdfe4fe27564b43afeb25cf44f4cb4c.mp3,https://cdn.ttapi.io/suno/20260525/76ee27640e9d4b1d9b5bfd1338b1f7e3.mp3,audio/jazz/bf25a0b3-cde9-4bb8-a862-6ed7c4ff46c3_1.mp3,audio/jazz/bf25a0b3-cde9-4bb8-a862-6ed7c4ff46c3_2.mp3,jazz,2026-05-25T20:01:34.883494+00:00,2026-05-25T20:03:06.473870+00:00,
5f42fcb0-c9de-4207-a509-42f0db3905ad,jazz,post-bop,"post-bop jazz, energetic atmosphere, featuring solo piano with walking bass","jazz, fusion, electric",chirp-v4-5+,done,3735c9dc-d2a4-492c-9878-dd4b7a22d2e0,2332b6a2-3c47-43f2-be57-e883c3bfa95e,a2963b4c-867a-474a-81d5-5e8ec5c27612,https://cdn.ttapi.io/suno/20260525/3a3823407c3d492aa728efbd50c2eb2b.mp3,https://cdn.ttapi.io/suno/20260525/1ec4553aaca649f5b8cff646f51271fb.mp3,audio/jazz/5f42fcb0-c9de-4207-a509-42f0db3905ad_1.mp3,audio/jazz/5f42fcb0-c9de-4207-a509-42f0db3905ad_2.mp3,jazz,2026-05-25T20:01:36.151154+00:00,2026-05-25T20:02:17.744372+00:00,
f94589bf-a7f0-4e1b-a820-5f7646b563d2,jazz,bebop,"bebop jazz, nostalgic atmosphere, featuring solo piano with walking bass","jazz, saxophone, piano",chirp-v4-5+,done,22397dfc-05ee-4c52-9fef-beccdb41086a,85440df4-7ce9-487b-a0d1-5e1472453551,55320238-1c2a-401a-96bf-77d9c375afdc,https://cdn.ttapi.io/suno/20260525/31cf7f9bb6c0446a87a87531a15b7b6d.mp3,https://cdn.ttapi.io/suno/20260525/63077757dc5e4584b2060446a813c8ef.mp3,audio/jazz/f94589bf-a7f0-4e1b-a820-5f7646b563d2_1.mp3,audio/jazz/f94589bf-a7f0-4e1b-a820-5f7646b563d2_2.mp3,jazz,2026-05-25T20:01:37.467210+00:00,2026-05-25T20:02:44.403498+00:00,
00830aac-b212-412a-9087-6220b829e571,jazz,cool jazz,"cool jazz, nostalgic atmosphere, featuring solo piano with walking bass","jazz, trumpet, swing",chirp-v4-5+,done,35a425f6-e505-4b46-adff-828e75434a55,a10c2cd3-1865-4f02-bf55-1916b22e2450,c311327f-ce4a-4ad6-8477-3c02637d5cd3,https://cdn.ttapi.io/suno/20260525/1ea40369519b49e2bcc6aac9fdf9d1ae.mp3,https://cdn.ttapi.io/suno/20260525/2e7944982e194a909d7af2e01e4860d5.mp3,audio/jazz/00830aac-b212-412a-9087-6220b829e571_1.mp3,audio/jazz/00830aac-b212-412a-9087-6220b829e571_2.mp3,jazz,2026-05-25T20:02:08.481197+00:00,2026-05-25T20:03:27.574426+00:00,
d373bad3-013b-41d4-a20c-18a3c90dd1bf,jazz,fusion,"fusion jazz, nostalgic atmosphere, featuring solo piano with walking bass","jazz, bass, drums",chirp-v4-5+,done,a47bac7d-5c24-4fa8-8eac-42cd439ec335,ddfa22a1-b287-44f2-a8f9-fe7cbd76dfec,db7d4807-2c47-4266-a583-8573ab6d2e93,https://cdn.ttapi.io/suno/20260525/221847f1c74d40a18d43cc2dc0da1e20.mp3,https://cdn.ttapi.io/suno/20260525/f7690eb40c3f450aa5f9569405577d09.mp3,audio/jazz/d373bad3-013b-41d4-a20c-18a3c90dd1bf_1.mp3,audio/jazz/d373bad3-013b-41d4-a20c-18a3c90dd1bf_2.mp3,jazz,2026-05-25T20:02:14.279247+00:00,2026-05-25T20:03:36.153067+00:00,
88efa17e-be04-466b-870f-e96098668f24,jazz,smooth jazz,"smooth jazz, nostalgic atmosphere, featuring solo piano with walking bass","jazz, guitar, bossa nova",chirp-v4-5+,done,18c2a0cf-e26a-441a-949b-4fc320dd6a23,64a7c5ee-f3f2-4337-81cc-3df05251d3e6,5e48033a-f1db-4949-9ae8-b2de932ba9da,https://cdn.ttapi.io/suno/20260525/985cc7cc59ee4c16a406bed5043c2bcd.mp3,https://cdn.ttapi.io/suno/20260525/779a6bdb5cb44a9fb933ace72c3e91d8.mp3,audio/jazz/88efa17e-be04-466b-870f-e96098668f24_1.mp3,audio/jazz/88efa17e-be04-466b-870f-e96098668f24_2.mp3,jazz,2026-05-25T20:02:15.554926+00:00,2026-05-25T20:03:44.864412+00:00,
4be0469b-5069-4273-8c0c-6bb85f346523,jazz,hard bop,"hard bop jazz, nostalgic atmosphere, featuring solo piano with walking bass","jazz, fusion, electric",chirp-v4-5+,done,474c5a67-e3b7-4e8c-b02c-76ccf295a4e5,ed97cf3a-2573-4e1e-918e-febc7222fa41,0e5043f6-01d8-4c6f-832b-27439ef1b295,https://cdn.ttapi.io/suno/20260525/04a7bd0d26dd46ffa57dd9251fcad92e.mp3,https://cdn.ttapi.io/suno/20260525/15f98fd828fa4d288f1960da944f38c0.mp3,audio/jazz/4be0469b-5069-4273-8c0c-6bb85f346523_1.mp3,audio/jazz/4be0469b-5069-4273-8c0c-6bb85f346523_2.mp3,jazz,2026-05-25T20:02:24.209829+00:00,2026-05-25T20:03:45.031015+00:00,
d0f149f8-b36d-42dc-8a80-18c44c738c77,jazz,free jazz,"free jazz, nostalgic atmosphere, featuring solo piano with walking bass","jazz, saxophone, piano",chirp-v4-5+,done,518bf2f1-641e-4ec9-859e-6547b635e196,b4280b6c-b728-439f-9658-9c46af70a761,8a16f316-c159-48c8-aef0-0bcc35c22bf4,https://cdn.ttapi.io/suno/20260525/d6b84f0b17cc48f19900e6eadc13fdb4.mp3,https://cdn.ttapi.io/suno/20260525/ecc9df1fe1384e53b1cf8b88ceb09d3a.mp3,audio/jazz/d0f149f8-b36d-42dc-8a80-18c44c738c77_1.mp3,audio/jazz/d0f149f8-b36d-42dc-8a80-18c44c738c77_2.mp3,jazz,2026-05-25T20:02:25.502617+00:00,2026-05-25T20:03:36.503254+00:00,
7a344f49-2065-4b7a-a880-9298ce199992,jazz,latin jazz,"latin jazz, nostalgic atmosphere, featuring solo piano with walking bass","jazz, trumpet, swing",chirp-v4-5+,done,e2d5a0ff-c598-46be-ac57-781df37f7fab,e18a17fe-4ded-4e1d-b0f4-dcde95dcca05,22805d7e-97b7-4db7-8b6d-224c96586e72,https://cdn.ttapi.io/suno/20260525/b42c2c265c024eb78353d38f07fd18c2.mp3,https://cdn.ttapi.io/suno/20260525/640a5a3592df46a3a7748104a4e03c20.mp3,audio/jazz/7a344f49-2065-4b7a-a880-9298ce199992_1.mp3,audio/jazz/7a344f49-2065-4b7a-a880-9298ce199992_2.mp3,jazz,2026-05-25T20:02:26.781952+00:00,2026-05-25T20:03:28.125050+00:00,
54ae2330-cf95-4115-a81b-e64ea62bde97,jazz,swing,"swing jazz, nostalgic atmosphere, featuring solo piano with walking bass","jazz, bass, drums",chirp-v4-5+,done,b86d4ed3-0aac-401a-98e5-088877313101,a398ff87-c181-48d1-8236-7803ec807296,746ff919-04fb-4620-8f30-d0cc557e244b,https://cdn.ttapi.io/suno/20260525/2485ff602bef46ceb2b1fd75f225dbd3.mp3,https://cdn.ttapi.io/suno/20260525/88d475c89b90497f9a93e7149c7643ae.mp3,audio/jazz/54ae2330-cf95-4115-a81b-e64ea62bde97_1.mp3,audio/jazz/54ae2330-cf95-4115-a81b-e64ea62bde97_2.mp3,jazz,2026-05-25T20:02:28.044861+00:00,2026-05-25T20:03:28.271929+00:00,
47a98617-88f1-4602-af65-28ce0cf05450,jazz,modal jazz,"modal jazz, nostalgic atmosphere, featuring solo piano with walking bass","jazz, guitar, bossa nova",chirp-v4-5+,done,7455ac65-2a5b-402a-ad39-7e1d2a582971,f3961454-a7c2-48f4-8892-fc0808be006b,e540c361-63c5-46cf-9eb5-1dcc264e7d20,https://cdn.ttapi.io/suno/20260525/e35d98d773e34968be04069aed93b4bc.mp3,https://cdn.ttapi.io/suno/20260525/ed02d7e9c8c24f1d8402824429a9576e.mp3,audio/jazz/47a98617-88f1-4602-af65-28ce0cf05450_1.mp3,audio/jazz/47a98617-88f1-4602-af65-28ce0cf05450_2.mp3,jazz,2026-05-25T20:02:29.336627+00:00,2026-05-25T20:03:53.641403+00:00,
56c9d2cf-2836-47b2-9fcf-80b436ec094c,jazz,post-bop,"post-bop jazz, nostalgic atmosphere, featuring solo piano with walking bass","jazz, fusion, electric",chirp-v4-5+,done,80553bb4-9512-4477-8566-755bc65711bc,96b5b2c6-6619-4045-a3d3-162a2af67c96,d18dfac9-e1cd-4bfe-99f6-8cfa1f94a0d7,https://cdn.ttapi.io/suno/20260525/eaf163c5d30a417097b9e34c94f9290b.mp3,https://cdn.ttapi.io/suno/20260525/04a2194401e844319d03a8ac2c9f378f.mp3,audio/jazz/56c9d2cf-2836-47b2-9fcf-80b436ec094c_1.mp3,audio/jazz/56c9d2cf-2836-47b2-9fcf-80b436ec094c_2.mp3,jazz,2026-05-25T20:02:30.600278+00:00,2026-05-25T20:03:36.681045+00:00,
7a8652d5-32c1-4a45-85a4-633cdb4b8aca,jazz,bebop,"bebop jazz, romantic atmosphere, featuring solo piano with walking bass","jazz, saxophone, piano",chirp-v4-5+,done,c37ad030-dd08-4b83-b7ad-90343a73f024,bc30e049-a384-42c2-9a9e-2bbe1afbc593,a304def5-3724-48b0-b63e-f39abf36166e,https://cdn.ttapi.io/suno/20260525/a02cf9758274418f953a1fd4013fd1a0.mp3,https://cdn.ttapi.io/suno/20260525/d80d7138ef4549bea8866f15ae25d70e.mp3,audio/jazz/7a8652d5-32c1-4a45-85a4-633cdb4b8aca_1.mp3,audio/jazz/7a8652d5-32c1-4a45-85a4-633cdb4b8aca_2.mp3,jazz,2026-05-25T20:02:31.972751+00:00,2026-05-25T20:03:45.234781+00:00,
311df366-128b-41f5-823b-f66aa32bf3a4,jazz,cool jazz,"cool jazz, romantic atmosphere, featuring solo piano with walking bass","jazz, trumpet, swing",chirp-v4-5+,done,3aa4880c-8aa4-45f1-9d84-7fe08b0df40a,ec70746b-25fe-45d4-bccd-24388f54664f,eedeeaad-6b33-44b1-bf0e-38fe61523cc8,https://cdn.ttapi.io/suno/20260525/e0b9fa536dc74271b03fdafa8c0cdf56.mp3,https://cdn.ttapi.io/suno/20260525/944e3082843b44bdb85a4206e323387d.mp3,audio/jazz/311df366-128b-41f5-823b-f66aa32bf3a4_1.mp3,audio/jazz/311df366-128b-41f5-823b-f66aa32bf3a4_2.mp3,jazz,2026-05-25T20:02:33.249748+00:00,2026-05-25T20:03:59.519680+00:00,
62d71200-a3f1-4c77-881b-be3f60712077,jazz,fusion,"fusion jazz, romantic atmosphere, featuring solo piano with walking bass","jazz, bass, drums",chirp-v4-5+,done,0065c0f7-0066-4340-9cd0-e1d7c7037942,2c5c2c31-2d4c-46d4-958c-071e46c675a2,60b3db6f-01e0-44f8-aeeb-bc76dab2b695,https://cdn.ttapi.io/suno/20260525/cc85143dc5094b60a2980d5530b6184e.mp3,https://cdn.ttapi.io/suno/20260525/7584527fe853456daac4a8fd2684f96a.mp3,audio/jazz/62d71200-a3f1-4c77-881b-be3f60712077_1.mp3,audio/jazz/62d71200-a3f1-4c77-881b-be3f60712077_2.mp3,jazz,2026-05-25T20:02:39.318588+00:00,2026-05-25T20:04:18.676006+00:00,
b5f1a8ea-00a3-419b-838e-3a2bcafa4246,jazz,smooth jazz,"smooth jazz, romantic atmosphere, featuring solo piano with walking bass","jazz, guitar, bossa nova",chirp-v4-5+,done,de8f22f9-a623-4ae1-9305-0921b92ecb8a,b26c4d70-a44f-4633-91d4-5a1605fe99b6,9a03f91b-e07a-43f6-be3b-9aaa279b8670,https://cdn.ttapi.io/suno/20260525/5fd785c06f2a4793bd52b5f7b512ee84.mp3,https://cdn.ttapi.io/suno/20260525/b5fd172a6e0244569d8291a93f0a86f6.mp3,audio/jazz/b5f1a8ea-00a3-419b-838e-3a2bcafa4246_1.mp3,audio/jazz/b5f1a8ea-00a3-419b-838e-3a2bcafa4246_2.mp3,jazz,2026-05-25T20:02:40.574570+00:00,2026-05-25T20:04:18.779644+00:00,
8cea28b1-25bc-41a1-8214-c8856062061b,jazz,hard bop,"hard bop jazz, romantic atmosphere, featuring solo piano with walking bass","jazz, fusion, electric",chirp-v4-5+,done,a3b306a3-b61b-4583-aea7-3032ff115b09,fef758e2-6f09-422a-b60d-93959f148731,4aba2760-c7c5-4144-8ac6-11cce54c854c,https://cdn.ttapi.io/suno/20260525/c06c0f3b3a824d7ab9724955b48145cc.mp3,https://cdn.ttapi.io/suno/20260525/2371bb62836646a58fd8f068dd359b6c.mp3,audio/jazz/8cea28b1-25bc-41a1-8214-c8856062061b_1.mp3,audio/jazz/8cea28b1-25bc-41a1-8214-c8856062061b_2.mp3,jazz,2026-05-25T20:02:41.922158+00:00,2026-05-25T20:04:05.405110+00:00,
700a88a5-95fc-417c-b7f5-a44687605382,jazz,free jazz,"free jazz, romantic atmosphere, featuring solo piano with walking bass","jazz, saxophone, piano",chirp-v4-5+,done,c0100c0d-ce6d-47fa-a7b8-8e463f4ccecd,3268d1e4-9c26-4d76-b94b-fed9df09b917,3c15668b-3282-4902-ab46-44a6f591a956,https://cdn.ttapi.io/suno/20260525/87ad5bdeb46a4984a2ba9ef439f17fad.mp3,https://cdn.ttapi.io/suno/20260525/396a0f84dd214e0faa9bcdc99f8ae340.mp3,audio/jazz/700a88a5-95fc-417c-b7f5-a44687605382_1.mp3,audio/jazz/700a88a5-95fc-417c-b7f5-a44687605382_2.mp3,jazz,2026-05-25T20:02:43.208734+00:00,2026-05-25T20:04:27.277825+00:00,
0eecfa54-a82a-439f-9468-7f49511f4c8f,jazz,latin jazz,"latin jazz, romantic atmosphere, featuring solo piano with walking bass","jazz, trumpet, swing",chirp-v4-5+,done,895fce29-c3e2-4935-8bf3-150c7be2c221,2ba619a8-d38d-4756-8d32-b05a7b03245e,85fbc4f3-45b0-4ef1-aba4-da267b8822c3,https://cdn.ttapi.io/suno/20260525/52de0ceb50de46c18ea940aab6f26aec.mp3,https://cdn.ttapi.io/suno/20260525/ac0e9691a8f94bb69d9124c06f6106c1.mp3,audio/jazz/0eecfa54-a82a-439f-9468-7f49511f4c8f_1.mp3,audio/jazz/0eecfa54-a82a-439f-9468-7f49511f4c8f_2.mp3,jazz,2026-05-25T20:02:49.298140+00:00,2026-05-25T20:04:19.005662+00:00,
3d15c42c-f7c9-4c40-a438-27a9c9844708,jazz,swing,"swing jazz, romantic atmosphere, featuring solo piano with walking bass","jazz, bass, drums",chirp-v4-5+,done,b903b4b1-7a3e-4ebe-b449-1035b37c97d5,494e4dec-764d-44c2-940b-3a672d8bf06f,056fea12-a034-42af-9983-c4d2ba2fa482,https://cdn.ttapi.io/suno/20260525/680341f6809442b88a1a54d94a19a337.mp3,https://cdn.ttapi.io/suno/20260525/efdff8d041af449ba92ee04c99bb5db6.mp3,audio/jazz/3d15c42c-f7c9-4c40-a438-27a9c9844708_1.mp3,audio/jazz/3d15c42c-f7c9-4c40-a438-27a9c9844708_2.mp3,jazz,2026-05-25T20:02:50.601896+00:00,2026-05-25T20:04:05.742357+00:00,
5265c156-3504-4883-9f6c-bdd936645c77,jazz,modal jazz,"modal jazz, romantic atmosphere, featuring solo piano with walking bass","jazz, guitar, bossa nova",chirp-v4-5+,done,581ce383-d4cd-4945-b34c-8d500b15d7c8,e4083ec4-e771-4720-bf74-43189dd28cde,18c9a436-bc4c-43b7-b417-5bc95c6e63ae,https://cdn.ttapi.io/suno/20260525/817d9254730243dd9b7d0fe0178087ef.mp3,https://cdn.ttapi.io/suno/20260525/c82be67802d54e64a4a4f866ed70e0de.mp3,audio/jazz/5265c156-3504-4883-9f6c-bdd936645c77_1.mp3,audio/jazz/5265c156-3504-4883-9f6c-bdd936645c77_2.mp3,jazz,2026-05-25T20:02:51.965314+00:00,2026-05-25T20:04:13.190214+00:00,
120d3fc1-4bff-42af-a77c-0bdc7994c45e,jazz,post-bop,"post-bop jazz, romantic atmosphere, featuring solo piano with walking bass","jazz, fusion, electric",chirp-v4-5+,done,f8f75ccd-b118-4140-9292-f0bc03bc3d2b,fc229dc0-5d9a-44a2-8322-d8382e47a008,910019da-0aa8-42d7-a093-0c1039ec791d,https://cdn.ttapi.io/suno/20260525/37b8f6ca0994401abc6c8e305d13af05.mp3,https://cdn.ttapi.io/suno/20260525/6786c1c912024e818623aeefc46f2110.mp3,audio/jazz/120d3fc1-4bff-42af-a77c-0bdc7994c45e_1.mp3,audio/jazz/120d3fc1-4bff-42af-a77c-0bdc7994c45e_2.mp3,jazz,2026-05-25T20:03:11.904119+00:00,2026-05-25T20:04:48.173373+00:00,
2ee3940a-04ac-4fbf-86dd-158dac3c524f,jazz,bebop,"bebop jazz, brooding atmosphere, featuring solo piano with walking bass","jazz, saxophone, piano",chirp-v4-5+,done,7bb4bf90-b37c-4462-ac30-c30549108272,a1cebe25-a19a-4d8d-bf7e-e4fb61e5c1ce,d23a3ced-e9cc-4b77-be50-ee8a2ff12a18,https://cdn.ttapi.io/suno/20260525/3ddad05408d84779bb8077bccea2091b.mp3,https://cdn.ttapi.io/suno/20260525/a37681f114574fd29649fb6f06c6a7f0.mp3,audio/jazz/2ee3940a-04ac-4fbf-86dd-158dac3c524f_1.mp3,audio/jazz/2ee3940a-04ac-4fbf-86dd-158dac3c524f_2.mp3,jazz,2026-05-25T20:03:13.143675+00:00,2026-05-25T20:04:27.553202+00:00,
89b1b3cc-d87f-449f-870c-ccad2be619f5,jazz,cool jazz,"cool jazz, brooding atmosphere, featuring solo piano with walking bass","jazz, trumpet, swing",chirp-v4-5+,done,9ac43abf-f641-4d87-85a7-bf6f5977cdde,40128500-d909-4e6a-b43b-72acf82af553,5edcd116-93bf-4be3-af6a-e572cc24fb6b,https://cdn.ttapi.io/suno/20260525/e2be12e0295941c18d7accf656a46957.mp3,https://cdn.ttapi.io/suno/20260525/30fcf67f12924f81871fa8764ed7634b.mp3,audio/jazz/89b1b3cc-d87f-449f-870c-ccad2be619f5_1.mp3,audio/jazz/89b1b3cc-d87f-449f-870c-ccad2be619f5_2.mp3,jazz,2026-05-25T20:03:32.883591+00:00,2026-05-25T20:04:48.357518+00:00,
25d132e5-a7e0-4cff-a4d7-7be4bfe371eb,jazz,fusion,"fusion jazz, brooding atmosphere, featuring solo piano with walking bass","jazz, bass, drums",chirp-v4-5+,done,f4b41cfa-1008-40d4-b184-c9b4ead70eab,10cda9db-2766-411a-a4b5-58558dc13ca4,046c8a8a-784a-4cd5-a0a9-4b5637d89021,https://cdn.ttapi.io/suno/20260525/f7200cf7015c4cde9455eb5814ed5380.mp3,https://cdn.ttapi.io/suno/20260525/39863e6d965a4feebe7d3395aaeab383.mp3,audio/jazz/25d132e5-a7e0-4cff-a4d7-7be4bfe371eb_1.mp3,audio/jazz/25d132e5-a7e0-4cff-a4d7-7be4bfe371eb_2.mp3,jazz,2026-05-25T20:03:34.167414+00:00,2026-05-25T20:05:16.512667+00:00,
02c3db10-99bc-4da3-9e8d-70726ab7f1ee,jazz,smooth jazz,"smooth jazz, brooding atmosphere, featuring solo piano with walking bass","jazz, guitar, bossa nova",chirp-v4-5+,done,e9c21e0a-4f01-4eda-bc5c-39670c48c963,0891b582-c8aa-4508-8b76-42753ba7a4b0,52e46d41-473f-4c2c-ad71-bb97ceba954c,https://cdn.ttapi.io/suno/20260525/5bada7ffc29d4aca9d416a0bc890aaee.mp3,https://cdn.ttapi.io/suno/20260525/197659db830941bfae4be898640f2cb7.mp3,audio/jazz/02c3db10-99bc-4da3-9e8d-70726ab7f1ee_1.mp3,audio/jazz/02c3db10-99bc-4da3-9e8d-70726ab7f1ee_2.mp3,jazz,2026-05-25T20:03:35.466325+00:00,2026-05-25T20:04:55.581447+00:00,
1a4c66b6-16c9-48f7-bd74-9649eb34351a,jazz,hard bop,"hard bop jazz, brooding atmosphere, featuring solo piano with walking bass","jazz, fusion, electric",chirp-v4-5+,done,948750cb-32d1-4665-82d8-3395e473dbbb,785e0306-53b8-4232-b61c-90694fb6cb17,fcc0a6db-c0e7-4ce3-baf9-76db438150fe,https://cdn.ttapi.io/suno/20260525/b7f243dd4ab24a9e9d09367a610baf1b.mp3,https://cdn.ttapi.io/suno/20260525/5bffee3f5bbc401bb2ec12ef0adaefb4.mp3,audio/jazz/1a4c66b6-16c9-48f7-bd74-9649eb34351a_1.mp3,audio/jazz/1a4c66b6-16c9-48f7-bd74-9649eb34351a_2.mp3,jazz,2026-05-25T20:03:41.510713+00:00,2026-05-25T20:05:16.683523+00:00,
2eaa5e9a-aafa-44f1-9c2f-5d52eec88b27,jazz,free jazz,"free jazz, brooding atmosphere, featuring solo piano with walking bass","jazz, saxophone, piano",chirp-v4-5+,done,8bb5bbf2-2530-42b0-835e-f8ec7286aa16,3744a0c3-eb58-4f6e-8cf5-8e370a28f663,00f8d2ce-5dd9-43ff-9013-1c502faec841,https://cdn.ttapi.io/suno/20260525/ccc44e3449604f82893fbc2cc7452d8f.mp3,https://cdn.ttapi.io/suno/20260525/a677250dab2443339d555a44b124b7ad.mp3,audio/jazz/2eaa5e9a-aafa-44f1-9c2f-5d52eec88b27_1.mp3,audio/jazz/2eaa5e9a-aafa-44f1-9c2f-5d52eec88b27_2.mp3,jazz,2026-05-25T20:03:42.842086+00:00,2026-05-25T20:05:26.692799+00:00,
a7567c3e-b393-4a9a-907d-959236b040e1,jazz,latin jazz,"latin jazz, brooding atmosphere, featuring solo piano with walking bass","jazz, trumpet, swing",chirp-v4-5+,done,ee039617-c276-42ee-95e3-cd6a46998b45,55eb8703-93e5-426b-ba06-c827cc123369,c382cbd9-5cc6-49fb-92b7-0268380cf450,https://cdn.ttapi.io/suno/20260525/17dc0a999f9f4fab9ebe1e4554df9b71.mp3,https://cdn.ttapi.io/suno/20260525/90db4986433f4190801eaf0ceb7d0453.mp3,audio/jazz/a7567c3e-b393-4a9a-907d-959236b040e1_1.mp3,audio/jazz/a7567c3e-b393-4a9a-907d-959236b040e1_2.mp3,jazz,2026-05-25T20:03:44.155642+00:00,2026-05-25T20:05:09.314716+00:00,
f60e64db-8783-4214-a7f9-5c675bc24834,jazz,swing,"swing jazz, brooding atmosphere, featuring solo piano with walking bass","jazz, bass, drums",chirp-v4-5+,done,d6cddc6f-c200-48cd-9503-8e26b3293262,7f942f02-c06e-429b-8266-79c83242c9ae,a494c0d5-cc5f-47e4-8886-e8ebd062b2e1,https://cdn.ttapi.io/suno/20260525/5ac50bc54ba647cba611023f83cf512e.mp3,https://cdn.ttapi.io/suno/20260525/c54d869c78294efcbbf934fa333cb0a3.mp3,audio/jazz/f60e64db-8783-4214-a7f9-5c675bc24834_1.mp3,audio/jazz/f60e64db-8783-4214-a7f9-5c675bc24834_2.mp3,jazz,2026-05-25T20:03:50.273744+00:00,2026-05-25T20:05:09.415492+00:00,
dac6e098-83c9-4974-9bcd-e1272c0573c9,jazz,modal jazz,"modal jazz, brooding atmosphere, featuring solo piano with walking bass","jazz, guitar, bossa nova",chirp-v4-5+,done,a68f86e8-95cc-4ae8-990b-8d5759e562e2,419ad558-53b9-47aa-aed7-920ff6344ff6,32812cd6-7f2c-491a-97ba-5917ced305a6,https://cdn.ttapi.io/suno/20260525/b3c6db2615434363a1d537a0ba17308f.mp3,https://cdn.ttapi.io/suno/20260525/e38a81a2f01241dbb4fbd4b6b1ad0604.mp3,audio/jazz/dac6e098-83c9-4974-9bcd-e1272c0573c9_1.mp3,audio/jazz/dac6e098-83c9-4974-9bcd-e1272c0573c9_2.mp3,jazz,2026-05-25T20:03:51.588548+00:00,2026-05-25T20:05:16.880746+00:00,
55c17fa3-c306-4777-996b-09b075ffa2d6,jazz,post-bop,"post-bop jazz, brooding atmosphere, featuring solo piano with walking bass","jazz, fusion, electric",chirp-v4-5+,done,6a41a532-64e3-4f92-8e76-bbb96159832d,3221fd95-4bc2-4015-96b1-e8f512ca9321,30dbc5bb-3ad1-4315-a2b0-590652112944,https://cdn.ttapi.io/suno/20260525/0a8ae4d328bf4dcf874a56df7cd5f241.mp3,https://cdn.ttapi.io/suno/20260525/84f0269f3cc148bda1d92f7980d99ac8.mp3,audio/jazz/55c17fa3-c306-4777-996b-09b075ffa2d6_1.mp3,audio/jazz/55c17fa3-c306-4777-996b-09b075ffa2d6_2.mp3,jazz,2026-05-25T20:03:52.931280+00:00,2026-05-25T20:05:03.702679+00:00,
51a3b127-e21d-4df0-bbe5-59dfafb22f87,jazz,bebop,"bebop jazz, meditative atmosphere, featuring solo piano with walking bass","jazz, saxophone, piano",chirp-v4-5+,done,afb6cc78-f247-4908-b1dd-93526d69e4d7,3fadb61b-aa06-430a-8e80-f61c594237f4,0a4944a8-66b6-462e-acf9-ad27c8966aab,https://cdn.ttapi.io/suno/20260525/5bb03e56890c4e669db4b7f4be35a48f.mp3,https://cdn.ttapi.io/suno/20260525/85b0d90e2bd74bc682131d6dd8658098.mp3,audio/jazz/51a3b127-e21d-4df0-bbe5-59dfafb22f87_1.mp3,audio/jazz/51a3b127-e21d-4df0-bbe5-59dfafb22f87_2.mp3,jazz,2026-05-25T20:03:58.820358+00:00,2026-05-25T20:05:16.976535+00:00,
cf358eaf-3e51-4eea-bcfc-c30b72e6d9fc,jazz,cool jazz,"cool jazz, meditative atmosphere, featuring solo piano with walking bass","jazz, trumpet, swing",chirp-v4-5+,done,cc42c2e0-582e-4542-b83b-62344d291986,4e564c79-b341-420a-a78a-7c1124972466,d3765896-59a4-4b76-8bd4-0e227cddb6fe,https://cdn.ttapi.io/suno/20260525/504f01ef67504169862d83613d25c65a.mp3,https://cdn.ttapi.io/suno/20260525/c7939023d2b84dfdb4a877351c56be47.mp3,audio/jazz/cf358eaf-3e51-4eea-bcfc-c30b72e6d9fc_1.mp3,audio/jazz/cf358eaf-3e51-4eea-bcfc-c30b72e6d9fc_2.mp3,jazz,2026-05-25T20:04:04.482739+00:00,2026-05-25T20:05:26.862917+00:00,
1a92cb15-9470-4acd-85ae-76e4185d14c5,jazz,fusion,"fusion jazz, meditative atmosphere, featuring solo piano with walking bass","jazz, bass, drums",chirp-v4-5+,done,6dc7285d-6efb-482a-808f-2d5aa248cacb,486b1f47-95b6-4b02-b14e-1261e4b2472d,abe2b441-6d05-4a0c-a6fe-dd919d195c39,https://cdn.ttapi.io/suno/20260525/2a13f7ee76504b26a3eb4bcf37855738.mp3,https://cdn.ttapi.io/suno/20260525/2f4a281e59244d5d825e1c96defe3156.mp3,audio/jazz/1a92cb15-9470-4acd-85ae-76e4185d14c5_1.mp3,audio/jazz/1a92cb15-9470-4acd-85ae-76e4185d14c5_2.mp3,jazz,2026-05-25T20:04:10.688149+00:00,2026-05-25T20:05:35.522069+00:00,
7fc9e7e6-468b-4ebf-a5c1-6e9d7d673325,jazz,smooth jazz,"smooth jazz, meditative atmosphere, featuring solo piano with walking bass","jazz, guitar, bossa nova",chirp-v4-5+,done,f1fed2ab-dd43-4c7b-8481-4af0b5f27ab7,39b6d92c-5d8c-470a-a772-73871abd63c4,f63ffc34-b932-46ab-a6c0-c56a15c104b7,https://cdn.ttapi.io/suno/20260525/9cd1dab12fd34aa091c2f58b50cf9976.mp3,https://cdn.ttapi.io/suno/20260525/346813ae8385499db749abc232b4dfe6.mp3,audio/jazz/7fc9e7e6-468b-4ebf-a5c1-6e9d7d673325_1.mp3,audio/jazz/7fc9e7e6-468b-4ebf-a5c1-6e9d7d673325_2.mp3,jazz,2026-05-25T20:04:12.097367+00:00,2026-05-25T20:05:27.058246+00:00,
3813675f-d6c9-4450-8783-b135ba5054c6,jazz,hard bop,"hard bop jazz, meditative atmosphere, featuring solo piano with walking bass","jazz, fusion, electric",chirp-v4-5+,done,b8f28df2-90f5-4d59-8493-bbb1ae6c1033,85a4dc34-9d70-4932-a600-cc5f73c6c67f,7fa155bd-732d-473b-8f5e-2cc17e2f756f,https://cdn.ttapi.io/suno/20260525/4bfb989b6ddc4bdd8b979d01d53662ad.mp3,https://cdn.ttapi.io/suno/20260525/7f090199aff84c3184fa38f4906af45a.mp3,audio/jazz/3813675f-d6c9-4450-8783-b135ba5054c6_1.mp3,audio/jazz/3813675f-d6c9-4450-8783-b135ba5054c6_2.mp3,jazz,2026-05-25T20:04:18.031516+00:00,2026-05-25T20:06:24.229823+00:00,
1841fbe5-5fa2-4973-b017-5d36ce5c9539,jazz,free jazz,"free jazz, meditative atmosphere, featuring solo piano with walking bass","jazz, saxophone, piano",chirp-v4-5+,done,2db63a1c-27cd-456e-819f-cb06f9f847e4,122e66ce-50b6-4f43-b241-f19522879a10,b23aa429-2df4-4f83-8d83-e4db7dd9f7c8,https://cdn.ttapi.io/suno/20260525/d81d4f1bbfda4d4e9053db98b34efe1c.mp3,https://cdn.ttapi.io/suno/20260525/36cd78c2824e42508cceae0f2c0a2e46.mp3,audio/jazz/1841fbe5-5fa2-4973-b017-5d36ce5c9539_1.mp3,audio/jazz/1841fbe5-5fa2-4973-b017-5d36ce5c9539_2.mp3,jazz,2026-05-25T20:04:24.003955+00:00,2026-05-25T20:05:55.107545+00:00,
344b81c8-99d5-4fd3-8637-3d2bf4e1ecbb,jazz,latin jazz,"latin jazz, meditative atmosphere, featuring solo piano with walking bass","jazz, trumpet, swing",chirp-v4-5+,done,e5232abc-73e6-4937-a79e-1ea402c1eb19,2d0e1cb8-e130-4646-8780-a6db113a1bf1,183f0aab-8ea3-4ae4-a9f3-6d1efbdff2cd,https://cdn.ttapi.io/suno/20260525/3d6f780a74fd436c9245a17e34543887.mp3,https://cdn.ttapi.io/suno/20260525/13d398db46ed460abfd665faeec4de43.mp3,audio/jazz/344b81c8-99d5-4fd3-8637-3d2bf4e1ecbb_1.mp3,audio/jazz/344b81c8-99d5-4fd3-8637-3d2bf4e1ecbb_2.mp3,jazz,2026-05-25T20:04:25.299021+00:00,2026-05-25T20:05:55.280936+00:00,
4c56124d-987f-4e71-976f-37a8b89f4d9a,jazz,swing,"swing jazz, meditative atmosphere, featuring solo piano with walking bass","jazz, bass, drums",chirp-v4-5+,done,2e387c40-bf58-4895-ae4f-bc49d3930fed,78ef9021-0380-4cbb-8fe6-ed5f12de980d,98ccde56-5005-4190-9c59-6ca0414b8403,https://cdn.ttapi.io/suno/20260525/47be47f7ffd4484487fc260d9ae0242f.mp3,https://cdn.ttapi.io/suno/20260525/0865180b841f4c5d997504062631bd3b.mp3,audio/jazz/4c56124d-987f-4e71-976f-37a8b89f4d9a_1.mp3,audio/jazz/4c56124d-987f-4e71-976f-37a8b89f4d9a_2.mp3,jazz,2026-05-25T20:04:26.578637+00:00,2026-05-25T20:05:55.385175+00:00,
8c19c7d0-3f25-46c0-961b-2f528f5147fe,jazz,modal jazz,"modal jazz, meditative atmosphere, featuring solo piano with walking bass","jazz, guitar, bossa nova",chirp-v4-5+,done,a4646658-605c-4edd-a575-131b97636b3b,bec9eac4-4895-4251-b1fb-24c26a8d2c2b,613b3919-97fa-474c-9b83-ff1407ba65f5,https://cdn.ttapi.io/suno/20260525/a9689370280041a095f3b1c2e5f0f9df.mp3,https://cdn.ttapi.io/suno/20260525/4b317e0f7b6946749e5e68bcd57577b2.mp3,audio/jazz/8c19c7d0-3f25-46c0-961b-2f528f5147fe_1.mp3,audio/jazz/8c19c7d0-3f25-46c0-961b-2f528f5147fe_2.mp3,jazz,2026-05-25T20:04:32.502709+00:00,2026-05-25T20:08:19.880527+00:00,
2f608a1f-27c6-498b-ade2-b62e902aae50,jazz,post-bop,"post-bop jazz, meditative atmosphere, featuring solo piano with walking bass","jazz, fusion, electric",chirp-v4-5+,done,234a4e7b-3ab7-4e0a-8915-f13ff6f2aa3d,d10553cd-1f73-4676-b507-93319fcaacac,ec51ca0c-91dc-45d3-af6c-12fb61bd5147,https://cdn.ttapi.io/suno/20260525/65f647019d5243d7bdef4f752f7f3011.mp3,https://cdn.ttapi.io/suno/20260525/6f7f8ccb20194d09ab79be1a172552fe.mp3,audio/jazz/2f608a1f-27c6-498b-ade2-b62e902aae50_1.mp3,audio/jazz/2f608a1f-27c6-498b-ade2-b62e902aae50_2.mp3,jazz,2026-05-25T20:04:33.791681+00:00,2026-05-25T20:06:04.990985+00:00,
c4e3dcdf-1566-4329-b788-08252e4c030c,jazz,bebop,"bebop jazz, playful atmosphere, featuring solo piano with walking bass","jazz, saxophone, piano",chirp-v4-5+,done,b366fa61-0307-476b-98ec-c4935679da63,add3c12c-e5d6-4173-abdc-d3b1b6e6f416,cfdfb9d4-6650-4e58-b62d-206b53ea7b6d,https://cdn.ttapi.io/suno/20260525/813643638bf141af9444b80cdf171cd2.mp3,https://cdn.ttapi.io/suno/20260525/71a1a84e0c5841679394ffa28466b729.mp3,audio/jazz/c4e3dcdf-1566-4329-b788-08252e4c030c_1.mp3,audio/jazz/c4e3dcdf-1566-4329-b788-08252e4c030c_2.mp3,jazz,2026-05-25T20:04:53.538689+00:00,2026-05-25T20:06:24.496763+00:00,
5e5d9328-a78c-4e12-931c-7b5243a22afe,jazz,cool jazz,"cool jazz, playful atmosphere, featuring solo piano with walking bass","jazz, trumpet, swing",chirp-v4-5+,done,7c10f39a-948a-4cff-9229-61f154bc6569,93e61f3f-29e2-4c6b-b085-91258acb74b6,f151dc39-1853-4982-b41c-43907098b19d,https://cdn.ttapi.io/suno/20260525/ecd80b1ef6f44975945a525e06837bd8.mp3,https://cdn.ttapi.io/suno/20260525/4e68d7d9b1bc43aba845ff74fc1c1168.mp3,audio/jazz/5e5d9328-a78c-4e12-931c-7b5243a22afe_1.mp3,audio/jazz/5e5d9328-a78c-4e12-931c-7b5243a22afe_2.mp3,jazz,2026-05-25T20:04:54.772628+00:00,2026-05-25T20:08:55.435374+00:00,
fc0aa6ec-43b5-43aa-b36e-0f204065d7b5,jazz,fusion,"fusion jazz, playful atmosphere, featuring solo piano with walking bass","jazz, bass, drums",chirp-v4-5+,done,c112f596-7515-4d83-91bb-66a266a35975,2c6c7c8f-33e9-40f0-8771-75526bc95324,824f37bb-5955-4359-936c-29a13e85a08b,https://cdn.ttapi.io/suno/20260525/475d080d2cdf467c8a59231e53fd9dce.mp3,https://cdn.ttapi.io/suno/20260525/924e3bd5427e491ab0f11f0872493a28.mp3,audio/jazz/fc0aa6ec-43b5-43aa-b36e-0f204065d7b5_1.mp3,audio/jazz/fc0aa6ec-43b5-43aa-b36e-0f204065d7b5_2.mp3,jazz,2026-05-25T20:05:00.661709+00:00,2026-05-25T20:08:26.047647+00:00,
31cb8aef-6365-453a-9139-33407bb96b45,jazz,smooth jazz,"smooth jazz, playful atmosphere, featuring solo piano with walking bass","jazz, guitar, bossa nova",chirp-v4-5+,done,f9fae79b-8f6f-430a-8eaa-3dcdd84f6772,7c43fc97-8cbc-403c-b90a-2efc651feb5b,0fae195c-31d4-44fb-90dc-135b7400cbb9,https://cdn.ttapi.io/suno/20260525/16fe46baa5044e118dc2c7667211e465.mp3,https://cdn.ttapi.io/suno/20260525/51a0bb4a22394cd399ec13f1bb1ecff7.mp3,audio/jazz/31cb8aef-6365-453a-9139-33407bb96b45_1.mp3,audio/jazz/31cb8aef-6365-453a-9139-33407bb96b45_2.mp3,jazz,2026-05-25T20:05:08.318600+00:00,2026-05-25T20:08:45.429333+00:00,
c39b1651-9ea4-44b1-b1bf-dc3e864bafb1,jazz,hard bop,"hard bop jazz, playful atmosphere, featuring solo piano with walking bass","jazz, fusion, electric",chirp-v4-5+,done,26ffe7e6-8a62-45b9-ab37-57e4a11788df,8cef059c-f80a-4e5f-8cef-a2ed358606e1,7cdc09eb-96f1-47a6-9756-345a17bcd71f,https://cdn.ttapi.io/suno/20260525/39825ae35a7f45c5b4a0604f62e31ff8.mp3,https://cdn.ttapi.io/suno/20260525/2dea22c29e1f44178b7a617a47bb460a.mp3,audio/jazz/c39b1651-9ea4-44b1-b1bf-dc3e864bafb1_1.mp3,audio/jazz/c39b1651-9ea4-44b1-b1bf-dc3e864bafb1_2.mp3,jazz,2026-05-25T20:05:14.521961+00:00,2026-05-25T20:09:58.613141+00:00,
a6838155-2347-400c-b7ad-4abb9bb4642b,jazz,free jazz,"free jazz, playful atmosphere, featuring solo piano with walking bass","jazz, saxophone, piano",chirp-v4-5+,done,96f70b45-db4e-4a79-aab4-bab2439b8b03,7b4074bc-73a2-45c2-8731-b63317564c61,484d0cdd-97d7-4f4a-aeac-7d4057c2666b,https://cdn.ttapi.io/suno/20260525/649eb31c84d44a909a34441f82075c4f.mp3,https://cdn.ttapi.io/suno/20260525/6cf09096ced04b9cbbd117c51b1a42bc.mp3,audio/jazz/a6838155-2347-400c-b7ad-4abb9bb4642b_1.mp3,audio/jazz/a6838155-2347-400c-b7ad-4abb9bb4642b_2.mp3,jazz,2026-05-25T20:05:15.803983+00:00,2026-05-25T20:08:55.681794+00:00,
bcd4b661-1d94-4e99-8047-cbec91f48460,jazz,latin jazz,"latin jazz, playful atmosphere, featuring solo piano with walking bass","jazz, trumpet, swing",chirp-v4-5+,done,5727701d-afbc-4e57-b569-aa56ee2830c0,b485a23f-55ad-4528-9049-bc108e488077,87c12a95-27a2-4652-bc19-bbf99e71ac51,https://cdn.ttapi.io/suno/20260525/8c0201ec1f1348ccb3017abab4b98ab6.mp3,https://cdn.ttapi.io/suno/20260525/ff931324ec2c4cf8a3067239bed873c5.mp3,audio/jazz/bcd4b661-1d94-4e99-8047-cbec91f48460_1.mp3,audio/jazz/bcd4b661-1d94-4e99-8047-cbec91f48460_2.mp3,jazz,2026-05-25T20:05:22.093276+00:00,2026-05-25T20:09:23.620397+00:00,
00d353cc-5ca1-446b-9372-c054b775eb51,jazz,swing,"swing jazz, playful atmosphere, featuring solo piano with walking bass","jazz, bass, drums",chirp-v4-5+,done,4798a5bf-8f46-466c-bd1e-7a4e4d3424ff,23927bfe-4a4f-43b3-84d0-0588def8bc54,9044d743-7abe-4bba-b5f4-edc2652db226,https://cdn.ttapi.io/suno/20260525/a4246e661a95426b8309a9eb01c9eb36.mp3,https://cdn.ttapi.io/suno/20260525/057df9e22c3b4abdb2d63cc4d7475b3d.mp3,audio/jazz/00d353cc-5ca1-446b-9372-c054b775eb51_1.mp3,audio/jazz/00d353cc-5ca1-446b-9372-c054b775eb51_2.mp3,jazz,2026-05-25T20:05:23.362767+00:00,2026-05-25T20:09:04.271431+00:00,
7c19aa65-ce8b-4a74-9373-a43d85c0f0ba,jazz,modal jazz,"modal jazz, playful atmosphere, featuring solo piano with walking bass","jazz, guitar, bossa nova",chirp-v4-5+,done,85bbd55c-55ad-44e5-b2c5-7a39ae4f24fa,47fddcc3-87c8-4371-baf0-33317c557e79,948f08bb-f069-40ea-98b4-1264deb9ddd7,https://cdn.ttapi.io/suno/20260525/d69eb895b23f4c9784cd5db5efa89c1f.mp3,https://cdn.ttapi.io/suno/20260525/272c3cd39865462c96a68bea5801e6d3.mp3,audio/jazz/7c19aa65-ce8b-4a74-9373-a43d85c0f0ba_1.mp3,audio/jazz/7c19aa65-ce8b-4a74-9373-a43d85c0f0ba_2.mp3,jazz,2026-05-25T20:05:24.658843+00:00,2026-05-25T20:09:23.785679+00:00,
63ea51c9-a9f1-43f0-a311-3b28f712cc5c,jazz,post-bop,"post-bop jazz, playful atmosphere, featuring solo piano with walking bass","jazz, fusion, electric",chirp-v4-5+,done,e0a90d58-a1c4-4d72-98d7-c18ecf0d24c0,1d5ee15e-589d-4ed1-86c9-302e74af4d7f,aa2d4d24-6942-4fc5-828b-0b4f6872d3a5,https://cdn.ttapi.io/suno/20260525/d96b46a3441e4d5484f11cd8391a8de9.mp3,https://cdn.ttapi.io/suno/20260525/d3a94205790941da837d7cb17e805ebc.mp3,audio/jazz/63ea51c9-a9f1-43f0-a311-3b28f712cc5c_1.mp3,audio/jazz/63ea51c9-a9f1-43f0-a311-3b28f712cc5c_2.mp3,jazz,2026-05-25T20:05:25.988105+00:00,2026-05-25T20:08:56.050835+00:00,
100ead95-5de3-4e70-abd6-6b7e6c51a26d,jazz,bebop,"bebop jazz, late-night atmosphere, featuring flute and rhythm section","jazz, saxophone, piano",chirp-v4-5+,done,1715f76e-45b1-42c1-a767-b507db0d3e45,8910c30a-0de3-47a5-a427-6a5a5a47e2eb,2ef6a727-314c-4c13-82a5-280b1deb3bc6,https://cdn.ttapi.io/suno/20260525/445e27c8465044bfb8ae86cc762590b7.mp3,https://cdn.ttapi.io/suno/20260525/8102ea416b2044348df5e17d1bba5193.mp3,audio/jazz/100ead95-5de3-4e70-abd6-6b7e6c51a26d_1.mp3,audio/jazz/100ead95-5de3-4e70-abd6-6b7e6c51a26d_2.mp3,jazz,2026-05-25T20:05:32.234163+00:00,2026-05-25T20:09:37.631641+00:00,
32de3198-94f7-48c1-ad8a-19d0e56ff511,jazz,cool jazz,"cool jazz, late-night atmosphere, featuring flute and rhythm section","jazz, trumpet, swing",chirp-v4-5+,done,353d18af-87e0-4000-8560-dc71932d1b3a,1ba581bd-43d7-4ce1-953c-155f7538507b,8574482d-69dd-4ab0-8dbc-dd36774dc808,https://cdn.ttapi.io/suno/20260525/be6944738a4c4c45b20128db8cc48d02.mp3,https://cdn.ttapi.io/suno/20260525/05d910d449ad43569afb71c46ffa6506.mp3,audio/jazz/32de3198-94f7-48c1-ad8a-19d0e56ff511_1.mp3,audio/jazz/32de3198-94f7-48c1-ad8a-19d0e56ff511_2.mp3,jazz,2026-05-25T20:05:33.522930+00:00,2026-05-25T20:10:04.714351+00:00,
2439b8cb-2823-40a8-aea6-a797f1ed6fab,jazz,fusion,"fusion jazz, late-night atmosphere, featuring flute and rhythm section","jazz, bass, drums",chirp-v4-5+,done,9e86e2c4-fa7c-478a-8ca5-35d654ff44ef,e403fd8c-c022-4b47-861d-29c2f55329d0,96ed3546-9c66-4ede-9c40-1e372dd93e5f,https://cdn.ttapi.io/suno/20260525/34b4fa9cbb7a4f05be2fa8379715b215.mp3,https://cdn.ttapi.io/suno/20260525/2a055653c2db45e1ab5d4a99b3373bb4.mp3,audio/jazz/2439b8cb-2823-40a8-aea6-a797f1ed6fab_1.mp3,audio/jazz/2439b8cb-2823-40a8-aea6-a797f1ed6fab_2.mp3,jazz,2026-05-25T20:05:34.835077+00:00,2026-05-25T20:11:51.427994+00:00,
6a911e17-f64c-443b-82a4-42932cbdfe4f,jazz,smooth jazz,"smooth jazz, late-night atmosphere, featuring flute and rhythm section","jazz, guitar, bossa nova",chirp-v4-5+,done,ecdeb60f-abd2-4d6c-abb0-9c75e3364141,c7660549-1e13-403f-ab99-eee3e4574671,4eaf0b7f-5e9b-47fd-96c7-ad314290cf9c,https://cdn.ttapi.io/suno/20260525/064a08cc2e0244eba7c4865a68bb09f0.mp3,https://cdn.ttapi.io/suno/20260525/c32b2315f0bd4080b6c3403a220069b4.mp3,audio/jazz/6a911e17-f64c-443b-82a4-42932cbdfe4f_1.mp3,audio/jazz/6a911e17-f64c-443b-82a4-42932cbdfe4f_2.mp3,jazz,2026-05-25T20:05:40.707187+00:00,2026-05-25T20:12:11.440628+00:00,
e9d2fc37-476a-43f2-b9b0-b019680696bf,jazz,hard bop,"hard bop jazz, late-night atmosphere, featuring flute and rhythm section","jazz, fusion, electric",chirp-v4-5+,done,adf32c1a-6590-4dfa-97ab-e34ccdfb2929,04087c34-1e04-40f8-bbc7-6cb1f71b2330,e5e03ece-b86d-4f53-b61b-c9f0d81b88bb,https://cdn.ttapi.io/suno/20260525/a030c601d5ed431ea877dc21bf73403d.mp3,https://cdn.ttapi.io/suno/20260525/688c9a632c18465cbb92fe02736b8e33.mp3,audio/jazz/e9d2fc37-476a-43f2-b9b0-b019680696bf_1.mp3,audio/jazz/e9d2fc37-476a-43f2-b9b0-b019680696bf_2.mp3,jazz,2026-05-25T20:06:01.470555+00:00,2026-05-25T20:12:37.333404+00:00,
d7d7e03a-e6fd-4955-9b40-c97b5d52a787,jazz,free jazz,"free jazz, late-night atmosphere, featuring flute and rhythm section","jazz, saxophone, piano",chirp-v4-5+,done,92c6baf9-b8a2-42bd-9171-b1b00ab4cad3,d20d9642-0588-41dc-9116-630ffe8c6cf9,aa4879fa-53e3-4a4a-8194-ba1473c79da6,https://cdn.ttapi.io/suno/20260525/039e130ff9484009a5ac75d244b69a48.mp3,https://cdn.ttapi.io/suno/20260525/bc8754c1d18e4201ab8e65302db483a9.mp3,audio/jazz/d7d7e03a-e6fd-4955-9b40-c97b5d52a787_1.mp3,audio/jazz/d7d7e03a-e6fd-4955-9b40-c97b5d52a787_2.mp3,jazz,2026-05-25T20:06:02.779599+00:00,2026-05-25T20:10:56.008925+00:00,
c40ab592-d5f2-4a36-a8d7-a5d41d7e0978,jazz,latin jazz,"latin jazz, late-night atmosphere, featuring flute and rhythm section","jazz, trumpet, swing",chirp-v4-5+,done,89844d61-e76b-42e7-834c-f3d596ae056c,f7a1110d-3cd0-4340-aef3-a8a7023a28dc,a08096ae-1922-4a01-af33-508bb7cc6e89,https://cdn.ttapi.io/suno/20260525/126a03f392a746b69d192297a7b0d326.mp3,https://cdn.ttapi.io/suno/20260525/04e8699782df4c32b62f7231162a3b17.mp3,audio/jazz/c40ab592-d5f2-4a36-a8d7-a5d41d7e0978_1.mp3,audio/jazz/c40ab592-d5f2-4a36-a8d7-a5d41d7e0978_2.mp3,jazz,2026-05-25T20:06:04.100180+00:00,2026-05-25T20:09:38.236839+00:00,
c314e0dc-6be9-4769-9a04-dbef18a1a5c5,jazz,swing,"swing jazz, late-night atmosphere, featuring flute and rhythm section","jazz, bass, drums",chirp-v4-5+,done,cada250a-2dc3-4686-85a5-187a47daff26,6446f063-bf35-4318-98aa-1ac884067cc5,8f0e495d-187d-4f6d-aa0f-e9aad48f3f0d,https://cdn.ttapi.io/suno/20260525/42e5bac5d9b44fb194a7e3d26c3053ca.mp3,https://cdn.ttapi.io/suno/20260525/b4134856c5e84b68abe928186249f955.mp3,audio/jazz/c314e0dc-6be9-4769-9a04-dbef18a1a5c5_1.mp3,audio/jazz/c314e0dc-6be9-4769-9a04-dbef18a1a5c5_2.mp3,jazz,2026-05-25T20:06:09.856382+00:00,2026-05-25T20:09:24.525524+00:00,
49fb4457-73cf-47d3-ae14-e97e73877af8,jazz,modal jazz,"modal jazz, late-night atmosphere, featuring flute and rhythm section","jazz, guitar, bossa nova",chirp-v4-5+,done,9a7703ac-94b3-4a2e-a38a-445c1509c6f1,11413aa4-5585-44e1-af25-20cc8a6ceb08,1b85e35a-8c03-43b2-a62d-2f2a53ca88d3,https://cdn.ttapi.io/suno/20260525/198ffa771d0f4bb2a618c951b2254410.mp3,https://cdn.ttapi.io/suno/20260525/b52e435f2f4548228e65618a78120c43.mp3,audio/jazz/49fb4457-73cf-47d3-ae14-e97e73877af8_1.mp3,audio/jazz/49fb4457-73cf-47d3-ae14-e97e73877af8_2.mp3,jazz,2026-05-25T20:06:29.442284+00:00,2026-05-25T20:09:24.683878+00:00,
0ad6cdf2-a502-47b7-aa42-0e402cdc4c7a,jazz,post-bop,"post-bop jazz, late-night atmosphere, featuring flute and rhythm section","jazz, fusion, electric",chirp-v4-5+,done,ded0fad9-8971-4954-ba68-73395857add8,02be13ae-b058-4ff8-ab64-62b84f6bb7ec,e7f9832e-6673-408b-be69-99f5bbae6407,https://cdn.ttapi.io/suno/20260525/301d1e0dfce24abc98110104880bd9b1.mp3,https://cdn.ttapi.io/suno/20260525/b5979a15175140b7916090f04e5437af.mp3,audio/jazz/0ad6cdf2-a502-47b7-aa42-0e402cdc4c7a_1.mp3,audio/jazz/0ad6cdf2-a502-47b7-aa42-0e402cdc4c7a_2.mp3,jazz,2026-05-25T20:06:30.714489+00:00,2026-05-25T20:09:24.789029+00:00,
cb5663ad-d9d3-4159-a17e-2fe01c37c1e7,jazz,bebop,"bebop jazz, melancholic atmosphere, featuring flute and rhythm section","jazz, saxophone, piano",chirp-v4-5+,done,43a98e90-06ab-4d30-93c5-60f5dc2fab94,a8e5d1be-fbd7-41de-98cb-10d38bd89e7c,3e32b54e-765d-45ed-ae20-a6a1ffda34a6,https://cdn.ttapi.io/suno/20260525/9c3e770b69c9445ba309b3c4cf2d9d50.mp3,https://cdn.ttapi.io/suno/20260525/36275d62023c4a2dac3e74972b38e513.mp3,audio/jazz/cb5663ad-d9d3-4159-a17e-2fe01c37c1e7_1.mp3,audio/jazz/cb5663ad-d9d3-4159-a17e-2fe01c37c1e7_2.mp3,jazz,2026-05-25T20:08:25.196254+00:00,2026-05-25T20:10:36.841535+00:00,
96ebb26c-b0b5-4e19-bbd1-4c25af308525,jazz,cool jazz,"cool jazz, melancholic atmosphere, featuring flute and rhythm section","jazz, trumpet, swing",chirp-v4-5+,done,22b9e635-539c-4b4a-92fb-7472517b3d46,9e39f5ea-d6a1-4914-b8ca-cdbfe821c9e7,8cffb8d6-943e-45d1-a829-1e7b07f1449a,https://cdn.ttapi.io/suno/20260525/63f90a2d72ec42b9a7cac13e7766b13c.mp3,https://cdn.ttapi.io/suno/20260525/ba678188f52c4309a92d30476824c844.mp3,audio/jazz/96ebb26c-b0b5-4e19-bbd1-4c25af308525_1.mp3,audio/jazz/96ebb26c-b0b5-4e19-bbd1-4c25af308525_2.mp3,jazz,2026-05-25T20:08:30.991504+00:00,2026-05-25T20:12:17.712958+00:00,
20b1ffec-ad82-4226-a79c-856b2b69e047,jazz,fusion,"fusion jazz, melancholic atmosphere, featuring flute and rhythm section","jazz, bass, drums",chirp-v4-5+,done,0bbe8200-8a77-42a5-ba65-a27bcc4bdfe5,d5f5778d-46e6-44b9-9cf3-cd2f6806aa31,28ab6986-bcb7-4c33-b3b5-f408b6980a9a,https://cdn.ttapi.io/suno/20260525/ad453252aa9f4fb79b42b741ed058b11.mp3,https://cdn.ttapi.io/suno/20260525/1a6fb63d9f894c1ea52e934323cbb67f.mp3,audio/jazz/20b1ffec-ad82-4226-a79c-856b2b69e047_1.mp3,audio/jazz/20b1ffec-ad82-4226-a79c-856b2b69e047_2.mp3,jazz,2026-05-25T20:08:54.780746+00:00,2026-05-25T20:13:03.334627+00:00,
6485895e-6a08-4e49-96bb-0c8074dce1c7,jazz,smooth jazz,"smooth jazz, melancholic atmosphere, featuring flute and rhythm section","jazz, guitar, bossa nova",chirp-v4-5+,done,44b8d6e2-e207-411e-b21a-9146844e34eb,7ef7828e-8f23-4e84-9d1a-f8fb9c1e0e7e,526a4b91-9c68-453e-aff8-325f13dd556e,https://cdn.ttapi.io/suno/20260525/f4afd465468646039a763da57b86578e.mp3,https://cdn.ttapi.io/suno/20260525/ad3919b1d0b748208a5a714014482047.mp3,audio/jazz/6485895e-6a08-4e49-96bb-0c8074dce1c7_1.mp3,audio/jazz/6485895e-6a08-4e49-96bb-0c8074dce1c7_2.mp3,jazz,2026-05-25T20:09:00.663096+00:00,2026-05-25T20:13:11.100713+00:00,
b5859f01-74d8-4c22-8da7-a565f6dcd814,jazz,hard bop,"hard bop jazz, melancholic atmosphere, featuring flute and rhythm section","jazz, fusion, electric",chirp-v4-5+,done,55a28172-1fbc-464d-98ca-b0804ce9461f,a15cb044-d907-4bb8-94e7-81bf5293b6b9,830aaacd-7591-4362-933b-fde64f0293a3,https://cdn.ttapi.io/suno/20260525/6d050fdb84154667bac4114c6d64b673.mp3,https://cdn.ttapi.io/suno/20260525/09b545bcba184fca9cc070be20c0b298.mp3,audio/jazz/b5859f01-74d8-4c22-8da7-a565f6dcd814_1.mp3,audio/jazz/b5859f01-74d8-4c22-8da7-a565f6dcd814_2.mp3,jazz,2026-05-25T20:09:02.050786+00:00,2026-05-25T20:13:33.475556+00:00,
70e0e186-580c-4cd9-a4b8-b57d3d8cd4da,jazz,free jazz,"free jazz, melancholic atmosphere, featuring flute and rhythm section","jazz, saxophone, piano",chirp-v4-5+,done,6053ad6f-27c3-4885-b330-62a4699c5126,e722fc57-d739-4191-be2a-df4207dfaafe,15ddd623-2a5b-4f00-bb9e-3aa6cda588a7,https://cdn.ttapi.io/suno/20260525/27c2bc0288864ecbb550125e7acda4cd.mp3,https://cdn.ttapi.io/suno/20260525/fb41ae5955cd4a349ae36f9a5e8aa2aa.mp3,audio/jazz/70e0e186-580c-4cd9-a4b8-b57d3d8cd4da_1.mp3,audio/jazz/70e0e186-580c-4cd9-a4b8-b57d3d8cd4da_2.mp3,jazz,2026-05-25T20:09:03.361145+00:00,2026-05-25T20:14:54.851965+00:00,
cfcf5264-6390-4a7b-9a42-87040d98f7d8,jazz,latin jazz,"latin jazz, melancholic atmosphere, featuring flute and rhythm section","jazz, trumpet, swing",chirp-v4-5+,done,6ef0907b-782f-41ed-8721-ef486b390cd5,af9cda82-2690-4075-b4ba-b34154787f90,ecb3b0ca-36d3-43a7-be49-ca1f4e1821d2,https://cdn.ttapi.io/suno/20260525/8d68ee9fe3cb49a0ab6850ed84526268.mp3,https://cdn.ttapi.io/suno/20260525/43a146d95c8c4dfb8499cba7f9c9f191.mp3,audio/jazz/cfcf5264-6390-4a7b-9a42-87040d98f7d8_1.mp3,audio/jazz/cfcf5264-6390-4a7b-9a42-87040d98f7d8_2.mp3,jazz,2026-05-25T20:09:09.177483+00:00,2026-05-25T20:13:11.464641+00:00,
28922599-09f9-4adf-a449-8473726f33d9,jazz,swing,"swing jazz, melancholic atmosphere, featuring flute and rhythm section","jazz, bass, drums",chirp-v4-5+,done,a0ea49d1-fba5-404c-8551-ee0290d1f73b,8b6dd99b-d6b8-4da9-bd30-ce0a12e36b00,8d610178-f2a8-4d22-aa68-ef8c7ea233d5,https://cdn.ttapi.io/suno/20260525/ede65703b3834f09addbf10fabc769e4.mp3,https://cdn.ttapi.io/suno/20260525/3a42af678f074d4ea1905f3c055e7bab.mp3,audio/jazz/28922599-09f9-4adf-a449-8473726f33d9_1.mp3,audio/jazz/28922599-09f9-4adf-a449-8473726f33d9_2.mp3,jazz,2026-05-25T20:09:31.725216+00:00,2026-05-25T20:13:41.250043+00:00,
524d4a42-53b2-4915-aed1-38fcfa6af49f,jazz,modal jazz,"modal jazz, melancholic atmosphere, featuring flute and rhythm section","jazz, guitar, bossa nova",chirp-v4-5+,done,5fe41993-b35e-4cba-876e-89d39728dda4,1f75e94f-ca59-4943-b00d-686cf84098b4,4e2ca745-50a0-46f2-9cdf-0c48ab09e625,https://cdn.ttapi.io/suno/20260525/5ac0275fa88a4ca3a07cd37338642c10.mp3,https://cdn.ttapi.io/suno/20260525/33bd6e5aa0e448889f141a265ec8dcfc.mp3,audio/jazz/524d4a42-53b2-4915-aed1-38fcfa6af49f_1.mp3,audio/jazz/524d4a42-53b2-4915-aed1-38fcfa6af49f_2.mp3,jazz,2026-05-25T20:09:32.979909+00:00,2026-05-25T20:14:14.516877+00:00,
4b7dddab-007c-475c-8c6a-081b239a52d5,jazz,post-bop,"post-bop jazz, melancholic atmosphere, featuring flute and rhythm section","jazz, fusion, electric",chirp-v4-5+,done,cdd5425c-4ea5-4aa9-b219-e52943b04d29,8a57094a-8a52-417a-8860-67113a93a551,a01a6548-9365-4501-8c87-51d0f5690508,https://cdn.ttapi.io/suno/20260525/e4703bbed58a4f60b42b7b5b8172c978.mp3,https://cdn.ttapi.io/suno/20260525/c861d297617443138fc927603887cb95.mp3,audio/jazz/4b7dddab-007c-475c-8c6a-081b239a52d5_1.mp3,audio/jazz/4b7dddab-007c-475c-8c6a-081b239a52d5_2.mp3,jazz,2026-05-25T20:09:34.255628+00:00,2026-05-25T20:14:33.912814+00:00,
1b5c6eba-7ae1-4f26-abc3-7ac52ae41e3c,jazz,bebop,"bebop jazz, uplifting atmosphere, featuring flute and rhythm section","jazz, saxophone, piano",chirp-v4-5+,done,7f8f9614-d6b5-4546-9955-a551dd926d42,73f77236-3bb8-4721-b6a4-57af3b72268e,ef557719-15dd-406e-bd35-6784d543dea1,https://cdn.ttapi.io/suno/20260525/e64aca7102914cdbaba1b8a77a3ed225.mp3,https://cdn.ttapi.io/suno/20260525/7bbf5913dc6e4a8e8feee0f3eb1cc890.mp3,audio/jazz/1b5c6eba-7ae1-4f26-abc3-7ac52ae41e3c_1.mp3,audio/jazz/1b5c6eba-7ae1-4f26-abc3-7ac52ae41e3c_2.mp3,jazz,2026-05-25T20:09:35.524109+00:00,2026-05-25T20:13:04.435080+00:00,
af52b147-ade0-49c2-bf7c-aaede36f4a71,jazz,cool jazz,"cool jazz, uplifting atmosphere, featuring flute and rhythm section","jazz, trumpet, swing",chirp-v4-5+,done,41c2396f-174c-4002-ae97-b04c9cf1f06f,ee74f9c4-840e-4d75-b2af-985f81c6a37d,829dd3ec-640f-4073-9c15-42c47a4580b1,https://cdn.ttapi.io/suno/20260525/84ad4d02db16432d9ce78fd7ae9c225f.mp3,https://cdn.ttapi.io/suno/20260525/77e42cead0d44feb9740a3448471c7c2.mp3,audio/jazz/af52b147-ade0-49c2-bf7c-aaede36f4a71_1.mp3,audio/jazz/af52b147-ade0-49c2-bf7c-aaede36f4a71_2.mp3,jazz,2026-05-25T20:09:36.822746+00:00,2026-05-25T20:12:44.565631+00:00,
e31db536-2804-4717-934d-fd029f244b81,jazz,fusion,"fusion jazz, uplifting atmosphere, featuring flute and rhythm section","jazz, bass, drums",chirp-v4-5+,done,d3977452-b3c9-4513-bb2a-cd8cc62b4195,61a2d1a0-a9ff-40cc-ac0e-06cf8d5066ad,c6845156-33fa-47de-a1a5-6b6ee155959f,https://cdn.ttapi.io/suno/20260525/dc7b01f33dac46c4b892fe3a12233cc7.mp3,https://cdn.ttapi.io/suno/20260525/ebaeda61b5254268967c6d6c24e9b93f.mp3,audio/jazz/e31db536-2804-4717-934d-fd029f244b81_1.mp3,audio/jazz/e31db536-2804-4717-934d-fd029f244b81_2.mp3,jazz,2026-05-25T20:09:43.049458+00:00,2026-05-25T20:15:24.099104+00:00,
7bd4f001-fdab-4707-9103-338cca60c5c5,jazz,smooth jazz,"smooth jazz, uplifting atmosphere, featuring flute and rhythm section","jazz, guitar, bossa nova",chirp-v4-5+,done,6b1c8f39-111e-47d7-ae8f-8556e9e5b081,9bfce661-78e7-48e1-b893-b2535e9f7cce,f28e8e20-4806-4b89-b3d0-a0843dbb3711,https://cdn.ttapi.io/suno/20260525/e94db081fb8e47b8a0bec1fea49bc9c3.mp3,https://cdn.ttapi.io/suno/20260525/e642920a4a0f410f9d43f9eb46ad7946.mp3,audio/jazz/7bd4f001-fdab-4707-9103-338cca60c5c5_1.mp3,audio/jazz/7bd4f001-fdab-4707-9103-338cca60c5c5_2.mp3,jazz,2026-05-25T20:09:44.338390+00:00,2026-05-25T20:14:34.182004+00:00,
b038c878-869e-41e9-98b9-a8d7b77b88f4,jazz,hard bop,"hard bop jazz, uplifting atmosphere, featuring flute and rhythm section","jazz, fusion, electric",chirp-v4-5+,done,4fde130f-d76e-4691-bf96-75a9367092a2,1963d756-e50e-4e16-85bd-cf509b34ee70,43294091-7955-4c9f-92a3-f771f3e49171,https://cdn.ttapi.io/suno/20260525/c9dc021368574df08e0936758d8142a7.mp3,https://cdn.ttapi.io/suno/20260525/585dad216c86457ab1281e15cc9ccbd2.mp3,audio/jazz/b038c878-869e-41e9-98b9-a8d7b77b88f4_1.mp3,audio/jazz/b038c878-869e-41e9-98b9-a8d7b77b88f4_2.mp3,jazz,2026-05-25T20:10:04.010162+00:00,2026-05-25T20:14:01.171387+00:00,
a0414ca5-d9e8-4147-a4ab-dcf889668191,jazz,free jazz,"free jazz, uplifting atmosphere, featuring flute and rhythm section","jazz, saxophone, piano",chirp-v4-5+,done,b11ee467-a8ea-4344-bec2-1a0fae1ff41f,1bfc3567-9fb3-47c4-b060-268b9b733c1e,1236bd7d-1544-4d99-9dd1-38eed9906a38,https://cdn.ttapi.io/suno/20260525/d056f29ff57743b693202f456a522e40.mp3,https://cdn.ttapi.io/suno/20260525/d514dfa55e7048329bf1899df9d3684b.mp3,audio/jazz/a0414ca5-d9e8-4147-a4ab-dcf889668191_1.mp3,audio/jazz/a0414ca5-d9e8-4147-a4ab-dcf889668191_2.mp3,jazz,2026-05-25T20:10:10.035400+00:00,2026-05-25T20:13:34.303230+00:00,
977b9493-2a78-47b8-b49f-5201542b60d0,jazz,latin jazz,"latin jazz, uplifting atmosphere, featuring flute and rhythm section","jazz, trumpet, swing",chirp-v4-5+,done,2a0a0c61-acbb-4bdb-8ba7-3ffa973bd735,f3d028de-04a9-470d-aa29-1d7b79c653ea,165c4bb0-211d-4644-b7a0-9fa5e56183e7,https://cdn.ttapi.io/suno/20260525/da6cef4924a54279bef0c8ecce6080b1.mp3,https://cdn.ttapi.io/suno/20260525/229491ad5482402cbd64b089f058cc17.mp3,audio/jazz/977b9493-2a78-47b8-b49f-5201542b60d0_1.mp3,audio/jazz/977b9493-2a78-47b8-b49f-5201542b60d0_2.mp3,jazz,2026-05-25T20:10:41.333935+00:00,2026-05-25T20:14:07.144064+00:00,
9d7a0e51-7c54-460f-a6f5-ea297449017b,jazz,swing,"swing jazz, uplifting atmosphere, featuring flute and rhythm section","jazz, bass, drums",chirp-v4-5+,done,72827e4a-b90c-483b-b7c9-5039de9cb9bc,c2722a03-5e47-4f9c-81cb-2e5b7b54987a,9d64c617-f709-4421-b4b4-108af282a4c7,https://cdn.ttapi.io/suno/20260525/82bd946903ed4a3da4efe54e1c7388b5.mp3,https://cdn.ttapi.io/suno/20260525/7e467d2dfb674f23aad374160c9299d0.mp3,audio/jazz/9d7a0e51-7c54-460f-a6f5-ea297449017b_1.mp3,audio/jazz/9d7a0e51-7c54-460f-a6f5-ea297449017b_2.mp3,jazz,2026-05-25T20:11:01.332659+00:00,2026-05-25T20:13:12.356190+00:00,
7477a546-9990-4c2b-bfa1-d7fa3f58d325,jazz,modal jazz,"modal jazz, uplifting atmosphere, featuring flute and rhythm section","jazz, guitar, bossa nova",chirp-v4-5+,done,f3474edc-3d3d-4ae5-a9cc-20bc7c2b660d,d7ba3981-4d18-4bbe-b647-1463bbddcaac,f294b6a7-47b2-4270-a3a8-5123e4fef3c1,https://cdn.ttapi.io/suno/20260525/4260bd4737904424a0fd27155fd7c523.mp3,https://cdn.ttapi.io/suno/20260525/861ca587fba446f2a787f9f285bacf0a.mp3,audio/jazz/7477a546-9990-4c2b-bfa1-d7fa3f58d325_1.mp3,audio/jazz/7477a546-9990-4c2b-bfa1-d7fa3f58d325_2.mp3,jazz,2026-05-25T20:11:57.056791+00:00,2026-05-25T20:15:08.387609+00:00,
0c258eb9-90b6-4d97-8b8f-e3fed4c0bab4,jazz,post-bop,"post-bop jazz, uplifting atmosphere, featuring flute and rhythm section","jazz, fusion, electric",chirp-v4-5+,done,80f37985-0525-4c61-97bd-edf7173ef328,377b5062-9b50-450d-8e7f-f9c02e66d00f,7fe74740-612c-4376-914e-9f78a20a3c45,https://cdn.ttapi.io/suno/20260525/d5f24665e34f47f1be5579422c43d402.mp3,https://cdn.ttapi.io/suno/20260525/7024ce2900bd4d778969505cd45e54a4.mp3,audio/jazz/0c258eb9-90b6-4d97-8b8f-e3fed4c0bab4_1.mp3,audio/jazz/0c258eb9-90b6-4d97-8b8f-e3fed4c0bab4_2.mp3,jazz,2026-05-25T20:12:16.911951+00:00,2026-05-25T20:15:24.271551+00:00,
0d8ed005-2db6-4965-b3a8-b5c725e5f399,jazz,bebop,"bebop jazz, relaxed atmosphere, featuring flute and rhythm section","jazz, saxophone, piano",chirp-v4-5+,done,8df7272f-71d8-48a9-b3a0-b79b584a8c22,35043e70-121f-4f63-a468-fb3010a8448c,6d5ca8c9-3359-4be7-8d2d-04c77c90ecdc,https://cdn.ttapi.io/suno/20260525/ec53a4d26aa84a238ec8bbb9d6b8de53.mp3,https://cdn.ttapi.io/suno/20260525/a5ad0ca9aa9c4e86af8c7d5ecd848fe3.mp3,audio/jazz/0d8ed005-2db6-4965-b3a8-b5c725e5f399_1.mp3,audio/jazz/0d8ed005-2db6-4965-b3a8-b5c725e5f399_2.mp3,jazz,2026-05-25T20:12:22.953477+00:00,2026-05-25T20:15:02.799067+00:00,
f7f4bb96-2f12-4c33-b55d-115502d53d87,jazz,cool jazz,"cool jazz, relaxed atmosphere, featuring flute and rhythm section","jazz, trumpet, swing",chirp-v4-5+,done,70584bc1-3994-469a-a3bb-fc18b70a737e,43551eed-bb3f-4ba9-ae6b-22d31e5b3605,9a17d6ff-a1ce-4b72-9492-eab66ccce086,https://cdn.ttapi.io/suno/20260525/c11046ee45434428aa838865705f49c1.mp3,https://cdn.ttapi.io/suno/20260525/fd0465ac402f44f3b18c835e97d6cadc.mp3,audio/jazz/f7f4bb96-2f12-4c33-b55d-115502d53d87_1.mp3,audio/jazz/f7f4bb96-2f12-4c33-b55d-115502d53d87_2.mp3,jazz,2026-05-25T20:12:43.035512+00:00,2026-05-25T20:14:55.415598+00:00,
b7bf0ee3-dba6-4dff-b816-7acf010627e0,jazz,fusion,"fusion jazz, relaxed atmosphere, featuring flute and rhythm section","jazz, bass, drums",chirp-v4-5+,done,92f1ad34-2aa8-486b-ba61-52be02690645,2c9ca7fa-d0e9-4c2f-b3f6-05ee9a498119,4f79533e-32f2-42f2-8409-acc5c1853f5f,https://cdn.ttapi.io/suno/20260525/49d075d57fe742429b18c86959f0352f.mp3,https://cdn.ttapi.io/suno/20260525/52399f23f53946a68434a86176d0fd46.mp3,audio/jazz/b7bf0ee3-dba6-4dff-b816-7acf010627e0_1.mp3,audio/jazz/b7bf0ee3-dba6-4dff-b816-7acf010627e0_2.mp3,jazz,2026-05-25T20:12:48.887986+00:00,2026-05-25T20:15:24.382584+00:00,
bf2075a6-e5cc-4e03-a9d5-f99aa2303324,jazz,smooth jazz,"smooth jazz, relaxed atmosphere, featuring flute and rhythm section","jazz, guitar, bossa nova",chirp-v4-5+,done,4fe59706-2f2f-45ac-926e-8bddb0759afb,e4769eb1-8d73-43cc-8ef1-2c4f98386ccb,8695ec21-b052-4e4c-93f0-5334cf13c58d,https://cdn.ttapi.io/suno/20260525/28624e4751524433a963df3258ebdce8.mp3,https://cdn.ttapi.io/suno/20260525/e9e6e52ea7374ca4858f4f671f70aad8.mp3,audio/jazz/bf2075a6-e5cc-4e03-a9d5-f99aa2303324_1.mp3,audio/jazz/bf2075a6-e5cc-4e03-a9d5-f99aa2303324_2.mp3,jazz,2026-05-25T20:13:09.068289+00:00,2026-05-25T20:15:18.598752+00:00,
7aa9f5e5-3c9e-4ddb-aa56-c87c120fce5e,jazz,hard bop,"hard bop jazz, relaxed atmosphere, featuring flute and rhythm section","jazz, fusion, electric",chirp-v4-5+,done,bc2d7111-0b7f-4305-8dd5-83296852bc72,b7d515b1-c5ad-46fc-ae4c-dd28d6c1b5e6,f1f4a661-05bd-4b38-9d83-a887280901f3,https://cdn.ttapi.io/suno/20260525/ec55952f55114e44b871e3e4801867b1.mp3,https://cdn.ttapi.io/suno/20260525/087102f448d8481b90885bcf316f28cc.mp3,audio/jazz/7aa9f5e5-3c9e-4ddb-aa56-c87c120fce5e_1.mp3,audio/jazz/7aa9f5e5-3c9e-4ddb-aa56-c87c120fce5e_2.mp3,jazz,2026-05-25T20:13:10.377773+00:00,2026-05-25T20:15:08.831712+00:00,
5e59d3f4-bf06-4a99-be9a-efacec2ec2b3,jazz,free jazz,"free jazz, relaxed atmosphere, featuring flute and rhythm section","jazz, saxophone, piano",chirp-v4-5+,done,b824680c-db57-4eda-8feb-2944750e1b15,e561f205-36e6-4db3-9633-0867da573a0e,a6bd421c-90ea-43f4-9cdc-611da4f9ad95,https://cdn.ttapi.io/suno/20260525/cb1381cb71f742ca81686d53073ded9a.mp3,https://cdn.ttapi.io/suno/20260525/4b64412cd2d54cd389f09f528e154e3c.mp3,audio/jazz/5e59d3f4-bf06-4a99-be9a-efacec2ec2b3_1.mp3,audio/jazz/5e59d3f4-bf06-4a99-be9a-efacec2ec2b3_2.mp3,jazz,2026-05-25T20:13:16.613091+00:00,2026-05-25T20:15:24.488492+00:00,
34f2800e-bcf2-483e-95c7-163bb2e2115c,jazz,latin jazz,"latin jazz, relaxed atmosphere, featuring flute and rhythm section","jazz, trumpet, swing",chirp-v4-5+,done,f9a749c5-6ef0-4152-9747-d13a6350124f,b885b778-2732-448a-bd43-f005ccf1f96e,4cfc6df7-185e-4321-b02f-07a1a6a925b8,https://cdn.ttapi.io/suno/20260525/1ec8405f961c49e3a7d87844adc05c2d.mp3,https://cdn.ttapi.io/suno/20260525/c6c38ec4a6764000937806884b86560a.mp3,audio/jazz/34f2800e-bcf2-483e-95c7-163bb2e2115c_1.mp3,audio/jazz/34f2800e-bcf2-483e-95c7-163bb2e2115c_2.mp3,jazz,2026-05-25T20:13:17.883355+00:00,2026-05-25T20:15:09.092337+00:00,
5872ba67-ddef-4b98-9a98-bd81bd4044d4,jazz,swing,"swing jazz, relaxed atmosphere, featuring flute and rhythm section","jazz, bass, drums",chirp-v4-5+,done,eff5cb42-e8d3-4124-9932-bf8155540f1d,7cb77321-1d49-4c59-98e2-dea5f3fb3403,81680fe8-4d07-44e8-a3d2-6f7112226c50,https://cdn.ttapi.io/suno/20260525/4c73bbc7abac4e58af491644461d9582.mp3,https://cdn.ttapi.io/suno/20260525/49d36404de38488080a9126eb7127155.mp3,audio/jazz/5872ba67-ddef-4b98-9a98-bd81bd4044d4_1.mp3,audio/jazz/5872ba67-ddef-4b98-9a98-bd81bd4044d4_2.mp3,jazz,2026-05-25T20:13:19.184467+00:00,2026-05-25T20:15:09.195095+00:00,
33385e6b-95ff-49ad-aef7-009acd08feee,jazz,modal jazz,"modal jazz, relaxed atmosphere, featuring flute and rhythm section","jazz, guitar, bossa nova",chirp-v4-5+,done,a5d5cdff-66fe-4a70-8c58-ab912a4e7e6a,b1e4b55e-4de6-4e20-a1ff-0b1d1d9e1005,86cf37cb-f23d-4757-af2b-709e717d0399,https://cdn.ttapi.io/suno/20260525/77b7dff4c4b34c7c834acc94172b0453.mp3,https://cdn.ttapi.io/suno/20260525/9f7cc271284545079ca826f5bea631c1.mp3,audio/jazz/33385e6b-95ff-49ad-aef7-009acd08feee_1.mp3,audio/jazz/33385e6b-95ff-49ad-aef7-009acd08feee_2.mp3,jazz,2026-05-25T20:13:39.165562+00:00,2026-05-25T20:15:34.406856+00:00,
f9c574ce-6d38-4b20-b6ef-ce385be4f27b,jazz,post-bop,"post-bop jazz, relaxed atmosphere, featuring flute and rhythm section","jazz, fusion, electric",chirp-v4-5+,done,5dc45e12-d690-4483-8c7b-48896ea575e1,f31553cf-b796-48db-a500-c4e53f3cd8e0,a3b5c515-852a-4c83-a2dc-413e694c813f,https://cdn.ttapi.io/suno/20260525/c9c27ce34bfb4ce9bae5454f78f9a557.mp3,https://cdn.ttapi.io/suno/20260525/327a81c2b22a479a87710acf58609d9c.mp3,audio/jazz/f9c574ce-6d38-4b20-b6ef-ce385be4f27b_1.mp3,audio/jazz/f9c574ce-6d38-4b20-b6ef-ce385be4f27b_2.mp3,jazz,2026-05-25T20:13:40.458121+00:00,2026-05-25T20:15:34.577938+00:00,
ab90f2a7-d3b7-4cdf-be8c-fcc5e1a2691b,jazz,bebop,"bebop jazz, energetic atmosphere, featuring flute and rhythm section","jazz, saxophone, piano",chirp-v4-5+,done,8431b7a5-5024-451d-9f50-120fbc9cf181,d7ab0534-40a5-4952-a3e9-62ce1c9fa9fa,a2f510e8-5b61-4278-8831-500647899aee,https://cdn.ttapi.io/suno/20260525/d7fdae74ed414ea799802ca2d208ce5c.mp3,https://cdn.ttapi.io/suno/20260525/a34e93d60fc44f44a630a1a9b0aea34c.mp3,audio/jazz/ab90f2a7-d3b7-4cdf-be8c-fcc5e1a2691b_1.mp3,audio/jazz/ab90f2a7-d3b7-4cdf-be8c-fcc5e1a2691b_2.mp3,jazz,2026-05-25T20:13:46.392558+00:00,2026-05-25T20:17:15.004022+00:00,
14ba7b65-0f26-4c31-b0c3-7fed3a9d1555,jazz,cool jazz,"cool jazz, energetic atmosphere, featuring flute and rhythm section","jazz, trumpet, swing",chirp-v4-5+,done,d7c49750-3f2f-4c5c-b74f-f98b0120f7ec,50fce0cb-0bd2-4fa3-83c1-2bd6bbad494f,0c05e522-31f5-4058-a132-00912253897b,https://cdn.ttapi.io/suno/20260525/f56c69cb6a204def8747614989bc0155.mp3,https://cdn.ttapi.io/suno/20260525/ca0d64ed9b8143ccbfbfd5bf8be3a398.mp3,audio/jazz/14ba7b65-0f26-4c31-b0c3-7fed3a9d1555_1.mp3,audio/jazz/14ba7b65-0f26-4c31-b0c3-7fed3a9d1555_2.mp3,jazz,2026-05-25T20:14:05.878008+00:00,2026-05-25T20:16:07.299488+00:00,
d29e752e-70c5-403a-b46e-1527d5e767cc,jazz,fusion,"fusion jazz, energetic atmosphere, featuring flute and rhythm section","jazz, bass, drums",chirp-v4-5+,done,fe1cc08d-9902-428a-af6a-4dc1e1b5ee45,70208350-0c51-47f4-b354-fc8e81a3e5e6,72f5faae-39a8-492d-bf0a-c859a8dffd97,https://cdn.ttapi.io/suno/20260525/e0833266dc9e4e358be35db726afe792.mp3,https://cdn.ttapi.io/suno/20260525/f9603ab815aa44d286c4ae4600738941.mp3,audio/jazz/d29e752e-70c5-403a-b46e-1527d5e767cc_1.mp3,audio/jazz/d29e752e-70c5-403a-b46e-1527d5e767cc_2.mp3,jazz,2026-05-25T20:14:11.844662+00:00,2026-05-25T20:17:15.175572+00:00,
78a31c25-25f0-4a2e-bdf7-e5adee75ae12,jazz,smooth jazz,"smooth jazz, energetic atmosphere, featuring flute and rhythm section","jazz, guitar, bossa nova",chirp-v4-5+,done,bb4ba22d-2d94-47ed-9e81-7897c0ecc6b8,931d42e0-99ed-4ea7-8c81-67c53fc5b2c5,1ddb6b5c-8256-4486-b5ac-318f17214906,https://cdn.ttapi.io/suno/20260525/2ee0ac0b53ee4b7582c16f4eb8e1c408.mp3,https://cdn.ttapi.io/suno/20260525/de76c3adfe7f4df5b60988981b469eb1.mp3,audio/jazz/78a31c25-25f0-4a2e-bdf7-e5adee75ae12_1.mp3,audio/jazz/78a31c25-25f0-4a2e-bdf7-e5adee75ae12_2.mp3,jazz,2026-05-25T20:14:19.457097+00:00,2026-05-25T20:16:58.774896+00:00,
c9b8997b-f747-4df3-9518-0c4926aba0cc,jazz,hard bop,"hard bop jazz, energetic atmosphere, featuring flute and rhythm section","jazz, fusion, electric",chirp-v4-5+,done,a0b34812-390b-48af-a902-46984954482c,752df37b-5765-4922-928d-0cdcb53c471c,ec411145-fc2a-458c-8bd5-caa7a116a03c,https://cdn.ttapi.io/suno/20260525/ca68b7acb54f4255939f5d8560f1808a.mp3,https://cdn.ttapi.io/suno/20260525/a31c85c1de324b8984aadbc8ee7a2cd5.mp3,audio/jazz/c9b8997b-f747-4df3-9518-0c4926aba0cc_1.mp3,audio/jazz/c9b8997b-f747-4df3-9518-0c4926aba0cc_2.mp3,jazz,2026-05-25T20:14:39.255424+00:00,2026-05-25T20:16:58.933226+00:00,
e7cc9496-a75d-4669-b146-3db050633a5a,jazz,free jazz,"free jazz, energetic atmosphere, featuring flute and rhythm section","jazz, saxophone, piano",chirp-v4-5+,done,0bd0ecc1-8cef-4ede-a5a1-48cf07ebf05e,17185e26-0d9c-4e77-a88b-5dacce1096db,6ecf15fe-ba63-4813-b9ad-e6b6eb1b374d,https://cdn.ttapi.io/suno/20260525/e595a12502b14cc8970670d6c76207a2.mp3,https://cdn.ttapi.io/suno/20260525/04338b8f2da04a3aad5c43d85ca983af.mp3,audio/jazz/e7cc9496-a75d-4669-b146-3db050633a5a_1.mp3,audio/jazz/e7cc9496-a75d-4669-b146-3db050633a5a_2.mp3,jazz,2026-05-25T20:14:40.569406+00:00,2026-05-25T20:16:59.044545+00:00,
cbc83c22-ced6-42e1-89ad-05410f12db4e,jazz,latin jazz,"latin jazz, energetic atmosphere, featuring flute and rhythm section","jazz, trumpet, swing",chirp-v4-5+,done,40d5ecde-9e10-4aa9-880b-6454e34ed71c,cdf7c99e-cd2c-4fdf-a3c3-7a759557d698,c3a98205-d2e2-4802-8157-64e9b4c3c13a,https://cdn.ttapi.io/suno/20260525/c189ba1fa1b84a8aaa3914acc23a3c86.mp3,https://cdn.ttapi.io/suno/20260525/44e79f7dd044462f8d74a577daf56f41.mp3,audio/jazz/cbc83c22-ced6-42e1-89ad-05410f12db4e_1.mp3,audio/jazz/cbc83c22-ced6-42e1-89ad-05410f12db4e_2.mp3,jazz,2026-05-25T20:15:00.442126+00:00,2026-05-25T20:17:15.287671+00:00,
961b0cf8-87d6-4dd8-8875-9ab521013947,jazz,swing,"swing jazz, energetic atmosphere, featuring flute and rhythm section","jazz, bass, drums",chirp-v4-5+,done,e728243b-b25f-400a-9858-68fca9f45521,b1adefb4-c830-486b-bddf-f82ce74236bb,e603d4a4-d387-45b5-8946-8934ebfc224f,https://cdn.ttapi.io/suno/20260525/fe752c25a9074d9aaaf4b115aff05674.mp3,https://cdn.ttapi.io/suno/20260525/612f26cb191a4716bc721c1b66aed2a0.mp3,audio/jazz/961b0cf8-87d6-4dd8-8875-9ab521013947_1.mp3,audio/jazz/961b0cf8-87d6-4dd8-8875-9ab521013947_2.mp3,jazz,2026-05-25T20:15:01.784909+00:00,2026-05-25T20:16:39.523588+00:00,
98a4661f-ff02-47e8-90dc-bb1d56ae3689,jazz,modal jazz,"modal jazz, energetic atmosphere, featuring flute and rhythm section","jazz, guitar, bossa nova",chirp-v4-5+,done,fa5ee7c7-63e0-4cc9-b36e-75297af08d69,f06e4583-97c7-470f-9f2e-89809a32bcdc,3fb025a9-fda5-4bfa-a789-a341dccbe0e6,https://cdn.ttapi.io/suno/20260525/1180ab2ed24f4e67bff238d36e2e8461.mp3,https://cdn.ttapi.io/suno/20260525/7bf2713b7520451da6a325918e7c2ece.mp3,audio/jazz/98a4661f-ff02-47e8-90dc-bb1d56ae3689_1.mp3,audio/jazz/98a4661f-ff02-47e8-90dc-bb1d56ae3689_2.mp3,jazz,2026-05-25T20:15:07.589544+00:00,2026-05-25T20:16:59.227719+00:00,
6b69a508-2ead-4769-a1cf-f4ecfac0861f,jazz,post-bop,"post-bop jazz, energetic atmosphere, featuring flute and rhythm section","jazz, fusion, electric",chirp-v4-5+,done,5c3ff16b-4884-49be-aa2b-f9833ef00099,3a0df0b8-b9e6-4165-8dab-bf47cb9a7523,60199f46-fe3d-4c3c-a19b-74606ca39506,https://cdn.ttapi.io/suno/20260525/45a2d8b5373c498b991c489f2eed6b3e.mp3,https://cdn.ttapi.io/suno/20260525/5b7ffe6e59b14b1dbeaf0576e15ea738.mp3,audio/jazz/6b69a508-2ead-4769-a1cf-f4ecfac0861f_1.mp3,audio/jazz/6b69a508-2ead-4769-a1cf-f4ecfac0861f_2.mp3,jazz,2026-05-25T20:15:13.814290+00:00,2026-05-25T20:17:15.390307+00:00,
7391c376-a8f6-45a5-8b20-acbf408f2f45,jazz,bebop,"bebop jazz, nostalgic atmosphere, featuring flute and rhythm section","jazz, saxophone, piano",chirp-v4-5+,done,99cc4ad9-5720-4623-a5eb-c95243107f47,87fd0f81-91e5-4da4-b0fc-8cddf2ac1683,8b44e25b-85a4-48d4-8600-afd3ce99b7ec,https://cdn.ttapi.io/suno/20260525/acb2543d6895401a9b47997bc6eadd98.mp3,https://cdn.ttapi.io/suno/20260525/f82c956dc94f4a55b2c7a97b8da5b970.mp3,audio/jazz/7391c376-a8f6-45a5-8b20-acbf408f2f45_1.mp3,audio/jazz/7391c376-a8f6-45a5-8b20-acbf408f2f45_2.mp3,jazz,2026-05-25T20:15:15.069575+00:00,2026-05-25T20:16:59.434690+00:00,
9dd21668-b5fe-4d40-8b1a-6c4140b4a3cc,jazz,cool jazz,"cool jazz, nostalgic atmosphere, featuring flute and rhythm section","jazz, trumpet, swing",chirp-v4-5+,done,8695c89b-6d9d-45cd-b21f-1560434a932b,af52a2f7-402c-4efd-8023-7d71c190c1d6,376b8037-d98f-4607-abbf-cfca33573325,https://cdn.ttapi.io/suno/20260525/affa940dc00940fd8f5b7c6904a6d2ae.mp3,https://cdn.ttapi.io/suno/20260525/1b8dbaaf5c724cbeb1c54c67c04fb382.mp3,audio/jazz/9dd21668-b5fe-4d40-8b1a-6c4140b4a3cc_1.mp3,audio/jazz/9dd21668-b5fe-4d40-8b1a-6c4140b4a3cc_2.mp3,jazz,2026-05-25T20:15:16.313571+00:00,2026-05-25T20:16:59.556113+00:00,
b017eb16-5848-490d-b37d-a42d36c04573,jazz,fusion,"fusion jazz, nostalgic atmosphere, featuring flute and rhythm section","jazz, bass, drums",chirp-v4-5+,done,59e6d02f-6724-4ed4-9c14-5195f3348c1e,782e7497-0d8c-4f70-b8cd-5db481236b11,e158a15b-df2e-4231-aa0e-caad5ceefab9,https://cdn.ttapi.io/suno/20260525/09f877ab2bdf442bac6c2cdcabeb20aa.mp3,https://cdn.ttapi.io/suno/20260525/ee128f0f983345a1be808d37807f49b7.mp3,audio/jazz/b017eb16-5848-490d-b37d-a42d36c04573_1.mp3,audio/jazz/b017eb16-5848-490d-b37d-a42d36c04573_2.mp3,jazz,2026-05-25T20:15:17.654389+00:00,2026-05-25T20:17:15.482293+00:00,
4693f2d3-d790-45e4-a637-3d0a3f8745c0,jazz,smooth jazz,"smooth jazz, nostalgic atmosphere, featuring flute and rhythm section","jazz, guitar, bossa nova",chirp-v4-5+,done,fad07f0c-0622-4dc3-b1bf-e2e6422258db,d2b723cc-dd17-44b0-8a6c-6a4dc0373e7a,ffca665d-f5d3-47b1-a075-7d3364c3e318,https://cdn.ttapi.io/suno/20260525/d634bf961a4f4994bcf34dfae8817add.mp3,https://cdn.ttapi.io/suno/20260525/0408ea34f1b647bcbabfc8fc9cdfc813.mp3,audio/jazz/4693f2d3-d790-45e4-a637-3d0a3f8745c0_1.mp3,audio/jazz/4693f2d3-d790-45e4-a637-3d0a3f8745c0_2.mp3,jazz,2026-05-25T20:15:23.399302+00:00,2026-05-25T20:16:59.736751+00:00,
688da94a-560c-4013-b0f2-a1df48496e30,jazz,hard bop,"hard bop jazz, nostalgic atmosphere, featuring flute and rhythm section","jazz, fusion, electric",chirp-v4-5+,done,e22579e8-7c45-4313-a611-b7e2ef637ba0,f4319332-496f-463c-b1d2-7fcc3b043fe8,b4282f98-a672-4e6c-a474-a84dde7e0470,https://cdn.ttapi.io/suno/20260525/902733e7314e440a8182db1b092a6fde.mp3,https://cdn.ttapi.io/suno/20260525/f11b7e9ed6554d03818a7a00b40ab7a3.mp3,audio/jazz/688da94a-560c-4013-b0f2-a1df48496e30_1.mp3,audio/jazz/688da94a-560c-4013-b0f2-a1df48496e30_2.mp3,jazz,2026-05-25T20:15:29.792171+00:00,2026-05-25T20:17:37.089038+00:00,
9390f6d2-113f-49a2-b7d8-838c3856340a,jazz,free jazz,"free jazz, nostalgic atmosphere, featuring flute and rhythm section","jazz, saxophone, piano",chirp-v4-5+,done,c4706ef2-6418-4bf7-b65c-a98cfb7493db,ba032967-82eb-4fc6-8528-5b0be657d9db,7f066953-2210-4252-8782-d73a9cfe101e,https://cdn.ttapi.io/suno/20260525/76eeb672c9d742388f63082ac15dfae0.mp3,https://cdn.ttapi.io/suno/20260525/f2e7d57fbdc348d4bb6d68f837f7096a.mp3,audio/jazz/9390f6d2-113f-49a2-b7d8-838c3856340a_1.mp3,audio/jazz/9390f6d2-113f-49a2-b7d8-838c3856340a_2.mp3,jazz,2026-05-25T20:15:31.070412+00:00,2026-05-25T20:17:15.696328+00:00,
c6ed3bc0-5f67-4db3-858a-1e01f918c793,jazz,latin jazz,"latin jazz, nostalgic atmosphere, featuring flute and rhythm section","jazz, trumpet, swing",chirp-v4-5+,done,2af26aa2-7ef6-40f2-b2dd-5de927f307b3,ce078364-2d25-40c0-a6be-f8c2adfafb9a,3d202872-7d6f-42e6-bbc2-a1b9ddbe9f5a,https://cdn.ttapi.io/suno/20260525/9cb40031653447ee9fbe1d488584b2e0.mp3,https://cdn.ttapi.io/suno/20260525/430d46e221864a02b513b6d6e07c02ab.mp3,audio/jazz/c6ed3bc0-5f67-4db3-858a-1e01f918c793_1.mp3,audio/jazz/c6ed3bc0-5f67-4db3-858a-1e01f918c793_2.mp3,jazz,2026-05-25T20:15:32.384783+00:00,2026-05-25T20:17:37.209492+00:00,
3bc7b7a2-409c-4715-9ee0-89c0ea98a44d,jazz,swing,"swing jazz, nostalgic atmosphere, featuring flute and rhythm section","jazz, bass, drums",chirp-v4-5+,done,a9023468-994f-4f5c-b37e-91eff7d0b6a2,9d609760-3e0d-4d30-82ed-ac429fbec8a4,2022a778-2d87-4f42-917f-bbb0cc1353ed,https://cdn.ttapi.io/suno/20260525/8854a6769e7d40079f0ba781d26260ac.mp3,https://cdn.ttapi.io/suno/20260525/7810af26ca794b74b9c8dfb07cf6c9bf.mp3,audio/jazz/3bc7b7a2-409c-4715-9ee0-89c0ea98a44d_1.mp3,audio/jazz/3bc7b7a2-409c-4715-9ee0-89c0ea98a44d_2.mp3,jazz,2026-05-25T20:15:33.685419+00:00,2026-05-25T20:17:15.881408+00:00,
99861a2a-c406-46f9-a4a4-d6911b9bef14,jazz,modal jazz,"modal jazz, nostalgic atmosphere, featuring flute and rhythm section","jazz, guitar, bossa nova",chirp-v4-5+,done,b183384b-5822-4be5-ac9f-fda3afdd604c,ef6527b7-8eed-4eb8-af18-f0c57b0b4760,26d5af20-adc6-447a-b525-9186bdcd519a,https://cdn.ttapi.io/suno/20260525/f364107827fc4ba78cec5b3f7893835a.mp3,https://cdn.ttapi.io/suno/20260525/e28e8b3a948b44dc9875a14ccd93ba28.mp3,audio/jazz/99861a2a-c406-46f9-a4a4-d6911b9bef14_1.mp3,audio/jazz/99861a2a-c406-46f9-a4a4-d6911b9bef14_2.mp3,jazz,2026-05-25T20:15:39.757088+00:00,2026-05-25T20:17:15.980120+00:00,
08746db6-9f18-4c0d-9d7f-83de1f887b40,jazz,post-bop,"post-bop jazz, nostalgic atmosphere, featuring flute and rhythm section","jazz, fusion, electric",chirp-v4-5+,done,60b5c88a-1156-4e25-a6ea-dc7c45c913da,f3a15088-b466-4d3f-a867-d1f7611ffc69,c9cafea4-d7ab-4a1b-8538-203b898fde86,https://cdn.ttapi.io/suno/20260525/1b6f37e384b3456487efc31895c3d74c.mp3,https://cdn.ttapi.io/suno/20260525/99bd200f95c4403d8b0be430e5c82c18.mp3,audio/jazz/08746db6-9f18-4c0d-9d7f-83de1f887b40_1.mp3,audio/jazz/08746db6-9f18-4c0d-9d7f-83de1f887b40_2.mp3,jazz,2026-05-25T20:15:41.032063+00:00,2026-05-25T20:17:16.081564+00:00,
cb8a2a4c-8314-4153-baa2-baeda5e2f212,jazz,bebop,"bebop jazz, romantic atmosphere, featuring flute and rhythm section","jazz, saxophone, piano",chirp-v4-5+,done,e6a96b6e-c395-4577-b4e0-36bc54869d7a,c7fe2d6a-c314-4781-94da-daec07014442,1665baf6-1ae2-489b-b707-6bbef2f62b94,https://cdn.ttapi.io/suno/20260525/2e6e92ff3d0b4d03874627ff3e4fe251.mp3,https://cdn.ttapi.io/suno/20260525/1ca41008f4004a60a416c42ce424ae44.mp3,audio/jazz/cb8a2a4c-8314-4153-baa2-baeda5e2f212_1.mp3,audio/jazz/cb8a2a4c-8314-4153-baa2-baeda5e2f212_2.mp3,jazz,2026-05-25T20:16:12.576574+00:00,2026-05-25T20:17:37.318848+00:00,
ecb3290d-57f0-47d5-ae9f-6753e525aa2a,jazz,cool jazz,"cool jazz, romantic atmosphere, featuring flute and rhythm section","jazz, trumpet, swing",chirp-v4-5+,done,e14186af-1137-4701-8321-7b2b71c0b2db,74d50c95-2870-4d6a-9b9b-5fa89b1fb4e5,4ecbde5a-e76d-4c41-83a3-6aa1c2940a5c,https://cdn.ttapi.io/suno/20260525/df97f3fd7070400887634cb8fe033f76.mp3,https://cdn.ttapi.io/suno/20260525/f07ef27ace1c4d968011d6c7f6e4ca8f.mp3,audio/jazz/ecb3290d-57f0-47d5-ae9f-6753e525aa2a_1.mp3,audio/jazz/ecb3290d-57f0-47d5-ae9f-6753e525aa2a_2.mp3,jazz,2026-05-25T20:16:44.106890+00:00,2026-05-25T20:17:59.269329+00:00,
9f673c47-84d4-4f3d-9624-191b33091436,jazz,fusion,"fusion jazz, romantic atmosphere, featuring flute and rhythm section","jazz, bass, drums",chirp-v4-5+,done,0cf535ff-7aae-451e-9fec-5bc285c49ce3,05148df6-ffca-489a-9f2c-4ec5f816fcf2,f24c04b0-0fec-4ae3-8976-459edd3bf4c4,https://cdn.ttapi.io/suno/20260525/e7e2eb7351a3487ca16570ae46a123ca.mp3,https://cdn.ttapi.io/suno/20260525/67ff0bad1edd4f7fb2b7852bec7e3e83.mp3,audio/jazz/9f673c47-84d4-4f3d-9624-191b33091436_1.mp3,audio/jazz/9f673c47-84d4-4f3d-9624-191b33091436_2.mp3,jazz,2026-05-25T20:17:06.642154+00:00,2026-05-25T20:18:30.669710+00:00,
42a86e04-661b-4202-ae4f-577fa8ebaa1b,jazz,smooth jazz,"smooth jazz, romantic atmosphere, featuring flute and rhythm section","jazz, guitar, bossa nova",chirp-v4-5+,done,50772742-74b0-459c-86eb-64d57c0a98b3,031ffa4a-1c03-4984-b867-5bb6ed49a7cf,fc842105-0614-41a6-bfbd-75fa3edb5a6c,https://cdn.ttapi.io/suno/20260525/9383fe29a4b34dd88724dc9456484626.mp3,https://cdn.ttapi.io/suno/20260525/0296de56fa314f7ba8d8b7eab81576a2.mp3,audio/jazz/42a86e04-661b-4202-ae4f-577fa8ebaa1b_1.mp3,audio/jazz/42a86e04-661b-4202-ae4f-577fa8ebaa1b_2.mp3,jazz,2026-05-25T20:17:07.915538+00:00,2026-05-25T20:18:30.846679+00:00,
3e196207-00b2-41a3-9106-295a96ef94e8,jazz,hard bop,"hard bop jazz, romantic atmosphere, featuring flute and rhythm section","jazz, fusion, electric",chirp-v4-5+,done,f2260932-dfcc-4f54-9878-fa5554a5759d,9455bfeb-ea27-4e9d-9590-a33bc042e5f8,df6190b5-bdd4-41ab-9573-c57d9f0ee60e,https://cdn.ttapi.io/suno/20260525/4f6583c2272742ddb0c97e013418af1b.mp3,https://cdn.ttapi.io/suno/20260525/5ae3c5d603b446879ac81efecf552458.mp3,audio/jazz/3e196207-00b2-41a3-9106-295a96ef94e8_1.mp3,audio/jazz/3e196207-00b2-41a3-9106-295a96ef94e8_2.mp3,jazz,2026-05-25T20:17:09.134456+00:00,2026-05-25T20:19:01.428781+00:00,
f7fb6736-5295-4abe-a1e4-716a6ea2b990,jazz,free jazz,"free jazz, romantic atmosphere, featuring flute and rhythm section","jazz, saxophone, piano",chirp-v4-5+,done,99b7cdee-462b-4f73-a64b-add593547057,edfbdc3a-feac-4acd-ac09-47ff7d691630,28b8e43f-5015-459f-9717-371cd0b9a7cf,https://cdn.ttapi.io/suno/20260525/4dd16138f3a34f95931953a39df099c7.mp3,https://cdn.ttapi.io/suno/20260525/bd26cc5501e740fd9dbe9ce815e5979b.mp3,audio/jazz/f7fb6736-5295-4abe-a1e4-716a6ea2b990_1.mp3,audio/jazz/f7fb6736-5295-4abe-a1e4-716a6ea2b990_2.mp3,jazz,2026-05-25T20:17:10.427678+00:00,2026-05-25T20:18:31.055703+00:00,
d6275f80-00bd-4e89-8d2c-2ba96b9994ea,jazz,latin jazz,"latin jazz, romantic atmosphere, featuring flute and rhythm section","jazz, trumpet, swing",chirp-v4-5+,done,d0cc5ddc-10a5-45d8-9c04-38b257f89591,f7cfce95-5a69-46dd-9376-15c7fc15c5c5,39a3ce75-75ee-4781-8b05-afcf9cd18772,https://cdn.ttapi.io/suno/20260525/3766e56c6885402a8b9088013c36ffa9.mp3,https://cdn.ttapi.io/suno/20260525/6e571d1d3f814c46a4f78e9a95f47fb9.mp3,audio/jazz/d6275f80-00bd-4e89-8d2c-2ba96b9994ea_1.mp3,audio/jazz/d6275f80-00bd-4e89-8d2c-2ba96b9994ea_2.mp3,jazz,2026-05-25T20:17:11.743246+00:00,2026-05-25T20:18:45.116833+00:00,
d5b41f79-a7bc-450c-afff-319b93a5efed,jazz,swing,"swing jazz, romantic atmosphere, featuring flute and rhythm section","jazz, bass, drums",chirp-v4-5+,done,c3129c99-763e-4757-ba73-f137b4899ba7,d5f5993f-6ac3-4437-b8a2-ba83d8d51589,a8d5583f-0308-41d6-867f-c3bbf3d8ccde,https://cdn.ttapi.io/suno/20260525/b738d6c6d9434934b02d96e79fa905bd.mp3,https://cdn.ttapi.io/suno/20260525/617ead01d8374f4d8f83f6d771664dce.mp3,audio/jazz/d5b41f79-a7bc-450c-afff-319b93a5efed_1.mp3,audio/jazz/d5b41f79-a7bc-450c-afff-319b93a5efed_2.mp3,jazz,2026-05-25T20:17:13.015533+00:00,2026-05-25T20:18:45.266358+00:00,
f1e741f2-4b2b-474c-b904-7e93fc0c32ba,jazz,modal jazz,"modal jazz, romantic atmosphere, featuring flute and rhythm section","jazz, guitar, bossa nova",chirp-v4-5+,done,a432f73c-3f99-45d3-95fc-91b3731aaace,9c82246f-1c56-4f80-a9b2-2dfd0f86ba97,50b31c8b-7a2e-4b0f-b1df-6758bbeef2e3,https://cdn.ttapi.io/suno/20260525/ee107e9d7e9d426694bea36f45e59bef.mp3,https://cdn.ttapi.io/suno/20260525/da94321e42ad4e349862e8b48473988d.mp3,audio/jazz/f1e741f2-4b2b-474c-b904-7e93fc0c32ba_1.mp3,audio/jazz/f1e741f2-4b2b-474c-b904-7e93fc0c32ba_2.mp3,jazz,2026-05-25T20:17:14.293274+00:00,2026-05-25T20:19:08.800978+00:00,
3b498fc3-2bef-4033-af8e-f882cbd0309b,jazz,post-bop,"post-bop jazz, romantic atmosphere, featuring flute and rhythm section","jazz, fusion, electric",chirp-v4-5+,done,75322cdd-8d68-4d5c-8a90-eea6d34fa282,06a7be94-0949-4f07-b9bc-71b560abddfc,1ca3305f-5e2c-4829-82a5-1a081b000c37,https://cdn.ttapi.io/suno/20260525/e3700b3af7dd4cd5b59ebd63a8ee7741.mp3,https://cdn.ttapi.io/suno/20260525/4da313344ccd4e55831f6bbb34450ccf.mp3,audio/jazz/3b498fc3-2bef-4033-af8e-f882cbd0309b_1.mp3,audio/jazz/3b498fc3-2bef-4033-af8e-f882cbd0309b_2.mp3,jazz,2026-05-25T20:17:26.051256+00:00,2026-05-25T20:18:54.422415+00:00,
0d36773e-9492-4003-9323-2c64adbe816a,jazz,bebop,"bebop jazz, brooding atmosphere, featuring flute and rhythm section","jazz, saxophone, piano",chirp-v4-5+,done,f86ea676-0a87-4390-b0d7-47b1f600d800,62b2a93f-d4aa-41c7-ae1c-6db6dadf209c,4810a640-1f64-4fae-a7de-b3f5f02f2ff6,https://cdn.ttapi.io/suno/20260525/4c62072dfa00479c8a0db54effcebfe3.mp3,https://cdn.ttapi.io/suno/20260525/b3c5fac413a04f108484b02bab05e39a.mp3,audio/jazz/0d36773e-9492-4003-9323-2c64adbe816a_1.mp3,audio/jazz/0d36773e-9492-4003-9323-2c64adbe816a_2.mp3,jazz,2026-05-25T20:17:27.388062+00:00,2026-05-25T20:19:08.962215+00:00,
ed9765f2-a00d-40a6-9277-3154c1828547,jazz,cool jazz,"cool jazz, brooding atmosphere, featuring flute and rhythm section","jazz, trumpet, swing",chirp-v4-5+,done,bf14bf3e-d007-49f8-aa07-5e44a45be5ec,4136db22-1e7c-45dc-87b4-4a7b88ef8d43,e790980e-09f8-4d95-9acb-dbc009938812,https://cdn.ttapi.io/suno/20260525/7b5dd2a1112447eabe203a199d515ff5.mp3,https://cdn.ttapi.io/suno/20260525/27532daeeb36473d87e0b74251f417c1.mp3,audio/jazz/ed9765f2-a00d-40a6-9277-3154c1828547_1.mp3,audio/jazz/ed9765f2-a00d-40a6-9277-3154c1828547_2.mp3,jazz,2026-05-25T20:17:28.684624+00:00,2026-05-25T20:18:39.869737+00:00,
b88fa81a-056b-404f-8a74-fa27a8f61b7b,jazz,fusion,"fusion jazz, brooding atmosphere, featuring flute and rhythm section","jazz, bass, drums",chirp-v4-5+,done,e82d0e1d-dad4-43d8-916d-2c2165f37afd,1d702155-2bc1-4ae1-bc51-6aba120415d4,278cee07-3782-4e9f-8566-a085476b6fe5,https://cdn.ttapi.io/suno/20260525/b15c1d558b6c4518b929b288f32bba59.mp3,https://cdn.ttapi.io/suno/20260525/840bfcc1d0244387bbde687b48a233a6.mp3,audio/jazz/b88fa81a-056b-404f-8a74-fa27a8f61b7b_1.mp3,audio/jazz/b88fa81a-056b-404f-8a74-fa27a8f61b7b_2.mp3,jazz,2026-05-25T20:17:29.935291+00:00,2026-05-25T20:19:09.067608+00:00,
c7f3dbae-5132-4b86-9ef4-4911c3f8266b,jazz,smooth jazz,"smooth jazz, brooding atmosphere, featuring flute and rhythm section","jazz, guitar, bossa nova",chirp-v4-5+,done,fb7b076d-fe39-4adf-b2ec-a55902e2bc5b,7516f15b-e025-4436-a597-b8b4f4c48c03,f41c2773-a49d-4761-b751-148b5d82629f,https://cdn.ttapi.io/suno/20260525/65c93d0ad8694f869c851affb96ecc12.mp3,https://cdn.ttapi.io/suno/20260525/4a51f45871414e1aa49a8c8b1de67938.mp3,audio/jazz/c7f3dbae-5132-4b86-9ef4-4911c3f8266b_1.mp3,audio/jazz/c7f3dbae-5132-4b86-9ef4-4911c3f8266b_2.mp3,jazz,2026-05-25T20:17:31.207398+00:00,2026-05-25T20:19:18.928205+00:00,
42d8ba94-5d0f-42b6-886f-8acb2db760bf,jazz,hard bop,"hard bop jazz, brooding atmosphere, featuring flute and rhythm section","jazz, fusion, electric",chirp-v4-5+,done,91acf9d4-e7c4-4128-bad2-2bc6aaa4fe04,ba15897d-fe15-4c22-a78e-2e3dd419aa61,b1aa9dc2-e3be-410d-ae00-7750e7af6c90,https://cdn.ttapi.io/suno/20260525/1172a43a10e0442797aa58da704985d2.mp3,https://cdn.ttapi.io/suno/20260525/52d39c14f23a40909af3ff4a8d96dcc2.mp3,audio/jazz/42d8ba94-5d0f-42b6-886f-8acb2db760bf_1.mp3,audio/jazz/42d8ba94-5d0f-42b6-886f-8acb2db760bf_2.mp3,jazz,2026-05-25T20:17:32.550299+00:00,2026-05-25T20:19:01.967078+00:00,
ccc02ae3-5a9a-4fd4-83d7-3e1c944995f6,jazz,free jazz,"free jazz, brooding atmosphere, featuring flute and rhythm section","jazz, saxophone, piano",chirp-v4-5+,done,efba408c-8c54-4dd0-949f-514736bb364c,a5ff015e-247a-4bd4-aafe-98db47df75d7,196044e9-68fb-46f4-aa4e-57c9ccc78754,https://cdn.ttapi.io/suno/20260525/5373643c05e94a6b8f4d8566b6997566.mp3,https://cdn.ttapi.io/suno/20260525/bdc4fb71cc924bc2a0046ce5bff6287c.mp3,audio/jazz/ccc02ae3-5a9a-4fd4-83d7-3e1c944995f6_1.mp3,audio/jazz/ccc02ae3-5a9a-4fd4-83d7-3e1c944995f6_2.mp3,jazz,2026-05-25T20:17:33.859659+00:00,2026-05-25T20:19:19.099831+00:00,
2b48f6a6-50ca-4acf-824c-52ef7bb62d6b,jazz,latin jazz,"latin jazz, brooding atmosphere, featuring flute and rhythm section","jazz, trumpet, swing",chirp-v4-5+,done,1001fbab-bc89-4e72-988e-f56a9fcdff1c,ed10f71d-3a6a-4fb5-9e0e-85667aa6e26e,9a97f25a-cf11-4973-905f-d6baab30809a,https://cdn.ttapi.io/suno/20260525/313016a92e14459b805fc943b1508e5f.mp3,https://cdn.ttapi.io/suno/20260525/819d8c571d22401a946368add3b5cbb9.mp3,audio/jazz/2b48f6a6-50ca-4acf-824c-52ef7bb62d6b_1.mp3,audio/jazz/2b48f6a6-50ca-4acf-824c-52ef7bb62d6b_2.mp3,jazz,2026-05-25T20:17:35.122209+00:00,2026-05-25T20:19:09.354153+00:00,
7bbba917-2fec-4469-b9de-500b7810fbe7,jazz,swing,"swing jazz, brooding atmosphere, featuring flute and rhythm section","jazz, bass, drums",chirp-v4-5+,done,a53d1b26-8ee0-4e0c-adae-342ec925a343,c8837827-9da2-4387-b373-71c563d42a81,e213fda3-ce45-436a-961e-cd8abee57b83,https://cdn.ttapi.io/suno/20260525/218ae8b08feb427eb0d2bcab276e301f.mp3,https://cdn.ttapi.io/suno/20260525/d62ca6bf4c7c4936aac2ba895249174d.mp3,audio/jazz/7bbba917-2fec-4469-b9de-500b7810fbe7_1.mp3,audio/jazz/7bbba917-2fec-4469-b9de-500b7810fbe7_2.mp3,jazz,2026-05-25T20:17:36.398098+00:00,2026-05-25T20:18:55.085221+00:00,
bdce465a-f07e-49ef-b371-68155ce31d53,jazz,modal jazz,"modal jazz, brooding atmosphere, featuring flute and rhythm section","jazz, guitar, bossa nova",chirp-v4-5+,done,975bf7e4-6ea4-4d2e-aa47-7e1b49cbc4d8,403f96cb-94a5-449b-96be-352b16f2f912,ae5d97c4-a776-4b14-9765-0a23cb05ac98,https://cdn.ttapi.io/suno/20260525/ad2d2aa23bdb4d3792bfe09ae704121e.mp3,https://cdn.ttapi.io/suno/20260525/63a99ae1bfd04566b58f20232df7f59a.mp3,audio/jazz/bdce465a-f07e-49ef-b371-68155ce31d53_1.mp3,audio/jazz/bdce465a-f07e-49ef-b371-68155ce31d53_2.mp3,jazz,2026-05-25T20:17:42.354036+00:00,2026-05-25T20:19:41.241189+00:00,
29e53695-205b-47af-ab66-ac073458b48e,jazz,post-bop,"post-bop jazz, brooding atmosphere, featuring flute and rhythm section","jazz, fusion, electric",chirp-v4-5+,done,b3f410f6-0e5b-4d76-a23a-f589ebd5a2b6,61fea988-faf9-4bbe-8415-370843f2ea50,b311486f-742d-4006-ae06-f0046ef98440,https://cdn.ttapi.io/suno/20260525/1b5df87adb234883a91525d4b7a1cbfe.mp3,https://cdn.ttapi.io/suno/20260525/adf4e0f40dea45bc908e4073c8e85d8d.mp3,audio/jazz/29e53695-205b-47af-ab66-ac073458b48e_1.mp3,audio/jazz/29e53695-205b-47af-ab66-ac073458b48e_2.mp3,jazz,2026-05-25T20:17:43.652354+00:00,2026-05-25T20:19:19.304391+00:00,
51f76ab9-9eff-4cb6-829c-922730be2eec,jazz,bebop,"bebop jazz, meditative atmosphere, featuring flute and rhythm section","jazz, saxophone, piano",chirp-v4-5+,done,3555156c-4439-4df1-9f65-e578fe940802,81347c07-eefa-4ee3-b873-9c422a083d06,635258cd-2c0d-421d-ab00-5e644c20c746,https://cdn.ttapi.io/suno/20260525/b9862c9add7a4590a3cdbf6284358b26.mp3,https://cdn.ttapi.io/suno/20260525/9ac3b9eff171427bab7c404a9120a344.mp3,audio/jazz/51f76ab9-9eff-4cb6-829c-922730be2eec_1.mp3,audio/jazz/51f76ab9-9eff-4cb6-829c-922730be2eec_2.mp3,jazz,2026-05-25T20:17:44.922402+00:00,2026-05-25T20:19:41.419694+00:00,
700aab73-229a-4577-a3ac-ced863dd328f,jazz,cool jazz,"cool jazz, meditative atmosphere, featuring flute and rhythm section","jazz, trumpet, swing",chirp-v4-5+,done,ad98cfe1-dafc-4fb8-b845-041e9433dd2f,9055fb2c-bdb1-48ce-b317-2c688b8a72fd,e16fc4a5-0209-4b35-98d2-a5354254412a,https://cdn.ttapi.io/suno/20260525/5b26c0bda2da44e8a2f8682081a1d8da.mp3,https://cdn.ttapi.io/suno/20260525/b7751d7ee67f442e873f18b4a273dcc3.mp3,audio/jazz/700aab73-229a-4577-a3ac-ced863dd328f_1.mp3,audio/jazz/700aab73-229a-4577-a3ac-ced863dd328f_2.mp3,jazz,2026-05-25T20:18:04.461903+00:00,2026-05-25T20:20:02.647238+00:00,
e854d534-9327-4aa0-b568-79447e4481fd,jazz,fusion,"fusion jazz, meditative atmosphere, featuring flute and rhythm section","jazz, bass, drums",chirp-v4-5+,done,f120465c-a695-48a0-bd3a-3f66d1e9e0ad,ddb530e2-6ffe-45b0-9907-104d13cc6859,6ce6a737-52e2-4ed0-a7d5-394769e51f7b,https://cdn.ttapi.io/suno/20260525/246f1b834f4144a3b19df35ae3e6c6ed.mp3,https://cdn.ttapi.io/suno/20260525/3e8ba8d691594f5ea9d9a762c5016d15.mp3,audio/jazz/e854d534-9327-4aa0-b568-79447e4481fd_1.mp3,audio/jazz/e854d534-9327-4aa0-b568-79447e4481fd_2.mp3,jazz,2026-05-25T20:18:36.030034+00:00,2026-05-25T20:20:25.154056+00:00,
c5b773b1-d7dc-4b8f-873d-d38835c6b9a4,jazz,smooth jazz,"smooth jazz, meditative atmosphere, featuring flute and rhythm section","jazz, guitar, bossa nova",chirp-v4-5+,done,2a6c4d72-7c65-4dd4-bef8-9f814eb43dfd,61086ef2-9d5c-4f9b-9bab-8deed7ea3000,558c8c6e-c182-44ce-a1ba-763bb3075cac,https://cdn.ttapi.io/suno/20260525/6c9e4902629649b992c193789a56e76e.mp3,https://cdn.ttapi.io/suno/20260525/56b54c55e68141aca89ffecab3218f0e.mp3,audio/jazz/c5b773b1-d7dc-4b8f-873d-d38835c6b9a4_1.mp3,audio/jazz/c5b773b1-d7dc-4b8f-873d-d38835c6b9a4_2.mp3,jazz,2026-05-25T20:18:37.288649+00:00,2026-05-25T20:20:02.929722+00:00,
a03e445b-e098-448f-af40-0570fe3410fb,jazz,hard bop,"hard bop jazz, meditative atmosphere, featuring flute and rhythm section","jazz, fusion, electric",chirp-v4-5+,done,f1670d82-8e3e-49ea-b17d-26b8ff90fdd7,a1c846dc-57b3-4e38-bbef-c3ff90501a08,aad1459c-86fc-43dc-b8ea-85db9bc7da13,https://cdn.ttapi.io/suno/20260525/0afc297459fa4a178572a34d92495c34.mp3,https://cdn.ttapi.io/suno/20260525/766a0b0086c5426c8a4a9f8f3451d760.mp3,audio/jazz/a03e445b-e098-448f-af40-0570fe3410fb_1.mp3,audio/jazz/a03e445b-e098-448f-af40-0570fe3410fb_2.mp3,jazz,2026-05-25T20:18:38.644529+00:00,2026-05-25T20:20:17.429299+00:00,
04f33fed-a421-451b-b15b-5b7cdf3baa53,jazz,free jazz,"free jazz, meditative atmosphere, featuring flute and rhythm section","jazz, saxophone, piano",chirp-v4-5+,done,1a7398ca-bda4-4817-903e-51f818e8c1aa,681b461b-5c15-48ac-a7db-3fcf512f85aa,6e614499-eed9-444a-9922-3f7bdfba5a46,https://cdn.ttapi.io/suno/20260525/64a1799b47694c36b2d28ad7ca150976.mp3,https://cdn.ttapi.io/suno/20260525/36cb72ce6b6b4fda9d194cafbdf3608c.mp3,audio/jazz/04f33fed-a421-451b-b15b-5b7cdf3baa53_1.mp3,audio/jazz/04f33fed-a421-451b-b15b-5b7cdf3baa53_2.mp3,jazz,2026-05-25T20:18:44.344853+00:00,2026-05-25T20:20:11.504159+00:00,
abcfc944-8a95-461f-9bc5-5976f8a6c307,jazz,latin jazz,"latin jazz, meditative atmosphere, featuring flute and rhythm section","jazz, trumpet, swing",chirp-v4-5+,done,303dcb6e-71fe-4a79-b4bd-3b96a72a526b,dca2c1e2-983b-4ef0-ae2a-52ed4f653950,41437dec-4f61-4be1-916d-4bf28bc3bfbb,https://cdn.ttapi.io/suno/20260525/6f256852ae4949cab31c5bd7f64f68bd.mp3,https://cdn.ttapi.io/suno/20260525/b569f2bfc6044a3aadd89a5d97a1b44b.mp3,audio/jazz/abcfc944-8a95-461f-9bc5-5976f8a6c307_1.mp3,audio/jazz/abcfc944-8a95-461f-9bc5-5976f8a6c307_2.mp3,jazz,2026-05-25T20:18:50.467916+00:00,2026-05-25T20:20:44.748141+00:00,
51e8a259-3c2b-466f-9289-4a8f9885e201,jazz,swing,"swing jazz, meditative atmosphere, featuring flute and rhythm section","jazz, bass, drums",chirp-v4-5+,done,73449030-040d-40bd-bcf2-aa16165e2c78,ff20fc90-7845-4fcb-9be6-888533f0be8b,eb24df27-fe11-45fb-ae7f-1bff9711924c,https://cdn.ttapi.io/suno/20260525/c68cdb8f23e94cf3b1fc8602dc5939f8.mp3,https://cdn.ttapi.io/suno/20260525/4d9fd41dd0554995b8b71d8c68705c08.mp3,audio/jazz/51e8a259-3c2b-466f-9289-4a8f9885e201_1.mp3,audio/jazz/51e8a259-3c2b-466f-9289-4a8f9885e201_2.mp3,jazz,2026-05-25T20:18:51.775689+00:00,2026-05-25T20:21:04.321880+00:00,
e59a07e6-aa1a-4e33-a298-2e842ec0cb63,jazz,modal jazz,"modal jazz, meditative atmosphere, featuring flute and rhythm section","jazz, guitar, bossa nova",chirp-v4-5+,done,b37530f8-fa56-4647-b4e1-a85d4b8a01b9,0647ffb9-4255-422c-9172-a81885565d81,59218240-ac77-44a6-9a84-c4bee1956776,https://cdn.ttapi.io/suno/20260525/b4f21ca229ea40b7bca99cc1b2eec578.mp3,https://cdn.ttapi.io/suno/20260525/bfe1e1b81e934ea38526a7f6e55794fb.mp3,audio/jazz/e59a07e6-aa1a-4e33-a298-2e842ec0cb63_1.mp3,audio/jazz/e59a07e6-aa1a-4e33-a298-2e842ec0cb63_2.mp3,jazz,2026-05-25T20:18:59.456414+00:00,2026-05-25T20:21:37.126345+00:00,
3e249e06-a170-4887-9163-14d96aaf259e,jazz,post-bop,"post-bop jazz, meditative atmosphere, featuring flute and rhythm section","jazz, fusion, electric",chirp-v4-5+,done,fbf86802-7485-4ec7-b284-90154ecbfb0f,cf507a57-37ec-41e7-93bc-6468471ee5f6,98395b30-fc37-42cd-b990-f18a88fdd76d,https://cdn.ttapi.io/suno/20260525/2730b94dd34a40a48d8970e92063721c.mp3,https://cdn.ttapi.io/suno/20260525/4a41fe74513648b0983a64e1a0cfbc7e.mp3,audio/jazz/3e249e06-a170-4887-9163-14d96aaf259e_1.mp3,audio/jazz/3e249e06-a170-4887-9163-14d96aaf259e_2.mp3,jazz,2026-05-25T20:19:00.717929+00:00,2026-05-25T20:21:37.291009+00:00,
21e7d27f-b27d-40f4-875d-65ee65e043e8,jazz,bebop,"bebop jazz, playful atmosphere, featuring flute and rhythm section","jazz, saxophone, piano",chirp-v4-5+,done,4d576eaa-4688-46e7-8993-1647ed25a1db,4b800d70-34dd-4a6b-89df-a173f9061e7a,79ada0d6-44b0-4701-96c7-2f0236f89a41,https://cdn.ttapi.io/suno/20260525/ca8f5139624e4049a5494b2c5eb2a0ad.mp3,https://cdn.ttapi.io/suno/20260525/8bb2490749664db1ab1ffc0d6bc07870.mp3,audio/jazz/21e7d27f-b27d-40f4-875d-65ee65e043e8_1.mp3,audio/jazz/21e7d27f-b27d-40f4-875d-65ee65e043e8_2.mp3,jazz,2026-05-25T20:19:06.841095+00:00,2026-05-25T20:21:37.398471+00:00,
ef86335e-45b5-45df-b3f0-bec79b499305,jazz,cool jazz,"cool jazz, playful atmosphere, featuring flute and rhythm section","jazz, trumpet, swing",chirp-v4-5+,done,1f326bf7-8543-42ff-afb3-73a6741af603,e804c045-0026-4e51-a5d5-50699e48e455,801ae029-1910-4b9b-9772-3fe8c1bbfc54,https://cdn.ttapi.io/suno/20260525/95f7d930d0234fef99bfb34db6fad179.mp3,https://cdn.ttapi.io/suno/20260525/fe0c93e0689e4e058d6e6ca0042ddde5.mp3,audio/jazz/ef86335e-45b5-45df-b3f0-bec79b499305_1.mp3,audio/jazz/ef86335e-45b5-45df-b3f0-bec79b499305_2.mp3,jazz,2026-05-25T20:19:08.145865+00:00,2026-05-25T20:20:03.711393+00:00,
91633faf-b811-4eb3-afa3-8eeb341f9c04,jazz,fusion,"fusion jazz, playful atmosphere, featuring flute and rhythm section","jazz, bass, drums",chirp-v4-5+,done,5c41af28-067a-4d32-8333-bf49116226f9,b0a2f2b8-179f-4b74-a0fb-0d037cb17c77,85d6fe03-a5f1-4006-9e30-5e6642573221,https://cdn.ttapi.io/suno/20260525/580261a4988a4fb9b3a7af81f412881e.mp3,https://cdn.ttapi.io/suno/20260525/1a1c2f6c90d14d1987fd0aa0260c2440.mp3,audio/jazz/91633faf-b811-4eb3-afa3-8eeb341f9c04_1.mp3,audio/jazz/91633faf-b811-4eb3-afa3-8eeb341f9c04_2.mp3,jazz,2026-05-25T20:19:14.313498+00:00,2026-05-25T20:21:04.798389+00:00,
309518cf-c454-4095-abe7-71337fd762fc,jazz,smooth jazz,"smooth jazz, playful atmosphere, featuring flute and rhythm section","jazz, guitar, bossa nova",chirp-v4-5+,done,5ca8d93a-5f39-4f10-bbcf-6daa4199bde3,838f9c08-3622-4564-b749-8b32e5252e62,464bf84a-53b6-4188-a5ff-2975a9dc99c1,https://cdn.ttapi.io/suno/20260525/331b19418037447eae2f4b73c007e03b.mp3,https://cdn.ttapi.io/suno/20260525/bc9664c61d1e45a5bdf9f8d185032759.mp3,audio/jazz/309518cf-c454-4095-abe7-71337fd762fc_1.mp3,audio/jazz/309518cf-c454-4095-abe7-71337fd762fc_2.mp3,jazz,2026-05-25T20:19:15.607090+00:00,2026-05-25T20:21:14.178010+00:00,
502ed9e0-5d8a-4482-b30e-6c91867ef370,jazz,hard bop,"hard bop jazz, playful atmosphere, featuring flute and rhythm section","jazz, fusion, electric",chirp-v4-5+,done,10864fab-034a-4e52-8c2f-89c1377ae9e2,85bbd8dd-f37d-490a-be33-4fe8235efc0d,27f615db-a708-4562-b5ca-d273bd8b6a12,https://cdn.ttapi.io/suno/20260525/473f0c1e0c5049c092c14650b37f02fb.mp3,https://cdn.ttapi.io/suno/20260525/8fc6f1f501474c6bb5f36d589f8aedda.mp3,audio/jazz/502ed9e0-5d8a-4482-b30e-6c91867ef370_1.mp3,audio/jazz/502ed9e0-5d8a-4482-b30e-6c91867ef370_2.mp3,jazz,2026-05-25T20:19:16.916704+00:00,2026-05-25T20:21:24.156302+00:00,
15b2f40c-bc9a-459c-aa42-2103c0209994,jazz,free jazz,"free jazz, playful atmosphere, featuring flute and rhythm section","jazz, saxophone, piano",chirp-v4-5+,done,7741c02d-5db7-45a4-af3a-4310f2c059cd,71cc530e-aeb3-48a7-a346-94b78102bcd3,52c65b10-87ff-464f-b6a8-a6a37a3ce7b6,https://cdn.ttapi.io/suno/20260525/be6c6900434240ee8cfe78efdc1775a5.mp3,https://cdn.ttapi.io/suno/20260525/0c49254331d64e30a970006cfb4cef34.mp3,audio/jazz/15b2f40c-bc9a-459c-aa42-2103c0209994_1.mp3,audio/jazz/15b2f40c-bc9a-459c-aa42-2103c0209994_2.mp3,jazz,2026-05-25T20:19:18.215433+00:00,2026-05-25T20:21:14.422695+00:00,
1c4597e3-cb94-433a-88ff-3d668c6546ef,jazz,latin jazz,"latin jazz, playful atmosphere, featuring flute and rhythm section","jazz, trumpet, swing",chirp-v4-5+,done,5ed7acf7-1342-4e93-a81b-2ff530e300c4,1e5992b0-dbf3-4f77-a43e-a7f76062290b,edbf3541-c91d-4231-bb31-354eb8374164,https://cdn.ttapi.io/suno/20260525/6222923d63d54bccac6dff08162ba2f1.mp3,https://cdn.ttapi.io/suno/20260525/33aae48f03b94dcb9794fa2684c8f1f9.mp3,audio/jazz/1c4597e3-cb94-433a-88ff-3d668c6546ef_1.mp3,audio/jazz/1c4597e3-cb94-433a-88ff-3d668c6546ef_2.mp3,jazz,2026-05-25T20:19:24.364143+00:00,2026-05-25T20:21:37.503708+00:00,
b0ed30fb-f343-4c9d-ae99-71a2cdc8d5ab,jazz,swing,"swing jazz, playful atmosphere, featuring flute and rhythm section","jazz, bass, drums",chirp-v4-5+,done,88c9b7ba-f55c-4380-9cf7-579304d799af,a0a66e88-82fc-4b1c-bb5a-c361045b2e38,83021462-d53e-4d29-8080-b3b5c41e628a,https://cdn.ttapi.io/suno/20260525/b697a54e4fa845bda4f90d6689df3dfd.mp3,https://cdn.ttapi.io/suno/20260525/ccc6e8f350044ff1b2de0c15482432dd.mp3,audio/jazz/b0ed30fb-f343-4c9d-ae99-71a2cdc8d5ab_1.mp3,audio/jazz/b0ed30fb-f343-4c9d-ae99-71a2cdc8d5ab_2.mp3,jazz,2026-05-25T20:19:25.589208+00:00,2026-05-25T20:21:14.615740+00:00,
7efd6a6c-f9ee-44f3-bd98-51a4abcb3d2b,jazz,modal jazz,"modal jazz, playful atmosphere, featuring flute and rhythm section","jazz, guitar, bossa nova",chirp-v4-5+,done,4ee45e93-e7d5-42f3-97cb-1f3b3ded43cf,64760b18-4042-4ef9-907b-7ff041459630,396af3cc-756c-4494-a8dc-787addefffa4,https://cdn.ttapi.io/suno/20260525/8f6d3672e69342099990316f51e2d712.mp3,https://cdn.ttapi.io/suno/20260525/88bb686f8be84b34b0f9686afb3b93e4.mp3,audio/jazz/7efd6a6c-f9ee-44f3-bd98-51a4abcb3d2b_1.mp3,audio/jazz/7efd6a6c-f9ee-44f3-bd98-51a4abcb3d2b_2.mp3,jazz,2026-05-25T20:19:26.872030+00:00,2026-05-25T20:21:14.722861+00:00,
0653b076-3c29-4db2-9a35-0c6e226fbc1b,jazz,post-bop,"post-bop jazz, playful atmosphere, featuring flute and rhythm section","jazz, fusion, electric",chirp-v4-5+,done,96934d66-a052-4690-acfc-31d8b9a47910,5a3b423f-e9a2-43a1-9425-d89e668a73a8,20f31803-b784-4b79-90f2-aed356665fae,https://cdn.ttapi.io/suno/20260525/b6ee190945e74c98ba6ee6c11ed61bdb.mp3,https://cdn.ttapi.io/suno/20260525/07417be7009048588fec597201208281.mp3,audio/jazz/0653b076-3c29-4db2-9a35-0c6e226fbc1b_1.mp3,audio/jazz/0653b076-3c29-4db2-9a35-0c6e226fbc1b_2.mp3,jazz,2026-05-25T20:19:46.882300+00:00,2026-05-25T20:21:31.500829+00:00,
aa0eab34-9f6a-4723-9b6a-764cc2f3c5fd,jazz,bebop,"bebop jazz, late-night atmosphere, featuring vibraphone and guitar","jazz, saxophone, piano",chirp-v4-5+,done,f392fbf2-3a12-4f49-9c3d-f7ff9292fc85,f5651655-3a2c-4304-a363-a7f1e8606d81,6b2479f4-fce6-4b81-b1b3-1a1951758cee,https://cdn.ttapi.io/suno/20260525/f99b31988ad64ffea554106983261f8f.mp3,https://cdn.ttapi.io/suno/20260525/4ff275a7d457462388c329657db95434.mp3,audio/jazz/aa0eab34-9f6a-4723-9b6a-764cc2f3c5fd_1.mp3,audio/jazz/aa0eab34-9f6a-4723-9b6a-764cc2f3c5fd_2.mp3,jazz,2026-05-25T20:19:48.243675+00:00,2026-05-25T20:21:24.479746+00:00,
436d9779-d9ef-4456-86e8-81aae6081a7c,jazz,cool jazz,"cool jazz, late-night atmosphere, featuring vibraphone and guitar","jazz, trumpet, swing",chirp-v4-5+,done,056459c2-1013-4863-991c-ea26ae3df36a,7ebfd693-2886-48a8-89cc-3cd0d5b35edc,3224fbf7-5f2a-4e09-95de-63f0d45807a0,https://cdn.ttapi.io/suno/20260525/210b932374b54277a072f30ff9aeacb3.mp3,https://cdn.ttapi.io/suno/20260525/64fb1adf22164e6cbd630070380bd891.mp3,audio/jazz/436d9779-d9ef-4456-86e8-81aae6081a7c_1.mp3,audio/jazz/436d9779-d9ef-4456-86e8-81aae6081a7c_2.mp3,jazz,2026-05-25T20:20:08.055002+00:00,2026-05-25T20:21:37.599962+00:00,
4bf46a00-3703-4124-8380-c2f10ee1be06,jazz,fusion,"fusion jazz, late-night atmosphere, featuring vibraphone and guitar","jazz, bass, drums",chirp-v4-5+,done,6d226382-8a56-4574-b023-9b3fd55abdb9,d9142250-44fe-4d0c-907e-b34918fb552a,9d9c03c2-1b6a-4b01-914e-8fe63644ec60,https://cdn.ttapi.io/suno/20260525/a2a6c2783f3e49758d9df681e61f0ded.mp3,https://cdn.ttapi.io/suno/20260525/7182d980302447fa825e7edd771f4876.mp3,audio/jazz/4bf46a00-3703-4124-8380-c2f10ee1be06_1.mp3,audio/jazz/4bf46a00-3703-4124-8380-c2f10ee1be06_2.mp3,jazz,2026-05-25T20:20:09.340142+00:00,2026-05-25T20:21:52.449469+00:00,
825a14f1-b4b5-4fd9-ae7a-0c2ea9e58770,jazz,smooth jazz,"smooth jazz, late-night atmosphere, featuring vibraphone and guitar","jazz, guitar, bossa nova",chirp-v4-5+,done,12528a52-a98f-4704-8216-8068b822123d,c1135fdb-a842-4abd-96b7-a257ce7beeb4,860d9cf6-8737-4297-9b2f-f8d298fb9a2c,https://cdn.ttapi.io/suno/20260525/1c60ed9ba2c84c62b6744ea5578d7c7b.mp3,https://cdn.ttapi.io/suno/20260525/3f7bb4f594384b19a36e4ce9397b767f.mp3,audio/jazz/825a14f1-b4b5-4fd9-ae7a-0c2ea9e58770_1.mp3,audio/jazz/825a14f1-b4b5-4fd9-ae7a-0c2ea9e58770_2.mp3,jazz,2026-05-25T20:20:10.593906+00:00,2026-05-25T20:21:59.599969+00:00,
291e65bc-0ec9-42e3-9263-45799d6b60bc,jazz,hard bop,"hard bop jazz, late-night atmosphere, featuring vibraphone and guitar","jazz, fusion, electric",chirp-v4-5+,done,273fbf9c-c343-4838-864b-3eb91634e167,e76e83ca-389b-47b1-b556-39cc484fffa6,9ee32aad-a52f-4d6e-a835-8a5d47c5b613,https://cdn.ttapi.io/suno/20260525/a95ad8899ecd47318b8b355bf5697bb0.mp3,https://cdn.ttapi.io/suno/20260525/9ff51216fc724694ae4c5fa8f5a5c12d.mp3,audio/jazz/291e65bc-0ec9-42e3-9263-45799d6b60bc_1.mp3,audio/jazz/291e65bc-0ec9-42e3-9263-45799d6b60bc_2.mp3,jazz,2026-05-25T20:20:16.621436+00:00,2026-05-25T20:21:37.894954+00:00,
2054a9f9-a5e9-49c5-91bd-00a4a27c35f8,jazz,free jazz,"free jazz, late-night atmosphere, featuring vibraphone and guitar","jazz, saxophone, piano",chirp-v4-5+,done,e55fb9ec-d638-45fd-aa52-93849d11a095,ac588d54-9c92-4c76-a64c-08356f46703b,0a8297a3-26ed-42d0-b4a7-07715eec5ace,https://cdn.ttapi.io/suno/20260525/61aa9280decc4e0181dac10b1b77d320.mp3,https://cdn.ttapi.io/suno/20260525/1d518188bc534fdab90864cea1121efe.mp3,audio/jazz/2054a9f9-a5e9-49c5-91bd-00a4a27c35f8_1.mp3,audio/jazz/2054a9f9-a5e9-49c5-91bd-00a4a27c35f8_2.mp3,jazz,2026-05-25T20:20:22.633185+00:00,2026-05-25T20:21:59.769258+00:00,
eb7e1a20-c043-41b0-8301-babcfed06249,jazz,latin jazz,"latin jazz, late-night atmosphere, featuring vibraphone and guitar","jazz, trumpet, swing",chirp-v4-5+,done,b84d9657-ce63-4a99-94c6-2dd9a385fd22,57d0875e-9572-46fa-80ca-b39f09535b02,0a586683-961c-4301-abf6-d51b1b060847,https://cdn.ttapi.io/suno/20260525/7aae980b96174cdf9186b2755b05004d.mp3,https://cdn.ttapi.io/suno/20260525/c0869a9d678e4bdc9eea8cf23ba51465.mp3,audio/jazz/eb7e1a20-c043-41b0-8301-babcfed06249_1.mp3,audio/jazz/eb7e1a20-c043-41b0-8301-babcfed06249_2.mp3,jazz,2026-05-25T20:20:30.410875+00:00,2026-05-25T20:21:52.818951+00:00,
0babc772-da1f-4e66-ae9c-af7f564ba63e,jazz,swing,"swing jazz, late-night atmosphere, featuring vibraphone and guitar","jazz, bass, drums",chirp-v4-5+,done,6c3cd3df-e36f-4506-b0da-6bae2edba26c,59611175-b1c8-4c72-ad4e-6df6bf2d3848,2c7e8f30-5d08-45c1-816e-734cb990ef6f,https://cdn.ttapi.io/suno/20260525/55db2695b0274110aa2481742b05a33c.mp3,https://cdn.ttapi.io/suno/20260525/88a2511799014095b9cfa50e0af612c6.mp3,audio/jazz/0babc772-da1f-4e66-ae9c-af7f564ba63e_1.mp3,audio/jazz/0babc772-da1f-4e66-ae9c-af7f564ba63e_2.mp3,jazz,2026-05-25T20:20:50.011115+00:00,2026-05-25T20:22:07.002162+00:00,
cb489932-9962-4a29-89b2-6651abb5b0a9,jazz,modal jazz,"modal jazz, late-night atmosphere, featuring vibraphone and guitar","jazz, guitar, bossa nova",chirp-v4-5+,done,e8b8e316-ae57-418d-865d-9ed9ba1358b0,e81a6fe9-baa6-4ff3-aeb0-ef2170cff04c,593a3704-3362-4e01-8f99-d65e964a109a,https://cdn.ttapi.io/suno/20260525/b48ac286a5094fdf8767382bfde783f6.mp3,https://cdn.ttapi.io/suno/20260525/a1e6dd46cafa4ecfa1cf75fe10b56fa0.mp3,audio/jazz/cb489932-9962-4a29-89b2-6651abb5b0a9_1.mp3,audio/jazz/cb489932-9962-4a29-89b2-6651abb5b0a9_2.mp3,jazz,2026-05-25T20:21:10.025950+00:00,2026-05-25T20:22:38.394589+00:00,
cd6afc29-439f-44b2-8af9-4d8ec44f5969,jazz,post-bop,"post-bop jazz, late-night atmosphere, featuring vibraphone and guitar","jazz, fusion, electric",chirp-v4-5+,done,23cec3b5-3dd6-415b-93df-fef1784d953a,fd4d150d-67ac-41fe-88c4-25cd925f2591,7ceb072a-9b85-44aa-a43e-18cd2dcde378,https://cdn.ttapi.io/suno/20260525/764dd2cc6e2443f7a9e808c5de60bcce.mp3,https://cdn.ttapi.io/suno/20260525/fa0be950c8f1411596ddd0960b65687a.mp3,audio/jazz/cd6afc29-439f-44b2-8af9-4d8ec44f5969_1.mp3,audio/jazz/cd6afc29-439f-44b2-8af9-4d8ec44f5969_2.mp3,jazz,2026-05-25T20:21:11.323026+00:00,2026-05-25T20:22:38.563357+00:00,
103ebd31-e646-4795-9452-c82324261433,jazz,bebop,"bebop jazz, melancholic atmosphere, featuring vibraphone and guitar","jazz, saxophone, piano",chirp-v4-5+,done,5bad2d37-d3f6-4981-8108-39ae618d5fb0,d5ac3674-e9e1-4829-9056-54e0ab9e2803,e17a4d64-3045-4d80-9980-6b9426668091,https://cdn.ttapi.io/suno/20260525/ff28f74d583144a0b5bc53949907b1a4.mp3,https://cdn.ttapi.io/suno/20260525/4799c1c0ad9b4fdea90101c0dba7e889.mp3,audio/jazz/103ebd31-e646-4795-9452-c82324261433_1.mp3,audio/jazz/103ebd31-e646-4795-9452-c82324261433_2.mp3,jazz,2026-05-25T20:21:19.335933+00:00,2026-05-25T20:22:45.809734+00:00,
e2ca61c9-35c1-4abc-98c0-bc5795b1a354,jazz,cool jazz,"cool jazz, melancholic atmosphere, featuring vibraphone and guitar","jazz, trumpet, swing",chirp-v4-5+,done,12b7d44b-7499-4d4a-9034-80b6c0dce930,3e0b81d6-b972-4ac7-8410-e58e78d78994,00af8660-35f4-44c2-9051-00dac529ff7f,https://cdn.ttapi.io/suno/20260525/606dc8ceef7d431ba80e2237c825a978.mp3,https://cdn.ttapi.io/suno/20260525/fc316b21c48747c88c2ac48ebbbc5c63.mp3,audio/jazz/e2ca61c9-35c1-4abc-98c0-bc5795b1a354_1.mp3,audio/jazz/e2ca61c9-35c1-4abc-98c0-bc5795b1a354_2.mp3,jazz,2026-05-25T20:21:20.623318+00:00,2026-05-25T20:22:45.978864+00:00,
3d1382c5-3499-4a0f-a830-9917a16fd544,jazz,fusion,"fusion jazz, melancholic atmosphere, featuring vibraphone and guitar","jazz, bass, drums",chirp-v4-5+,done,76e03e4b-bf85-4fbe-8869-dd869a6fbec5,15725f10-9aa5-4cb5-b32b-8de86005da9c,c910c76c-9c72-4a62-923a-dc296f5d870f,https://cdn.ttapi.io/suno/20260525/b95e77ce8b144ebeac0b160aeff3a51d.mp3,https://cdn.ttapi.io/suno/20260525/cfd21f2f433e4b509d48f24f485ac385.mp3,audio/jazz/3d1382c5-3499-4a0f-a830-9917a16fd544_1.mp3,audio/jazz/3d1382c5-3499-4a0f-a830-9917a16fd544_2.mp3,jazz,2026-05-25T20:21:21.879441+00:00,2026-05-25T20:23:16.844564+00:00,
91810d64-597e-43eb-97dd-313509e9197a,jazz,smooth jazz,"smooth jazz, melancholic atmosphere, featuring vibraphone and guitar","jazz, guitar, bossa nova",chirp-v4-5+,done,c1229bcf-2db0-4047-8ad0-450aef45e9bd,9f319da9-5848-4c16-97ae-45aa3ae6d768,b2d82a64-e5fa-472f-8136-fb86f57c51f2,https://cdn.ttapi.io/suno/20260525/a5bd0306c082485abe9b3149ff4f3339.mp3,https://cdn.ttapi.io/suno/20260525/7ea5d556b1484e2fa6b905e376cd4a3e.mp3,audio/jazz/91810d64-597e-43eb-97dd-313509e9197a_1.mp3,audio/jazz/91810d64-597e-43eb-97dd-313509e9197a_2.mp3,jazz,2026-05-25T20:21:23.155672+00:00,2026-05-25T20:23:06.877522+00:00,
f18b9059-4c3d-4318-a11b-cb4f07df75c6,jazz,hard bop,"hard bop jazz, melancholic atmosphere, featuring vibraphone and guitar","jazz, fusion, electric",chirp-v4-5+,done,553bba45-dd29-4e70-964b-8d19db677540,233c659c-d3fb-4fcf-b42c-0d3ff7f7e799,0aebd0e3-d017-42c1-a24d-31158d97a5d3,https://cdn.ttapi.io/suno/20260525/d99c41b975fb45e2b823ee239926e37b.mp3,https://cdn.ttapi.io/suno/20260525/f66cd2ed00e04b2f8d712a00c8ff7a9f.mp3,audio/jazz/f18b9059-4c3d-4318-a11b-cb4f07df75c6_1.mp3,audio/jazz/f18b9059-4c3d-4318-a11b-cb4f07df75c6_2.mp3,jazz,2026-05-25T20:21:29.222694+00:00,2026-05-25T20:23:07.057719+00:00,
ece17695-7dd6-4ba7-a4eb-3ff067d382d9,jazz,free jazz,"free jazz, melancholic atmosphere, featuring vibraphone and guitar","jazz, saxophone, piano",chirp-v4-5+,done,85c790f4-716f-4e20-b085-3b5286b2c187,f169c7c5-3bfb-42b9-8fc5-680366f1cd96,63037598-6d41-4db1-a56e-fe5beb8dfa42,https://cdn.ttapi.io/suno/20260525/5cb9d134e5b54053be8cc445ecc19295.mp3,https://cdn.ttapi.io/suno/20260525/b7848673db784d17bdab26862ee8d684.mp3,audio/jazz/ece17695-7dd6-4ba7-a4eb-3ff067d382d9_1.mp3,audio/jazz/ece17695-7dd6-4ba7-a4eb-3ff067d382d9_2.mp3,jazz,2026-05-25T20:21:30.461496+00:00,2026-05-25T20:23:07.170426+00:00,
09a514e4-108b-4f87-ab98-044b6526ae5a,jazz,latin jazz,"latin jazz, melancholic atmosphere, featuring vibraphone and guitar","jazz, trumpet, swing",chirp-v4-5+,done,3c3db093-2f29-4084-8711-f1df3e35e551,f2c1f2cc-5a8c-4a91-b37d-5f72f0c64aa3,d117293c-d121-4fe9-a9bc-91d50e5e7895,https://cdn.ttapi.io/suno/20260525/6c9a0ee0a3e3412d83b1d244c462095b.mp3,https://cdn.ttapi.io/suno/20260525/1788822d30154753b6ce593547d43731.mp3,audio/jazz/09a514e4-108b-4f87-ab98-044b6526ae5a_1.mp3,audio/jazz/09a514e4-108b-4f87-ab98-044b6526ae5a_2.mp3,jazz,2026-05-25T20:21:36.433045+00:00,2026-05-25T20:23:27.029117+00:00,
0c4ab250-3b7f-450b-98b5-a4721fd3aabe,jazz,swing,"swing jazz, melancholic atmosphere, featuring vibraphone and guitar","jazz, bass, drums",chirp-v4-5+,done,11da91b9-f991-40db-95b6-1f05e2de67f1,4098ce0e-f163-468d-8261-ee63ab496cc6,8f6d7aeb-e88c-4a54-bce8-5ce56d970e7c,https://cdn.ttapi.io/suno/20260525/dbc55ba896914540b2cdfec857341399.mp3,https://cdn.ttapi.io/suno/20260525/e5c961f90ec84e18981a3bb578d85602.mp3,audio/jazz/0c4ab250-3b7f-450b-98b5-a4721fd3aabe_1.mp3,audio/jazz/0c4ab250-3b7f-450b-98b5-a4721fd3aabe_2.mp3,jazz,2026-05-25T20:21:45.272510+00:00,2026-05-25T20:23:07.365100+00:00,
c7f05cbd-59ad-4663-b374-52fa44918af4,jazz,modal jazz,"modal jazz, melancholic atmosphere, featuring vibraphone and guitar","jazz, guitar, bossa nova",chirp-v4-5+,done,73695561-e805-4e04-b5dc-c5321a98dfdd,49df450a-106b-4b72-9768-8f7e02d7df5b,5543324c-0340-40ff-9b7e-d62eacec7df8,https://cdn.ttapi.io/suno/20260525/6bd053c5c325402e9c8d62825a5c8c15.mp3,https://cdn.ttapi.io/suno/20260525/94307a18ef9d4769a65ba004187a0ff4.mp3,audio/jazz/c7f05cbd-59ad-4663-b374-52fa44918af4_1.mp3,audio/jazz/c7f05cbd-59ad-4663-b374-52fa44918af4_2.mp3,jazz,2026-05-25T20:21:46.617755+00:00,2026-05-25T20:23:17.057760+00:00,
3a7e4208-de3c-4ca0-9fa1-5c7a493fb9ff,jazz,post-bop,"post-bop jazz, melancholic atmosphere, featuring vibraphone and guitar","jazz, fusion, electric",chirp-v4-5+,done,7d7af9f8-06c5-4b08-ac38-4e248acfef3d,b8732c2c-3214-42c1-8ff4-891a288546df,793adc3a-aff4-452d-b1c4-7e98cb79cef9,https://cdn.ttapi.io/suno/20260525/c4b441d437f742a2a9defa69a4a0f60f.mp3,https://cdn.ttapi.io/suno/20260525/5b96151b821d46058b857d2368932d1f.mp3,audio/jazz/3a7e4208-de3c-4ca0-9fa1-5c7a493fb9ff_1.mp3,audio/jazz/3a7e4208-de3c-4ca0-9fa1-5c7a493fb9ff_2.mp3,jazz,2026-05-25T20:21:47.900102+00:00,2026-05-25T20:23:35.068573+00:00,
db185d6d-3b03-4427-aef6-332844299a16,jazz,bebop,"bebop jazz, uplifting atmosphere, featuring vibraphone and guitar","jazz, saxophone, piano",chirp-v4-5+,done,178a5ca5-339d-4b7a-bbd8-efe8154db0ee,fadef3b7-6082-4d50-acaf-15b01a826e60,aeb81e24-d6a7-426c-bab7-1530438fcf68,https://cdn.ttapi.io/suno/20260525/2d45d8224a124c1a943666bf5e38b514.mp3,https://cdn.ttapi.io/suno/20260525/e8d061d3e9af4a9388885e9ba5c6d293.mp3,audio/jazz/db185d6d-3b03-4427-aef6-332844299a16_1.mp3,audio/jazz/db185d6d-3b03-4427-aef6-332844299a16_2.mp3,jazz,2026-05-25T20:21:49.168673+00:00,2026-05-25T20:23:17.248523+00:00,
f43f1294-257c-439d-af17-1cab9b96cebe,jazz,cool jazz,"cool jazz, uplifting atmosphere, featuring vibraphone and guitar","jazz, trumpet, swing",chirp-v4-5+,done,4b688630-df1e-4a7b-8f85-56bbe1db1343,9ff5f500-a6bb-4950-a735-2bab10a5f5ca,4319ac9f-8968-4c7c-a7f5-6262c966b31f,https://cdn.ttapi.io/suno/20260525/1bb4d6e839b945c59d2717d66dd33b7a.mp3,https://cdn.ttapi.io/suno/20260525/926bd2f147814c11b65b66a34d6cec6c.mp3,audio/jazz/f43f1294-257c-439d-af17-1cab9b96cebe_1.mp3,audio/jazz/f43f1294-257c-439d-af17-1cab9b96cebe_2.mp3,jazz,2026-05-25T20:21:50.435980+00:00,2026-05-25T20:23:49.026008+00:00,
154a2e40-4d3a-41be-94ab-a7545e049978,jazz,fusion,"fusion jazz, uplifting atmosphere, featuring vibraphone and guitar","jazz, bass, drums",chirp-v4-5+,done,c4c2217c-3a22-4009-89b2-8c743e29e35b,bd45ef7f-9f91-4f99-9b60-0174466a5057,12c93126-5e02-4c6c-a348-902a60d352a5,https://cdn.ttapi.io/suno/20260525/4f28cce52dd3431eb9bebbcf9da6f69a.mp3,https://cdn.ttapi.io/suno/20260525/eb3b60b077a047b3bda0197194a6629d.mp3,audio/jazz/154a2e40-4d3a-41be-94ab-a7545e049978_1.mp3,audio/jazz/154a2e40-4d3a-41be-94ab-a7545e049978_2.mp3,jazz,2026-05-25T20:21:51.717852+00:00,2026-05-25T20:24:11.406088+00:00,
3271ce26-6d60-4662-8923-6248204fed20,jazz,smooth jazz,"smooth jazz, uplifting atmosphere, featuring vibraphone and guitar","jazz, guitar, bossa nova",chirp-v4-5+,done,36914ea7-c04d-4d24-8ddd-0b41659f5ebc,771b146e-b1da-49ba-b189-d2b838efa031,2250998b-33a2-4945-b137-45a49efedd00,https://cdn.ttapi.io/suno/20260525/15eab4e344ca40adbc6ec4bc874f7e49.mp3,https://cdn.ttapi.io/suno/20260525/922bea4d2d244a9598be5a6ff754a8cc.mp3,audio/jazz/3271ce26-6d60-4662-8923-6248204fed20_1.mp3,audio/jazz/3271ce26-6d60-4662-8923-6248204fed20_2.mp3,jazz,2026-05-25T20:21:57.704066+00:00,2026-05-25T20:23:17.548893+00:00,
523cc438-42f2-40d9-9eb1-ad02541f8e01,jazz,hard bop,"hard bop jazz, uplifting atmosphere, featuring vibraphone and guitar","jazz, fusion, electric",chirp-v4-5+,done,db9b22bd-594f-472b-84e9-15181bf21413,61f2648b-8ca8-425c-b4fa-f05431dc15ed,57b6bdad-a5c4-47bc-b863-831f0d83da35,https://cdn.ttapi.io/suno/20260525/a066a4479d07445db9a643321afdaff2.mp3,https://cdn.ttapi.io/suno/20260525/a48e931938c34bbaa496ada9f60d749e.mp3,audio/jazz/523cc438-42f2-40d9-9eb1-ad02541f8e01_1.mp3,audio/jazz/523cc438-42f2-40d9-9eb1-ad02541f8e01_2.mp3,jazz,2026-05-25T20:21:58.910854+00:00,2026-05-25T20:23:49.293454+00:00,
401ac749-ab6b-4505-976e-2117e6468807,jazz,free jazz,"free jazz, uplifting atmosphere, featuring vibraphone and guitar","jazz, saxophone, piano",chirp-v4-5+,done,80067688-bcd6-42c1-8524-18689fe6781d,281e4919-e319-4fbd-8f35-81da9e782e6a,e262fd07-17d0-4a77-bcc3-17fb82a73676,https://cdn.ttapi.io/suno/20260525/cba1ab93ab5d4287924dcdc9c6589590.mp3,https://cdn.ttapi.io/suno/20260525/4ea287fbc93d46948c54850b1a6f38d2.mp3,audio/jazz/401ac749-ab6b-4505-976e-2117e6468807_1.mp3,audio/jazz/401ac749-ab6b-4505-976e-2117e6468807_2.mp3,jazz,2026-05-25T20:22:05.005099+00:00,2026-05-25T20:23:49.392790+00:00,
a009bdb6-9c92-4078-a655-8f6b0c236f6e,jazz,latin jazz,"latin jazz, uplifting atmosphere, featuring vibraphone and guitar","jazz, trumpet, swing",chirp-v4-5+,done,26f203a1-2752-45c3-8b0f-53f29e019759,34d15cf0-7b85-4c97-835f-818dbb78628a,f94d2b7d-6e5c-4e67-867b-b03c258c84d0,https://cdn.ttapi.io/suno/20260525/659b34ca31b64bf0ae7dd8c979645dd0.mp3,https://cdn.ttapi.io/suno/20260525/285f914ce59e49a79061c9ae18cc2734.mp3,audio/jazz/a009bdb6-9c92-4078-a655-8f6b0c236f6e_1.mp3,audio/jazz/a009bdb6-9c92-4078-a655-8f6b0c236f6e_2.mp3,jazz,2026-05-25T20:22:06.298170+00:00,2026-05-25T20:26:55.821297+00:00,
2f2c4933-9f11-4bb2-a7c9-1ebc18182f13,jazz,swing,"swing jazz, uplifting atmosphere, featuring vibraphone and guitar","jazz, bass, drums",chirp-v4-5+,done,03d623f7-ec9c-4276-a12f-6a601071d53f,d97a76e8-8548-4e9b-8855-594fd5130a4b,bd2ace0a-24b6-4c51-ba3c-38298e8a9d3a,https://cdn.ttapi.io/suno/20260525/ca36e11defb9427399106c938fd070fd.mp3,https://cdn.ttapi.io/suno/20260525/34d72f24cc734d54ba9fa74e501e4e98.mp3,audio/jazz/2f2c4933-9f11-4bb2-a7c9-1ebc18182f13_1.mp3,audio/jazz/2f2c4933-9f11-4bb2-a7c9-1ebc18182f13_2.mp3,jazz,2026-05-25T20:22:12.124048+00:00,2026-05-25T20:23:43.511183+00:00,
38db162d-c7db-48ab-91b8-e6098e8ee91d,jazz,modal jazz,"modal jazz, uplifting atmosphere, featuring vibraphone and guitar","jazz, guitar, bossa nova",chirp-v4-5+,done,f0b430e2-c212-425f-9598-95783650df36,6313c522-2660-4539-8e8c-b7b0fb4af893,66e95dc2-1c66-4143-bd0b-709dcd95136f,https://cdn.ttapi.io/suno/20260525/202943971bf444f6b0c45a9c70ae5627.mp3,https://cdn.ttapi.io/suno/20260525/bb8238ce7c854575b576b1a2ee37e15f.mp3,audio/jazz/38db162d-c7db-48ab-91b8-e6098e8ee91d_1.mp3,audio/jazz/38db162d-c7db-48ab-91b8-e6098e8ee91d_2.mp3,jazz,2026-05-25T20:22:43.766943+00:00,2026-05-25T20:27:03.836876+00:00,
f85c059c-9cc2-4be6-a9e9-ae1be5ab6606,jazz,post-bop,"post-bop jazz, uplifting atmosphere, featuring vibraphone and guitar","jazz, fusion, electric",chirp-v4-5+,done,fc4635d7-922b-41f3-ae79-3a02c1b5ac6e,68feee73-01c7-4285-ac5b-ff9ae1a70f7c,09f6f18b-7096-40cd-94af-458977b3e974,https://cdn.ttapi.io/suno/20260525/b63770926b1441fd929df02833a9ccba.mp3,https://cdn.ttapi.io/suno/20260525/8e88551ef93941ba972fc4f0964fa613.mp3,audio/jazz/f85c059c-9cc2-4be6-a9e9-ae1be5ab6606_1.mp3,audio/jazz/f85c059c-9cc2-4be6-a9e9-ae1be5ab6606_2.mp3,jazz,2026-05-25T20:22:45.071116+00:00,2026-05-25T20:27:25.036382+00:00,
0e4b3e9d-c4ed-43af-b86e-a7062376a39c,jazz,bebop,"bebop jazz, relaxed atmosphere, featuring vibraphone and guitar","jazz, saxophone, piano",chirp-v4-5+,done,cba21af6-efe2-4c91-adae-f1067e37bfdf,2205d01d-c718-4169-bd24-834c6c6197dd,254af53e-f32d-4fe2-839c-08b8f950c601,https://cdn.ttapi.io/suno/20260525/920b0a79f3b647bcb9f2c70b9f6ddad6.mp3,https://cdn.ttapi.io/suno/20260525/a5a3b45a3489482d814a5e0861e26120.mp3,audio/jazz/0e4b3e9d-c4ed-43af-b86e-a7062376a39c_1.mp3,audio/jazz/0e4b3e9d-c4ed-43af-b86e-a7062376a39c_2.mp3,jazz,2026-05-25T20:22:50.919275+00:00,2026-05-25T20:24:17.876247+00:00,
5a375e43-dc03-4665-b4be-6f8ad0089f9c,jazz,cool jazz,"cool jazz, relaxed atmosphere, featuring vibraphone and guitar","jazz, trumpet, swing",chirp-v4-5+,done,3124f1bf-3e86-43e7-b565-ee272e4f0a7d,6575eb17-fbc3-43df-865a-13ab981f1c5d,f8826d78-f034-4a01-b2d3-4457871bf45a,https://cdn.ttapi.io/suno/20260525/d59044435c134a49baadcfb8cd4ebcb8.mp3,https://cdn.ttapi.io/suno/20260525/35e230b360a64013811cac5a18ad9562.mp3,audio/jazz/5a375e43-dc03-4665-b4be-6f8ad0089f9c_1.mp3,audio/jazz/5a375e43-dc03-4665-b4be-6f8ad0089f9c_2.mp3,jazz,2026-05-25T20:22:52.370673+00:00,2026-05-25T20:27:25.205466+00:00,
1565e6c9-49db-40e3-92aa-fb213c85dbea,jazz,fusion,"fusion jazz, relaxed atmosphere, featuring vibraphone and guitar","jazz, bass, drums",chirp-v4-5+,done,3cbdf8e4-0746-4ec4-8ba1-f968e89a2892,08e87a0b-addb-4383-b196-4fc223bc802d,f233b270-19e2-40a2-8a79-62d49bbd98be,https://cdn.ttapi.io/suno/20260525/aee5c345b03a4a059440c0c7ca87c369.mp3,https://cdn.ttapi.io/suno/20260525/696ced2236574b0c8fbc2daf6b4552cc.mp3,audio/jazz/1565e6c9-49db-40e3-92aa-fb213c85dbea_1.mp3,audio/jazz/1565e6c9-49db-40e3-92aa-fb213c85dbea_2.mp3,jazz,2026-05-25T20:23:12.168534+00:00,2026-05-25T20:27:45.234331+00:00,
8081d2ea-1883-40cb-b212-6a31a07fb70f,jazz,smooth jazz,"smooth jazz, relaxed atmosphere, featuring vibraphone and guitar","jazz, guitar, bossa nova",chirp-v4-5+,done,f79bbb00-9788-4027-bcd8-0ee37f8845b4,8b6c3521-6c5c-4a24-96ac-a65fa2581d0d,271fb704-203a-4670-8da9-0a2613860a1c,https://cdn.ttapi.io/suno/20260525/ebe0f874d37b474abd4e2585f79d03bb.mp3,https://cdn.ttapi.io/suno/20260525/b3c7b58de79542d69d5382caeba4cb40.mp3,audio/jazz/8081d2ea-1883-40cb-b212-6a31a07fb70f_1.mp3,audio/jazz/8081d2ea-1883-40cb-b212-6a31a07fb70f_2.mp3,jazz,2026-05-25T20:23:13.455360+00:00,2026-05-25T20:28:07.695214+00:00,
e5bee980-83c6-40d2-8ea3-2936822e7cf1,jazz,hard bop,"hard bop jazz, relaxed atmosphere, featuring vibraphone and guitar","jazz, fusion, electric",chirp-v4-5+,done,1cb9ff63-da27-458f-ad4c-32486fac8d3b,f105b7ec-1a2b-4bcb-b1d3-fedc94a73b4a,59f7d8b0-966c-4ffc-a171-21c5cca47970,https://cdn.ttapi.io/suno/20260525/cd0f7fac01d546e697e1ccf3292d7ce2.mp3,https://cdn.ttapi.io/suno/20260525/034fe1f7e0f34208b04abf199833e753.mp3,audio/jazz/e5bee980-83c6-40d2-8ea3-2936822e7cf1_1.mp3,audio/jazz/e5bee980-83c6-40d2-8ea3-2936822e7cf1_2.mp3,jazz,2026-05-25T20:23:14.767204+00:00,2026-05-25T20:27:25.537100+00:00,
43c57e63-d80c-4b57-af1b-c200baf11f8e,jazz,free jazz,"free jazz, relaxed atmosphere, featuring vibraphone and guitar","jazz, saxophone, piano",chirp-v4-5+,done,9f54f739-cf65-4630-b2e3-b1c02ae5e565,3f4d9ab4-308e-493a-aefa-cecda3836fce,9d23ebd7-c1fa-4084-ad7f-e603e5096e20,https://cdn.ttapi.io/suno/20260525/6b2dde41b01242ae968b9005546657f4.mp3,https://cdn.ttapi.io/suno/20260525/3e2acdd48f274fe69fca729f25b8050a.mp3,audio/jazz/43c57e63-d80c-4b57-af1b-c200baf11f8e_1.mp3,audio/jazz/43c57e63-d80c-4b57-af1b-c200baf11f8e_2.mp3,jazz,2026-05-25T20:23:16.138530+00:00,2026-05-25T20:28:42.120461+00:00,
5a56af6c-704b-4a61-a9d1-f613d9485102,jazz,latin jazz,"latin jazz, relaxed atmosphere, featuring vibraphone and guitar","jazz, trumpet, swing",chirp-v4-5+,done,ce398912-4c80-48e6-b6e3-19d2340cb18b,108860fb-88ec-4fd0-a49c-cb65669d1495,85340199-fc91-439b-b850-3e7429d01b0a,https://cdn.ttapi.io/suno/20260525/8c44702486ef4fe898bc2bdebd6c3909.mp3,https://cdn.ttapi.io/suno/20260525/78062579982349ce8576f99c96031e24.mp3,audio/jazz/5a56af6c-704b-4a61-a9d1-f613d9485102_1.mp3,audio/jazz/5a56af6c-704b-4a61-a9d1-f613d9485102_2.mp3,jazz,2026-05-25T20:23:22.291367+00:00,2026-05-25T20:27:45.606196+00:00,
8a16a5fc-2550-474b-944b-eec951337af3,jazz,swing,"swing jazz, relaxed atmosphere, featuring vibraphone and guitar","jazz, bass, drums",chirp-v4-5+,done,c9032c42-53d9-4927-8b08-6661340bea3e,a3b3910c-695f-4a90-88f2-ef15231e3871,fffe073c-c8f0-4c53-b6f7-6381b48ccbef,https://cdn.ttapi.io/suno/20260525/6c3682c4eb8245b78ae3a5bd6dfa0219.mp3,https://cdn.ttapi.io/suno/20260525/cbd20203122d4cc79d0ddc916440d981.mp3,audio/jazz/8a16a5fc-2550-474b-944b-eec951337af3_1.mp3,audio/jazz/8a16a5fc-2550-474b-944b-eec951337af3_2.mp3,jazz,2026-05-25T20:23:23.674658+00:00,2026-05-25T20:27:35.555519+00:00,
1632b9e3-a3a6-4ece-a9f6-d3820d940798,jazz,modal jazz,"modal jazz, relaxed atmosphere, featuring vibraphone and guitar","jazz, guitar, bossa nova",chirp-v4-5+,done,cd06f08a-d5e3-49a2-9bda-7434f2a1e39f,62167900-4087-4b1f-9d80-1d4966f64058,b19bac5a-e6b0-49ad-b1d7-50acc0092504,https://cdn.ttapi.io/suno/20260525/5b94fec30e0946d8bac31243a1b48f7e.mp3,https://cdn.ttapi.io/suno/20260525/d3fa30f7c65a4e89b6acbd4484504700.mp3,audio/jazz/1632b9e3-a3a6-4ece-a9f6-d3820d940798_1.mp3,audio/jazz/1632b9e3-a3a6-4ece-a9f6-d3820d940798_2.mp3,jazz,2026-05-25T20:23:24.962853+00:00,2026-05-25T20:27:35.686909+00:00,
237d97f5-cd15-4c2a-b6df-6b736502eafd,jazz,post-bop,"post-bop jazz, relaxed atmosphere, featuring vibraphone and guitar","jazz, fusion, electric",chirp-v4-5+,done,697f72f5-104e-46ca-b9f4-131ff1f21781,f4e000be-1a80-43ca-aa01-ec31761b6e3d,7c01ac32-138f-40b7-810c-ed68ad05f986,https://cdn.ttapi.io/suno/20260525/80ae4744118745faad09824746a82282.mp3,https://cdn.ttapi.io/suno/20260525/c1d05b3e4af14a149c83c2662aed41d5.mp3,audio/jazz/237d97f5-cd15-4c2a-b6df-6b736502eafd_1.mp3,audio/jazz/237d97f5-cd15-4c2a-b6df-6b736502eafd_2.mp3,jazz,2026-05-25T20:23:26.319474+00:00,2026-05-25T20:26:37.433306+00:00,
1a6d3017-0df4-498e-83ec-9a592458417e,jazz,bebop,"bebop jazz, energetic atmosphere, featuring vibraphone and guitar","jazz, saxophone, piano",chirp-v4-5+,done,a33ddf1b-de3b-41c8-8060-f0372d77d61a,8a71dcb2-2a16-4842-97aa-ab25ee77084d,0f15b71e-597e-40d8-a8e7-e5a2df952248,https://cdn.ttapi.io/suno/20260525/4b0d117bc40d472e810de589e73625ac.mp3,https://cdn.ttapi.io/suno/20260525/33abf01ac7b54afba7b949593a605753.mp3,audio/jazz/1a6d3017-0df4-498e-83ec-9a592458417e_1.mp3,audio/jazz/1a6d3017-0df4-498e-83ec-9a592458417e_2.mp3,jazz,2026-05-25T20:23:32.491972+00:00,2026-05-25T20:27:04.789977+00:00,
547255f5-5d48-4013-9832-4682e2d4b542,jazz,cool jazz,"cool jazz, energetic atmosphere, featuring vibraphone and guitar","jazz, trumpet, swing",chirp-v4-5+,done,faba3910-f961-4989-ac4d-e2d86d9258c7,f64b3ee1-94bb-47d2-a937-8c51161cf6cb,04b56ec0-ca3f-4779-984b-6019e90d49b9,https://cdn.ttapi.io/suno/20260525/5b52022bec564245b4711e8d141f8b7f.mp3,https://cdn.ttapi.io/suno/20260525/7f83780e010349c488172a6df89aa345.mp3,audio/jazz/547255f5-5d48-4013-9832-4682e2d4b542_1.mp3,audio/jazz/547255f5-5d48-4013-9832-4682e2d4b542_2.mp3,jazz,2026-05-25T20:23:40.431692+00:00,2026-05-25T20:27:35.787518+00:00,
6c59017a-48f7-47ec-a6d0-b9a1d202933e,jazz,fusion,"fusion jazz, energetic atmosphere, featuring vibraphone and guitar","jazz, bass, drums",chirp-v4-5+,done,3fae41a6-9dad-4c43-b0e2-23eda4dec979,a21d7c84-6fc5-4973-ac1b-a021ff24dd34,b17ea828-d73e-4f81-b7f7-03553b4b8a09,https://cdn.ttapi.io/suno/20260525/705a96f493d14b2ba9e7c95cd679ed42.mp3,https://cdn.ttapi.io/suno/20260525/efbbc90f61674d11868e6bec8a0e9e16.mp3,audio/jazz/6c59017a-48f7-47ec-a6d0-b9a1d202933e_1.mp3,audio/jazz/6c59017a-48f7-47ec-a6d0-b9a1d202933e_2.mp3,jazz,2026-05-25T20:23:48.367455+00:00,2026-05-25T20:28:07.971468+00:00,
37b51524-3fe6-4a8e-b323-8358be08c641,jazz,smooth jazz,"smooth jazz, energetic atmosphere, featuring vibraphone and guitar","jazz, guitar, bossa nova",chirp-v4-5+,done,dca70bdf-bacd-499f-9e44-de9cb757e120,610a34c2-d3b7-403e-aa96-c398e486ecf3,a6baef32-2ce9-4c9f-85a7-7f0d495e518d,https://cdn.ttapi.io/suno/20260525/cdc63be548234510959bbe959ae5d4e6.mp3,https://cdn.ttapi.io/suno/20260525/0a5e772b44a54ac086b30d469116feb0.mp3,audio/jazz/37b51524-3fe6-4a8e-b323-8358be08c641_1.mp3,audio/jazz/37b51524-3fe6-4a8e-b323-8358be08c641_2.mp3,jazz,2026-05-25T20:23:54.480391+00:00,2026-05-25T20:29:03.547662+00:00,
eea15204-d5ab-4fb0-bfc6-981a40d2239a,jazz,hard bop,"hard bop jazz, energetic atmosphere, featuring vibraphone and guitar","jazz, fusion, electric",chirp-v4-5+,done,daf29471-6704-4ae7-bdeb-51527d7a4db5,3199bdc6-2004-4736-9e3b-209d2ce3d842,106ab642-96a3-4ca0-b4a7-a79e33ca78d8,https://cdn.ttapi.io/suno/20260525/1a46d42a899c4baa99bb2f176e654a39.mp3,https://cdn.ttapi.io/suno/20260525/788bc7ab51e6468aafd3bf5283db3183.mp3,audio/jazz/eea15204-d5ab-4fb0-bfc6-981a40d2239a_1.mp3,audio/jazz/eea15204-d5ab-4fb0-bfc6-981a40d2239a_2.mp3,jazz,2026-05-25T20:23:55.734314+00:00,2026-05-25T20:27:36.052834+00:00,
d1b65f1b-5f12-4074-b37c-58c2a9c92f3a,jazz,free jazz,"free jazz, energetic atmosphere, featuring vibraphone and guitar","jazz, saxophone, piano",chirp-v4-5+,done,86db1c25-4870-45a1-a3e5-64b72ad2f080,359c2652-ee02-46f4-b88f-d22adf1ddc5d,d82c168f-e7a2-4377-85b1-cc9afcac12b0,https://cdn.ttapi.io/suno/20260525/4a4150fabd154f27b61078eff89e5e2f.mp3,https://cdn.ttapi.io/suno/20260525/65679d73981c44cfa968a0ec87ae6058.mp3,audio/jazz/d1b65f1b-5f12-4074-b37c-58c2a9c92f3a_1.mp3,audio/jazz/d1b65f1b-5f12-4074-b37c-58c2a9c92f3a_2.mp3,jazz,2026-05-25T20:23:57.009380+00:00,2026-05-25T20:27:26.453808+00:00,
e652aa36-fa48-4734-9709-9082bcd1e81f,jazz,latin jazz,"latin jazz, energetic atmosphere, featuring vibraphone and guitar","jazz, trumpet, swing",chirp-v4-5+,done,830a9f5a-7839-4632-afbd-e42c12cf6c6a,03a5510d-a5ef-4414-8067-803015a51277,4178cb0e-471d-42bc-9bcc-e1d2b089dda8,https://cdn.ttapi.io/suno/20260525/b5d5f1a308994766bc5ed2aa10c0927b.mp3,https://cdn.ttapi.io/suno/20260525/4147b84f46d8440e9e6e72d9f99915b0.mp3,audio/jazz/e652aa36-fa48-4734-9709-9082bcd1e81f_1.mp3,audio/jazz/e652aa36-fa48-4734-9709-9082bcd1e81f_2.mp3,jazz,2026-05-25T20:24:16.884630+00:00,2026-05-25T20:28:08.200871+00:00,
7d4ac832-6d46-4c56-97a9-447055708623,jazz,swing,"swing jazz, energetic atmosphere, featuring vibraphone and guitar","jazz, bass, drums",chirp-v4-5+,done,39b79b7b-55de-4660-959a-57c3af22c4c8,ffe5fb4f-9127-4ee6-936e-58cacc225ee6,d17a5ad9-e61f-4fac-b77e-75246eb473d8,https://cdn.ttapi.io/suno/20260525/441bfd726bfa4cc282ef103f4fa0f2e2.mp3,https://cdn.ttapi.io/suno/20260525/f4f59886b196440caf3f77f2d0264d0a.mp3,audio/jazz/7d4ac832-6d46-4c56-97a9-447055708623_1.mp3,audio/jazz/7d4ac832-6d46-4c56-97a9-447055708623_2.mp3,jazz,2026-05-25T20:24:22.924793+00:00,2026-05-25T20:27:46.083641+00:00,
d465cbf1-65b9-41c4-8613-876e27dda5ec,jazz,modal jazz,"modal jazz, energetic atmosphere, featuring vibraphone and guitar","jazz, guitar, bossa nova",chirp-v4-5+,done,ae9473fa-a1d9-466a-bd3d-c17d8a095e13,60a8ffff-ba74-4313-9f1d-5c48d9896ffc,b4a47e66-f112-4e85-9755-a556648b350a,https://cdn.ttapi.io/suno/20260525/1b2d675cde524bd28f99d5c17dd742eb.mp3,https://cdn.ttapi.io/suno/20260525/57e51d18118c48258df135870f28573e.mp3,audio/jazz/d465cbf1-65b9-41c4-8613-876e27dda5ec_1.mp3,audio/jazz/d465cbf1-65b9-41c4-8613-876e27dda5ec_2.mp3,jazz,2026-05-25T20:26:41.510289+00:00,2026-05-25T20:29:35.200635+00:00,
83201173-103e-4c9f-9b57-f0bf302947fa,jazz,post-bop,"post-bop jazz, energetic atmosphere, featuring vibraphone and guitar","jazz, fusion, electric",chirp-v4-5+,done,f9a42fd5-ff2a-4a44-a276-3c1d7ca83355,5e2fc5c1-d4e6-4151-8e79-4f888c7c3d2c,e3f11cf5-f066-4f4c-bfa1-50fd5e1b06ec,https://cdn.ttapi.io/suno/20260525/740b015c0faf4f9f88adab8cdcd8e476.mp3,https://cdn.ttapi.io/suno/20260525/02f856b06223401a931fdc887acb467b.mp3,audio/jazz/83201173-103e-4c9f-9b57-f0bf302947fa_1.mp3,audio/jazz/83201173-103e-4c9f-9b57-f0bf302947fa_2.mp3,jazz,2026-05-25T20:27:01.231574+00:00,2026-05-25T20:28:42.506576+00:00,
41d84aac-4d79-4dab-a8b5-ff0852eea68a,jazz,bebop,"bebop jazz, nostalgic atmosphere, featuring vibraphone and guitar","jazz, saxophone, piano",chirp-v4-5+,done,9d15bc7f-9ca5-40e0-8d3d-bd904d9961f4,59fcc9ae-bf2f-474a-b087-038af7aca13d,373fb6b8-f357-479f-8279-524bb49fe9d2,https://cdn.ttapi.io/suno/20260525/4d040234b87e4793b405466b19c5a0ea.mp3,https://cdn.ttapi.io/suno/20260525/eaec1fee7d164a398a03a473e8b4a479.mp3,audio/jazz/41d84aac-4d79-4dab-a8b5-ff0852eea68a_1.mp3,audio/jazz/41d84aac-4d79-4dab-a8b5-ff0852eea68a_2.mp3,jazz,2026-05-25T20:27:09.224748+00:00,2026-05-25T20:29:09.804334+00:00,
264ad64b-7408-4d36-b759-1daea16c5cea,jazz,cool jazz,"cool jazz, nostalgic atmosphere, featuring vibraphone and guitar","jazz, trumpet, swing",chirp-v4-5+,done,74a58c88-8661-4b0e-a479-b8942bb831ec,daeb10c4-5f10-4ee3-a093-64cb9cc24253,20142a19-ebc1-4f40-996c-bac9ee4c7992,https://cdn.ttapi.io/suno/20260525/11ba51e9f98049d2afff17705a017e42.mp3,https://cdn.ttapi.io/suno/20260525/91591ffa5b704cfe98599ccac6f8bdcf.mp3,audio/jazz/264ad64b-7408-4d36-b759-1daea16c5cea_1.mp3,audio/jazz/264ad64b-7408-4d36-b759-1daea16c5cea_2.mp3,jazz,2026-05-25T20:27:10.494657+00:00,2026-05-25T20:29:15.740920+00:00,
9c5e685c-e2d4-4bdd-85b1-d69f42fbbd60,jazz,fusion,"fusion jazz, nostalgic atmosphere, featuring vibraphone and guitar","jazz, bass, drums",chirp-v4-5+,done,efcf506a-4fbe-46df-a13c-3cd9c64791f2,be24ee74-b24f-482b-95a2-0390a881668c,12f1e137-7932-4012-ba0f-422681d2d307,https://cdn.ttapi.io/suno/20260525/a58160e25cfd4f95a461277ea573b98a.mp3,https://cdn.ttapi.io/suno/20260525/529b8a61dbc8444aad374eb0b6be4e24.mp3,audio/jazz/9c5e685c-e2d4-4bdd-85b1-d69f42fbbd60_1.mp3,audio/jazz/9c5e685c-e2d4-4bdd-85b1-d69f42fbbd60_2.mp3,jazz,2026-05-25T20:27:30.511568+00:00,2026-05-25T20:29:35.366809+00:00,
c6d9decc-ada0-47ba-a067-b7f140ddb9fa,jazz,smooth jazz,"smooth jazz, nostalgic atmosphere, featuring vibraphone and guitar","jazz, guitar, bossa nova",chirp-v4-5+,done,083e2702-4e52-49aa-8ef7-40480212fb75,86e957f2-1c80-4929-9886-4ce9e133512e,bb15f803-ada1-48be-857a-0613d28c96ae,https://cdn.ttapi.io/suno/20260525/3c7e52e7366c4b21b7def40ce280808a.mp3,https://cdn.ttapi.io/suno/20260525/76882c367af74ebfaaec0b29e63da3d4.mp3,audio/jazz/c6d9decc-ada0-47ba-a067-b7f140ddb9fa_1.mp3,audio/jazz/c6d9decc-ada0-47ba-a067-b7f140ddb9fa_2.mp3,jazz,2026-05-25T20:27:31.830118+00:00,2026-05-25T20:29:35.503626+00:00,
3404be76-eefb-496b-85a4-ef59e7dc20b3,jazz,hard bop,"hard bop jazz, nostalgic atmosphere, featuring vibraphone and guitar","jazz, fusion, electric",chirp-v4-5+,done,4d6a0501-82d7-4899-a7a0-538c327ce2e6,373f4172-575e-4843-8cc2-ea8fca70684b,2d16683c-3f42-4aef-8a07-9d4bcb8b87dc,https://cdn.ttapi.io/suno/20260525/13dbca87cf3d44bc8a8007ba534c55c7.mp3,https://cdn.ttapi.io/suno/20260525/c06f2f80b4fe43ce8bf0694a61334b1e.mp3,audio/jazz/3404be76-eefb-496b-85a4-ef59e7dc20b3_1.mp3,audio/jazz/3404be76-eefb-496b-85a4-ef59e7dc20b3_2.mp3,jazz,2026-05-25T20:27:33.170530+00:00,2026-05-25T20:29:56.968762+00:00,
3f8b2579-a49c-40a1-ad0e-8ddbe42e78c9,jazz,free jazz,"free jazz, nostalgic atmosphere, featuring vibraphone and guitar","jazz, saxophone, piano",chirp-v4-5+,done,dffe7b13-0600-47a3-bfd5-ada46fc3e55e,0be9ac6f-c931-484c-b7ff-a3f4f7e70296,bd625a41-7a2d-4469-9d01-afcd20700ece,https://cdn.ttapi.io/suno/20260525/f8ca1611a5e740aa9974b55444951282.mp3,https://cdn.ttapi.io/suno/20260525/efb22e4350664d278c6e7321c7c7ffe9.mp3,audio/jazz/3f8b2579-a49c-40a1-ad0e-8ddbe42e78c9_1.mp3,audio/jazz/3f8b2579-a49c-40a1-ad0e-8ddbe42e78c9_2.mp3,jazz,2026-05-25T20:27:34.467962+00:00,2026-05-25T20:29:35.694335+00:00,
0972e40e-f234-4fa9-93a1-39ac83c6fdd0,jazz,latin jazz,"latin jazz, nostalgic atmosphere, featuring vibraphone and guitar","jazz, trumpet, swing",chirp-v4-5+,done,ca19373f-69b9-40c1-b8eb-b58e56c73bc7,61586a4e-9506-4ede-9ab3-c22b3c553585,19e91f66-8c72-436b-9a1a-053704e64997,https://cdn.ttapi.io/suno/20260525/2bb9f0f16cf54c2c955d6ff7d069776f.mp3,https://cdn.ttapi.io/suno/20260525/c936f38884b944eaba0c04c4a45adcaa.mp3,audio/jazz/0972e40e-f234-4fa9-93a1-39ac83c6fdd0_1.mp3,audio/jazz/0972e40e-f234-4fa9-93a1-39ac83c6fdd0_2.mp3,jazz,2026-05-25T20:27:40.578967+00:00,2026-05-25T20:29:35.819778+00:00,
ae292018-beb3-483b-93ca-b3408172eea9,jazz,swing,"swing jazz, nostalgic atmosphere, featuring vibraphone and guitar","jazz, bass, drums",chirp-v4-5+,done,093ea898-d59a-460f-815c-25429d1a9810,7a989e18-019f-4424-bd04-6f37f60df673,79c52ac2-19be-4dcb-8d82-7545308e40e1,https://cdn.ttapi.io/suno/20260525/9ee649c6f13b42009db6a716d6f3e565.mp3,https://cdn.ttapi.io/suno/20260525/3ee19a78f5c945f99089b5def22d732a.mp3,audio/jazz/ae292018-beb3-483b-93ca-b3408172eea9_1.mp3,audio/jazz/ae292018-beb3-483b-93ca-b3408172eea9_2.mp3,jazz,2026-05-25T20:27:41.894916+00:00,2026-05-25T20:29:35.936888+00:00,
83aeb9ed-8afb-479e-93e3-4b5188d79786,jazz,modal jazz,"modal jazz, nostalgic atmosphere, featuring vibraphone and guitar","jazz, guitar, bossa nova",chirp-v4-5+,done,2e7ec92f-94f9-4add-ba6a-c27a96a54f0f,e3b56ce3-7197-4a5c-99ea-dbbe39731d12,c449a47f-3a87-4e57-817e-54ef953dcd8e,https://cdn.ttapi.io/suno/20260525/fefa5fb11479400babaad0430253d4af.mp3,https://cdn.ttapi.io/suno/20260525/cbc17b1a4a6847c18e51660fb6659ad2.mp3,audio/jazz/83aeb9ed-8afb-479e-93e3-4b5188d79786_1.mp3,audio/jazz/83aeb9ed-8afb-479e-93e3-4b5188d79786_2.mp3,jazz,2026-05-25T20:27:43.216692+00:00,2026-05-25T20:29:57.130331+00:00,
738058ec-ac5f-439a-ac2f-9037e0174bd0,jazz,post-bop,"post-bop jazz, nostalgic atmosphere, featuring vibraphone and guitar","jazz, fusion, electric",chirp-v4-5+,done,5faab993-772a-4587-965a-ccab349db69b,e3462309-5821-45db-a137-7bbfbf0f8a66,2d6744ee-49b9-419c-941d-9e89aa37cf9f,https://cdn.ttapi.io/suno/20260525/f91d51672d8c43329d1dba7120a46676.mp3,https://cdn.ttapi.io/suno/20260525/fb6fdb0d60794d18ac1b84ebcb193600.mp3,audio/jazz/738058ec-ac5f-439a-ac2f-9037e0174bd0_1.mp3,audio/jazz/738058ec-ac5f-439a-ac2f-9037e0174bd0_2.mp3,jazz,2026-05-25T20:27:44.519886+00:00,2026-05-25T20:29:36.124910+00:00,
06aeb045-c155-4ea6-9bd0-62ab346f4124,jazz,bebop,"bebop jazz, romantic atmosphere, featuring vibraphone and guitar","jazz, saxophone, piano",chirp-v4-5+,done,c91d8427-a0ff-4ee4-89c0-38fb7a6fc261,58273b92-d475-4eb7-aaa0-07d9b42f815b,c66d1c0a-814a-4147-a26a-561da56e9b7d,https://cdn.ttapi.io/suno/20260525/856f5909e0f14f749d5c8b7d20734922.mp3,https://cdn.ttapi.io/suno/20260525/fc2907e9d5d1467689ace5fda16d7034.mp3,audio/jazz/06aeb045-c155-4ea6-9bd0-62ab346f4124_1.mp3,audio/jazz/06aeb045-c155-4ea6-9bd0-62ab346f4124_2.mp3,jazz,2026-05-25T20:27:50.799185+00:00,2026-05-25T20:29:36.222738+00:00,
c6615d9e-3408-4ce1-a47a-8dc5cca41f7d,jazz,cool jazz,"cool jazz, romantic atmosphere, featuring vibraphone and guitar","jazz, trumpet, swing",chirp-v4-5+,done,c663d3bb-9405-4d00-ac59-3461d9b590e5,3a1c96de-f4c1-4af3-8c01-540786956e14,028d27f8-d4a7-42b4-af6f-d8a4f1ecc599,https://cdn.ttapi.io/suno/20260525/6c37a7e283984ee9a60feda1207ef323.mp3,https://cdn.ttapi.io/suno/20260525/a26637750ac14f52aad2e92f366e981d.mp3,audio/jazz/c6615d9e-3408-4ce1-a47a-8dc5cca41f7d_1.mp3,audio/jazz/c6615d9e-3408-4ce1-a47a-8dc5cca41f7d_2.mp3,jazz,2026-05-25T20:27:52.153397+00:00,2026-05-25T20:29:36.312730+00:00,
7661ac88-959b-4fc0-8e34-52917e1c20d7,jazz,fusion,"fusion jazz, romantic atmosphere, featuring vibraphone and guitar","jazz, bass, drums",chirp-v4-5+,done,12e2f199-8314-4103-96dc-50f6e68443eb,46e8d9ce-3167-4cbc-9216-af4a3bbeab20,996d82c1-e8cf-4ac6-a3ba-74d49598f19d,https://cdn.ttapi.io/suno/20260525/2e29df483f134fe8b5c46a9d51efd75a.mp3,https://cdn.ttapi.io/suno/20260525/6ac118b9491c4adca4ae0f14dea373de.mp3,audio/jazz/7661ac88-959b-4fc0-8e34-52917e1c20d7_1.mp3,audio/jazz/7661ac88-959b-4fc0-8e34-52917e1c20d7_2.mp3,jazz,2026-05-25T20:27:53.446830+00:00,2026-05-25T20:29:57.240960+00:00,
cfa4d0b7-3821-488d-b8a7-cc40760eb6a7,jazz,smooth jazz,"smooth jazz, romantic atmosphere, featuring vibraphone and guitar","jazz, guitar, bossa nova",chirp-v4-5+,done,68f55d3a-38bb-415f-93ab-dc28e8219f74,6a0ed021-e133-43b1-a54b-0c6224a06cff,5eb3b423-5d61-401c-ba93-ac22ae5a97b0,https://cdn.ttapi.io/suno/20260525/ef0e8b52d5ae45e990308fea1a879365.mp3,https://cdn.ttapi.io/suno/20260525/6159bfde8ef54da282caa0d1932c8f39.mp3,audio/jazz/cfa4d0b7-3821-488d-b8a7-cc40760eb6a7_1.mp3,audio/jazz/cfa4d0b7-3821-488d-b8a7-cc40760eb6a7_2.mp3,jazz,2026-05-25T20:28:13.260535+00:00,2026-05-25T20:30:05.892973+00:00,
ee46c62d-0c4b-4696-bcc6-fc572caeff5d,jazz,hard bop,"hard bop jazz, romantic atmosphere, featuring vibraphone and guitar","jazz, fusion, electric",chirp-v4-5+,done,6ae30c9e-0c5b-471e-87e0-66c2afe49b81,718a2ea3-af64-40da-a91e-f27d757be3d7,411df349-b949-47dd-8dec-0965c8a8cf05,https://cdn.ttapi.io/suno/20260525/f850589af4644b1b805a8450c2bae293.mp3,https://cdn.ttapi.io/suno/20260525/e72047cf5ecc407997b256f17f3bc55d.mp3,audio/jazz/ee46c62d-0c4b-4696-bcc6-fc572caeff5d_1.mp3,audio/jazz/ee46c62d-0c4b-4696-bcc6-fc572caeff5d_2.mp3,jazz,2026-05-25T20:28:14.502785+00:00,2026-05-25T20:30:06.047967+00:00,
f7d6a22b-c7c8-4de8-b2d1-67affc417a6d,jazz,free jazz,"free jazz, romantic atmosphere, featuring vibraphone and guitar","jazz, saxophone, piano",chirp-v4-5+,done,5efd6961-3c89-4ef2-92d3-c16c8648ce5d,d7e84d8e-4a29-41c2-a8b8-84e6450da0c5,45d61369-b02d-4202-85f3-d35d2b77699f,https://cdn.ttapi.io/suno/20260525/dbe00e2921d141a38c5b12019ad2e030.mp3,https://cdn.ttapi.io/suno/20260525/3efbf18f97db4f9a851a36e6eaac359c.mp3,audio/jazz/f7d6a22b-c7c8-4de8-b2d1-67affc417a6d_1.mp3,audio/jazz/f7d6a22b-c7c8-4de8-b2d1-67affc417a6d_2.mp3,jazz,2026-05-25T20:28:15.793690+00:00,2026-05-25T20:30:06.155417+00:00,
8b8fdd2e-1f0e-4ce3-a22f-f537b4cf090b,jazz,latin jazz,"latin jazz, romantic atmosphere, featuring vibraphone and guitar","jazz, trumpet, swing",chirp-v4-5+,done,a16878a5-0c45-49e8-9f5c-7afef6dc49b1,fc33fa8b-e256-4efd-8944-245c303a958f,7a709f80-7c46-4681-8bd1-2bf3b26910a8,https://cdn.ttapi.io/suno/20260525/a4a4768a6c464dabbed6ab6ab710d5ca.mp3,https://cdn.ttapi.io/suno/20260525/f2c636e537c04538b50b8bd92893c7b0.mp3,audio/jazz/8b8fdd2e-1f0e-4ce3-a22f-f537b4cf090b_1.mp3,audio/jazz/8b8fdd2e-1f0e-4ce3-a22f-f537b4cf090b_2.mp3,jazz,2026-05-25T20:28:47.812795+00:00,2026-05-25T20:30:29.751074+00:00,
3c877464-6c4d-4182-93da-50c9141867a1,jazz,swing,"swing jazz, romantic atmosphere, featuring vibraphone and guitar","jazz, bass, drums",chirp-v4-5+,done,1139bb42-ea25-4f56-ad92-ec98d1467b02,8870b3d0-8a14-4a1e-bce5-d0d5159a4f34,8692fbb5-dc36-40bb-a065-817aeacb37a9,https://cdn.ttapi.io/suno/20260525/9a5cb58e3754458fb21684ac7caa1e05.mp3,https://cdn.ttapi.io/suno/20260525/42918831279d4d87bf7abc02419248fc.mp3,audio/jazz/3c877464-6c4d-4182-93da-50c9141867a1_1.mp3,audio/jazz/3c877464-6c4d-4182-93da-50c9141867a1_2.mp3,jazz,2026-05-25T20:28:49.112948+00:00,2026-05-25T20:30:06.340829+00:00,
1154e84c-a30d-4c6b-8a37-27195b9ad58b,jazz,modal jazz,"modal jazz, romantic atmosphere, featuring vibraphone and guitar","jazz, guitar, bossa nova",chirp-v4-5+,done,553c5711-c5f7-4d73-8cdc-7b9b39cb39bf,3c8f8c0a-4d3e-4c22-a3d2-b7f1afa4006e,702e1f10-5592-43ff-9587-8b18ec4061c9,https://cdn.ttapi.io/suno/20260525/9aee54fb273a435e80a498b4c042636e.mp3,https://cdn.ttapi.io/suno/20260525/ea23b635748d421fae625bc19113fa35.mp3,audio/jazz/1154e84c-a30d-4c6b-8a37-27195b9ad58b_1.mp3,audio/jazz/1154e84c-a30d-4c6b-8a37-27195b9ad58b_2.mp3,jazz,2026-05-25T20:29:08.987004+00:00,2026-05-25T20:30:37.261533+00:00,
c64b764d-cb47-4b72-be22-d0abd90216a4,jazz,post-bop,"post-bop jazz, romantic atmosphere, featuring vibraphone and guitar","jazz, fusion, electric",chirp-v4-5+,done,75dc19ac-063b-4186-b3ba-1d1b9a245895,ac5c126f-fc6e-4a60-b483-283ca1368096,dace99e3-b833-4416-9e00-0a31dc762a0a,https://cdn.ttapi.io/suno/20260525/4bfa55bb0bd3483e83d6073f8baf5636.mp3,https://cdn.ttapi.io/suno/20260525/622dada19e9940e58e6298d14aa55095.mp3,audio/jazz/c64b764d-cb47-4b72-be22-d0abd90216a4_1.mp3,audio/jazz/c64b764d-cb47-4b72-be22-d0abd90216a4_2.mp3,jazz,2026-05-25T20:29:14.925021+00:00,2026-05-25T20:30:30.020538+00:00,
025d4d71-0569-4cb6-99d3-1bea24ba41cc,jazz,bebop,"bebop jazz, brooding atmosphere, featuring vibraphone and guitar","jazz, saxophone, piano",chirp-v4-5+,done,539bbb3e-871b-42fd-8378-694faf755e85,a24036f4-dca4-41db-9a1d-65575a2313b3,6ecb2e14-0e7a-4d0f-85f1-07f4c984a7fb,https://cdn.ttapi.io/suno/20260525/d153b0e16c8f4c878884655ac13562b5.mp3,https://cdn.ttapi.io/suno/20260525/bf40f9bc6b9740119da5c9c0fd3f0231.mp3,audio/jazz/025d4d71-0569-4cb6-99d3-1bea24ba41cc_1.mp3,audio/jazz/025d4d71-0569-4cb6-99d3-1bea24ba41cc_2.mp3,jazz,2026-05-25T20:29:20.860733+00:00,2026-05-25T20:30:37.433029+00:00,
f61d14b5-7458-4adf-a7bc-39d059a11196,jazz,cool jazz,"cool jazz, brooding atmosphere, featuring vibraphone and guitar","jazz, trumpet, swing",chirp-v4-5+,done,84b875de-56a1-4c1e-912d-27235d80ae8c,ac241e23-0ea7-4248-a027-0dbcd5f62a83,834adc33-93a3-428b-a688-7334b91b9f5b,https://cdn.ttapi.io/suno/20260525/4e440b69870048c3a69f0e0d9927289d.mp3,https://cdn.ttapi.io/suno/20260525/357396e873474cc7abc7c46933999496.mp3,audio/jazz/f61d14b5-7458-4adf-a7bc-39d059a11196_1.mp3,audio/jazz/f61d14b5-7458-4adf-a7bc-39d059a11196_2.mp3,jazz,2026-05-25T20:29:45.839497+00:00,2026-05-25T20:33:50.250038+00:00,
04391d5a-08d0-401b-af76-dffec1283791,jazz,fusion,"fusion jazz, brooding atmosphere, featuring vibraphone and guitar","jazz, bass, drums",chirp-v4-5+,done,14153ed3-78c5-4871-8061-e886dd5d04a7,c3418f39-a29f-4278-8a0f-cb8b2d7bc869,a49000e8-4766-4c3d-8978-035e1080223d,https://cdn.ttapi.io/suno/20260525/13a8ef40953a4a6bace44919a1885f6a.mp3,https://cdn.ttapi.io/suno/20260525/02dae346d56f45b59e5e1fe6e9798309.mp3,audio/jazz/04391d5a-08d0-401b-af76-dffec1283791_1.mp3,audio/jazz/04391d5a-08d0-401b-af76-dffec1283791_2.mp3,jazz,2026-05-25T20:29:47.137287+00:00,2026-05-25T20:34:49.279070+00:00,
bd090323-a978-4b85-8dee-1c2b64de398d,jazz,smooth jazz,"smooth jazz, brooding atmosphere, featuring vibraphone and guitar","jazz, guitar, bossa nova",chirp-v4-5+,done,ec7fd98d-6a5e-441e-9221-ab57bbccaf13,23cce436-e958-4196-a93e-662e87930071,f3af9788-11e8-41ba-8228-692719ab1f3a,https://cdn.ttapi.io/suno/20260525/d8136d9753854f4fa832e990583c9f0a.mp3,https://cdn.ttapi.io/suno/20260525/d27867660c93426d9daad6f3bb5efb22.mp3,audio/jazz/bd090323-a978-4b85-8dee-1c2b64de398d_1.mp3,audio/jazz/bd090323-a978-4b85-8dee-1c2b64de398d_2.mp3,jazz,2026-05-25T20:29:48.394076+00:00,2026-05-25T20:33:50.509800+00:00,
b60ed05a-14b4-462d-b633-eaff88ce7b0d,jazz,hard bop,"hard bop jazz, brooding atmosphere, featuring vibraphone and guitar","jazz, fusion, electric",chirp-v4-5+,done,1765e699-f1d9-4217-8c3b-7d2c3c910f82,6f890f40-c66a-4b1d-9d58-a24134193a01,0c209f95-fb97-41f7-ab17-d0e5db4e8147,https://cdn.ttapi.io/suno/20260525/b6a9c49632b549dba928da3172708cff.mp3,https://cdn.ttapi.io/suno/20260525/45289c1745e2416a8754d7333bbaecd9.mp3,audio/jazz/b60ed05a-14b4-462d-b633-eaff88ce7b0d_1.mp3,audio/jazz/b60ed05a-14b4-462d-b633-eaff88ce7b0d_2.mp3,jazz,2026-05-25T20:29:49.647641+00:00,2026-05-25T20:34:27.560783+00:00,
a06f76fe-3c0f-40c3-b77c-c758664d610c,jazz,free jazz,"free jazz, brooding atmosphere, featuring vibraphone and guitar","jazz, saxophone, piano",chirp-v4-5+,done,8d097de8-5a18-475c-bb41-0eb4dbf4deda,792b67b4-7752-413d-a5f9-0c8467e07e75,5116b449-2bfe-4e1d-b3d8-fc86e9544f9c,https://cdn.ttapi.io/suno/20260525/0f34706c660b4f7992b3e1eca3541897.mp3,https://cdn.ttapi.io/suno/20260525/196f0f7c43eb4322abc4239d6ec979ad.mp3,audio/jazz/a06f76fe-3c0f-40c3-b77c-c758664d610c_1.mp3,audio/jazz/a06f76fe-3c0f-40c3-b77c-c758664d610c_2.mp3,jazz,2026-05-25T20:29:50.956148+00:00,2026-05-25T20:33:30.583971+00:00,
c2303881-a12c-46d9-955e-9642854da410,jazz,latin jazz,"latin jazz, brooding atmosphere, featuring vibraphone and guitar","jazz, trumpet, swing",chirp-v4-5+,done,6aec176e-754f-4d8a-a276-a0aeacd2293d,0c574c9d-51b0-4748-b14f-bd95a07e152d,355739f0-7c35-4946-afe5-44c228f78141,https://cdn.ttapi.io/suno/20260525/cb09d8c8e3f14ba596285a0a32a21793.mp3,https://cdn.ttapi.io/suno/20260525/e3cddeef6b434a589fc19fca9fb4faf9.mp3,audio/jazz/c2303881-a12c-46d9-955e-9642854da410_1.mp3,audio/jazz/c2303881-a12c-46d9-955e-9642854da410_2.mp3,jazz,2026-05-25T20:29:52.428409+00:00,2026-05-25T20:34:49.440153+00:00,
e88ef5cf-0169-481e-a75b-608c10e3ce62,jazz,swing,"swing jazz, brooding atmosphere, featuring vibraphone and guitar","jazz, bass, drums",chirp-v4-5+,done,849af876-b351-4a90-bb45-f07322ff0a3f,18312f71-8197-438a-ad78-9f3e675a3d4c,fa00acff-243b-426f-acbe-3428c6789f71,https://cdn.ttapi.io/suno/20260525/f16455035c0e40aebdb497e8bf234f8e.mp3,https://cdn.ttapi.io/suno/20260525/2af7f439707b492b8fbb64d7db11812e.mp3,audio/jazz/e88ef5cf-0169-481e-a75b-608c10e3ce62_1.mp3,audio/jazz/e88ef5cf-0169-481e-a75b-608c10e3ce62_2.mp3,jazz,2026-05-25T20:29:53.722320+00:00,2026-05-25T20:31:34.669760+00:00,
c6bc044a-cc13-4387-97de-ccc7017231ca,jazz,modal jazz,"modal jazz, brooding atmosphere, featuring vibraphone and guitar","jazz, guitar, bossa nova",chirp-v4-5+,done,8e60d2be-1804-4f8e-b043-5cde508f9661,a13b24a7-0db0-4f9a-a605-f4f3787bf367,2ef7a1b3-37b8-4f73-9618-1df50294a4fa,https://cdn.ttapi.io/suno/20260525/b308c2e19f164563b812ca39b6225956.mp3,https://cdn.ttapi.io/suno/20260525/e9e5ed180dba4645b0699fc636ccb381.mp3,audio/jazz/c6bc044a-cc13-4387-97de-ccc7017231ca_1.mp3,audio/jazz/c6bc044a-cc13-4387-97de-ccc7017231ca_2.mp3,jazz,2026-05-25T20:29:55.014154+00:00,2026-05-25T20:34:05.368721+00:00,
3717dbe9-ddcd-4b69-b91a-94ece730fb0a,jazz,post-bop,"post-bop jazz, brooding atmosphere, featuring vibraphone and guitar","jazz, fusion, electric",chirp-v4-5+,done,8d988a86-de2e-4e46-afa3-b03b39efd9ee,ca9f5e2e-00f7-4853-a19f-2c329642e842,9d7129a5-3751-46ae-adfe-0e62852aa821,https://cdn.ttapi.io/suno/20260525/a1cfe57df9d84a65a1dff5075c4787ad.mp3,https://cdn.ttapi.io/suno/20260525/178f4f4da81b4f9397aba2b7ab290b85.mp3,audio/jazz/3717dbe9-ddcd-4b69-b91a-94ece730fb0a_1.mp3,audio/jazz/3717dbe9-ddcd-4b69-b91a-94ece730fb0a_2.mp3,jazz,2026-05-25T20:29:56.311569+00:00,2026-05-25T20:34:49.554698+00:00,
9cd80fab-7003-4d57-b3bc-dbecb9a99cad,jazz,bebop,"bebop jazz, meditative atmosphere, featuring vibraphone and guitar","jazz, saxophone, piano",chirp-v4-5+,done,148bbb34-5de1-477e-afe9-2aa8374de7a2,a0dc9d91-408b-4d33-8309-8efefdfd432d,0b1ad804-d90d-4679-8838-d32ae2c2afde,https://cdn.ttapi.io/suno/20260525/c8f06241abf34726af63e11666d2ca73.mp3,https://cdn.ttapi.io/suno/20260525/7db207ce1efc48f1ba5e7d2d9e77c7ef.mp3,audio/jazz/9cd80fab-7003-4d57-b3bc-dbecb9a99cad_1.mp3,audio/jazz/9cd80fab-7003-4d57-b3bc-dbecb9a99cad_2.mp3,jazz,2026-05-25T20:30:02.623300+00:00,2026-05-25T20:31:35.038943+00:00,
8a622b84-96f2-45bd-8ec1-19e91f84d1b9,jazz,cool jazz,"cool jazz, meditative atmosphere, featuring vibraphone and guitar","jazz, trumpet, swing",chirp-v4-5+,done,16c202d8-b825-4fae-a83b-be8cacb658b1,9419d195-a030-443d-9818-5242025b8bb5,fdf22b1a-cd9b-40d4-bf3c-fd78a2b2120f,https://cdn.ttapi.io/suno/20260525/45ac022edf7f4d44a0c1f9787c14cc97.mp3,https://cdn.ttapi.io/suno/20260525/4480801559e547f0959f2dab6dc3538d.mp3,audio/jazz/8a622b84-96f2-45bd-8ec1-19e91f84d1b9_1.mp3,audio/jazz/8a622b84-96f2-45bd-8ec1-19e91f84d1b9_2.mp3,jazz,2026-05-25T20:30:03.936383+00:00,2026-05-25T20:33:51.034206+00:00,
e1c2ec9c-956e-42b8-8b46-566351ff1edb,jazz,fusion,"fusion jazz, meditative atmosphere, featuring vibraphone and guitar","jazz, bass, drums",chirp-v4-5+,done,32e21ccc-a9fb-4334-b01f-a6726b149432,e4e8eaaa-63fc-4b3b-b787-fecff4e6eed7,d1fd5d2d-c283-47bd-a732-3abdc2d7eb4e,https://cdn.ttapi.io/suno/20260525/2875bfd3760d4137af09f01e9d18b113.mp3,https://cdn.ttapi.io/suno/20260525/95b7fce5c31b47439ed9db192035d52d.mp3,audio/jazz/e1c2ec9c-956e-42b8-8b46-566351ff1edb_1.mp3,audio/jazz/e1c2ec9c-956e-42b8-8b46-566351ff1edb_2.mp3,jazz,2026-05-25T20:30:05.225356+00:00,2026-05-25T20:34:49.656890+00:00,
a968b492-9652-4f1d-bc88-97de8a38faf0,jazz,smooth jazz,"smooth jazz, meditative atmosphere, featuring vibraphone and guitar","jazz, guitar, bossa nova",chirp-v4-5+,done,116169e4-2e1f-4ca0-bc63-fb992a7c774b,25a8edb6-e9a1-4657-b44d-5e8513cbc372,6c683c86-e095-41d3-b067-212460c324ee,https://cdn.ttapi.io/suno/20260525/1adfd0d92cb648f8a4f93a4c129cfa3c.mp3,https://cdn.ttapi.io/suno/20260525/7d9e37d966314f6c9b01abb8b97ecb30.mp3,audio/jazz/a968b492-9652-4f1d-bc88-97de8a38faf0_1.mp3,audio/jazz/a968b492-9652-4f1d-bc88-97de8a38faf0_2.mp3,jazz,2026-05-25T20:30:11.428241+00:00,2026-05-25T20:34:27.991643+00:00,
c3a89724-2079-44d1-8520-77ba59f4aa1e,jazz,hard bop,"hard bop jazz, meditative atmosphere, featuring vibraphone and guitar","jazz, fusion, electric",chirp-v4-5+,done,10bd2ebb-20fb-41d3-a664-d5398140cdb2,c430657f-609a-4478-a15f-55c4d7f4be7e,fcd18f58-5286-43c2-bb20-7e1727d664d3,https://cdn.ttapi.io/suno/20260525/05bcc445b3ea4bb4a78b7685d1976457.mp3,https://cdn.ttapi.io/suno/20260525/614fac135175479c82da99cc73e8021e.mp3,audio/jazz/c3a89724-2079-44d1-8520-77ba59f4aa1e_1.mp3,audio/jazz/c3a89724-2079-44d1-8520-77ba59f4aa1e_2.mp3,jazz,2026-05-25T20:30:12.776596+00:00,2026-05-25T20:35:05.113772+00:00,
960577bd-78a3-4603-857e-db78d4c7d559,jazz,free jazz,"free jazz, meditative atmosphere, featuring vibraphone and guitar","jazz, saxophone, piano",chirp-v4-5+,done,e0bf51e8-4f23-431c-b42f-41feaf8fc628,56047c23-7efc-4398-aacb-b67a4515cbf8,587d70cd-9a83-4c89-abc5-2372034d450c,https://cdn.ttapi.io/suno/20260525/f004df70bffa43f288958d8f158e0a59.mp3,https://cdn.ttapi.io/suno/20260525/f2b04acf2dde4d3b948853e9f807f700.mp3,audio/jazz/960577bd-78a3-4603-857e-db78d4c7d559_1.mp3,audio/jazz/960577bd-78a3-4603-857e-db78d4c7d559_2.mp3,jazz,2026-05-25T20:30:14.058238+00:00,2026-05-25T20:35:05.292221+00:00,
6593d649-573e-46e9-9577-24d5b22e9fdd,jazz,latin jazz,"latin jazz, meditative atmosphere, featuring vibraphone and guitar","jazz, trumpet, swing",chirp-v4-5+,done,e92f9673-ce40-43e3-a119-2106696724ab,0e8c9081-f530-4ed3-a426-d4e7751d67a2,7d623839-cbd0-4f9b-bb19-9a0ff75320d8,https://cdn.ttapi.io/suno/20260525/aa7f9b80aa4f43549dc581b34ae6ca97.mp3,https://cdn.ttapi.io/suno/20260525/7839c33830654feb94dac674d740e65e.mp3,audio/jazz/6593d649-573e-46e9-9577-24d5b22e9fdd_1.mp3,audio/jazz/6593d649-573e-46e9-9577-24d5b22e9fdd_2.mp3,jazz,2026-05-25T20:30:15.324214+00:00,2026-05-25T20:34:49.942637+00:00,
8a1f9b41-3705-4ef3-b1c3-6d8158df85f1,jazz,swing,"swing jazz, meditative atmosphere, featuring vibraphone and guitar","jazz, bass, drums",chirp-v4-5+,done,b3e40e43-7160-4073-91ab-87f489b9c2d9,3a330755-4e23-49cf-a0a9-e1d3011cf219,cb29a0b2-dd21-4660-9021-548dbfe9038f,https://cdn.ttapi.io/suno/20260525/2ef0c48eff8649188dab8c5238390b92.mp3,https://cdn.ttapi.io/suno/20260525/ff8cf20e64b6423e82f781e8add506c2.mp3,audio/jazz/8a1f9b41-3705-4ef3-b1c3-6d8158df85f1_1.mp3,audio/jazz/8a1f9b41-3705-4ef3-b1c3-6d8158df85f1_2.mp3,jazz,2026-05-25T20:30:35.190051+00:00,2026-05-25T20:34:06.112255+00:00,
d7dbcf3e-92fe-4c88-bd98-4f9e37984dac,jazz,modal jazz,"modal jazz, meditative atmosphere, featuring vibraphone and guitar","jazz, guitar, bossa nova",chirp-v4-5+,done,1741584e-13c9-424a-9d3d-9324340da2fa,c33f5036-4a56-416b-86b9-fc73776cc64f,efcb6a90-98aa-49ef-a721-4f25848608ce,https://cdn.ttapi.io/suno/20260525/c1eabc75dba247459dcc068bd8bc8bc5.mp3,https://cdn.ttapi.io/suno/20260525/22d35e7621294935ac4032389fca1eb2.mp3,audio/jazz/d7dbcf3e-92fe-4c88-bd98-4f9e37984dac_1.mp3,audio/jazz/d7dbcf3e-92fe-4c88-bd98-4f9e37984dac_2.mp3,jazz,2026-05-25T20:30:36.544092+00:00,2026-05-25T20:35:05.405375+00:00,
74efc95c-5316-443c-8db7-c8246f2c1f13,jazz,post-bop,"post-bop jazz, meditative atmosphere, featuring vibraphone and guitar","jazz, fusion, electric",chirp-v4-5+,done,6d60d67e-09a2-4470-8ea5-bc2041027e2a,3d436fa4-9cbd-41d2-aef9-043138901734,e22875f2-133f-4514-8c07-02ae38e994dd,https://cdn.ttapi.io/suno/20260525/1406bbb39fb048a2a9707df72eee537b.mp3,https://cdn.ttapi.io/suno/20260525/3d1830cb984f46b0aa8a0b991713e709.mp3,audio/jazz/74efc95c-5316-443c-8db7-c8246f2c1f13_1.mp3,audio/jazz/74efc95c-5316-443c-8db7-c8246f2c1f13_2.mp3,jazz,2026-05-25T20:30:42.718864+00:00,2026-05-25T20:34:28.543907+00:00,
597b35d7-e193-447c-90fd-066e7fe96628,jazz,bebop,"bebop jazz, playful atmosphere, featuring vibraphone and guitar","jazz, saxophone, piano",chirp-v4-5+,done,b74a3097-9ef3-47a0-818a-453a3921df1c,9c930a99-3ca2-47a8-8d27-5632a86afbfd,488eacb1-acd4-4ba6-9c5f-a17552907210,https://cdn.ttapi.io/suno/20260525/098a9f2567d7411b8049cedb561f4802.mp3,https://cdn.ttapi.io/suno/20260525/27965f2d6a2f44ee810ebccd263205f1.mp3,audio/jazz/597b35d7-e193-447c-90fd-066e7fe96628_1.mp3,audio/jazz/597b35d7-e193-447c-90fd-066e7fe96628_2.mp3,jazz,2026-05-25T20:30:43.991184+00:00,2026-05-25T20:34:00.399458+00:00,
30ee4dbd-ee45-4103-be7d-93293c4d2536,jazz,cool jazz,"cool jazz, playful atmosphere, featuring vibraphone and guitar","jazz, trumpet, swing",chirp-v4-5+,done,a0d1790e-1b18-436d-a266-e6ad3b89340d,805b9688-d283-4c72-94c8-8dfebc570fee,8c8e3277-5bd6-4af2-b603-4f1ba382ca39,https://cdn.ttapi.io/suno/20260525/d58192d376194125840e71a9f546f230.mp3,https://cdn.ttapi.io/suno/20260525/75ec24e7b9594da59ce2f09f01dbfa3f.mp3,audio/jazz/30ee4dbd-ee45-4103-be7d-93293c4d2536_1.mp3,audio/jazz/30ee4dbd-ee45-4103-be7d-93293c4d2536_2.mp3,jazz,2026-05-25T20:31:39.378472+00:00,2026-05-25T20:34:50.184760+00:00,
2255f728-b5e0-4846-b003-d5ca887dbdde,jazz,fusion,"fusion jazz, playful atmosphere, featuring vibraphone and guitar","jazz, bass, drums",chirp-v4-5+,done,fcc42f6c-0393-4d5b-aa48-3c16ec826f2b,b328869d-4452-41a8-bce0-9160f5dd56fb,24674407-1914-4772-8127-9c3f017e4c23,https://cdn.ttapi.io/suno/20260525/42e354bac0f64d8db8a93fa7398f4d83.mp3,https://cdn.ttapi.io/suno/20260525/ea82f5802c9a49d2ac91e1c0c0cf6f83.mp3,audio/jazz/2255f728-b5e0-4846-b003-d5ca887dbdde_1.mp3,audio/jazz/2255f728-b5e0-4846-b003-d5ca887dbdde_2.mp3,jazz,2026-05-25T20:31:40.681020+00:00,2026-05-25T20:38:20.810964+00:00,
b390e580-9147-472b-b3fc-96e5af8f1917,jazz,smooth jazz,"smooth jazz, playful atmosphere, featuring vibraphone and guitar","jazz, guitar, bossa nova",chirp-v4-5+,done,024d9551-0b0f-411d-b7e1-c7ca0e7c3d7b,708610c1-5b8a-4090-a5c5-1025f022bc66,3450ab12-dde0-4b1a-bc30-f671ad2f4fdd,https://cdn.ttapi.io/suno/20260525/044f043f449d45648a67ce66359f4eb4.mp3,https://cdn.ttapi.io/suno/20260525/cbe6612f8308497b835c3078bb4d1bf4.mp3,audio/jazz/b390e580-9147-472b-b3fc-96e5af8f1917_1.mp3,audio/jazz/b390e580-9147-472b-b3fc-96e5af8f1917_2.mp3,jazz,2026-05-25T20:33:35.729828+00:00,2026-05-25T20:37:29.949146+00:00,
855b656b-271d-434e-b79d-635550759fe6,jazz,hard bop,"hard bop jazz, playful atmosphere, featuring vibraphone and guitar","jazz, fusion, electric",chirp-v4-5+,done,937d143b-9bb4-4bab-aa9e-7dfd78340fee,b221899a-431c-471c-9189-8d3a750a87b2,089ddc17-825b-48af-8bf7-c0befb25b5f3,https://cdn.ttapi.io/suno/20260525/4ceb99f466db417a9f49708798348bf2.mp3,https://cdn.ttapi.io/suno/20260525/763de724e8614d5f81e7d8c23c9f717c.mp3,audio/jazz/855b656b-271d-434e-b79d-635550759fe6_1.mp3,audio/jazz/855b656b-271d-434e-b79d-635550759fe6_2.mp3,jazz,2026-05-25T20:33:55.883664+00:00,2026-05-25T20:37:49.671089+00:00,
8031917d-73f7-456d-8a9e-90e1d77c8910,jazz,free jazz,"free jazz, playful atmosphere, featuring vibraphone and guitar","jazz, saxophone, piano",chirp-v4-5+,done,7ed4a107-819a-4f7d-8e4b-7cc5524c686a,27c71a5d-1c96-4eec-841a-77444fdf77ee,f5232148-636a-49a7-9053-b62fd37a4656,https://cdn.ttapi.io/suno/20260525/90bf0ef9e44a4731a96528cd16dbf612.mp3,https://cdn.ttapi.io/suno/20260525/f93ed2559dc44ec889e52e1e57946142.mp3,audio/jazz/8031917d-73f7-456d-8a9e-90e1d77c8910_1.mp3,audio/jazz/8031917d-73f7-456d-8a9e-90e1d77c8910_2.mp3,jazz,2026-05-25T20:33:57.174707+00:00,2026-05-25T20:37:24.170140+00:00,
35093c0e-1b12-49c9-a51a-05ac1d5fd4ed,jazz,latin jazz,"latin jazz, playful atmosphere, featuring vibraphone and guitar","jazz, trumpet, swing",chirp-v4-5+,done,0a7d0e1b-eb20-4579-a07a-6e8a8d20f71f,c60c0a29-2e29-4681-be1a-d63af3e6f3d8,02baf1e2-76f6-4c09-8fcc-6ee98c6eba9f,https://cdn.ttapi.io/suno/20260525/45494b6d96c34c32999c6bea672e1d1e.mp3,https://cdn.ttapi.io/suno/20260525/437d7282813249089b573d7f886892cf.mp3,audio/jazz/35093c0e-1b12-49c9-a51a-05ac1d5fd4ed_1.mp3,audio/jazz/35093c0e-1b12-49c9-a51a-05ac1d5fd4ed_2.mp3,jazz,2026-05-25T20:33:58.446684+00:00,2026-05-25T20:38:04.202660+00:00,
c17c58ce-61bb-4eac-bc64-c715c7d1265b,jazz,swing,"swing jazz, playful atmosphere, featuring vibraphone and guitar","jazz, bass, drums",chirp-v4-5+,done,0b8ad564-0f78-41ed-a74e-23ae25e475de,49e28678-b8e2-4f20-8139-98c53a99a457,504ef02b-f81d-47c3-a58f-c2749994b1a2,https://cdn.ttapi.io/suno/20260525/a882b5b5549e433e81cba738616725db.mp3,https://cdn.ttapi.io/suno/20260525/2bea06af89684c5095b780c1db90247e.mp3,audio/jazz/c17c58ce-61bb-4eac-bc64-c715c7d1265b_1.mp3,audio/jazz/c17c58ce-61bb-4eac-bc64-c715c7d1265b_2.mp3,jazz,2026-05-25T20:34:04.337368+00:00,2026-05-25T20:35:52.682179+00:00,
ca241dd8-411e-4e19-84a5-8f1405c48afa,jazz,modal jazz,"modal jazz, playful atmosphere, featuring vibraphone and guitar","jazz, guitar, bossa nova",chirp-v4-5+,done,b33b027b-186d-463f-a1f1-5bbe3e218a17,5ad9a9df-8ee6-4d8c-9d83-9d1615e5520d,37da2130-ffe1-47c7-b621-11d67da441a5,https://cdn.ttapi.io/suno/20260525/32cd0b53d35249909d412b90dc14ba12.mp3,https://cdn.ttapi.io/suno/20260525/f725052ce8cd4ad896c895f4e281d77b.mp3,audio/jazz/ca241dd8-411e-4e19-84a5-8f1405c48afa_1.mp3,audio/jazz/ca241dd8-411e-4e19-84a5-8f1405c48afa_2.mp3,jazz,2026-05-25T20:34:10.676218+00:00,2026-05-25T20:37:49.944396+00:00,
2857dba9-2a71-4d01-9727-17368553675b,jazz,post-bop,"post-bop jazz, playful atmosphere, featuring vibraphone and guitar","jazz, fusion, electric",chirp-v4-5+,done,06680c86-76cd-481f-aeb2-fdde98856b91,315a0da4-51e1-4c37-86c7-2def9850f77f,9d96a90d-7095-44b2-8f63-e283028a02de,https://cdn.ttapi.io/suno/20260525/3f347adee4d94250bafe0ab797694893.mp3,https://cdn.ttapi.io/suno/20260525/74d1f6d029d24f3c92c4063226d5a49f.mp3,audio/jazz/2857dba9-2a71-4d01-9727-17368553675b_1.mp3,audio/jazz/2857dba9-2a71-4d01-9727-17368553675b_2.mp3,jazz,2026-05-25T20:34:12.006915+00:00,2026-05-25T20:38:04.382286+00:00,
44ec9a04-bda9-47ee-8752-2a491a4366d5,jazz,bebop,"bebop jazz, late-night atmosphere, featuring big band brass section","jazz, saxophone, piano",chirp-v4-5+,done,6144a63b-3a3d-4ca1-b614-8eb152f9d6f0,47516e24-384f-494f-a4fe-3c0a80cdd6d4,ece81c41-c4c9-4163-ab95-7e9ca74aa702,https://cdn.ttapi.io/suno/20260525/c864f09e42c9403dbdec4099c5a58d4f.mp3,https://cdn.ttapi.io/suno/20260525/f72b03b9d0094dda8f3ecab50d05c160.mp3,audio/jazz/44ec9a04-bda9-47ee-8752-2a491a4366d5_1.mp3,audio/jazz/44ec9a04-bda9-47ee-8752-2a491a4366d5_2.mp3,jazz,2026-05-25T20:34:45.992202+00:00,2026-05-25T20:37:58.486147+00:00,
e3250f37-70c6-4559-924f-45a7a57917e4,jazz,cool jazz,"cool jazz, late-night atmosphere, featuring big band brass section","jazz, trumpet, swing",chirp-v4-5+,done,eab96fc6-e827-4141-8f8d-55c5de2fe936,6d882185-82ce-4246-bf05-202af22a7363,00accc0b-19e9-4c47-929b-4dbadd5c9f62,https://cdn.ttapi.io/suno/20260525/8b851f93835f44c6a2161b0b5a538998.mp3,https://cdn.ttapi.io/suno/20260525/13f575621e6f436bbf9676dfff66b72b.mp3,audio/jazz/e3250f37-70c6-4559-924f-45a7a57917e4_1.mp3,audio/jazz/e3250f37-70c6-4559-924f-45a7a57917e4_2.mp3,jazz,2026-05-25T20:34:47.318591+00:00,2026-05-25T20:38:04.499445+00:00,
a87450d7-6984-49e1-822c-29aefb6d4c4b,jazz,fusion,"fusion jazz, late-night atmosphere, featuring big band brass section","jazz, bass, drums",chirp-v4-5+,done,766eb9b8-2671-46e4-a40c-9533581d9e09,66654a5c-6fe0-4d4c-afd7-8a50f3e2b8a6,c06114b1-7869-4c03-b149-baf516831ef3,https://cdn.ttapi.io/suno/20260525/c58e73e875c54e699a252ed164580e56.mp3,https://cdn.ttapi.io/suno/20260525/058979c0cb054350a38d100c148dbd34.mp3,audio/jazz/a87450d7-6984-49e1-822c-29aefb6d4c4b_1.mp3,audio/jazz/a87450d7-6984-49e1-822c-29aefb6d4c4b_2.mp3,jazz,2026-05-25T20:34:48.616548+00:00,2026-05-25T20:38:55.545809+00:00,
aca566f8-35df-46f8-943c-e96cdc358d41,jazz,smooth jazz,"smooth jazz, late-night atmosphere, featuring big band brass section","jazz, guitar, bossa nova",chirp-v4-5+,done,0210b1af-bc3b-4baf-8336-371ac644f8d3,e6556519-2193-40d1-8d7a-96f843100741,7071828c-9b63-4a95-94b7-42e801adbaaf,https://cdn.ttapi.io/suno/20260525/32c2ba1ef7da4110915102c4106d5a5c.mp3,https://cdn.ttapi.io/suno/20260525/028476f654a343f49a11bbf7840999c5.mp3,audio/jazz/aca566f8-35df-46f8-943c-e96cdc358d41_1.mp3,audio/jazz/aca566f8-35df-46f8-943c-e96cdc358d41_2.mp3,jazz,2026-05-25T20:34:58.003754+00:00,2026-05-25T20:37:50.410267+00:00,
652e1941-8598-497e-9008-bd70c3b06e31,jazz,hard bop,"hard bop jazz, late-night atmosphere, featuring big band brass section","jazz, fusion, electric",chirp-v4-5+,done,15687247-4dc4-4165-bcaf-6033e9e353b2,a757fd04-5aec-4d3e-bbeb-43e561c5fc64,91caeddd-b688-4ae1-958b-f8a9f8ecd133,https://cdn.ttapi.io/suno/20260525/4bd6ec8e22ec449b9bcede5bb90c3176.mp3,https://cdn.ttapi.io/suno/20260525/b5d68ba047de48858baca65735d27bee.mp3,audio/jazz/652e1941-8598-497e-9008-bd70c3b06e31_1.mp3,audio/jazz/652e1941-8598-497e-9008-bd70c3b06e31_2.mp3,jazz,2026-05-25T20:34:59.293651+00:00,2026-05-25T20:38:28.699171+00:00,
1165cdd8-0b38-4a05-88bd-56274f5ecef2,jazz,free jazz,"free jazz, late-night atmosphere, featuring big band brass section","jazz, saxophone, piano",chirp-v4-5+,done,07ad73ef-b931-440e-ba82-baa657cf43d3,362b459b-c650-4216-addf-690f4801b4f4,c639dff9-19f4-47fe-a31e-422fd8841c9c,https://cdn.ttapi.io/suno/20260525/c650156c35b445fab6c34740b28d440a.mp3,https://cdn.ttapi.io/suno/20260525/a9f4ea30f6db4188a2f2ccc4246088d4.mp3,audio/jazz/1165cdd8-0b38-4a05-88bd-56274f5ecef2_1.mp3,audio/jazz/1165cdd8-0b38-4a05-88bd-56274f5ecef2_2.mp3,jazz,2026-05-25T20:35:00.557916+00:00,2026-05-25T20:38:28.887347+00:00,
17682751-837f-49fb-a5c3-b2cf4f5c02e2,jazz,latin jazz,"latin jazz, late-night atmosphere, featuring big band brass section","jazz, trumpet, swing",chirp-v4-5+,done,732b136f-c8a0-4b6e-a472-9695f3f37c1f,38cfe178-c540-491e-9d78-e3ce6c96cd84,b2870388-503b-4e62-9d92-50a77dd58ebc,https://cdn.ttapi.io/suno/20260525/2ce24453cd0641d1847f8556200f295e.mp3,https://cdn.ttapi.io/suno/20260525/406684c7124144848507fdf82d620a9c.mp3,audio/jazz/17682751-837f-49fb-a5c3-b2cf4f5c02e2_1.mp3,audio/jazz/17682751-837f-49fb-a5c3-b2cf4f5c02e2_2.mp3,jazz,2026-05-25T20:35:01.757127+00:00,2026-05-25T20:38:04.890402+00:00,
ad7e181f-6540-4151-b404-169490fca0a7,jazz,swing,"swing jazz, late-night atmosphere, featuring big band brass section","jazz, bass, drums",chirp-v4-5+,done,72a63f95-7e0e-4257-881d-517492ac5956,126d251e-0cd9-4088-95cd-2c4b550274db,1b480b13-2dca-43aa-b29d-0eb769b2972a,https://cdn.ttapi.io/suno/20260525/8425013d4da640e49e3a82504872e5db.mp3,https://cdn.ttapi.io/suno/20260525/be3299da5bab4dc3b88763e3731c6040.mp3,audio/jazz/ad7e181f-6540-4151-b404-169490fca0a7_1.mp3,audio/jazz/ad7e181f-6540-4151-b404-169490fca0a7_2.mp3,jazz,2026-05-25T20:35:03.077272+00:00,2026-05-25T20:38:21.274361+00:00,
8af9904d-00a6-4fa2-b822-dc5520f8879f,jazz,modal jazz,"modal jazz, late-night atmosphere, featuring big band brass section","jazz, guitar, bossa nova",chirp-v4-5+,done,6d41d03d-120d-4eb1-9185-f8a830b7b0ee,079f3bf4-2e2e-499b-8c3b-f4cb4b854ac8,27ee79d3-06fe-40b7-bc67-1ab366b57752,https://cdn.ttapi.io/suno/20260525/36800cfec9d3474daf2f9126e8afb4a5.mp3,https://cdn.ttapi.io/suno/20260525/c7102115984843569ae3f68d4c50a608.mp3,audio/jazz/8af9904d-00a6-4fa2-b822-dc5520f8879f_1.mp3,audio/jazz/8af9904d-00a6-4fa2-b822-dc5520f8879f_2.mp3,jazz,2026-05-25T20:35:04.396897+00:00,2026-05-25T20:38:05.136965+00:00,
2f78559c-f766-4878-a6ee-a98e723d711c,jazz,post-bop,"post-bop jazz, late-night atmosphere, featuring big band brass section","jazz, fusion, electric",chirp-v4-5+,done,29ec0d99-d01a-4c63-adb4-226e35652d0a,71d1f707-9bbd-4a64-9fa6-482bc4cc0588,eae284ed-169b-4abc-b608-df4bddc7ad34,https://cdn.ttapi.io/suno/20260525/cc923211c9ff4bbdb5372ad4bafa9bb5.mp3,https://cdn.ttapi.io/suno/20260525/22ef0860643c44cfb42b52f65afb242d.mp3,audio/jazz/2f78559c-f766-4878-a6ee-a98e723d711c_1.mp3,audio/jazz/2f78559c-f766-4878-a6ee-a98e723d711c_2.mp3,jazz,2026-05-25T20:35:10.712127+00:00,2026-05-25T20:38:05.246487+00:00,
7883633b-6763-4156-9f2a-3b583eb269d3,jazz,bebop,"bebop jazz, melancholic atmosphere, featuring big band brass section","jazz, saxophone, piano",chirp-v4-5+,done,13574723-a5c5-411b-bd7b-b9db1e76923f,96d1d38c-1dd7-40dc-8e88-aa7acd061208,720a0769-f524-4739-9a8e-073a9b4a5966,https://cdn.ttapi.io/suno/20260525/4ba7aba70ba34fdba324771d2d1efaf3.mp3,https://cdn.ttapi.io/suno/20260525/dab5db3fee734352a64f6393d10cb364.mp3,audio/jazz/7883633b-6763-4156-9f2a-3b583eb269d3_1.mp3,audio/jazz/7883633b-6763-4156-9f2a-3b583eb269d3_2.mp3,jazz,2026-05-25T20:35:12.016454+00:00,2026-05-25T20:38:05.342248+00:00,
869a2989-7395-4370-91e7-60930471f1bb,jazz,cool jazz,"cool jazz, melancholic atmosphere, featuring big band brass section","jazz, trumpet, swing",chirp-v4-5+,done,93218a85-b008-4333-b6a7-cc2c742ab5e8,721354d8-2396-4b8e-a4df-92a17600afc0,32e99729-ee35-457d-8d31-d575f3fed989,https://cdn.ttapi.io/suno/20260525/fb92b025287e405995e6dde4c1124b34.mp3,https://cdn.ttapi.io/suno/20260525/3af8617cd78d49eeb5366912c15e5617.mp3,audio/jazz/869a2989-7395-4370-91e7-60930471f1bb_1.mp3,audio/jazz/869a2989-7395-4370-91e7-60930471f1bb_2.mp3,jazz,2026-05-25T20:35:13.352008+00:00,2026-05-25T20:39:14.902570+00:00,
4fef688b-6e67-498d-9ac2-6ad6679d2061,jazz,fusion,"fusion jazz, melancholic atmosphere, featuring big band brass section","jazz, bass, drums",chirp-v4-5+,done,c1b45fbb-4d11-4f6b-a794-b1c6809087e5,3fd30222-28b4-4f09-8b12-a5791ffe57d8,51d812c8-d129-4a18-b4c9-031340bb58dc,https://cdn.ttapi.io/suno/20260525/d3958153e2804cf7a20f90ac39d88e4a.mp3,https://cdn.ttapi.io/suno/20260525/c608be7618b84359b3551e5dcec7899f.mp3,audio/jazz/4fef688b-6e67-498d-9ac2-6ad6679d2061_1.mp3,audio/jazz/4fef688b-6e67-498d-9ac2-6ad6679d2061_2.mp3,jazz,2026-05-25T20:35:57.323590+00:00,2026-05-25T20:38:36.252935+00:00,
eb279c4b-b549-461f-ab4f-9bff576308b3,jazz,smooth jazz,"smooth jazz, melancholic atmosphere, featuring big band brass section","jazz, guitar, bossa nova",chirp-v4-5+,done,4d4e47bd-2369-4ce8-a63b-3d370ea4051c,853516e2-c718-419e-ab95-e2841afeb7f0,ccbda19d-1cbe-4eb1-96b2-36b5b1bb8c0b,https://cdn.ttapi.io/suno/20260525/21d890bd3aa8448d9ece1599cffcd1fa.mp3,https://cdn.ttapi.io/suno/20260525/11b796ee1679454bad6e90073b0abbac.mp3,audio/jazz/eb279c4b-b549-461f-ab4f-9bff576308b3_1.mp3,audio/jazz/eb279c4b-b549-461f-ab4f-9bff576308b3_2.mp3,jazz,2026-05-25T20:37:29.173645+00:00,2026-05-25T20:39:34.537251+00:00,
6fceca24-e712-478d-a71e-8119c7e72a1e,jazz,hard bop,"hard bop jazz, melancholic atmosphere, featuring big band brass section","jazz, fusion, electric",chirp-v4-5+,done,feb22f2d-8343-41f6-a5d6-05632b9b3776,bc81ea6b-19ae-4ee4-be38-052471083fef,4c3ed8e0-f531-4fd9-b179-bd684929aa6c,https://cdn.ttapi.io/suno/20260525/da92d2af46e743d8979cf062e10dc119.mp3,https://cdn.ttapi.io/suno/20260525/9e0fd239ded24de3828ca940c3191e86.mp3,audio/jazz/6fceca24-e712-478d-a71e-8119c7e72a1e_1.mp3,audio/jazz/6fceca24-e712-478d-a71e-8119c7e72a1e_2.mp3,jazz,2026-05-25T20:37:35.123112+00:00,2026-05-25T20:39:34.705240+00:00,
d96f6995-378d-47a2-bb08-69872e67a3bf,jazz,free jazz,"free jazz, melancholic atmosphere, featuring big band brass section","jazz, saxophone, piano",chirp-v4-5+,done,0e3a5454-6d29-4c21-bd6c-35b46e689cbe,dc4659ee-82f9-4375-ac66-891ed3a4b97c,4de75738-9443-4d47-b678-0a545f761498,https://cdn.ttapi.io/suno/20260525/e01380cb754645e6bbef27e2dfdda54f.mp3,https://cdn.ttapi.io/suno/20260525/10e92d2fc55642979acb8c830d5dba35.mp3,audio/jazz/d96f6995-378d-47a2-bb08-69872e67a3bf_1.mp3,audio/jazz/d96f6995-378d-47a2-bb08-69872e67a3bf_2.mp3,jazz,2026-05-25T20:37:54.954781+00:00,2026-05-25T20:40:04.334293+00:00,
c7ed71b7-788d-4843-b94b-a15ef253464f,jazz,latin jazz,"latin jazz, melancholic atmosphere, featuring big band brass section","jazz, trumpet, swing",chirp-v4-5+,done,0ec0ca6e-52e4-4b77-9ad2-7f2add370115,3a82caa9-ceb8-48a0-b1aa-fed511514be2,2d28ddf6-d3a6-40cf-9cf7-01ffe3831c9d,https://cdn.ttapi.io/suno/20260525/0805fda32b3a418cb0f7ba3b15d40c8a.mp3,https://cdn.ttapi.io/suno/20260525/d3574e1d537e4eb88eab8a398362de10.mp3,audio/jazz/c7ed71b7-788d-4843-b94b-a15ef253464f_1.mp3,audio/jazz/c7ed71b7-788d-4843-b94b-a15ef253464f_2.mp3,jazz,2026-05-25T20:37:56.239712+00:00,2026-05-25T20:39:34.901579+00:00,
e14ab870-fd39-460f-966f-e85d2fc6e144,jazz,swing,"swing jazz, melancholic atmosphere, featuring big band brass section","jazz, bass, drums",chirp-v4-5+,done,0cf74dfe-84a6-43c0-9f0a-a97fcb9a611d,a131ae35-6358-4110-bc77-551b6530fa43,c3e015d2-9176-4ba5-afe1-147e877de12a,https://cdn.ttapi.io/suno/20260525/c406b7df9eea4e85a1f15b6b3f62eb23.mp3,https://cdn.ttapi.io/suno/20260525/4fc99c18cec84ba2bfb377211d6688f6.mp3,audio/jazz/e14ab870-fd39-460f-966f-e85d2fc6e144_1.mp3,audio/jazz/e14ab870-fd39-460f-966f-e85d2fc6e144_2.mp3,jazz,2026-05-25T20:37:57.535088+00:00,2026-05-25T20:39:35.032833+00:00,
00221c8d-95fe-4c2e-a3e3-671d926b7b17,jazz,modal jazz,"modal jazz, melancholic atmosphere, featuring big band brass section","jazz, guitar, bossa nova",chirp-v4-5+,done,a75b6915-4908-462f-ab3d-fead995c902e,0cf79977-4bbb-44a2-9eca-5fc7c45d75ff,80c77524-33aa-4035-b8ab-87d552c9b383,https://cdn.ttapi.io/suno/20260525/0b63fdfea4a2458b8d0c65c5ec504ba4.mp3,https://cdn.ttapi.io/suno/20260525/9539165a9e944b36960391ab933731e6.mp3,audio/jazz/00221c8d-95fe-4c2e-a3e3-671d926b7b17_1.mp3,audio/jazz/00221c8d-95fe-4c2e-a3e3-671d926b7b17_2.mp3,jazz,2026-05-25T20:38:03.395853+00:00,2026-05-25T20:39:35.142801+00:00,
cc2c8ee2-a2a6-4241-9052-8ef8cfac30c1,jazz,post-bop,"post-bop jazz, melancholic atmosphere, featuring big band brass section","jazz, fusion, electric",chirp-v4-5+,done,e9ec24e5-2bbc-4ade-8ef4-90d239bdb5eb,24493304-b5e1-439f-9819-8f0057543a7a,d51175c7-5927-417c-934a-8078df13d400,https://cdn.ttapi.io/suno/20260525/b8d81df070214dcf81f6b0aaf4cfe256.mp3,https://cdn.ttapi.io/suno/20260525/362d9bb6b9f643a383fd4934a73adfe4.mp3,audio/jazz/cc2c8ee2-a2a6-4241-9052-8ef8cfac30c1_1.mp3,audio/jazz/cc2c8ee2-a2a6-4241-9052-8ef8cfac30c1_2.mp3,jazz,2026-05-25T20:38:12.500646+00:00,2026-05-25T20:40:04.505905+00:00,
1d4deee7-14d8-4300-ac2c-319ab5c8bcb6,jazz,bebop,"bebop jazz, uplifting atmosphere, featuring big band brass section","jazz, saxophone, piano",chirp-v4-5+,done,1d849c77-e8a4-48ba-b0bb-b07326b4cd65,d4a146fc-ea05-4d7f-a8d6-2109c014a6fa,a84e3afa-b2af-4520-b9e8-faf1fd41cc23,https://cdn.ttapi.io/suno/20260525/1b90bb31e98b415284d3566ce86b8f6c.mp3,https://cdn.ttapi.io/suno/20260525/a2e3437474304d5d8d7098eee53e8836.mp3,audio/jazz/1d4deee7-14d8-4300-ac2c-319ab5c8bcb6_1.mp3,audio/jazz/1d4deee7-14d8-4300-ac2c-319ab5c8bcb6_2.mp3,jazz,2026-05-25T20:38:13.768085+00:00,2026-05-25T20:40:04.638894+00:00,
b498e9b3-5bcc-4a5a-9117-7cc77b2864a0,jazz,cool jazz,"cool jazz, uplifting atmosphere, featuring big band brass section","jazz, trumpet, swing",chirp-v4-5+,done,7daf1f4f-91cd-4b65-81ae-49a5e53770ae,31280f3e-afa1-4eaa-86ee-b07a1343d0aa,56c30eb1-45ac-432d-b04e-5d0a95de0c4a,https://cdn.ttapi.io/suno/20260525/feccb2be01064b42aeb548f237f74445.mp3,https://cdn.ttapi.io/suno/20260525/b518032ee45b401c9d9ff80a405c7115.mp3,audio/jazz/b498e9b3-5bcc-4a5a-9117-7cc77b2864a0_1.mp3,audio/jazz/b498e9b3-5bcc-4a5a-9117-7cc77b2864a0_2.mp3,jazz,2026-05-25T20:38:15.122571+00:00,2026-05-25T20:40:04.748192+00:00,
74ff2585-16d1-4d2d-8021-7d3a59c500b9,jazz,fusion,"fusion jazz, uplifting atmosphere, featuring big band brass section","jazz, bass, drums",chirp-v4-5+,done,6824288b-8815-47bf-9004-b91cfa580434,1de4ef37-d427-4dc2-9aee-0c6ecd5802bd,5ed53fca-eaaa-4114-968c-a7d582054e2b,https://cdn.ttapi.io/suno/20260525/87dec258633147aba72b5756ebd8a1fc.mp3,https://cdn.ttapi.io/suno/20260525/473083de591949b7b6319df18bd15dcc.mp3,audio/jazz/74ff2585-16d1-4d2d-8021-7d3a59c500b9_1.mp3,audio/jazz/74ff2585-16d1-4d2d-8021-7d3a59c500b9_2.mp3,jazz,2026-05-25T20:38:16.417278+00:00,2026-05-25T20:40:04.854590+00:00,
07af0f97-d0b0-4c54-92a9-8d6284200c1f,jazz,smooth jazz,"smooth jazz, uplifting atmosphere, featuring big band brass section","jazz, guitar, bossa nova",chirp-v4-5+,done,d5fa3988-33a7-4ee4-a7f9-5c3e24e63221,3265465a-555a-4d14-a23f-88eac28f1569,759f9679-a4e1-4bce-a0e4-68f330efa5a7,https://cdn.ttapi.io/suno/20260525/d74d5caba4c248b39f5a74883d4eafdb.mp3,https://cdn.ttapi.io/suno/20260525/5fa0be5e97de455b8beb281e8fc91519.mp3,audio/jazz/07af0f97-d0b0-4c54-92a9-8d6284200c1f_1.mp3,audio/jazz/07af0f97-d0b0-4c54-92a9-8d6284200c1f_2.mp3,jazz,2026-05-25T20:38:17.606890+00:00,2026-05-25T20:39:35.613363+00:00,
1b79608d-f2d8-476c-8187-578b4c0feff5,jazz,hard bop,"hard bop jazz, uplifting atmosphere, featuring big band brass section","jazz, fusion, electric",chirp-v4-5+,done,1f5ca48f-092c-4cbe-92b6-77e0f37eaac1,bc2d2c42-e33c-4aa9-b727-545835a5aa4c,cd67e773-d195-4b1d-a93e-3d702feee460,https://cdn.ttapi.io/suno/20260525/545cf70aa9d948a191107d5030c64ade.mp3,https://cdn.ttapi.io/suno/20260525/c825f022345d41e1a5fd8e737bb8e3a4.mp3,audio/jazz/1b79608d-f2d8-476c-8187-578b4c0feff5_1.mp3,audio/jazz/1b79608d-f2d8-476c-8187-578b4c0feff5_2.mp3,jazz,2026-05-25T20:38:18.864338+00:00,2026-05-25T20:40:04.963824+00:00,
371601bc-74d0-4c4b-a2f4-c4c29c3757a5,jazz,free jazz,"free jazz, uplifting atmosphere, featuring big band brass section","jazz, saxophone, piano",chirp-v4-5+,done,0525bc8d-ddbd-4cda-89bf-d05e748b9398,d9cd2132-c512-4ba0-9983-a2422f138295,470727cf-4896-4c14-b2f8-72c682ccd73f,https://cdn.ttapi.io/suno/20260525/f04ce684174f4f80b14367430bd1ea9c.mp3,https://cdn.ttapi.io/suno/20260525/32309078550f4ce886e6eb64119d8a37.mp3,audio/jazz/371601bc-74d0-4c4b-a2f4-c4c29c3757a5_1.mp3,audio/jazz/371601bc-74d0-4c4b-a2f4-c4c29c3757a5_2.mp3,jazz,2026-05-25T20:38:20.105661+00:00,2026-05-25T20:40:05.056910+00:00,
25140f24-ff29-48ea-9386-355ff9d3877f,jazz,latin jazz,"latin jazz, uplifting atmosphere, featuring big band brass section","jazz, trumpet, swing",chirp-v4-5+,done,6a0db195-d985-46e1-9307-bd3eb95a52b3,b48e6be4-dff6-4bdb-abbf-a3c063631a45,0799c940-106c-43f4-8f58-47b8e7319c61,https://cdn.ttapi.io/suno/20260525/9db466c9367640a8a859db311a1dbe89.mp3,https://cdn.ttapi.io/suno/20260525/5bf00291d36844bc831ab556be4311d0.mp3,audio/jazz/25140f24-ff29-48ea-9386-355ff9d3877f_1.mp3,audio/jazz/25140f24-ff29-48ea-9386-355ff9d3877f_2.mp3,jazz,2026-05-25T20:38:26.493579+00:00,2026-05-25T20:40:25.902974+00:00,
76eb42e1-b365-4923-8765-f141fc642fc6,jazz,swing,"swing jazz, uplifting atmosphere, featuring big band brass section","jazz, bass, drums",chirp-v4-5+,done,6b3d8937-f757-42e1-8423-169bdd162b93,0cef4283-6d2e-4d31-8884-cd5e73dedb13,31b9034a-3bfe-4b44-8592-78c6a9b70159,https://cdn.ttapi.io/suno/20260525/52216a9a492745569f02f0a8a041f12f.mp3,https://cdn.ttapi.io/suno/20260525/03919bf546fd4da488d84598bf676899.mp3,audio/jazz/76eb42e1-b365-4923-8765-f141fc642fc6_1.mp3,audio/jazz/76eb42e1-b365-4923-8765-f141fc642fc6_2.mp3,jazz,2026-05-25T20:38:27.885618+00:00,2026-05-25T20:39:36.049931+00:00,
64576ac1-8834-43c3-aa08-f4320b4b51a7,jazz,modal jazz,"modal jazz, uplifting atmosphere, featuring big band brass section","jazz, guitar, bossa nova",chirp-v4-5+,done,20d147bf-a27e-484f-8b67-59e954d61e62,af3db867-1b9d-49f3-9a2e-568c27768eba,87652d61-3d8e-4eb4-a282-7047b85e982a,https://cdn.ttapi.io/suno/20260525/63a21f6363f44a1cbe97d45ae5a12671.mp3,https://cdn.ttapi.io/suno/20260525/e75e66aa87b547908d58f6b4e4095fc5.mp3,audio/jazz/64576ac1-8834-43c3-aa08-f4320b4b51a7_1.mp3,audio/jazz/64576ac1-8834-43c3-aa08-f4320b4b51a7_2.mp3,jazz,2026-05-25T20:38:34.091032+00:00,2026-05-25T20:40:05.267822+00:00,
982c23c5-6c33-4c4c-982f-b357c75aa7cf,jazz,post-bop,"post-bop jazz, uplifting atmosphere, featuring big band brass section","jazz, fusion, electric",chirp-v4-5+,done,07d6913e-6248-47c1-bb3b-c30ea57cf0c2,4686967c-3df0-468b-b972-5bd5f4419240,3a9fbbea-3558-49c6-af3f-adaeef4fc3d6,https://cdn.ttapi.io/suno/20260525/ea0471d0818f47a586d15145525f71d7.mp3,https://cdn.ttapi.io/suno/20260525/bbdd4f5fed244daa9440aa1dff7d5481.mp3,audio/jazz/982c23c5-6c33-4c4c-982f-b357c75aa7cf_1.mp3,audio/jazz/982c23c5-6c33-4c4c-982f-b357c75aa7cf_2.mp3,jazz,2026-05-25T20:38:35.364006+00:00,2026-05-25T20:40:35.095339+00:00,
25a88f2e-1ec7-4567-b181-232bf86f64fe,jazz,bebop,"bebop jazz, relaxed atmosphere, featuring big band brass section","jazz, saxophone, piano",chirp-v4-5+,done,cde62ebd-f0e3-448a-a47b-3498561705bb,7ce28947-2c67-4f7c-82f1-bd745d6f81e6,aa62848a-b09f-4cbb-a0d5-246c8b72b615,https://cdn.ttapi.io/suno/20260525/6352c4d301304809843183d4db44ea83.mp3,https://cdn.ttapi.io/suno/20260525/7c2fec16b3b448b48764b5942e6e2e10.mp3,audio/jazz/25a88f2e-1ec7-4567-b181-232bf86f64fe_1.mp3,audio/jazz/25a88f2e-1ec7-4567-b181-232bf86f64fe_2.mp3,jazz,2026-05-25T20:38:41.172336+00:00,2026-05-25T20:40:05.446022+00:00,
d8e3afd7-4b62-4ad8-bc9d-8cac6155546e,jazz,cool jazz,"cool jazz, relaxed atmosphere, featuring big band brass section","jazz, trumpet, swing",chirp-v4-5+,done,34a9340f-0bb2-4264-89c5-d22c7f3bd769,4ba3385f-aa90-4a3a-95a2-5ced9aa31d0d,dc4bf873-c97d-4fb3-b589-148317719039,https://cdn.ttapi.io/suno/20260525/3047cf4b4b31483a907ec0be1a7a1822.mp3,https://cdn.ttapi.io/suno/20260525/f454371974fe4aa993e62917ea29e4c9.mp3,audio/jazz/d8e3afd7-4b62-4ad8-bc9d-8cac6155546e_1.mp3,audio/jazz/d8e3afd7-4b62-4ad8-bc9d-8cac6155546e_2.mp3,jazz,2026-05-25T20:39:00.468384+00:00,2026-05-25T20:40:26.167656+00:00,
863f81a6-5462-4a55-96f4-de39b3090475,jazz,fusion,"fusion jazz, relaxed atmosphere, featuring big band brass section","jazz, bass, drums",chirp-v4-5+,done,4d842956-1dc3-48cc-88fe-6f9234d207cf,5d0cb167-a542-44f2-8644-eaf6537a8eff,8bc54c72-db7f-4774-aecf-e1ca0ac68711,https://cdn.ttapi.io/suno/20260525/13cc5ec572054c7c8324af5365f3086a.mp3,https://cdn.ttapi.io/suno/20260525/91d887fc062045168e3bfe73e19b7200.mp3,audio/jazz/863f81a6-5462-4a55-96f4-de39b3090475_1.mp3,audio/jazz/863f81a6-5462-4a55-96f4-de39b3090475_2.mp3,jazz,2026-05-25T20:39:20.180192+00:00,2026-05-25T20:40:54.846724+00:00,
d90ea337-b1d2-41a8-9ac9-48e79f3c91be,jazz,smooth jazz,"smooth jazz, relaxed atmosphere, featuring big band brass section","jazz, guitar, bossa nova",chirp-v4-5+,done,b4f1b6f7-6ca2-4f15-b89c-75b2e985963a,9b8dbf3f-0b62-4b1d-9896-8ebcb1d582e8,34b43750-a635-4a8b-83e7-08701aae49af,https://cdn.ttapi.io/suno/20260525/9dd59c58e9724ef0a64db9de843f593e.mp3,https://cdn.ttapi.io/suno/20260525/c09cc17d5e40461d89d0ddd0cacd9ab3.mp3,audio/jazz/d90ea337-b1d2-41a8-9ac9-48e79f3c91be_1.mp3,audio/jazz/d90ea337-b1d2-41a8-9ac9-48e79f3c91be_2.mp3,jazz,2026-05-25T20:39:42.503627+00:00,2026-05-25T20:41:47.063549+00:00,
120e3de9-343d-4cd1-b281-be1a2f21dcfc,jazz,hard bop,"hard bop jazz, relaxed atmosphere, featuring big band brass section","jazz, fusion, electric",chirp-v4-5+,done,0c8353f7-ed91-4a88-bb6c-7010de4964e4,4a90f088-bf7d-4264-806f-4f3da21a2e8d,6535dc10-9c66-4f24-931f-0cb6a9cafc1a,https://cdn.ttapi.io/suno/20260525/92187050869c47f4b7c8f694ccccdefa.mp3,https://cdn.ttapi.io/suno/20260525/eaa6edc75ae945078ee16e6f36b55a41.mp3,audio/jazz/120e3de9-343d-4cd1-b281-be1a2f21dcfc_1.mp3,audio/jazz/120e3de9-343d-4cd1-b281-be1a2f21dcfc_2.mp3,jazz,2026-05-25T20:39:43.776295+00:00,2026-05-25T20:40:55.086460+00:00,
cac03d65-4c16-49bb-bed6-71d84cfbf338,jazz,free jazz,"free jazz, relaxed atmosphere, featuring big band brass section","jazz, saxophone, piano",chirp-v4-5+,done,776255af-9318-49f0-94c5-16d246855cd9,cb33846f-73d5-4d1e-830b-b341884fbef3,1b24192b-1a35-45ef-bb7c-f6ab12798167,https://cdn.ttapi.io/suno/20260525/64442709f95e412fa8b41379ed6d9785.mp3,https://cdn.ttapi.io/suno/20260525/ee76537d37ed48b686de63c0d41075da.mp3,audio/jazz/cac03d65-4c16-49bb-bed6-71d84cfbf338_1.mp3,audio/jazz/cac03d65-4c16-49bb-bed6-71d84cfbf338_2.mp3,jazz,2026-05-25T20:39:45.006971+00:00,2026-05-25T20:41:04.776095+00:00,
390177fd-2a73-428f-af5f-28d60aee10fb,jazz,latin jazz,"latin jazz, relaxed atmosphere, featuring big band brass section","jazz, trumpet, swing",chirp-v4-5+,done,0306d09e-f08e-4c61-8c40-bc0a546c785b,5afca907-11ed-4690-9cba-b7ceeb036b67,450a1cad-3f80-4764-8d99-a5c0771e31ee,https://cdn.ttapi.io/suno/20260525/a0151eb7c0e04156bb692eac2b9fffb6.mp3,https://cdn.ttapi.io/suno/20260525/0801d522b7bd40a694d6219e995a0e57.mp3,audio/jazz/390177fd-2a73-428f-af5f-28d60aee10fb_1.mp3,audio/jazz/390177fd-2a73-428f-af5f-28d60aee10fb_2.mp3,jazz,2026-05-25T20:39:46.243195+00:00,2026-05-25T20:41:37.178868+00:00,
38afe541-59d9-4066-b48a-31ccbc35f096,jazz,swing,"swing jazz, relaxed atmosphere, featuring big band brass section","jazz, bass, drums",chirp-v4-5+,done,29b98081-2bec-4d0a-90bc-c90131b6af4d,02dfb529-38c0-4ae7-a04a-1b99e0a5c0e0,3b01be6b-da62-47b7-bce0-9519a4abc4e2,https://cdn.ttapi.io/suno/20260525/91fad407619241ea8cd3c705cc1b4789.mp3,https://cdn.ttapi.io/suno/20260525/236bec0178bd4604b82314fa4bfc19a5.mp3,audio/jazz/38afe541-59d9-4066-b48a-31ccbc35f096_1.mp3,audio/jazz/38afe541-59d9-4066-b48a-31ccbc35f096_2.mp3,jazz,2026-05-25T20:39:47.536697+00:00,2026-05-25T20:40:55.369976+00:00,
bc3be152-61b3-49ef-8284-e87f35dcce41,jazz,modal jazz,"modal jazz, relaxed atmosphere, featuring big band brass section","jazz, guitar, bossa nova",chirp-v4-5+,done,a2a4926f-8e90-4118-ac37-7f7de801a64f,80a54202-2643-4275-b74a-ebd1d8c9e4f4,2b79518f-4753-468e-a552-4ae1eded47cd,https://cdn.ttapi.io/suno/20260525/eeb197d8b59c47fd9836610830f0d727.mp3,https://cdn.ttapi.io/suno/20260525/0835bdbdea8343658ea32780ca418488.mp3,audio/jazz/bc3be152-61b3-49ef-8284-e87f35dcce41_1.mp3,audio/jazz/bc3be152-61b3-49ef-8284-e87f35dcce41_2.mp3,jazz,2026-05-25T20:39:48.739062+00:00,2026-05-25T20:40:55.467192+00:00,
fddfd0ea-98b3-4f7b-813c-2c113e00e4a3,jazz,post-bop,"post-bop jazz, relaxed atmosphere, featuring big band brass section","jazz, fusion, electric",chirp-v4-5+,done,c4f10433-8ad6-4d00-af03-5b5b24140efc,3c553de7-fa00-4b33-b7aa-a56326b80418,300543e0-ad86-4417-a658-b0f098bacab5,https://cdn.ttapi.io/suno/20260525/498bf62527ed44b8b74a312e7d8a47a2.mp3,https://cdn.ttapi.io/suno/20260525/cd1b51337f9549ba83fb65507e1e3a6b.mp3,audio/jazz/fddfd0ea-98b3-4f7b-813c-2c113e00e4a3_1.mp3,audio/jazz/fddfd0ea-98b3-4f7b-813c-2c113e00e4a3_2.mp3,jazz,2026-05-25T20:39:50.041096+00:00,2026-05-25T20:41:11.572139+00:00,
ababb477-80e0-4faa-8b42-9b5e1ce64b41,jazz,bebop,"bebop jazz, energetic atmosphere, featuring big band brass section","jazz, saxophone, piano",chirp-v4-5+,done,52f67f0c-2bf9-4ad0-8b09-3a8261d8898f,83147bdb-32dc-47ea-9a81-e44e80b5579c,484bebbc-a43d-4812-bee4-2749889b8da2,https://cdn.ttapi.io/suno/20260525/6490322e1ef948be8ad138ca5d8a180e.mp3,https://cdn.ttapi.io/suno/20260525/8ab4bd0e44c64554bab1643e8d455932.mp3,audio/jazz/ababb477-80e0-4faa-8b42-9b5e1ce64b41_1.mp3,audio/jazz/ababb477-80e0-4faa-8b42-9b5e1ce64b41_2.mp3,jazz,2026-05-25T20:40:15.092882+00:00,2026-05-25T20:41:47.185156+00:00,
08b50428-282c-4bec-9b45-288edd8a4c33,jazz,cool jazz,"cool jazz, energetic atmosphere, featuring big band brass section","jazz, trumpet, swing",chirp-v4-5+,done,99412f27-d517-412c-921d-7000462c40aa,4c679329-e9ed-4027-b271-0caac0e42ea4,49c8ea93-f4c2-47bc-93d8-dc25256a1c31,https://cdn.ttapi.io/suno/20260525/2ce589163cd14fe0983b77252168d7e8.mp3,https://cdn.ttapi.io/suno/20260525/c3b47a6b3eb848f4ba628b63965dc329.mp3,audio/jazz/08b50428-282c-4bec-9b45-288edd8a4c33_1.mp3,audio/jazz/08b50428-282c-4bec-9b45-288edd8a4c33_2.mp3,jazz,2026-05-25T20:40:16.332664+00:00,2026-05-25T20:41:37.426530+00:00,
e4c88bfc-bfa6-425e-ad4c-0d28c33d0f51,jazz,fusion,"fusion jazz, energetic atmosphere, featuring big band brass section","jazz, bass, drums",chirp-v4-5+,done,55d124a0-c02f-459f-b7f0-4775bf714a29,1153fe42-9d85-4e4b-84e9-f6f479f22edf,1acf3724-2920-4a7d-8221-136a7d54b2fe,https://cdn.ttapi.io/suno/20260525/babbcf1f352c4c9e8894bf8eb6166a92.mp3,https://cdn.ttapi.io/suno/20260525/9d457190f64747298fea28c854527901.mp3,audio/jazz/e4c88bfc-bfa6-425e-ad4c-0d28c33d0f51_1.mp3,audio/jazz/e4c88bfc-bfa6-425e-ad4c-0d28c33d0f51_2.mp3,jazz,2026-05-25T20:40:17.636205+00:00,2026-05-25T20:42:05.342858+00:00,
a56a4466-ae50-4426-b9bd-6557338c5db9,jazz,smooth jazz,"smooth jazz, energetic atmosphere, featuring big band brass section","jazz, guitar, bossa nova",chirp-v4-5+,done,a1163afa-1ba3-4a9e-8578-ec9931707c4f,50f6201c-2124-43d4-9f82-8605a676cfbc,983878b5-509b-42c4-b6f9-598d097ec927,https://cdn.ttapi.io/suno/20260525/e7f160082a254d58a845122bb6aac941.mp3,https://cdn.ttapi.io/suno/20260525/274b2018a0f24fabbcfaba3f33f166d3.mp3,audio/jazz/a56a4466-ae50-4426-b9bd-6557338c5db9_1.mp3,audio/jazz/a56a4466-ae50-4426-b9bd-6557338c5db9_2.mp3,jazz,2026-05-25T20:40:18.850492+00:00,2026-05-25T20:41:56.798270+00:00,
c21fae20-9be8-408d-b034-ce1558f262a7,jazz,hard bop,"hard bop jazz, energetic atmosphere, featuring big band brass section","jazz, fusion, electric",chirp-v4-5+,done,50cf2693-2534-4abd-8156-c545838dcfc7,e48a0977-ac0c-4f46-973c-6e85d6821306,36c84f10-38d8-4338-b3f6-7a952e6c523c,https://cdn.ttapi.io/suno/20260525/90e24a8e99d044099d49de489ff9f9b0.mp3,https://cdn.ttapi.io/suno/20260525/385643680f6843e5bd50d233af3343ec.mp3,audio/jazz/c21fae20-9be8-408d-b034-ce1558f262a7_1.mp3,audio/jazz/c21fae20-9be8-408d-b034-ce1558f262a7_2.mp3,jazz,2026-05-25T20:40:20.054063+00:00,2026-05-25T20:41:56.973241+00:00,
7057109c-c4e9-4b5d-a051-4eaff38b423d,jazz,free jazz,"free jazz, energetic atmosphere, featuring big band brass section","jazz, saxophone, piano",chirp-v4-5+,done,4d4b7768-a516-4ed8-a41f-6b41f0fbb6f4,3a8b65b2-858a-4ead-b061-1938c4999b50,15b7eeff-f831-4a01-9ee3-9e5b61715226,https://cdn.ttapi.io/suno/20260525/fdc3e04f05374777b3fe4ef236e586f6.mp3,https://cdn.ttapi.io/suno/20260525/b7f216fab2d04813967b9653657e978b.mp3,audio/jazz/7057109c-c4e9-4b5d-a051-4eaff38b423d_1.mp3,audio/jazz/7057109c-c4e9-4b5d-a051-4eaff38b423d_2.mp3,jazz,2026-05-25T20:40:21.302600+00:00,2026-05-25T20:41:31.754770+00:00,
c0f9051d-d89c-4a6c-9665-fee7f1dd2e87,jazz,latin jazz,"latin jazz, energetic atmosphere, featuring big band brass section","jazz, trumpet, swing",chirp-v4-5+,done,c079af9a-09df-481d-8b76-b1e33f8f2f48,f9bc57be-0667-4190-abea-2a8bdecb2d30,394d7c7b-2543-4c13-8cf6-e29907d743ad,https://cdn.ttapi.io/suno/20260525/b971bb3bd8934704b12f6cd26eda1ede.mp3,https://cdn.ttapi.io/suno/20260525/73baf3cc2c7f4b6b99f55360e48979f0.mp3,audio/jazz/c0f9051d-d89c-4a6c-9665-fee7f1dd2e87_1.mp3,audio/jazz/c0f9051d-d89c-4a6c-9665-fee7f1dd2e87_2.mp3,jazz,2026-05-25T20:40:22.674945+00:00,2026-05-25T20:41:57.081420+00:00,
4f2c60fd-0e42-4c15-9f82-865c75cf66a0,jazz,swing,"swing jazz, energetic atmosphere, featuring big band brass section","jazz, bass, drums",chirp-v4-5+,done,ca800870-90ab-47e8-ad5f-46c5576d7beb,bc267d96-1610-45e3-b55a-4694caf03b28,84ca9b13-bddd-4bbb-bbaf-44f00122be82,https://cdn.ttapi.io/suno/20260525/c7995d9a8f564fbfb7706a89dab6304e.mp3,https://cdn.ttapi.io/suno/20260525/7ff4acd8e104429b8fbab7ebfc719053.mp3,audio/jazz/4f2c60fd-0e42-4c15-9f82-865c75cf66a0_1.mp3,audio/jazz/4f2c60fd-0e42-4c15-9f82-865c75cf66a0_2.mp3,jazz,2026-05-25T20:40:23.964184+00:00,2026-05-25T20:41:37.895167+00:00,
1112c48d-c47c-447d-a293-02573c4958e5,jazz,modal jazz,"modal jazz, energetic atmosphere, featuring big band brass section","jazz, guitar, bossa nova",chirp-v4-5+,done,f79ee1df-8deb-4440-a4e1-fa7c03523c95,005c850f-5327-479c-9516-4cf08790434c,adfe0fca-9d1c-43e9-8fea-1df3fac1c1ff,https://cdn.ttapi.io/suno/20260525/0e8593c7f94b43cebd6f4e76f2230bc6.mp3,https://cdn.ttapi.io/suno/20260525/10b264bb16074ef6b7aa2dd8a9727334.mp3,audio/jazz/1112c48d-c47c-447d-a293-02573c4958e5_1.mp3,audio/jazz/1112c48d-c47c-447d-a293-02573c4958e5_2.mp3,jazz,2026-05-25T20:40:25.228171+00:00,2026-05-25T20:41:47.658014+00:00,
e3a19c48-f53e-4ac3-a24a-dcbc22b29aed,jazz,post-bop,"post-bop jazz, energetic atmosphere, featuring big band brass section","jazz, fusion, electric",chirp-v4-5+,done,c8045c4c-9c64-47fc-9979-48abc5cc1ce5,f29bbd04-9f30-4711-b791-cb52b26a8314,04c4df00-506f-44c4-9cfd-07967c6b79ec,https://cdn.ttapi.io/suno/20260525/b644b0ab6bda48428aa386eb7ed59b60.mp3,https://cdn.ttapi.io/suno/20260525/9b57dc0f68724e2da4fca6e08894425d.mp3,audio/jazz/e3a19c48-f53e-4ac3-a24a-dcbc22b29aed_1.mp3,audio/jazz/e3a19c48-f53e-4ac3-a24a-dcbc22b29aed_2.mp3,jazz,2026-05-25T20:40:31.186489+00:00,2026-05-25T20:42:56.299761+00:00,
c5c21a4d-d712-4c5a-99da-9b6af3d2d517,jazz,bebop,"bebop jazz, nostalgic atmosphere, featuring big band brass section","jazz, saxophone, piano",chirp-v4-5+,done,ae2b9a73-dd91-436c-a166-d12092759980,95525ad4-26e7-47e0-b2f3-df48ad5b7716,ca6b0bb9-e153-4664-aa2b-1674e58c779b,https://cdn.ttapi.io/suno/20260525/9da5c10dac1143fa93614fd152c8d699.mp3,https://cdn.ttapi.io/suno/20260525/6498aa674aa84a42ad52118c02dd5909.mp3,audio/jazz/c5c21a4d-d712-4c5a-99da-9b6af3d2d517_1.mp3,audio/jazz/c5c21a4d-d712-4c5a-99da-9b6af3d2d517_2.mp3,jazz,2026-05-25T20:40:32.552240+00:00,2026-05-25T20:43:04.282139+00:00,
65c351c6-f518-4bd0-a5a2-f1dc1dc1f99a,jazz,cool jazz,"cool jazz, nostalgic atmosphere, featuring big band brass section","jazz, trumpet, swing",chirp-v4-5+,done,c84c1902-bac4-4d9c-a680-0d61ac0e4553,5e269184-cdab-4a2f-be0b-27c8247facae,41be45d3-1b37-4421-adc4-778fb17dc179,https://cdn.ttapi.io/suno/20260525/0867ef68b9b44a4daddd6e823a2b4c9e.mp3,https://cdn.ttapi.io/suno/20260525/7c1b21d43f374edabad76f536be2414b.mp3,audio/jazz/65c351c6-f518-4bd0-a5a2-f1dc1dc1f99a_1.mp3,audio/jazz/65c351c6-f518-4bd0-a5a2-f1dc1dc1f99a_2.mp3,jazz,2026-05-25T20:40:40.476310+00:00,2026-05-25T20:42:25.014758+00:00,
909602b6-a909-4513-a2ec-11fe490a826c,jazz,fusion,"fusion jazz, nostalgic atmosphere, featuring big band brass section","jazz, bass, drums",chirp-v4-5+,done,e15fe429-7855-4932-b6d3-42d86e0b1909,b2b1d27f-3cef-435c-8d08-a11bb232c449,0142b866-a18b-4aa0-8b01-edd72c6757f1,https://cdn.ttapi.io/suno/20260525/c49c73b098cc47dcb5bb6316cd33c968.mp3,https://cdn.ttapi.io/suno/20260525/8dd645bd93bc49f3afb44a5cb0aada73.mp3,audio/jazz/909602b6-a909-4513-a2ec-11fe490a826c_1.mp3,audio/jazz/909602b6-a909-4513-a2ec-11fe490a826c_2.mp3,jazz,2026-05-25T20:41:00.078640+00:00,2026-05-25T20:43:17.973974+00:00,
dce3a4b4-918d-40c3-adc3-6de8b8024fdc,jazz,smooth jazz,"smooth jazz, nostalgic atmosphere, featuring big band brass section","jazz, guitar, bossa nova",chirp-v4-5+,done,0483a231-c2cb-42ee-a24a-c345329bba65,502945a4-dc5e-4807-a928-27752f597186,c7fbcb96-d41d-44c0-8853-9eabb6124753,https://cdn.ttapi.io/suno/20260525/8dd5abfd0b3645fe99399014c0d0f8c0.mp3,https://cdn.ttapi.io/suno/20260525/f1355d74f92f4bbaa4af04ba43aef2a2.mp3,audio/jazz/dce3a4b4-918d-40c3-adc3-6de8b8024fdc_1.mp3,audio/jazz/dce3a4b4-918d-40c3-adc3-6de8b8024fdc_2.mp3,jazz,2026-05-25T20:41:01.342460+00:00,2026-05-25T20:43:04.506831+00:00,
f3503392-d0dd-4bb2-99e1-8b355803a18f,jazz,hard bop,"hard bop jazz, nostalgic atmosphere, featuring big band brass section","jazz, fusion, electric",chirp-v4-5+,done,1aab0bf7-ae9f-411d-85e9-c5eec4f9f524,aa755082-2fba-4948-86b2-0b43c2aedcb2,5f447d8e-230a-4b7e-ab32-9b557c448557,https://cdn.ttapi.io/suno/20260525/e2d90eca8fe5479e90b8d7e2f97ca694.mp3,https://cdn.ttapi.io/suno/20260525/286e998fd9d245a1892c6b31c2daf056.mp3,audio/jazz/f3503392-d0dd-4bb2-99e1-8b355803a18f_1.mp3,audio/jazz/f3503392-d0dd-4bb2-99e1-8b355803a18f_2.mp3,jazz,2026-05-25T20:41:02.685686+00:00,2026-05-25T20:43:04.601905+00:00,
40b027bb-d4d9-4468-917a-31958ec76475,jazz,free jazz,"free jazz, nostalgic atmosphere, featuring big band brass section","jazz, saxophone, piano",chirp-v4-5+,done,f72ee91e-3557-4487-901d-0b9009604ac7,cfb14896-7952-40ca-b11e-a5d2cbfbe018,c4ca8ddd-1e59-4669-a412-011d21ce8e8e,https://cdn.ttapi.io/suno/20260525/02f3185428d14f31859ab165061b79aa.mp3,https://cdn.ttapi.io/suno/20260525/8ce0395bbe974188afb7e33defb81c8b.mp3,audio/jazz/40b027bb-d4d9-4468-917a-31958ec76475_1.mp3,audio/jazz/40b027bb-d4d9-4468-917a-31958ec76475_2.mp3,jazz,2026-05-25T20:41:03.964016+00:00,2026-05-25T20:43:04.723445+00:00,
0f85d1b4-12be-48ce-a806-8b5d154892ee,jazz,latin jazz,"latin jazz, nostalgic atmosphere, featuring big band brass section","jazz, trumpet, swing",chirp-v4-5+,done,54e4e46e-c600-4b7d-aa8c-655eb61dd8ea,791fdbac-df41-4b57-9547-52e364ca89c3,dafda969-8e2e-493d-9d55-7b8af5631cd4,https://cdn.ttapi.io/suno/20260525/d5145ad10cf2403c8f851adeefbe36a5.mp3,https://cdn.ttapi.io/suno/20260525/4d57e5bd67b54c7d8eba84eac8cda2ef.mp3,audio/jazz/0f85d1b4-12be-48ce-a806-8b5d154892ee_1.mp3,audio/jazz/0f85d1b4-12be-48ce-a806-8b5d154892ee_2.mp3,jazz,2026-05-25T20:41:10.715239+00:00,2026-05-25T20:43:30.998785+00:00,
815e48fc-a19f-4fd9-9b18-431dcc564a7d,jazz,swing,"swing jazz, nostalgic atmosphere, featuring big band brass section","jazz, bass, drums",chirp-v4-5+,done,c43739e0-0db7-4deb-807b-931a0395bd85,356408de-adfa-4e6a-9fc5-8dd5cefa621a,da1fdc68-dc66-4a22-9fd8-c4df1d34f439,https://cdn.ttapi.io/suno/20260525/964c6e595ebc494ea9beb0466ab3a8c0.mp3,https://cdn.ttapi.io/suno/20260525/dd422a7cdb5e4f6ca8cb52579e92a203.mp3,audio/jazz/815e48fc-a19f-4fd9-9b18-431dcc564a7d_1.mp3,audio/jazz/815e48fc-a19f-4fd9-9b18-431dcc564a7d_2.mp3,jazz,2026-05-25T20:41:16.711740+00:00,2026-05-25T20:43:23.917624+00:00,
4751c927-448b-4895-a8fa-6e8b6d1658fb,jazz,modal jazz,"modal jazz, nostalgic atmosphere, featuring big band brass section","jazz, guitar, bossa nova",chirp-v4-5+,done,33e5acc8-2ec2-4169-937d-c44033b8a2ec,90710002-e7ef-4d76-b416-9667421b8e5d,2eaa11dd-fada-44df-8009-73241cee21ab,https://cdn.ttapi.io/suno/20260525/6f211f6951b0483f99e7b4e7b4ebcbc5.mp3,https://cdn.ttapi.io/suno/20260525/72447d88f2614d5182b7119f6f166e62.mp3,audio/jazz/4751c927-448b-4895-a8fa-6e8b6d1658fb_1.mp3,audio/jazz/4751c927-448b-4895-a8fa-6e8b6d1658fb_2.mp3,jazz,2026-05-25T20:41:36.357113+00:00,2026-05-25T20:43:24.100833+00:00,
e3132f20-0117-4515-b1ea-a3f99814a92b,jazz,post-bop,"post-bop jazz, nostalgic atmosphere, featuring big band brass section","jazz, fusion, electric",chirp-v4-5+,done,715c0e3e-efeb-4c6c-af62-681b3bc70892,f78e5972-8c43-4680-ba72-294376c162a5,49400830-ae21-46b1-bece-dc07981ce40c,https://cdn.ttapi.io/suno/20260525/0679c389e06546caba0a12c9a3c119f5.mp3,https://cdn.ttapi.io/suno/20260525/02d883366b2c48d385ed23c56d4af135.mp3,audio/jazz/e3132f20-0117-4515-b1ea-a3f99814a92b_1.mp3,audio/jazz/e3132f20-0117-4515-b1ea-a3f99814a92b_2.mp3,jazz,2026-05-25T20:41:43.779745+00:00,2026-05-25T20:43:38.339312+00:00,
365bf4a2-ece8-49ae-bf58-52c92bbc947a,jazz,bebop,"bebop jazz, romantic atmosphere, featuring big band brass section","jazz, saxophone, piano",chirp-v4-5+,done,a4132b76-c624-42d9-b1d9-942bc398fc48,3511c72b-efbd-4ae2-a5f0-fabe9bb31247,9c575bc6-db2c-41a1-8bcc-1262d06198ae,https://cdn.ttapi.io/suno/20260525/255acd40b1d24fa4bd40d21ba1176c53.mp3,https://cdn.ttapi.io/suno/20260525/7d192f455aa24bcebf2362c1c7552386.mp3,audio/jazz/365bf4a2-ece8-49ae-bf58-52c92bbc947a_1.mp3,audio/jazz/365bf4a2-ece8-49ae-bf58-52c92bbc947a_2.mp3,jazz,2026-05-25T20:41:45.070892+00:00,2026-05-25T20:43:53.386790+00:00,
f7587786-3ecd-47f7-860c-4efe11adb291,jazz,cool jazz,"cool jazz, romantic atmosphere, featuring big band brass section","jazz, trumpet, swing",chirp-v4-5+,done,c1c4b0af-4ad1-4080-a6f8-0828999c8fc8,9476c479-d93d-4ba6-9e8a-b4ecb852ef48,984f11c0-23f1-471f-bd60-509015d6808c,https://cdn.ttapi.io/suno/20260525/b9bea468872e43e2ba95f8927366660a.mp3,https://cdn.ttapi.io/suno/20260525/c4c4bb046b834046add326a8e9b7acbe.mp3,audio/jazz/f7587786-3ecd-47f7-860c-4efe11adb291_1.mp3,audio/jazz/f7587786-3ecd-47f7-860c-4efe11adb291_2.mp3,jazz,2026-05-25T20:41:46.367404+00:00,2026-05-25T20:43:31.364886+00:00,
0ca97e70-6b4b-4bf2-84d3-02ac391c0e6d,jazz,fusion,"fusion jazz, romantic atmosphere, featuring big band brass section","jazz, bass, drums",chirp-v4-5+,done,df617010-a083-4990-9794-1a85587d1e89,a7f8f486-fae2-4c22-8467-615c15ccc684,0ba69d0a-d382-430e-8d87-15360c2f441c,https://cdn.ttapi.io/suno/20260525/4a8318bc1b604a51a5db3f6e8f96268f.mp3,https://cdn.ttapi.io/suno/20260525/1e4292b19d214460966d32b282ac533a.mp3,audio/jazz/0ca97e70-6b4b-4bf2-84d3-02ac391c0e6d_1.mp3,audio/jazz/0ca97e70-6b4b-4bf2-84d3-02ac391c0e6d_2.mp3,jazz,2026-05-25T20:41:53.390547+00:00,2026-05-25T20:44:09.362820+00:00,
602347aa-c032-43d2-bbf5-6c8ffc71886d,jazz,smooth jazz,"smooth jazz, romantic atmosphere, featuring big band brass section","jazz, guitar, bossa nova",chirp-v4-5+,done,79e6926d-ca9a-4cdd-bcb0-02784f1f50dc,7dccb20e-aa10-4326-890a-4cef0f10fbee,a203fe6d-1b7b-4773-9e17-2affc2e9c56a,https://cdn.ttapi.io/suno/20260525/1ade081e7c924710a3b7a51ae9f9ab1a.mp3,https://cdn.ttapi.io/suno/20260525/66e6c25a66ea473ebfdd1705ab4bb17d.mp3,audio/jazz/602347aa-c032-43d2-bbf5-6c8ffc71886d_1.mp3,audio/jazz/602347aa-c032-43d2-bbf5-6c8ffc71886d_2.mp3,jazz,2026-05-25T20:41:54.675457+00:00,2026-05-25T20:43:38.719100+00:00,
38d54922-5110-45a2-bbcb-a2419422d9f2,jazz,hard bop,"hard bop jazz, romantic atmosphere, featuring big band brass section","jazz, fusion, electric",chirp-v4-5+,done,6f1dcce9-8186-4ead-b156-3233719963c6,dace1926-a766-4776-a563-7b0117f948b2,26b5a92e-b8f5-41e8-b3fb-8549eff62f1e,https://cdn.ttapi.io/suno/20260525/159613f115b24d4da8c22ba5d7167527.mp3,https://cdn.ttapi.io/suno/20260525/e888153d0acc4708989b56e13e0f15e3.mp3,audio/jazz/38d54922-5110-45a2-bbcb-a2419422d9f2_1.mp3,audio/jazz/38d54922-5110-45a2-bbcb-a2419422d9f2_2.mp3,jazz,2026-05-25T20:41:55.974427+00:00,2026-05-25T20:43:53.670475+00:00,
d1f752f5-cd12-4972-a4aa-b4347a0fc340,jazz,free jazz,"free jazz, romantic atmosphere, featuring big band brass section","jazz, saxophone, piano",chirp-v4-5+,done,c631a482-fe27-4ee4-a1fe-ed3f51747bb1,d265ef5b-883c-477b-97d6-22df0a6f5592,1695844a-fbb5-4abe-b8e4-642ec1bb3ec1,https://cdn.ttapi.io/suno/20260525/f71e9a1973004f5f9e072d3b57ce9854.mp3,https://cdn.ttapi.io/suno/20260525/e430f0604640496d9301c82c71cdc26e.mp3,audio/jazz/d1f752f5-cd12-4972-a4aa-b4347a0fc340_1.mp3,audio/jazz/d1f752f5-cd12-4972-a4aa-b4347a0fc340_2.mp3,jazz,2026-05-25T20:42:02.141479+00:00,2026-05-25T20:44:09.522061+00:00,
fc4efb0f-501d-4c9c-ad71-ce86ececd20f,jazz,latin jazz,"latin jazz, romantic atmosphere, featuring big band brass section","jazz, trumpet, swing",chirp-v4-5+,done,c88a4141-e719-45d2-924d-f08acabd5916,5d125af4-b1c2-4b13-a9aa-46e5c9fa47d8,243593aa-a55e-4d82-860d-4cff44c118dc,https://cdn.ttapi.io/suno/20260525/69836c1e0f3a4c2f999b97f0978368b5.mp3,https://cdn.ttapi.io/suno/20260525/40e6052a5557445e81b8c5fea5841b71.mp3,audio/jazz/fc4efb0f-501d-4c9c-ad71-ce86ececd20f_1.mp3,audio/jazz/fc4efb0f-501d-4c9c-ad71-ce86ececd20f_2.mp3,jazz,2026-05-25T20:42:03.389357+00:00,2026-05-25T20:43:39.103603+00:00,
157c9d6e-223f-461d-9c42-78ee2a8d169f,jazz,swing,"swing jazz, romantic atmosphere, featuring big band brass section","jazz, bass, drums",chirp-v4-5+,done,c17226c5-f5db-4312-9f36-0b2ca1b72f45,a117f3e0-8500-4b6d-809e-50ab3e253558,473fcf17-3876-4ae6-aa4b-bcbb1a8cbc46,https://cdn.ttapi.io/suno/20260525/8c6f98a2846a47e68ce123748d0a3f24.mp3,https://cdn.ttapi.io/suno/20260525/7ab6e703a24a41dc81b8f2194d52375c.mp3,audio/jazz/157c9d6e-223f-461d-9c42-78ee2a8d169f_1.mp3,audio/jazz/157c9d6e-223f-461d-9c42-78ee2a8d169f_2.mp3,jazz,2026-05-25T20:42:04.634703+00:00,2026-05-25T20:43:39.207190+00:00,
d86a0215-d907-4fc6-8aff-283cc27b27ac,jazz,modal jazz,"modal jazz, romantic atmosphere, featuring big band brass section","jazz, guitar, bossa nova",chirp-v4-5+,done,2e50550a-2f0a-4206-9cfc-2acc54f1fe58,f3799fd4-d23a-4770-9bbd-d88c3e103e51,99ab694b-254d-432b-ae54-9aa17e3e3743,https://cdn.ttapi.io/suno/20260525/a58ed4a9f68f4bd7bf28d401c52c57b9.mp3,https://cdn.ttapi.io/suno/20260525/cc1d501d806a4fe3a72a6062e6d6fa92.mp3,audio/jazz/d86a0215-d907-4fc6-8aff-283cc27b27ac_1.mp3,audio/jazz/d86a0215-d907-4fc6-8aff-283cc27b27ac_2.mp3,jazz,2026-05-25T20:42:10.477772+00:00,2026-05-25T20:44:09.628088+00:00,
06155f5c-37b6-44d5-b126-e70e65ee4e7d,jazz,post-bop,"post-bop jazz, romantic atmosphere, featuring big band brass section","jazz, fusion, electric",chirp-v4-5+,done,8e01ec8f-f91a-4bdf-9dc7-3ffb09750bd0,168118e8-b4ff-48f8-a92f-fc8ab5dafec2,0e225b41-6df0-4c4a-bde6-c335d94f384c,https://cdn.ttapi.io/suno/20260525/4e41402c08ba49bbaf98136ba16dd7c5.mp3,https://cdn.ttapi.io/suno/20260525/8f26eb5bde8b488899d8d52d392b806e.mp3,audio/jazz/06155f5c-37b6-44d5-b126-e70e65ee4e7d_1.mp3,audio/jazz/06155f5c-37b6-44d5-b126-e70e65ee4e7d_2.mp3,jazz,2026-05-25T20:42:30.096524+00:00,2026-05-25T20:44:09.759267+00:00,
56afa7cf-238d-4a32-b298-7438a8eaa1eb,jazz,bebop,"bebop jazz, brooding atmosphere, featuring big band brass section","jazz, saxophone, piano",chirp-v4-5+,done,59999bcb-fe08-4022-9a53-f0647aed2ea8,4038b79d-725d-46ad-9fb5-bce6e881ba7f,54fa4cca-71a8-464a-92cd-bb00b5669fe9,https://cdn.ttapi.io/suno/20260525/3735d348c4b34d7896e43829021d0f1f.mp3,https://cdn.ttapi.io/suno/20260525/837360e9f7da4abda763d10fce9a9fa7.mp3,audio/jazz/56afa7cf-238d-4a32-b298-7438a8eaa1eb_1.mp3,audio/jazz/56afa7cf-238d-4a32-b298-7438a8eaa1eb_2.mp3,jazz,2026-05-25T20:43:01.722713+00:00,2026-05-25T20:44:32.937389+00:00,
1b508933-51b2-462f-a825-045c745ba558,jazz,cool jazz,"cool jazz, brooding atmosphere, featuring big band brass section","jazz, trumpet, swing",chirp-v4-5+,done,1eb19370-0ed1-4ce0-b7c5-b41dd48f6eb0,ca0eb864-66db-4227-92c6-55151b58e6e0,dad3562e-f69c-4de4-b515-2d603565e500,https://cdn.ttapi.io/suno/20260525/0bfb1459ee7145c89a381c853ebb9411.mp3,https://cdn.ttapi.io/suno/20260525/ade0b974eda04432a48c7a9415633ca3.mp3,audio/jazz/1b508933-51b2-462f-a825-045c745ba558_1.mp3,audio/jazz/1b508933-51b2-462f-a825-045c745ba558_2.mp3,jazz,2026-05-25T20:43:13.398448+00:00,2026-05-25T20:45:02.578523+00:00,
b883daa3-ddc8-41d7-9c7d-06c69831a510,jazz,fusion,"fusion jazz, brooding atmosphere, featuring big band brass section","jazz, bass, drums",chirp-v4-5+,done,35ea0cf6-befe-4e6e-9dd2-5468b47bd500,1091e254-816d-4a12-a37d-5aa89d6a080d,63f46a66-7769-4c98-b9c6-467d08cc375f,https://cdn.ttapi.io/suno/20260525/5b6c6d3796a54bf8b22839c6f41fe615.mp3,https://cdn.ttapi.io/suno/20260525/60c6728f951f4bf490981e165f45061e.mp3,audio/jazz/b883daa3-ddc8-41d7-9c7d-06c69831a510_1.mp3,audio/jazz/b883daa3-ddc8-41d7-9c7d-06c69831a510_2.mp3,jazz,2026-05-25T20:43:14.718668+00:00,2026-05-25T20:45:02.750612+00:00,
e8378493-d1ce-44e1-8277-c6ddd184c80c,jazz,smooth jazz,"smooth jazz, brooding atmosphere, featuring big band brass section","jazz, guitar, bossa nova",chirp-v4-5+,done,89fac764-b188-498d-be64-d924035c263b,2b14ad51-dd5a-4cb2-8e59-992df318e177,6643eb73-7f3d-4cd0-abb6-124ed624bc82,https://cdn.ttapi.io/suno/20260525/41e33ec11e9b4c61bc51076539d92515.mp3,https://cdn.ttapi.io/suno/20260525/b553c3b0f81a48218d142a9348bbfd6f.mp3,audio/jazz/e8378493-d1ce-44e1-8277-c6ddd184c80c_1.mp3,audio/jazz/e8378493-d1ce-44e1-8277-c6ddd184c80c_2.mp3,jazz,2026-05-25T20:43:16.011395+00:00,2026-05-25T20:44:39.143391+00:00,
5edd1509-083e-4c04-90b6-15271861d8c2,jazz,hard bop,"hard bop jazz, brooding atmosphere, featuring big band brass section","jazz, fusion, electric",chirp-v4-5+,done,8e161ad9-0ea5-4166-9b0f-26ab697974a7,1b36116b-6386-4270-b22d-e68a068790c1,3d7b6736-37d8-42b1-a0e3-99a094399830,https://cdn.ttapi.io/suno/20260525/21c4315d39b44bdeab3f8596a1f46fef.mp3,https://cdn.ttapi.io/suno/20260525/6d6e926255fc4b458b6c3d228168df8b.mp3,audio/jazz/5edd1509-083e-4c04-90b6-15271861d8c2_1.mp3,audio/jazz/5edd1509-083e-4c04-90b6-15271861d8c2_2.mp3,jazz,2026-05-25T20:43:17.262358+00:00,2026-05-25T20:44:39.296744+00:00,
fefe9fbf-5d94-47f8-84d1-774205b530df,jazz,free jazz,"free jazz, brooding atmosphere, featuring big band brass section","jazz, saxophone, piano",chirp-v4-5+,done,59c15a08-4ddd-49fc-b9f7-e84d89f9bf09,4e7012b2-d21e-45e8-9cec-eaa7872d4a58,55dec3ce-3933-4ef6-9ead-be86b1d9f2e6,https://cdn.ttapi.io/suno/20260525/5abd015c1c6b42c0a21c6f3f6ade23d3.mp3,https://cdn.ttapi.io/suno/20260525/23eb9a80b2414242860bb6ec6a28f41e.mp3,audio/jazz/fefe9fbf-5d94-47f8-84d1-774205b530df_1.mp3,audio/jazz/fefe9fbf-5d94-47f8-84d1-774205b530df_2.mp3,jazz,2026-05-25T20:43:23.109917+00:00,2026-05-25T20:46:15.539146+00:00,
87f20177-1f3e-4a9e-bde0-d4345538f39b,jazz,latin jazz,"latin jazz, brooding atmosphere, featuring big band brass section","jazz, trumpet, swing",chirp-v4-5+,done,e1239fa6-f2cf-4371-ae58-05af6ddbdabf,497c430f-8366-4f56-93c8-c1687d5a388c,38b1d8af-ce62-4729-8873-3f964b0336b3,https://cdn.ttapi.io/suno/20260525/c42c30f0dd6b4f4f8a90ed4c8f3821de.mp3,https://cdn.ttapi.io/suno/20260525/4ebf5d68f49d48c88f6d0a313ebd1723.mp3,audio/jazz/87f20177-1f3e-4a9e-bde0-d4345538f39b_1.mp3,audio/jazz/87f20177-1f3e-4a9e-bde0-d4345538f39b_2.mp3,jazz,2026-05-25T20:43:29.020521+00:00,2026-05-25T20:44:39.523786+00:00,
bbe06552-3620-4c99-b815-6db1c3448214,jazz,swing,"swing jazz, brooding atmosphere, featuring big band brass section","jazz, bass, drums",chirp-v4-5+,done,582a5c53-8bc4-460f-acb7-d0a98bd03170,eff7966a-7e2a-48df-b653-4132811ceb87,777cef8f-805a-40eb-a2af-9e475ef8788c,https://cdn.ttapi.io/suno/20260525/53cf5daae010459daa2125467f4743d3.mp3,https://cdn.ttapi.io/suno/20260525/ccab83ae95a64e5483f121437aea53af.mp3,audio/jazz/bbe06552-3620-4c99-b815-6db1c3448214_1.mp3,audio/jazz/bbe06552-3620-4c99-b815-6db1c3448214_2.mp3,jazz,2026-05-25T20:43:30.287030+00:00,2026-05-25T20:44:39.624732+00:00,
22c980be-bc8c-49b2-b2cf-9f27360834cd,jazz,modal jazz,"modal jazz, brooding atmosphere, featuring big band brass section","jazz, guitar, bossa nova",chirp-v4-5+,done,8284baaa-65ca-423f-b3ab-95fd230feb1d,7893ba17-a813-4b33-91d9-8b54e2b37766,72bc1817-3758-481d-9752-9d0ce401445f,https://cdn.ttapi.io/suno/20260525/97aa4ad53aa34aa986790671bbe28606.mp3,https://cdn.ttapi.io/suno/20260525/6a1474643a3249da914fc158de76bfb9.mp3,audio/jazz/22c980be-bc8c-49b2-b2cf-9f27360834cd_1.mp3,audio/jazz/22c980be-bc8c-49b2-b2cf-9f27360834cd_2.mp3,jazz,2026-05-25T20:43:36.361277+00:00,2026-05-25T20:45:10.042356+00:00,
6b509963-f59a-46c2-aa27-66bbd4f1accb,jazz,post-bop,"post-bop jazz, brooding atmosphere, featuring big band brass section","jazz, fusion, electric",chirp-v4-5+,done,d083de82-ccfb-4746-b9a8-46661cfd6a9c,f652c0c2-20d8-4618-b603-9228b7a04c2f,26b80bad-4be9-4962-971a-7a025ec3a0ae,https://cdn.ttapi.io/suno/20260525/99a69857c9884e40b34bdfed3981b3c8.mp3,https://cdn.ttapi.io/suno/20260525/b8537ed1c2114ca78abcad5b6741d42c.mp3,audio/jazz/6b509963-f59a-46c2-aa27-66bbd4f1accb_1.mp3,audio/jazz/6b509963-f59a-46c2-aa27-66bbd4f1accb_2.mp3,jazz,2026-05-25T20:43:37.621473+00:00,2026-05-25T20:45:31.038802+00:00,
dac48879-a93b-4f83-8f5f-319ffec963d0,jazz,bebop,"bebop jazz, meditative atmosphere, featuring big band brass section","jazz, saxophone, piano",chirp-v4-5+,done,167bd447-25ae-4919-982b-0c36ff74c8ce,87f3d2c3-4c63-43d4-b768-2c874935e999,9a77aa35-1b97-48a6-819f-38aec9b6528c,https://cdn.ttapi.io/suno/20260525/97b0593bb67d4e25b79f68e2c4201f84.mp3,https://cdn.ttapi.io/suno/20260525/4adfc65f5d9c455c8b5c36bdff128ac1.mp3,audio/jazz/dac48879-a93b-4f83-8f5f-319ffec963d0_1.mp3,audio/jazz/dac48879-a93b-4f83-8f5f-319ffec963d0_2.mp3,jazz,2026-05-25T20:43:48.805703+00:00,2026-05-25T20:45:50.865937+00:00,
923eeb73-b954-46b0-8888-d479b428ae3b,jazz,cool jazz,"cool jazz, meditative atmosphere, featuring big band brass section","jazz, trumpet, swing",chirp-v4-5+,done,8764ebdd-a59b-4ab8-a28b-7e42eada33a7,297c336d-0737-4cde-88d2-cc5f4caab65e,8894f513-2434-449e-b33f-c3a24d90aaf2,https://cdn.ttapi.io/suno/20260525/8644df970f884b1caaece166736cd9bd.mp3,https://cdn.ttapi.io/suno/20260525/a48fe0ace8d846e8b974cbe0618f3324.mp3,audio/jazz/923eeb73-b954-46b0-8888-d479b428ae3b_1.mp3,audio/jazz/923eeb73-b954-46b0-8888-d479b428ae3b_2.mp3,jazz,2026-05-25T20:43:50.059973+00:00,2026-05-25T20:45:10.383959+00:00,
a9f12514-69e5-4380-9aa7-4454705fab73,jazz,fusion,"fusion jazz, meditative atmosphere, featuring big band brass section","jazz, bass, drums",chirp-v4-5+,done,7a9fac68-00b5-41a2-9ae3-b010173bd574,91c97b34-9f5b-4653-ae89-2c63fe4e423b,d8c8be31-5f19-4d28-98b2-c8973a92afaa,https://cdn.ttapi.io/suno/20260525/7425b5632d3748b598fa3950270343bc.mp3,https://cdn.ttapi.io/suno/20260525/71bb9838874d4de294f4d85af90db8be.mp3,audio/jazz/a9f12514-69e5-4380-9aa7-4454705fab73_1.mp3,audio/jazz/a9f12514-69e5-4380-9aa7-4454705fab73_2.mp3,jazz,2026-05-25T20:43:51.335291+00:00,2026-05-25T20:45:51.043088+00:00,
0ba2df13-e68b-495f-a4c6-fdd908d6a472,jazz,smooth jazz,"smooth jazz, meditative atmosphere, featuring big band brass section","jazz, guitar, bossa nova",chirp-v4-5+,done,409a3e03-f2de-4b51-9497-73de85fcd62d,33783b80-9446-4ec6-ace1-37649e96d789,89d6575d-72f6-4e68-abd4-3264e23ad6fc,https://cdn.ttapi.io/suno/20260525/0288ff1ff204466ebfdfa9bbaa72b1f1.mp3,https://cdn.ttapi.io/suno/20260525/afe2ac6d63bc475fa012a0ef8bcb5481.mp3,audio/jazz/0ba2df13-e68b-495f-a4c6-fdd908d6a472_1.mp3,audio/jazz/0ba2df13-e68b-495f-a4c6-fdd908d6a472_2.mp3,jazz,2026-05-25T20:43:52.717487+00:00,2026-05-25T20:45:58.126999+00:00,
06be6c19-df9b-40d2-8af5-4b81f5002049,jazz,hard bop,"hard bop jazz, meditative atmosphere, featuring big band brass section","jazz, fusion, electric",chirp-v4-5+,done,e3e107a8-20d5-4e14-810d-9da7a154dcfa,49132144-374c-4eaa-88f1-6abba18a7239,45f9b09c-8fc9-490a-b6f9-7b2f429a3077,https://cdn.ttapi.io/suno/20260525/4b49d6a1c0d545b5aa97bb9e8d3704d4.mp3,https://cdn.ttapi.io/suno/20260525/f810fc410b9a4203b9b10ae6984fbcf2.mp3,audio/jazz/06be6c19-df9b-40d2-8af5-4b81f5002049_1.mp3,audio/jazz/06be6c19-df9b-40d2-8af5-4b81f5002049_2.mp3,jazz,2026-05-25T20:44:07.422359+00:00,2026-05-25T20:45:58.296027+00:00,
9648ef00-d6b1-4b66-a71a-aeafbe030de0,jazz,free jazz,"free jazz, meditative atmosphere, featuring big band brass section","jazz, saxophone, piano",chirp-v4-5+,done,8dba58b2-11f9-4e76-84eb-67a5f7a8634e,3be7af59-abdb-4e8e-ade7-51236c6519da,949a837d-2b8a-469b-b1a2-14744133e72e,https://cdn.ttapi.io/suno/20260525/b2f0250148814b09a1be765ef456efe3.mp3,https://cdn.ttapi.io/suno/20260525/b859548b6af54555a0dfd085581a80c6.mp3,audio/jazz/9648ef00-d6b1-4b66-a71a-aeafbe030de0_1.mp3,audio/jazz/9648ef00-d6b1-4b66-a71a-aeafbe030de0_2.mp3,jazz,2026-05-25T20:44:08.656061+00:00,2026-05-25T20:46:15.712453+00:00,
21a7297e-eec7-4875-a4e7-333df5aaca6f,jazz,latin jazz,"latin jazz, meditative atmosphere, featuring big band brass section","jazz, trumpet, swing",chirp-v4-5+,done,67544fec-5e94-4ce0-8540-b7f4e1f2fd8b,1dd10cbe-a2d3-4afd-a63c-58112e3a1047,ef1bc8f2-7bff-4aeb-83e5-37f952de2259,https://cdn.ttapi.io/suno/20260525/8266b107ac4c4d64b2c8aa112a4dd095.mp3,https://cdn.ttapi.io/suno/20260525/2b93a968fce74077a3d478af4e7b01e0.mp3,audio/jazz/21a7297e-eec7-4875-a4e7-333df5aaca6f_1.mp3,audio/jazz/21a7297e-eec7-4875-a4e7-333df5aaca6f_2.mp3,jazz,2026-05-25T20:44:14.692037+00:00,2026-05-25T20:46:34.161930+00:00,
5d65f806-f185-4cd9-8df9-39b229af1249,jazz,swing,"swing jazz, meditative atmosphere, featuring big band brass section","jazz, bass, drums",chirp-v4-5+,done,fb2f9ce8-c1fe-4e9f-b68e-577932400468,c3fa6cdf-8c32-41d7-8c0a-cee098cd20a5,b6077dfb-21d5-4343-83c6-35c892c844c8,https://cdn.ttapi.io/suno/20260525/ae429ab0918f49eb8f9511f1c4600070.mp3,https://cdn.ttapi.io/suno/20260525/0005976d19ac4dc99a8c316e19661664.mp3,audio/jazz/5d65f806-f185-4cd9-8df9-39b229af1249_1.mp3,audio/jazz/5d65f806-f185-4cd9-8df9-39b229af1249_2.mp3,jazz,2026-05-25T20:44:15.958516+00:00,2026-05-25T20:45:58.580927+00:00,
4cedcca8-ee82-458f-b808-fb63735f01c8,jazz,modal jazz,"modal jazz, meditative atmosphere, featuring big band brass section","jazz, guitar, bossa nova",chirp-v4-5+,done,f884448f-10bf-4fe3-9e03-951813064842,f8efd7c2-4b76-4c86-b60f-d6ffcc85f9d9,abd3d091-f8f8-4c8b-8c2a-e039f997b2d5,https://cdn.ttapi.io/suno/20260525/7146fa29efa54f7d894dbf19b10976d8.mp3,https://cdn.ttapi.io/suno/20260525/aae8d7b01060406793afbc2605025dde.mp3,audio/jazz/4cedcca8-ee82-458f-b808-fb63735f01c8_1.mp3,audio/jazz/4cedcca8-ee82-458f-b808-fb63735f01c8_2.mp3,jazz,2026-05-25T20:44:17.285248+00:00,2026-05-25T20:45:58.692459+00:00,
7261f6d0-8aae-4fef-a172-f946be300588,jazz,post-bop,"post-bop jazz, meditative atmosphere, featuring big band brass section","jazz, fusion, electric",chirp-v4-5+,done,4031e379-599a-40bc-a1e9-3c265ed358a4,9ddd933e-1919-4d9e-ab26-c75a5babc693,9653875b-c3cc-47c7-a6df-37dd450299ce,https://cdn.ttapi.io/suno/20260525/2da4a527bdac4de3a77badbfa281bf34.mp3,https://cdn.ttapi.io/suno/20260525/e35028fcf08b464681c5ac2ff1a52296.mp3,audio/jazz/7261f6d0-8aae-4fef-a172-f946be300588_1.mp3,audio/jazz/7261f6d0-8aae-4fef-a172-f946be300588_2.mp3,jazz,2026-05-25T20:44:18.531135+00:00,2026-05-25T20:46:15.904755+00:00,
f2951b10-3726-43cf-90c4-e0f0c9194dc3,jazz,bebop,"bebop jazz, playful atmosphere, featuring big band brass section","jazz, saxophone, piano",chirp-v4-5+,done,6805f364-d9cd-4d32-bb6d-c3471090dc78,72b555a3-23d6-461f-8d6e-385c59163f0e,adcab9c7-7608-4371-93fe-2569391f8e02,https://cdn.ttapi.io/suno/20260525/096cfa9f3f1947fab88108d2cf0a4b22.mp3,https://cdn.ttapi.io/suno/20260525/fc49b6c1d7fd42a6a9d8698bdb9412b9.mp3,audio/jazz/f2951b10-3726-43cf-90c4-e0f0c9194dc3_1.mp3,audio/jazz/f2951b10-3726-43cf-90c4-e0f0c9194dc3_2.mp3,jazz,2026-05-25T20:44:38.240035+00:00,2026-05-25T20:46:34.337015+00:00,
9982b516-d880-4b29-87cf-72af71cd0102,jazz,cool jazz,"cool jazz, playful atmosphere, featuring big band brass section","jazz, trumpet, swing",chirp-v4-5+,done,549547c3-5b55-4e63-bde8-5c5dcbba1b0f,2b03f49d-060e-4427-97c5-793d428827e7,a3426bf0-338f-4492-bdc9-873d01b5e817,https://cdn.ttapi.io/suno/20260525/43c5d696473c4e38a7fe87e9ec26bd88.mp3,https://cdn.ttapi.io/suno/20260525/207ab3e1893144afb9018aee1c72c36b.mp3,audio/jazz/9982b516-d880-4b29-87cf-72af71cd0102_1.mp3,audio/jazz/9982b516-d880-4b29-87cf-72af71cd0102_2.mp3,jazz,2026-05-25T20:44:44.306130+00:00,2026-05-25T20:46:16.089948+00:00,
2b9ccdb3-efeb-4fe8-8f58-9ce4c961b0f5,jazz,fusion,"fusion jazz, playful atmosphere, featuring big band brass section","jazz, bass, drums",chirp-v4-5+,done,cc583836-17e4-4397-a538-c39ca6941728,743b3f87-6d3e-49e1-9676-b5de216237f8,2edabcfc-bd97-403b-8599-bc1b7175fae5,https://cdn.ttapi.io/suno/20260525/bb235f52d4dd4d8fba4e802ae4b6d894.mp3,https://cdn.ttapi.io/suno/20260525/8d41428694a241b884906cfb54cf85e9.mp3,audio/jazz/2b9ccdb3-efeb-4fe8-8f58-9ce4c961b0f5_1.mp3,audio/jazz/2b9ccdb3-efeb-4fe8-8f58-9ce4c961b0f5_2.mp3,jazz,2026-05-25T20:44:45.605081+00:00,2026-05-25T20:46:16.187035+00:00,
c40d2cd2-e811-4860-b230-4fa5229a5879,jazz,smooth jazz,"smooth jazz, playful atmosphere, featuring big band brass section","jazz, guitar, bossa nova",chirp-v4-5+,done,a8b7ed87-cda3-4bb4-811e-350954a41380,c097bb2c-aaad-47a3-afd9-b967663e2c97,af39042b-7f56-45fb-88b1-c1311f7ff56e,https://cdn.ttapi.io/suno/20260525/a8b12ab0b165475994129b927305b273.mp3,https://cdn.ttapi.io/suno/20260525/f9660342101c4acca24bc7877789d827.mp3,audio/jazz/c40d2cd2-e811-4860-b230-4fa5229a5879_1.mp3,audio/jazz/c40d2cd2-e811-4860-b230-4fa5229a5879_2.mp3,jazz,2026-05-25T20:44:46.839519+00:00,2026-05-25T20:46:08.751584+00:00,
70e22d39-48f1-4d19-8d52-15ae91066790,jazz,hard bop,"hard bop jazz, playful atmosphere, featuring big band brass section","jazz, fusion, electric",chirp-v4-5+,done,c6b33452-7598-4435-8784-00fc7c1cb878,7c358d54-2bd0-42d6-9f84-7aa88430ceae,8399755c-71b7-4ca0-ac43-13d2e12c915f,https://cdn.ttapi.io/suno/20260525/6aca7d8949714ff88d1a8c6b7dec0e53.mp3,https://cdn.ttapi.io/suno/20260525/8cca83e279c94434bb0943549e17f55f.mp3,audio/jazz/70e22d39-48f1-4d19-8d52-15ae91066790_1.mp3,audio/jazz/70e22d39-48f1-4d19-8d52-15ae91066790_2.mp3,jazz,2026-05-25T20:44:48.134289+00:00,2026-05-25T20:46:08.898004+00:00,
4fc1b988-4f66-4044-a590-d690372c58ab,jazz,free jazz,"free jazz, playful atmosphere, featuring big band brass section","jazz, saxophone, piano",chirp-v4-5+,done,373c98ee-2d5d-43dd-910b-d66a15b1d48e,f35dd156-90d1-44cd-bd9b-407385947c98,5d4c4fca-a590-491d-b290-67dc7fbcf8d1,https://cdn.ttapi.io/suno/20260525/30ce45653af84417928b7f4e742c2451.mp3,https://cdn.ttapi.io/suno/20260525/f310db452de4444c9de57772201515a5.mp3,audio/jazz/4fc1b988-4f66-4044-a590-d690372c58ab_1.mp3,audio/jazz/4fc1b988-4f66-4044-a590-d690372c58ab_2.mp3,jazz,2026-05-25T20:45:07.917282+00:00,2026-05-25T20:46:16.281296+00:00,
fdd32246-f7c1-430b-98cb-759f5ce35488,jazz,latin jazz,"latin jazz, playful atmosphere, featuring big band brass section","jazz, trumpet, swing",chirp-v4-5+,done,543bb865-bb91-4eaa-a078-7243dd5c7b58,6b8ed0b9-ffd2-402d-8055-ddb69109f5e6,c9fb15ea-699c-4e11-b87c-653084a6f74d,https://cdn.ttapi.io/suno/20260525/e023e6d676ea4aea9b215b785cfefc6c.mp3,https://cdn.ttapi.io/suno/20260525/5591b8912a5f4181b015c6a8f5188d38.mp3,audio/jazz/fdd32246-f7c1-430b-98cb-759f5ce35488_1.mp3,audio/jazz/fdd32246-f7c1-430b-98cb-759f5ce35488_2.mp3,jazz,2026-05-25T20:45:09.229146+00:00,2026-05-25T20:46:34.445812+00:00,
338704de-5d4b-4088-b79f-2ba1dbee84de,jazz,swing,"swing jazz, playful atmosphere, featuring big band brass section","jazz, bass, drums",chirp-v4-5+,done,c72e90a3-7cdc-4490-bb48-bccfe49bbb5d,72cb96eb-092e-43c9-ac4f-09a3144ce385,25cfe774-4e23-46ac-9b04-df6c70403dd5,https://cdn.ttapi.io/suno/20260525/7492362cb0454c57977be510325029eb.mp3,https://cdn.ttapi.io/suno/20260525/6d0b3a314d8447ed86e0c3ae25b5eb62.mp3,audio/jazz/338704de-5d4b-4088-b79f-2ba1dbee84de_1.mp3,audio/jazz/338704de-5d4b-4088-b79f-2ba1dbee84de_2.mp3,jazz,2026-05-25T20:45:15.244049+00:00,2026-05-25T20:46:34.542868+00:00,
94f9732a-2d44-441b-a9bd-260eb88e4a4c,jazz,modal jazz,"modal jazz, playful atmosphere, featuring big band brass section","jazz, guitar, bossa nova",chirp-v4-5+,done,4e10485f-8644-4143-87b7-10c58b38c559,9c361af3-8c45-4d43-8455-a5073f6dafb8,8c983033-2c10-4814-aaca-8f6ca8005002,https://cdn.ttapi.io/suno/20260525/c940d008f6b74ec5b5f0810d939de847.mp3,https://cdn.ttapi.io/suno/20260525/412a73e8762d479d8899f25d6692aca4.mp3,audio/jazz/94f9732a-2d44-441b-a9bd-260eb88e4a4c_1.mp3,audio/jazz/94f9732a-2d44-441b-a9bd-260eb88e4a4c_2.mp3,jazz,2026-05-25T20:45:16.556721+00:00,2026-05-25T20:47:15.239342+00:00,
a09dc684-c93d-441a-af53-0f2767d402a0,jazz,post-bop,"post-bop jazz, playful atmosphere, featuring big band brass section","jazz, fusion, electric",chirp-v4-5+,done,b1723b9f-5398-4f84-b73d-1025ec661335,a2c8dc6b-8863-4af9-b400-6c9c0c2be039,621b4b33-5ed5-4495-ac3e-69100b8d7ae2,https://cdn.ttapi.io/suno/20260525/6cf885c949a24687a9842780fb6ad219.mp3,https://cdn.ttapi.io/suno/20260525/dd9918a0725842bc8b58bc5e3b18e5ac.mp3,audio/jazz/a09dc684-c93d-441a-af53-0f2767d402a0_1.mp3,audio/jazz/a09dc684-c93d-441a-af53-0f2767d402a0_2.mp3,jazz,2026-05-25T20:45:36.465019+00:00,2026-05-25T20:46:44.107509+00:00,
903f16ab-4651-479b-a598-5321c356886b,jazz,bebop,"bebop jazz, late-night atmosphere, featuring organ trio with Hammond B3","jazz, saxophone, piano",chirp-v4-5+,done,28c0ad5b-ca23-4ea7-83d5-791865c54255,5a0d35ee-d4ef-4d0f-b2ff-80546a056e6e,0e31630d-c229-4ec2-b171-fa6156d92504,https://cdn.ttapi.io/suno/20260525/f071f6dbb28445ea99c8cba90605b307.mp3,https://cdn.ttapi.io/suno/20260525/3872a5fdaad543118a83f79a64ac6cfa.mp3,audio/jazz/903f16ab-4651-479b-a598-5321c356886b_1.mp3,audio/jazz/903f16ab-4651-479b-a598-5321c356886b_2.mp3,jazz,2026-05-25T20:45:56.030256+00:00,2026-05-25T20:47:36.202686+00:00,
530a7ad1-45d9-4639-994b-252c0ec0f103,jazz,cool jazz,"cool jazz, late-night atmosphere, featuring organ trio with Hammond B3","jazz, trumpet, swing",chirp-v4-5+,done,aa046769-0812-4dad-adac-0bbf694b1b8a,f74499c5-e540-4986-96f0-8740ae70ba7d,9c00bbc5-f7c6-444f-a1d0-4a8b9bbb5fa7,https://cdn.ttapi.io/suno/20260525/91775425ca4b45b7ab8f67d0b954453c.mp3,https://cdn.ttapi.io/suno/20260525/1a32ec42e2a84f61a907cf1dc0cd3b37.mp3,audio/jazz/530a7ad1-45d9-4639-994b-252c0ec0f103_1.mp3,audio/jazz/530a7ad1-45d9-4639-994b-252c0ec0f103_2.mp3,jazz,2026-05-25T20:45:57.301302+00:00,2026-05-25T20:47:15.523444+00:00,
f652327e-cee0-4eef-8ddc-bc50c34bdc28,jazz,fusion,"fusion jazz, late-night atmosphere, featuring organ trio with Hammond B3","jazz, bass, drums",chirp-v4-5+,done,7a802965-0e72-430e-90e6-0423fddd2e6f,a58d37e6-cded-49f6-b042-b4d0ff0eff9f,a0b2d921-b9d0-4979-944c-37285e396b99,https://cdn.ttapi.io/suno/20260525/a95084a98270482b91b314629d29fecd.mp3,https://cdn.ttapi.io/suno/20260525/fd1756e6d5374025b1477235f4c368d3.mp3,audio/jazz/f652327e-cee0-4eef-8ddc-bc50c34bdc28_1.mp3,audio/jazz/f652327e-cee0-4eef-8ddc-bc50c34bdc28_2.mp3,jazz,2026-05-25T20:46:03.558883+00:00,2026-05-25T20:47:36.374843+00:00,
b92aa555-7677-4805-a009-562c4a1fdf97,jazz,smooth jazz,"smooth jazz, late-night atmosphere, featuring organ trio with Hammond B3","jazz, guitar, bossa nova",chirp-v4-5+,done,073d899b-a755-44ff-a061-44921e6adb55,854ebc75-518c-4606-8979-ae9e6939a52c,068eb60f-4464-4762-b764-9fb08dae446e,https://cdn.ttapi.io/suno/20260525/ed49dbdcf1254f7ebe60cf3bcbc03864.mp3,https://cdn.ttapi.io/suno/20260525/19c28cbe4e4d4897b707a5fce04bb260.mp3,audio/jazz/b92aa555-7677-4805-a009-562c4a1fdf97_1.mp3,audio/jazz/b92aa555-7677-4805-a009-562c4a1fdf97_2.mp3,jazz,2026-05-25T20:46:04.852758+00:00,2026-05-25T20:48:24.749630+00:00,
ec38619b-c290-4cea-9d18-87edac8cc6ae,jazz,hard bop,"hard bop jazz, late-night atmosphere, featuring organ trio with Hammond B3","jazz, fusion, electric",chirp-v4-5+,done,f1c738c9-31a1-49ce-a6d1-38f8ead3e29d,9f650a8d-d3d4-4e52-8cdf-a5d0dd58dd0d,98df805a-2429-4457-82b6-5a50dab874a9,https://cdn.ttapi.io/suno/20260525/40b3e6ae21774073abdcf7c7628cde06.mp3,https://cdn.ttapi.io/suno/20260525/0014ff17ddfc4414999bdac827b24b2a.mp3,audio/jazz/ec38619b-c290-4cea-9d18-87edac8cc6ae_1.mp3,audio/jazz/ec38619b-c290-4cea-9d18-87edac8cc6ae_2.mp3,jazz,2026-05-25T20:46:06.084672+00:00,2026-05-25T20:48:09.375848+00:00,
e5892fb4-733d-42a4-a227-cf6c83d57b9f,jazz,free jazz,"free jazz, late-night atmosphere, featuring organ trio with Hammond B3","jazz, saxophone, piano",chirp-v4-5+,done,006c1c6f-0828-4cd7-8315-586b88c7ee9c,5c21d1f8-ccaa-47bd-9b53-d1a4f14b314b,75630118-f3fe-4231-898d-7f492d61a343,https://cdn.ttapi.io/suno/20260525/9e27d70e0ec944f58307a63944626b39.mp3,https://cdn.ttapi.io/suno/20260525/360ad200b56c47d4a69c99bdf3178963.mp3,audio/jazz/e5892fb4-733d-42a4-a227-cf6c83d57b9f_1.mp3,audio/jazz/e5892fb4-733d-42a4-a227-cf6c83d57b9f_2.mp3,jazz,2026-05-25T20:46:07.374987+00:00,2026-05-25T20:48:24.897155+00:00,
e50cc0f6-2822-41fa-ba5e-3b70bde7ec77,jazz,latin jazz,"latin jazz, late-night atmosphere, featuring organ trio with Hammond B3","jazz, trumpet, swing",chirp-v4-5+,done,94692686-a28f-40c8-b21b-6c4fcde819b7,09ce5824-75d3-477e-8e68-23f5200dfdcd,e73c354a-a203-499d-af95-85dfc60af686,https://cdn.ttapi.io/suno/20260525/3fed32fbbd764bc6bcf689f3c8fddae0.mp3,https://cdn.ttapi.io/suno/20260525/1129090d48cd4b85b493c1e5743552d4.mp3,audio/jazz/e50cc0f6-2822-41fa-ba5e-3b70bde7ec77_1.mp3,audio/jazz/e50cc0f6-2822-41fa-ba5e-3b70bde7ec77_2.mp3,jazz,2026-05-25T20:46:13.481003+00:00,2026-05-25T20:48:15.548993+00:00,
342aaf9d-efd0-4c1a-856e-1f097a4cf263,jazz,swing,"swing jazz, late-night atmosphere, featuring organ trio with Hammond B3","jazz, bass, drums",chirp-v4-5+,done,13c83c8e-1673-4c64-9ff5-bfdf1e2c80eb,feb73f6b-8bd1-4654-b2a1-17875c1f7197,e2038383-5195-4013-9cc6-4a513fa353b4,https://cdn.ttapi.io/suno/20260525/a25ff259c3624939ad912b1f1104d8b6.mp3,https://cdn.ttapi.io/suno/20260525/1b40ed0270d54ab5957cc2cb81883b6d.mp3,audio/jazz/342aaf9d-efd0-4c1a-856e-1f097a4cf263_1.mp3,audio/jazz/342aaf9d-efd0-4c1a-856e-1f097a4cf263_2.mp3,jazz,2026-05-25T20:46:14.804183+00:00,2026-05-25T20:48:34.830157+00:00,
04dfd3da-fa97-4d6f-8784-668687b874ef,jazz,modal jazz,"modal jazz, late-night atmosphere, featuring organ trio with Hammond B3","jazz, guitar, bossa nova",chirp-v4-5+,done,99f39d1b-2faa-4859-a334-8292d280ac45,82b711f2-31a8-4a90-b065-855a266a7339,92de3ed1-2c5c-4516-8e51-d4cde3aacca2,https://cdn.ttapi.io/suno/20260525/aadb71ab2b6f4d699db9b17666c20f10.mp3,https://cdn.ttapi.io/suno/20260525/9d60cf2e7826422ab98a61acff5f1b8e.mp3,audio/jazz/04dfd3da-fa97-4d6f-8784-668687b874ef_1.mp3,audio/jazz/04dfd3da-fa97-4d6f-8784-668687b874ef_2.mp3,jazz,2026-05-25T20:46:26.943692+00:00,2026-05-25T20:48:44.132280+00:00,
219d1489-bf6c-4e87-b5d5-69f0a72b0128,jazz,post-bop,"post-bop jazz, late-night atmosphere, featuring organ trio with Hammond B3","jazz, fusion, electric",chirp-v4-5+,done,42842e4b-5400-4ce0-8f5e-93fe04af5136,01231ac8-85f0-489c-946b-177f374059a9,24c31f32-c670-4993-984c-f20aced6221e,https://cdn.ttapi.io/suno/20260525/078f4f1aa1db4d6fad2daa705547ca1b.mp3,https://cdn.ttapi.io/suno/20260525/cb1862baef6e45559b19f63374fc6513.mp3,audio/jazz/219d1489-bf6c-4e87-b5d5-69f0a72b0128_1.mp3,audio/jazz/219d1489-bf6c-4e87-b5d5-69f0a72b0128_2.mp3,jazz,2026-05-25T20:46:28.256605+00:00,2026-05-25T20:48:25.183471+00:00,
d5714cb1-7b84-44d4-ace8-261bfd01f79c,jazz,bebop,"bebop jazz, melancholic atmosphere, featuring organ trio with Hammond B3","jazz, saxophone, piano",chirp-v4-5+,done,0766cdf7-9acd-4b50-a082-0ff7b98369da,8136e9c7-3543-4dc9-95ee-78d8dc6d72ff,994d2104-146d-47aa-ae08-c6e83b328efb,https://cdn.ttapi.io/suno/20260525/1a21ee917bd3487fa60ed25099e51ce6.mp3,https://cdn.ttapi.io/suno/20260525/a0786efa47f74fbd8637180371faff9f.mp3,audio/jazz/d5714cb1-7b84-44d4-ace8-261bfd01f79c_1.mp3,audio/jazz/d5714cb1-7b84-44d4-ace8-261bfd01f79c_2.mp3,jazz,2026-05-25T20:46:29.566012+00:00,2026-05-25T20:48:35.098171+00:00,
73036ddb-14e1-46ac-99f8-dbc906e00483,jazz,cool jazz,"cool jazz, melancholic atmosphere, featuring organ trio with Hammond B3","jazz, trumpet, swing",chirp-v4-5+,done,1b8099b9-85a4-45d5-afff-7062180a32ba,6f2a60c1-ac10-439e-881f-501ebcd7eb9b,5e07162a-af87-4ef3-980b-10b07034fc95,https://cdn.ttapi.io/suno/20260525/2e00da5b784844628e48e96f7acea43a.mp3,https://cdn.ttapi.io/suno/20260525/22e6a518a1cd4d41816ff705d600fc21.mp3,audio/jazz/73036ddb-14e1-46ac-99f8-dbc906e00483_1.mp3,audio/jazz/73036ddb-14e1-46ac-99f8-dbc906e00483_2.mp3,jazz,2026-05-25T20:46:30.888909+00:00,2026-05-25T20:49:05.879522+00:00,
6fe8b0bc-045b-4143-9d15-52a612bfff37,jazz,fusion,"fusion jazz, melancholic atmosphere, featuring organ trio with Hammond B3","jazz, bass, drums",chirp-v4-5+,done,65cfa8fe-c95d-4508-850c-56c54a9dca8a,0c89b623-ecc1-4a27-b01d-669c55cd3fc4,5a187ce6-c208-4fe0-ab0c-984d5ae4f460,https://cdn.ttapi.io/suno/20260525/fc9099b499ca400eab54536c40004e63.mp3,https://cdn.ttapi.io/suno/20260525/36e9b9cfb8fb4d1796c4f5716763f313.mp3,audio/jazz/6fe8b0bc-045b-4143-9d15-52a612bfff37_1.mp3,audio/jazz/6fe8b0bc-045b-4143-9d15-52a612bfff37_2.mp3,jazz,2026-05-25T20:46:32.168701+00:00,2026-05-25T20:49:25.630246+00:00,
34ec63b1-f656-47f4-89fb-55693c24ee93,jazz,smooth jazz,"smooth jazz, melancholic atmosphere, featuring organ trio with Hammond B3","jazz, guitar, bossa nova",chirp-v4-5+,done,7f048982-8a60-4516-9e01-4d612b8e1fdc,53d5f04e-108d-42c0-af33-e3dfc06cd0ed,c111a10f-749e-4104-9c0e-d3515d62a8c7,https://cdn.ttapi.io/suno/20260525/a3a663356d7b4a18a10aa628e6aec20d.mp3,https://cdn.ttapi.io/suno/20260525/d210a671a9474854876e9e1f9823c5b4.mp3,audio/jazz/34ec63b1-f656-47f4-89fb-55693c24ee93_1.mp3,audio/jazz/34ec63b1-f656-47f4-89fb-55693c24ee93_2.mp3,jazz,2026-05-25T20:46:33.461889+00:00,2026-05-25T20:48:44.488143+00:00,
ca633c30-9a72-4f0c-b9f4-ed2b5ee48856,jazz,hard bop,"hard bop jazz, melancholic atmosphere, featuring organ trio with Hammond B3","jazz, fusion, electric",chirp-v4-5+,done,c04a41b4-44d6-4e69-aea1-db71a83526e5,fb1a0792-e090-4e64-8b33-9528e34b6920,cbc4d7b1-6f8b-4b7e-b831-555d1b46d529,https://cdn.ttapi.io/suno/20260525/a5d2dc25f4114ebc937fc7386fb044f5.mp3,https://cdn.ttapi.io/suno/20260525/163adcb902c14d7ba0738fa0e4953198.mp3,audio/jazz/ca633c30-9a72-4f0c-b9f4-ed2b5ee48856_1.mp3,audio/jazz/ca633c30-9a72-4f0c-b9f4-ed2b5ee48856_2.mp3,jazz,2026-05-25T20:46:39.451471+00:00,2026-05-25T20:48:25.640569+00:00,
2a5f1502-1ddd-4f96-8ff2-bc61b8f5ecd1,jazz,free jazz,"free jazz, melancholic atmosphere, featuring organ trio with Hammond B3","jazz, saxophone, piano",chirp-v4-5+,done,7568f60f-d344-49ad-8c82-c951fa406dae,d1e6d00a-ad51-4eef-8a42-35498a922281,cf676baa-8d95-49d8-ab8d-ab5ceec89873,https://cdn.ttapi.io/suno/20260525/b062ca9581f64e03b5cc8cdbc87a5f35.mp3,https://cdn.ttapi.io/suno/20260525/1d44d741f8cf4af785e2de4437f3b857.mp3,audio/jazz/2a5f1502-1ddd-4f96-8ff2-bc61b8f5ecd1_1.mp3,audio/jazz/2a5f1502-1ddd-4f96-8ff2-bc61b8f5ecd1_2.mp3,jazz,2026-05-25T20:46:40.728289+00:00,2026-05-25T20:48:44.641895+00:00,
5b033fc6-c3b9-4e3c-871f-46af9f40f4f5,jazz,latin jazz,"latin jazz, melancholic atmosphere, featuring organ trio with Hammond B3","jazz, trumpet, swing",chirp-v4-5+,done,dcb23c32-5f7a-40a5-88a2-95a688b0ce1a,227850bb-7734-4d94-ab3c-be2b0d2e4509,f5d7e1e9-196b-4c8c-8040-6690116ed2df,https://cdn.ttapi.io/suno/20260525/c1450c374003492fa8207baea1148777.mp3,https://cdn.ttapi.io/suno/20260525/838343ad04024d2ca1c9aeb43ef83b77.mp3,audio/jazz/5b033fc6-c3b9-4e3c-871f-46af9f40f4f5_1.mp3,audio/jazz/5b033fc6-c3b9-4e3c-871f-46af9f40f4f5_2.mp3,jazz,2026-05-25T20:46:42.052892+00:00,2026-05-25T20:48:55.865565+00:00,
b31e80b7-0214-4189-8342-c1335d747c24,jazz,swing,"swing jazz, melancholic atmosphere, featuring organ trio with Hammond B3","jazz, bass, drums",chirp-v4-5+,done,8472cc7b-c85e-4eca-9b5f-db9152861de3,34731518-0c8a-4aff-87d5-68776a666e1b,e40394ad-a551-40dd-8bec-395a3822bc77,https://cdn.ttapi.io/suno/20260525/b8dcbc8c468b48bba72906c1a9296575.mp3,https://cdn.ttapi.io/suno/20260525/fd25650ef949479b84cb9579b3a9b098.mp3,audio/jazz/b31e80b7-0214-4189-8342-c1335d747c24_1.mp3,audio/jazz/b31e80b7-0214-4189-8342-c1335d747c24_2.mp3,jazz,2026-05-25T20:46:43.335314+00:00,2026-05-25T20:48:16.584680+00:00,
b834019e-b093-4b8b-a78e-64a2b01f76c3,jazz,modal jazz,"modal jazz, melancholic atmosphere, featuring organ trio with Hammond B3","jazz, guitar, bossa nova",chirp-v4-5+,done,7ff69ae8-fc92-41be-9c9a-87a9c734bf3e,1e26e3d1-a99a-485f-9cb0-a84e41f044f0,86103822-117b-4074-b058-24bb438da2c3,https://cdn.ttapi.io/suno/20260525/d558dc9787d44ad8af88a0ed6d3a4ba1.mp3,https://cdn.ttapi.io/suno/20260525/72905ea7cafa43f2884d944a27b5fa5e.mp3,audio/jazz/b834019e-b093-4b8b-a78e-64a2b01f76c3_1.mp3,audio/jazz/b834019e-b093-4b8b-a78e-64a2b01f76c3_2.mp3,jazz,2026-05-25T20:46:49.007892+00:00,2026-05-25T20:48:56.008782+00:00,
2a3fdc7b-b477-4daf-85c3-529471f2f3d7,jazz,post-bop,"post-bop jazz, melancholic atmosphere, featuring organ trio with Hammond B3","jazz, fusion, electric",chirp-v4-5+,done,9835cfc8-34a7-4019-bc7a-580e2f2c4ef3,eeb917dd-3635-4916-b386-839009c71d42,e7fc9709-f644-49c9-849b-67a450796977,https://cdn.ttapi.io/suno/20260525/a674c505321540e9ad17cb77ae8d2414.mp3,https://cdn.ttapi.io/suno/20260525/1fea7ead38964832990f9a9abdda8c8b.mp3,audio/jazz/2a3fdc7b-b477-4daf-85c3-529471f2f3d7_1.mp3,audio/jazz/2a3fdc7b-b477-4daf-85c3-529471f2f3d7_2.mp3,jazz,2026-05-25T20:47:20.642623+00:00,2026-05-25T20:48:56.116801+00:00,
2536284f-0823-48db-a868-41b205b695ed,jazz,bebop,"bebop jazz, uplifting atmosphere, featuring organ trio with Hammond B3","jazz, saxophone, piano",chirp-v4-5+,done,deb6b572-b140-467c-a1bc-34aee04bd431,19b6bc6c-b597-4c36-841a-1447bfee5e66,098a0e21-e315-4ca6-af05-165dbbdb94bf,https://cdn.ttapi.io/suno/20260525/31bd33280add4798b97d7b84b836ed71.mp3,https://cdn.ttapi.io/suno/20260525/6ef2af39975641a4a21f63b1fe67c7ec.mp3,audio/jazz/2536284f-0823-48db-a868-41b205b695ed_1.mp3,audio/jazz/2536284f-0823-48db-a868-41b205b695ed_2.mp3,jazz,2026-05-25T20:47:21.884903+00:00,2026-05-25T20:48:56.215873+00:00,
48681e47-8fa9-4fbf-9999-348d299124b1,jazz,cool jazz,"cool jazz, uplifting atmosphere, featuring organ trio with Hammond B3","jazz, trumpet, swing",chirp-v4-5+,done,6129a194-a746-46a6-86b5-3f4f38d7ec67,a9df5c89-2318-404e-93f9-631a6e0c6825,fb8eca2c-ed54-4b45-a4fa-989534dd9c17,https://cdn.ttapi.io/suno/20260525/10cfb373c3064346b40496a42394d1cf.mp3,https://cdn.ttapi.io/suno/20260525/b1dc9090625b417bb5e09e3c776ae124.mp3,audio/jazz/48681e47-8fa9-4fbf-9999-348d299124b1_1.mp3,audio/jazz/48681e47-8fa9-4fbf-9999-348d299124b1_2.mp3,jazz,2026-05-25T20:47:41.562008+00:00,2026-05-25T20:49:25.812010+00:00,
5e264f23-ea30-409e-991c-b595026607e9,jazz,fusion,"fusion jazz, uplifting atmosphere, featuring organ trio with Hammond B3","jazz, bass, drums",chirp-v4-5+,done,9745e5d9-4fc9-4cf1-b14f-06a44e6a959e,4a40659a-1f22-4b2c-85f2-f86cbe2b59ce,e8caf640-17db-4091-ade5-8481a7fc340e,https://cdn.ttapi.io/suno/20260525/62d36a44da274d489ad533b46298e299.mp3,https://cdn.ttapi.io/suno/20260525/538231c7ec0948fa93cab1f0096a61a9.mp3,audio/jazz/5e264f23-ea30-409e-991c-b595026607e9_1.mp3,audio/jazz/5e264f23-ea30-409e-991c-b595026607e9_2.mp3,jazz,2026-05-25T20:47:42.885575+00:00,2026-05-25T20:49:25.922864+00:00,
3d3828ce-b114-4ec3-951b-f6b44524e800,jazz,smooth jazz,"smooth jazz, uplifting atmosphere, featuring organ trio with Hammond B3","jazz, guitar, bossa nova",chirp-v4-5+,done,dfa2aaea-0867-435b-bed3-ab6a97aa70c4,a03db6a1-2072-43ec-a9ab-196ca58200fd,8cc718c8-490a-4b57-b407-8314597ecfa5,https://cdn.ttapi.io/suno/20260525/2eacef6dd5b148f48ca6dad79fa4f815.mp3,https://cdn.ttapi.io/suno/20260525/aa77f4d473ed4329b6c7f3eca963370e.mp3,audio/jazz/3d3828ce-b114-4ec3-951b-f6b44524e800_1.mp3,audio/jazz/3d3828ce-b114-4ec3-951b-f6b44524e800_2.mp3,jazz,2026-05-25T20:48:14.636835+00:00,2026-05-25T20:50:39.111033+00:00,
be063135-4f49-49c8-a80a-e8bd65da928e,jazz,hard bop,"hard bop jazz, uplifting atmosphere, featuring organ trio with Hammond B3","jazz, fusion, electric",chirp-v4-5+,done,d41a64b8-746c-4164-bbf2-86c9176bac16,f6037b6e-39f6-4245-a40d-df457a00e838,eba2cf9a-99f5-4d78-a738-ad39624e231d,https://cdn.ttapi.io/suno/20260525/dd1cf73cda3b4d7c89ccd28261733be3.mp3,https://cdn.ttapi.io/suno/20260525/7c0b86f540b1406b8a7c063993ae3d76.mp3,audio/jazz/be063135-4f49-49c8-a80a-e8bd65da928e_1.mp3,audio/jazz/be063135-4f49-49c8-a80a-e8bd65da928e_2.mp3,jazz,2026-05-25T20:48:20.942795+00:00,2026-05-25T20:50:49.129012+00:00,
c359553b-f80e-4a3f-9f58-9777d87b646a,jazz,free jazz,"free jazz, uplifting atmosphere, featuring organ trio with Hammond B3","jazz, saxophone, piano",chirp-v4-5+,done,7647029c-e8dd-4b16-b048-f21dcd75c496,26eb25ea-7a1d-4b30-a49f-8fbd9ff268d8,2b05c0a1-a872-40cb-b78c-e09a7d9dce04,https://cdn.ttapi.io/suno/20260525/a11d456d9eb143f49523b5a8c7278cdb.mp3,https://cdn.ttapi.io/suno/20260525/ea6a9e7d67b3451b856bdc7fb7471a39.mp3,audio/jazz/c359553b-f80e-4a3f-9f58-9777d87b646a_1.mp3,audio/jazz/c359553b-f80e-4a3f-9f58-9777d87b646a_2.mp3,jazz,2026-05-25T20:48:22.259204+00:00,2026-05-25T20:50:24.210844+00:00,
ccae302b-0b7a-48ac-9a80-0587a53c0e04,jazz,latin jazz,"latin jazz, uplifting atmosphere, featuring organ trio with Hammond B3","jazz, trumpet, swing",chirp-v4-5+,done,f2da8ad6-c560-41d1-8212-a9725da8ff52,cc0761dd-9fbd-492f-a22d-a636c97911fe,9e2a3a2d-a690-4cae-ac7c-1d2c71529c84,https://cdn.ttapi.io/suno/20260525/03b29b0f29ae41e199d07507ac025ae0.mp3,https://cdn.ttapi.io/suno/20260525/b5e689c529d6493bbec49da9c137ff71.mp3,audio/jazz/ccae302b-0b7a-48ac-9a80-0587a53c0e04_1.mp3,audio/jazz/ccae302b-0b7a-48ac-9a80-0587a53c0e04_2.mp3,jazz,2026-05-25T20:48:30.096807+00:00,2026-05-25T20:50:49.312530+00:00,
dba895cf-58ef-4104-8c61-07d6c7bed110,jazz,swing,"swing jazz, uplifting atmosphere, featuring organ trio with Hammond B3","jazz, bass, drums",chirp-v4-5+,done,dc4063da-59e1-41e9-97ea-5995b32fc290,4c44b01e-6b87-40d1-9ca2-1a654026396e,04ba917b-2274-4b80-9d60-854289238ffa,https://cdn.ttapi.io/suno/20260525/e9c4835978524b789da4b865d946fc36.mp3,https://cdn.ttapi.io/suno/20260525/d8767c627475488db0d1ecbfbc767a40.mp3,audio/jazz/dba895cf-58ef-4104-8c61-07d6c7bed110_1.mp3,audio/jazz/dba895cf-58ef-4104-8c61-07d6c7bed110_2.mp3,jazz,2026-05-25T20:48:31.366815+00:00,2026-05-25T20:50:24.479383+00:00,
d3d147ba-844c-4ba5-ae2a-c5afc6cb86dd,jazz,modal jazz,"modal jazz, uplifting atmosphere, featuring organ trio with Hammond B3","jazz, guitar, bossa nova",chirp-v4-5+,done,74044faf-1052-4c33-9ef3-9f43eb41c279,8284223e-024a-4922-a132-7a994dfd27a4,6ad0f060-b86d-4492-b705-431735fd08ea,https://cdn.ttapi.io/suno/20260525/fab9c02d549148a7a984fc7f91e73d4d.mp3,https://cdn.ttapi.io/suno/20260525/17c431f5f8804e0ab97792b657a07c13.mp3,audio/jazz/d3d147ba-844c-4ba5-ae2a-c5afc6cb86dd_1.mp3,audio/jazz/d3d147ba-844c-4ba5-ae2a-c5afc6cb86dd_2.mp3,jazz,2026-05-25T20:48:32.790634+00:00,2026-05-25T20:50:24.587122+00:00,
d12d8d57-bf06-44d2-bc09-c08f1f782bed,jazz,post-bop,"post-bop jazz, uplifting atmosphere, featuring organ trio with Hammond B3","jazz, fusion, electric",chirp-v4-5+,done,37660171-ee76-47c5-8096-d2ed62ba5726,f46cc063-ffd6-43b0-b730-d04cbf388778,add8f231-b921-41e1-8106-3ff2d9ffece0,https://cdn.ttapi.io/suno/20260525/62e720d93a0148a0b8fb499a20c23166.mp3,https://cdn.ttapi.io/suno/20260525/798958c8136e4b5f893100b3ba175816.mp3,audio/jazz/d12d8d57-bf06-44d2-bc09-c08f1f782bed_1.mp3,audio/jazz/d12d8d57-bf06-44d2-bc09-c08f1f782bed_2.mp3,jazz,2026-05-25T20:48:34.112846+00:00,2026-05-25T20:50:24.729666+00:00,
8da3834d-354b-42a3-83dc-eda6aa22d1ac,jazz,bebop,"bebop jazz, relaxed atmosphere, featuring organ trio with Hammond B3","jazz, saxophone, piano",chirp-v4-5+,done,75742913-ba8b-4a7c-a644-1a65e5e9cb13,7b99e6d5-9b67-44ed-a553-5136c387bbd1,4d4b2cd4-1222-4cb0-ba5d-d1a63462a9f8,https://cdn.ttapi.io/suno/20260525/1efccf418fea4abc869146d691bc44bc.mp3,https://cdn.ttapi.io/suno/20260525/f25460fd41514abd99f044811e42f36e.mp3,audio/jazz/8da3834d-354b-42a3-83dc-eda6aa22d1ac_1.mp3,audio/jazz/8da3834d-354b-42a3-83dc-eda6aa22d1ac_2.mp3,jazz,2026-05-25T20:48:40.253657+00:00,2026-05-25T20:50:49.509531+00:00,
79a362e0-8897-4074-9d10-217903439520,jazz,cool jazz,"cool jazz, relaxed atmosphere, featuring organ trio with Hammond B3","jazz, trumpet, swing",chirp-v4-5+,done,395c328f-b589-4f67-8f6a-adfc1091b2f0,3b1e5231-9812-48b4-924a-117f5887dc1e,a752b53f-3c2e-458f-9259-0562463f8ce9,https://cdn.ttapi.io/suno/20260525/d3f9189433b644018f153dd935e7c046.mp3,https://cdn.ttapi.io/suno/20260525/8520cc768ba541e196f1ee3e69b3ab21.mp3,audio/jazz/79a362e0-8897-4074-9d10-217903439520_1.mp3,audio/jazz/79a362e0-8897-4074-9d10-217903439520_2.mp3,jazz,2026-05-25T20:48:41.612797+00:00,2026-05-25T20:50:39.575812+00:00,
9355f3c9-f84c-41c6-a95c-183a064790a8,jazz,fusion,"fusion jazz, relaxed atmosphere, featuring organ trio with Hammond B3","jazz, bass, drums",chirp-v4-5+,done,dd7af92e-71c1-4fb4-9706-7da174ff526d,d60c0b0b-e0b1-46dd-b924-bee866b353fe,f2c08b75-5807-40b3-8cdb-b04881c93bd0,https://cdn.ttapi.io/suno/20260525/87a6d81ec4984180ad2a313f5295287d.mp3,https://cdn.ttapi.io/suno/20260525/85227cf95f284636a0cc237ade1d109e.mp3,audio/jazz/9355f3c9-f84c-41c6-a95c-183a064790a8_1.mp3,audio/jazz/9355f3c9-f84c-41c6-a95c-183a064790a8_2.mp3,jazz,2026-05-25T20:48:52.286587+00:00,2026-05-25T20:50:49.617079+00:00,
8febe40b-8057-44fd-be94-2f741dea1d15,jazz,smooth jazz,"smooth jazz, relaxed atmosphere, featuring organ trio with Hammond B3","jazz, guitar, bossa nova",chirp-v4-5+,done,119db8ab-7b37-40d4-b496-5ff90eea6fa5,d67d70af-bdd4-46b8-b20e-ce3ef0cdc094,3551cc0a-e4c3-4c9c-9cae-d36e4f83cd2d,https://cdn.ttapi.io/suno/20260525/83c819ea5c4e47f8ae9512b885d68b7d.mp3,https://cdn.ttapi.io/suno/20260525/068dde5da9a841a59ec82d1ca3280881.mp3,audio/jazz/8febe40b-8057-44fd-be94-2f741dea1d15_1.mp3,audio/jazz/8febe40b-8057-44fd-be94-2f741dea1d15_2.mp3,jazz,2026-05-25T20:48:53.611643+00:00,2026-05-25T20:50:39.806751+00:00,
8535cb5f-5099-4eee-bfb8-7e12ba096631,jazz,hard bop,"hard bop jazz, relaxed atmosphere, featuring organ trio with Hammond B3","jazz, fusion, electric",chirp-v4-5+,done,87b1ac62-4add-44e2-8407-c25f6f230d3a,0e12b438-3403-47b1-8633-7707a71f5e3d,9095ba55-7104-48c1-a1e6-f834b8822302,https://cdn.ttapi.io/suno/20260525/3693d425ff8e4cf49157ba0a22c686f8.mp3,https://cdn.ttapi.io/suno/20260525/e49f3f261a464d4a910afae35ace7095.mp3,audio/jazz/8535cb5f-5099-4eee-bfb8-7e12ba096631_1.mp3,audio/jazz/8535cb5f-5099-4eee-bfb8-7e12ba096631_2.mp3,jazz,2026-05-25T20:48:54.931720+00:00,2026-05-25T20:50:49.723236+00:00,
0f1f48f5-ec9a-4acf-a44c-39506e095666,jazz,free jazz,"free jazz, relaxed atmosphere, featuring organ trio with Hammond B3","jazz, saxophone, piano",chirp-v4-5+,done,aaa0cb48-130b-418c-9b86-3c827f1d6979,d56b18d5-bb98-4e7f-b36c-1e920aba71bc,788a0388-c9e2-4c85-815d-fa9b989d8b3e,https://cdn.ttapi.io/suno/20260525/484ec9da74e14fa3b05a4cac5a84545b.mp3,https://cdn.ttapi.io/suno/20260525/a83ef7682d274d2ab9d84e3d79413f04.mp3,audio/jazz/0f1f48f5-ec9a-4acf-a44c-39506e095666_1.mp3,audio/jazz/0f1f48f5-ec9a-4acf-a44c-39506e095666_2.mp3,jazz,2026-05-25T20:49:01.240578+00:00,2026-05-25T20:51:25.380936+00:00,
849262fb-e4de-4799-988f-922186bff591,jazz,latin jazz,"latin jazz, relaxed atmosphere, featuring organ trio with Hammond B3","jazz, trumpet, swing",chirp-v4-5+,done,af654566-f01d-464b-b159-d75bf42fc376,235c925e-e9ee-4e84-83ac-cf6f4b67f9f3,6dcae895-2f87-4d2d-ae1e-87c6965c54ff,https://cdn.ttapi.io/suno/20260525/029f54c39cb04454b338aa66c27a77da.mp3,https://cdn.ttapi.io/suno/20260525/67d832c2f9d94397b36ade32c5869ed8.mp3,audio/jazz/849262fb-e4de-4799-988f-922186bff591_1.mp3,audio/jazz/849262fb-e4de-4799-988f-922186bff591_2.mp3,jazz,2026-05-25T20:49:02.625042+00:00,2026-05-25T20:50:49.914210+00:00,
0ac7bc45-2843-4b4e-946c-39462cb20939,jazz,swing,"swing jazz, relaxed atmosphere, featuring organ trio with Hammond B3","jazz, bass, drums",chirp-v4-5+,done,e76d8792-d2a4-43f2-beab-d6c7c02d4f53,7b2c7f59-8391-4af1-8c9e-a3edb7641abb,4497de2c-8702-466d-80bd-57230182566a,https://cdn.ttapi.io/suno/20260525/d158695216b74125aff520836547535d.mp3,https://cdn.ttapi.io/suno/20260525/cec0c83f21a0447a85a929e011807e99.mp3,audio/jazz/0ac7bc45-2843-4b4e-946c-39462cb20939_1.mp3,audio/jazz/0ac7bc45-2843-4b4e-946c-39462cb20939_2.mp3,jazz,2026-05-25T20:49:03.861063+00:00,2026-05-25T20:50:50.012757+00:00,
a4c242e3-45e0-4119-ab02-fe44ed9cb4a8,jazz,modal jazz,"modal jazz, relaxed atmosphere, featuring organ trio with Hammond B3","jazz, guitar, bossa nova",chirp-v4-5+,done,f7c6e09f-6192-4bed-acdc-7dd717718216,8e7b589b-c878-4d3a-aac4-e1fe7aa4c8ff,bf5738f4-eb4b-4735-a9ac-b2c37c6429c6,https://cdn.ttapi.io/suno/20260525/7c116d2a166b4f8b94075c7799eff7bc.mp3,https://cdn.ttapi.io/suno/20260525/531eae6b82754907a3873e02cdf0e3fe.mp3,audio/jazz/a4c242e3-45e0-4119-ab02-fe44ed9cb4a8_1.mp3,audio/jazz/a4c242e3-45e0-4119-ab02-fe44ed9cb4a8_2.mp3,jazz,2026-05-25T20:49:05.166531+00:00,2026-05-25T20:50:40.249566+00:00,
99e61b37-8d99-435e-9ba5-846c8a71375b,jazz,post-bop,"post-bop jazz, relaxed atmosphere, featuring organ trio with Hammond B3","jazz, fusion, electric",chirp-v4-5+,done,64d3cbf7-b3d1-42a2-a433-e89aec24aa47,5c33b284-341e-4e03-9e4e-30db0653feec,2b051994-8903-4526-bf0e-29ddc6fa9212,https://cdn.ttapi.io/suno/20260525/9a9135a48f5241bca21bbfad41c474fa.mp3,https://cdn.ttapi.io/suno/20260525/8431e039318c464483e8e90707a19df1.mp3,audio/jazz/99e61b37-8d99-435e-9ba5-846c8a71375b_1.mp3,audio/jazz/99e61b37-8d99-435e-9ba5-846c8a71375b_2.mp3,jazz,2026-05-25T20:49:11.217609+00:00,2026-05-25T20:51:18.068966+00:00,
acaad14c-35d9-4c84-a02e-6891c40949dd,jazz,bebop,"bebop jazz, energetic atmosphere, featuring organ trio with Hammond B3","jazz, saxophone, piano",chirp-v4-5+,done,5b27e81e-c750-46c2-8c08-7a02b8cceff9,10ed49a7-7065-4bdb-afa2-00a521eb1e31,0212d61a-2c6c-462b-92c7-d4f6db56d390,https://cdn.ttapi.io/suno/20260525/c321dcafb3d648f1a47de935d699c203.mp3,https://cdn.ttapi.io/suno/20260525/51b48409e6fb41e8871390dc33bb924c.mp3,audio/jazz/acaad14c-35d9-4c84-a02e-6891c40949dd_1.mp3,audio/jazz/acaad14c-35d9-4c84-a02e-6891c40949dd_2.mp3,jazz,2026-05-25T20:49:31.343030+00:00,2026-05-25T20:51:12.198888+00:00,
91a40e3a-f0eb-4294-8f53-abb19ea2a31a,jazz,cool jazz,"cool jazz, energetic atmosphere, featuring organ trio with Hammond B3","jazz, trumpet, swing",chirp-v4-5+,done,d0498470-ab75-4306-a793-17c1ee998324,92dcf059-82ca-41b8-9f22-8e5cb936962e,ceba4407-ebd6-4ab1-8439-79e8f981d7f4,https://cdn.ttapi.io/suno/20260525/7a6f1b5b5a41413192768ac15b1e5846.mp3,https://cdn.ttapi.io/suno/20260525/559d3e4cb1c142f7bce03daf6ba28f72.mp3,audio/jazz/91a40e3a-f0eb-4294-8f53-abb19ea2a31a_1.mp3,audio/jazz/91a40e3a-f0eb-4294-8f53-abb19ea2a31a_2.mp3,jazz,2026-05-25T20:49:32.742392+00:00,2026-05-25T20:51:06.293069+00:00,
9e3f5ae2-c3c3-4157-a6c9-cf311640427a,jazz,fusion,"fusion jazz, energetic atmosphere, featuring organ trio with Hammond B3","jazz, bass, drums",chirp-v4-5+,done,4c2e8ec3-7505-4de5-9549-442e63e8c8a1,63572d11-f3ea-4f0c-b70b-b80f90fbddf5,4d81971d-5a4c-4a59-852d-8587ee1dcbcc,https://cdn.ttapi.io/suno/20260525/d7e09fd88b8042c48edbaa5136dfffd5.mp3,https://cdn.ttapi.io/suno/20260525/f5513078b1d74db8a02446977f96d7e7.mp3,audio/jazz/9e3f5ae2-c3c3-4157-a6c9-cf311640427a_1.mp3,audio/jazz/9e3f5ae2-c3c3-4157-a6c9-cf311640427a_2.mp3,jazz,2026-05-25T20:49:34.091495+00:00,2026-05-25T20:51:18.212411+00:00,
87cea5f9-94ac-47a9-a3ce-d97690a42f36,jazz,smooth jazz,"smooth jazz, energetic atmosphere, featuring organ trio with Hammond B3","jazz, guitar, bossa nova",chirp-v4-5+,done,341e90ca-6a50-4eb3-86ac-dc7bfe78e2ca,5d576119-af75-4878-aa14-5a2e0c4e4d41,5bca2325-36ad-4dac-b29b-bdf9fc5a34b7,https://cdn.ttapi.io/suno/20260525/6ffd39be1c144ae8b8d4e503b9983aa7.mp3,https://cdn.ttapi.io/suno/20260525/e51903e1864441aea2e6f3885b607052.mp3,audio/jazz/87cea5f9-94ac-47a9-a3ce-d97690a42f36_1.mp3,audio/jazz/87cea5f9-94ac-47a9-a3ce-d97690a42f36_2.mp3,jazz,2026-05-25T20:50:34.532033+00:00,2026-05-25T20:53:15.697123+00:00,
97d345f0-3c4c-42e9-aaea-fcdc11a3faa6,jazz,hard bop,"hard bop jazz, energetic atmosphere, featuring organ trio with Hammond B3","jazz, fusion, electric",chirp-v4-5+,done,0ed9ec07-0e7a-4f24-bee5-60f8f575fb29,d07c973c-5f1c-4ca9-9491-38278b924563,b0f52843-6cf3-4fce-b529-ac6294c16f7a,https://cdn.ttapi.io/suno/20260525/5c1d978aae79493ba06b094a4785e9b1.mp3,https://cdn.ttapi.io/suno/20260525/19315d530d6b4219a4b6388ab8d8e951.mp3,audio/jazz/97d345f0-3c4c-42e9-aaea-fcdc11a3faa6_1.mp3,audio/jazz/97d345f0-3c4c-42e9-aaea-fcdc11a3faa6_2.mp3,jazz,2026-05-25T20:50:35.816668+00:00,2026-05-25T20:52:39.792661+00:00,
49155372-dad2-448f-b951-b4c31a360dcb,jazz,free jazz,"free jazz, energetic atmosphere, featuring organ trio with Hammond B3","jazz, saxophone, piano",chirp-v4-5+,done,12bf29d8-a1a2-48d6-bc6b-3022451dfc9c,1d517c2b-1b70-4f55-9a62-1e0063b63a80,27dd246f-82c8-4971-96b2-0e66486414d1,https://cdn.ttapi.io/suno/20260525/933f6625c8394d94b16767eecae6dd71.mp3,https://cdn.ttapi.io/suno/20260525/d91181d1a6d849c58e352d83222d6e75.mp3,audio/jazz/49155372-dad2-448f-b951-b4c31a360dcb_1.mp3,audio/jazz/49155372-dad2-448f-b951-b4c31a360dcb_2.mp3,jazz,2026-05-25T20:50:37.108121+00:00,2026-05-25T20:52:39.971213+00:00,
2caeeaa2-33f8-4eb4-ba2a-53854e8f1628,jazz,latin jazz,"latin jazz, energetic atmosphere, featuring organ trio with Hammond B3","jazz, trumpet, swing",chirp-v4-5+,done,2c3b6074-eb44-417b-8321-ea1edc2dca87,7f85a8a8-fdaa-4fb4-935b-c9124ab64f56,96cfda3b-4bf0-48e2-a9ff-c07473ad316d,https://cdn.ttapi.io/suno/20260525/e1faedda63664e809e00b99bb479f0d2.mp3,https://cdn.ttapi.io/suno/20260525/90c8f3edefc942d495504ba918ec5d5f.mp3,audio/jazz/2caeeaa2-33f8-4eb4-ba2a-53854e8f1628_1.mp3,audio/jazz/2caeeaa2-33f8-4eb4-ba2a-53854e8f1628_2.mp3,jazz,2026-05-25T20:50:38.395194+00:00,2026-05-25T20:53:15.868704+00:00,
d2a1e690-fcbf-48dc-a445-07325bd7ded5,jazz,swing,"swing jazz, energetic atmosphere, featuring organ trio with Hammond B3","jazz, bass, drums",chirp-v4-5+,done,6bb3a129-426c-4ad2-9704-0533a0928553,b74886ec-ef05-4e1c-8e1c-0dface26b24f,fc8c4e16-9ed6-43f3-81d5-059128ed82c7,https://cdn.ttapi.io/suno/20260525/eb701ec4d4c14ac2a43980ca296f1e5d.mp3,https://cdn.ttapi.io/suno/20260525/430a5222b3244922859a5f68fdbf3630.mp3,audio/jazz/d2a1e690-fcbf-48dc-a445-07325bd7ded5_1.mp3,audio/jazz/d2a1e690-fcbf-48dc-a445-07325bd7ded5_2.mp3,jazz,2026-05-25T20:50:44.633439+00:00,2026-05-25T20:52:40.174280+00:00,
ee999acf-14a4-49e5-abf0-7d1cc63586a2,jazz,modal jazz,"modal jazz, energetic atmosphere, featuring organ trio with Hammond B3","jazz, guitar, bossa nova",chirp-v4-5+,done,850fa29e-de26-48e6-a617-1844d10a9133,d38289c4-894c-4154-bcfc-c291184a3162,dbf7359f-dcc7-497a-8f57-9bbf21c00dab,https://cdn.ttapi.io/suno/20260525/57540415d5fc4be7b488929db042ac32.mp3,https://cdn.ttapi.io/suno/20260525/28b86446139f4dcabb78591a64dc54d0.mp3,audio/jazz/ee999acf-14a4-49e5-abf0-7d1cc63586a2_1.mp3,audio/jazz/ee999acf-14a4-49e5-abf0-7d1cc63586a2_2.mp3,jazz,2026-05-25T20:50:45.891238+00:00,2026-05-25T20:53:29.649100+00:00,
0aa20bea-e44b-4e7e-a606-7a0fa835c4fb,jazz,post-bop,"post-bop jazz, energetic atmosphere, featuring organ trio with Hammond B3","jazz, fusion, electric",chirp-v4-5+,done,db0b99a2-6165-45ec-bd3c-d56c7317a09d,b6149fab-7823-458b-8f46-d2130dd5b29f,6dce6c70-c2bb-4f87-9c56-71c33127390b,https://cdn.ttapi.io/suno/20260525/030b16fca505412788ea0d6d17653e9f.mp3,https://cdn.ttapi.io/suno/20260525/62e17cdfa1924bd585e14b3a7f8b9426.mp3,audio/jazz/0aa20bea-e44b-4e7e-a606-7a0fa835c4fb_1.mp3,audio/jazz/0aa20bea-e44b-4e7e-a606-7a0fa835c4fb_2.mp3,jazz,2026-05-25T20:50:47.181784+00:00,2026-05-25T20:52:59.360011+00:00,
a8854a82-02b0-49b4-923a-005fa5f8e25a,jazz,bebop,"bebop jazz, nostalgic atmosphere, featuring organ trio with Hammond B3","jazz, saxophone, piano",chirp-v4-5+,done,2d8fd0d8-b366-43a8-b5a3-6c2613b9b5af,b4e9bdb8-7664-4e61-a01e-9599a2e84369,944f282e-a243-4ac0-a342-9f161115fd80,https://cdn.ttapi.io/suno/20260525/a3a56c0991694edc95a996f679ec0673.mp3,https://cdn.ttapi.io/suno/20260525/1e113959334040418887b6155a54bb4a.mp3,audio/jazz/a8854a82-02b0-49b4-923a-005fa5f8e25a_1.mp3,audio/jazz/a8854a82-02b0-49b4-923a-005fa5f8e25a_2.mp3,jazz,2026-05-25T20:50:48.432274+00:00,2026-05-25T20:52:40.456890+00:00,
225bdc7b-76b4-43cd-a17d-7b2a41d586c4,jazz,cool jazz,"cool jazz, nostalgic atmosphere, featuring organ trio with Hammond B3","jazz, trumpet, swing",chirp-v4-5+,done,fdd92b0d-6199-4e77-a1e3-667cbe220c06,58cb5566-e798-462e-a8aa-92c4bdf17fad,9d467591-95d9-43eb-8ba0-7cfe504e54c0,https://cdn.ttapi.io/suno/20260525/c5cee6b9023742b0b30851bd6993c49d.mp3,https://cdn.ttapi.io/suno/20260525/e9a2d0db604d453a904018ee441777f4.mp3,audio/jazz/225bdc7b-76b4-43cd-a17d-7b2a41d586c4_1.mp3,audio/jazz/225bdc7b-76b4-43cd-a17d-7b2a41d586c4_2.mp3,jazz,2026-05-25T20:50:57.583924+00:00,2026-05-25T20:52:40.603584+00:00,
b3a9abf9-8b36-440c-890d-c185b141d660,jazz,fusion,"fusion jazz, nostalgic atmosphere, featuring organ trio with Hammond B3","jazz, bass, drums",chirp-v4-5+,done,39846977-4085-4dbe-b5ad-eaec9f3fb1b9,4128a967-e318-4d15-b282-cccca9c9bd94,018b4ccf-aa44-452f-ba9d-3bd6b210841d,https://cdn.ttapi.io/suno/20260525/67452719e8f74345a2af81e81d9d496d.mp3,https://cdn.ttapi.io/suno/20260525/e5382db8e89c4b1998603ffbb188a5c7.mp3,audio/jazz/b3a9abf9-8b36-440c-890d-c185b141d660_1.mp3,audio/jazz/b3a9abf9-8b36-440c-890d-c185b141d660_2.mp3,jazz,2026-05-25T20:50:58.874731+00:00,2026-05-25T20:52:59.520220+00:00,
deb02882-4ea8-436b-9fca-d46e7234a537,jazz,smooth jazz,"smooth jazz, nostalgic atmosphere, featuring organ trio with Hammond B3","jazz, guitar, bossa nova",chirp-v4-5+,done,cc6659f0-b8e3-43d1-8478-29325231b50c,87bd6122-01ab-47ec-b4d8-476be5088a68,609d4942-84f6-4dcb-8b23-d01bfc9398bf,https://cdn.ttapi.io/suno/20260525/f04c95beea684c93813d41444a2f5a4f.mp3,https://cdn.ttapi.io/suno/20260525/4ab984e84e8b4bd58b9a33ba8d6cc65b.mp3,audio/jazz/deb02882-4ea8-436b-9fca-d46e7234a537_1.mp3,audio/jazz/deb02882-4ea8-436b-9fca-d46e7234a537_2.mp3,jazz,2026-05-25T20:51:00.102834+00:00,2026-05-25T20:52:59.695238+00:00,
18568057-0d43-4abf-973f-6dbead5f2b4d,jazz,hard bop,"hard bop jazz, nostalgic atmosphere, featuring organ trio with Hammond B3","jazz, fusion, electric",chirp-v4-5+,done,a2355fa6-e344-4998-b3da-44af7db150dd,0c155e60-17a5-4abf-8152-900404d2cf79,101a60b0-7275-4336-9adc-609bdeb234ab,https://cdn.ttapi.io/suno/20260525/2559528c0a6e441b8bf925c66ed59d1f.mp3,https://cdn.ttapi.io/suno/20260525/7c927576964b4d97847e50b625f2784b.mp3,audio/jazz/18568057-0d43-4abf-973f-6dbead5f2b4d_1.mp3,audio/jazz/18568057-0d43-4abf-973f-6dbead5f2b4d_2.mp3,jazz,2026-05-25T20:51:01.409525+00:00,2026-05-25T20:53:29.826865+00:00,
6303a71c-14d3-4b38-95f7-59133ae8688d,jazz,free jazz,"free jazz, nostalgic atmosphere, featuring organ trio with Hammond B3","jazz, saxophone, piano",chirp-v4-5+,done,e3d48247-5eec-4d7a-a53a-8b938bed9a0d,1129b3d7-fba8-4dbf-995e-332084f732f5,615143e7-3a88-4f92-bbfc-86a8498d22e8,https://cdn.ttapi.io/suno/20260525/54b8867c4bc04989b37cddd428685ed3.mp3,https://cdn.ttapi.io/suno/20260525/cc1e42d562d64d6693e5be2ddf5fe2f6.mp3,audio/jazz/6303a71c-14d3-4b38-95f7-59133ae8688d_1.mp3,audio/jazz/6303a71c-14d3-4b38-95f7-59133ae8688d_2.mp3,jazz,2026-05-25T20:51:02.702589+00:00,2026-05-25T20:53:16.151965+00:00,
9bf3e619-44f5-4b6a-9ab2-e95513e91b5e,jazz,latin jazz,"latin jazz, nostalgic atmosphere, featuring organ trio with Hammond B3","jazz, trumpet, swing",chirp-v4-5+,done,487a6293-a935-4f57-89b7-fd42b56c56f7,4fdfb39c-b98a-4364-83e3-eecfc2fdca49,51854daa-9616-4da8-8143-4b6df219a495,https://cdn.ttapi.io/suno/20260525/eba33930232b433db82d840a19a955fe.mp3,https://cdn.ttapi.io/suno/20260525/030371a9d5ad4b83b566794bd862de57.mp3,audio/jazz/9bf3e619-44f5-4b6a-9ab2-e95513e91b5e_1.mp3,audio/jazz/9bf3e619-44f5-4b6a-9ab2-e95513e91b5e_2.mp3,jazz,2026-05-25T20:51:03.990225+00:00,2026-05-25T20:53:29.934153+00:00,
19971624-6eb3-436e-ab79-8869a97164aa,jazz,swing,"swing jazz, nostalgic atmosphere, featuring organ trio with Hammond B3","jazz, bass, drums",chirp-v4-5+,done,b4e7869e-432a-458f-a3ef-9acc4c07aa9b,38d6eefa-f0cd-417e-b133-af99c7e85cf4,dd385268-a6c6-4902-b6eb-565997de8a16,https://cdn.ttapi.io/suno/20260525/e7f49023c8c448f39678539ea434c3b9.mp3,https://cdn.ttapi.io/suno/20260525/6ed473e4119e401dac85c9bb3cca2d71.mp3,audio/jazz/19971624-6eb3-436e-ab79-8869a97164aa_1.mp3,audio/jazz/19971624-6eb3-436e-ab79-8869a97164aa_2.mp3,jazz,2026-05-25T20:51:05.272344+00:00,2026-05-25T20:53:00.060628+00:00,
92552bdf-be1c-482d-baae-94ee9b7dbeb0,jazz,modal jazz,"modal jazz, nostalgic atmosphere, featuring organ trio with Hammond B3","jazz, guitar, bossa nova",chirp-v4-5+,done,da5f9fb7-9b7b-4bbd-8143-32c4d24c754d,2f8121c0-ab58-4a78-a2c0-abd0f80145d4,544bfad9-499e-4e1b-81bd-d212231e6122,https://cdn.ttapi.io/suno/20260525/9a7b9605806b4395ba3d1367c4e567bf.mp3,https://cdn.ttapi.io/suno/20260525/04307bbe67364fd1bf8a71e8855b1030.mp3,audio/jazz/92552bdf-be1c-482d-baae-94ee9b7dbeb0_1.mp3,audio/jazz/92552bdf-be1c-482d-baae-94ee9b7dbeb0_2.mp3,jazz,2026-05-25T20:51:11.277872+00:00,2026-05-25T20:54:05.917828+00:00,
58a3f13d-b3cc-4058-9bcf-7b83319e2b4a,jazz,post-bop,"post-bop jazz, nostalgic atmosphere, featuring organ trio with Hammond B3","jazz, fusion, electric",chirp-v4-5+,done,4be20ca8-32eb-46ab-98f1-1a7caf96e77f,72b9dbec-bc2a-46f4-9002-5ba90a6f698d,0fd9b446-ddac-4da8-b721-b72d2e1df245,https://cdn.ttapi.io/suno/20260525/c938fc2b6ffb4446974ee9fe58938977.mp3,https://cdn.ttapi.io/suno/20260525/72df6feb27d4426fa408deb90f87c151.mp3,audio/jazz/58a3f13d-b3cc-4058-9bcf-7b83319e2b4a_1.mp3,audio/jazz/58a3f13d-b3cc-4058-9bcf-7b83319e2b4a_2.mp3,jazz,2026-05-25T20:51:17.260878+00:00,2026-05-25T20:53:16.450403+00:00,
98d3afbd-7764-4b3d-8c56-589588d2c958,jazz,bebop,"bebop jazz, romantic atmosphere, featuring organ trio with Hammond B3","jazz, saxophone, piano",chirp-v4-5+,done,47de6397-931d-418a-a34c-e9a6977d9dba,8aeb099b-f83c-4bba-8cb4-e9ca09dcaf88,472b8704-c882-4053-8eeb-bb0b1bc55f3b,https://cdn.ttapi.io/suno/20260525/3e4b85952a9f4b4d8573b1d3ecd2b81c.mp3,https://cdn.ttapi.io/suno/20260525/665207124e764db2b3e4f42891593af2.mp3,audio/jazz/98d3afbd-7764-4b3d-8c56-589588d2c958_1.mp3,audio/jazz/98d3afbd-7764-4b3d-8c56-589588d2c958_2.mp3,jazz,2026-05-25T20:51:23.469889+00:00,2026-05-25T20:53:16.549988+00:00,
e36cac88-dc01-4a87-83f0-3ea376b0f379,jazz,cool jazz,"cool jazz, romantic atmosphere, featuring organ trio with Hammond B3","jazz, trumpet, swing",chirp-v4-5+,done,e815b684-1c3c-48bb-8248-73a7efd43298,7c68e126-73f4-4b01-b37f-b50791741d4f,f61c2b5e-d463-4e42-9026-2811cbbe1002,https://cdn.ttapi.io/suno/20260525/b949542ecf8f4f4d8f48dad61fb6d1e2.mp3,https://cdn.ttapi.io/suno/20260525/c66e713fc09348ef8ed67d26f8c47181.mp3,audio/jazz/e36cac88-dc01-4a87-83f0-3ea376b0f379_1.mp3,audio/jazz/e36cac88-dc01-4a87-83f0-3ea376b0f379_2.mp3,jazz,2026-05-25T20:51:24.759239+00:00,2026-05-25T20:53:00.417361+00:00,
a8d59ab4-2183-4e3a-920d-10a758988125,jazz,fusion,"fusion jazz, romantic atmosphere, featuring organ trio with Hammond B3","jazz, bass, drums",chirp-v4-5+,done,9dda1cf3-67be-48ad-a6f1-7be827f451bd,f1057a8d-f889-4198-bf71-f1f75dc33ee6,51704cb4-87f9-4bba-b98e-d10f641885d4,https://cdn.ttapi.io/suno/20260525/6abbeb4904fa41cda91dd20b8ebb7c71.mp3,https://cdn.ttapi.io/suno/20260525/ae31811d0f6045b5ae00c3b454e04268.mp3,audio/jazz/a8d59ab4-2183-4e3a-920d-10a758988125_1.mp3,audio/jazz/a8d59ab4-2183-4e3a-920d-10a758988125_2.mp3,jazz,2026-05-25T20:51:37.873452+00:00,2026-05-25T20:53:00.573709+00:00,
38dfbb89-18ac-49fd-b6c4-ed81ad7030f3,jazz,smooth jazz,"smooth jazz, romantic atmosphere, featuring organ trio with Hammond B3","jazz, guitar, bossa nova",chirp-v4-5+,done,639aee4a-6759-49c2-b712-2ba19c9be215,1c32ab37-22a9-488f-a9c8-110619f8b48b,bf030d0c-d991-413f-936e-9ece61bf1875,https://cdn.ttapi.io/suno/20260525/9a74709a04e043cea4585ec4be53be88.mp3,https://cdn.ttapi.io/suno/20260525/2d04b154d75546d09351e1d2bf7fff7e.mp3,audio/jazz/38dfbb89-18ac-49fd-b6c4-ed81ad7030f3_1.mp3,audio/jazz/38dfbb89-18ac-49fd-b6c4-ed81ad7030f3_2.mp3,jazz,2026-05-25T20:52:53.159792+00:00,2026-05-25T20:55:30.338530+00:00,
dbcad498-e005-403b-b179-b6e6390cb00b,jazz,hard bop,"hard bop jazz, romantic atmosphere, featuring organ trio with Hammond B3","jazz, fusion, electric",chirp-v4-5+,done,b3160e33-c498-4c72-91e1-7abb4605e966,137b60be-c640-4b42-9b56-8631d64d6656,a0c70a87-7271-4096-a7b8-6dea11ba715b,https://cdn.ttapi.io/suno/20260525/4235ee0aa7a64ccf835a94a1ef7478f3.mp3,https://cdn.ttapi.io/suno/20260525/b12b79f5578346d1a7a9d51b04f52945.mp3,audio/jazz/dbcad498-e005-403b-b179-b6e6390cb00b_1.mp3,audio/jazz/dbcad498-e005-403b-b179-b6e6390cb00b_2.mp3,jazz,2026-05-25T20:52:54.437100+00:00,2026-05-25T20:55:05.163997+00:00,
7542fbca-5b5d-4648-98ec-9d569de242b9,jazz,free jazz,"free jazz, romantic atmosphere, featuring organ trio with Hammond B3","jazz, saxophone, piano",chirp-v4-5+,done,8b6555f3-d6da-432f-b586-f69d0a515ae7,0f4ef0d7-fcc9-4d70-9add-2ea280d71e8f,cf88fa3a-3269-485c-9146-365f41296790,https://cdn.ttapi.io/suno/20260525/e3ca2e8d08f94297b2e28122bd852e61.mp3,https://cdn.ttapi.io/suno/20260525/48eaa86010114e84975d3db8805bf4fb.mp3,audio/jazz/7542fbca-5b5d-4648-98ec-9d569de242b9_1.mp3,audio/jazz/7542fbca-5b5d-4648-98ec-9d569de242b9_2.mp3,jazz,2026-05-25T20:52:55.746327+00:00,2026-05-25T20:54:55.207802+00:00,
0f4f442f-e3b9-46b6-850f-dd3f509d1b8d,jazz,latin jazz,"latin jazz, romantic atmosphere, featuring organ trio with Hammond B3","jazz, trumpet, swing",chirp-v4-5+,done,738003ae-050e-456f-87b5-76a51daef679,32e3a391-2cd7-4f0a-aa31-46156a252b43,44f404d0-1d14-4657-a622-522ae77c7296,https://cdn.ttapi.io/suno/20260525/9c481bbf7159468486c6efc00af31a89.mp3,https://cdn.ttapi.io/suno/20260525/b146b50c1d7b465bbb02e8ffe96b2ad7.mp3,audio/jazz/0f4f442f-e3b9-46b6-850f-dd3f509d1b8d_1.mp3,audio/jazz/0f4f442f-e3b9-46b6-850f-dd3f509d1b8d_2.mp3,jazz,2026-05-25T20:52:57.047213+00:00,2026-05-25T20:54:55.361747+00:00,
ea035907-f63c-41d0-9a86-a4a6488359bd,jazz,swing,"swing jazz, romantic atmosphere, featuring organ trio with Hammond B3","jazz, bass, drums",chirp-v4-5+,done,bdb0cbd7-ec4a-45de-938f-e876510dbac3,c86648f2-7fe3-4dd0-afa3-765073a96015,b2aa7f59-f433-42a9-a3ef-cf6cc21a9715,https://cdn.ttapi.io/suno/20260525/be426be39f4441a9af4f2c2e6b483432.mp3,https://cdn.ttapi.io/suno/20260525/a0288a59aefa441caee745dc87c30679.mp3,audio/jazz/ea035907-f63c-41d0-9a86-a4a6488359bd_1.mp3,audio/jazz/ea035907-f63c-41d0-9a86-a4a6488359bd_2.mp3,jazz,2026-05-25T20:52:58.346836+00:00,2026-05-25T20:54:55.474402+00:00,
1bb54295-867a-4f93-b40f-5d3276d4798d,jazz,modal jazz,"modal jazz, romantic atmosphere, featuring organ trio with Hammond B3","jazz, guitar, bossa nova",chirp-v4-5+,done,207530ac-f288-4b1d-9192-234abdd02272,ba4539d7-1bfd-4458-a57e-1b32b0e17992,ce53d16e-9024-4f59-9836-841133877c23,https://cdn.ttapi.io/suno/20260525/09e3943d8eb74621b243210749f686aa.mp3,https://cdn.ttapi.io/suno/20260525/afa023848eec4c2d9c83710d5721f228.mp3,audio/jazz/1bb54295-867a-4f93-b40f-5d3276d4798d_1.mp3,audio/jazz/1bb54295-867a-4f93-b40f-5d3276d4798d_2.mp3,jazz,2026-05-25T20:53:08.438243+00:00,2026-05-25T20:55:30.506203+00:00,
273be8fd-ef2e-49ac-9f04-696099574308,jazz,post-bop,"post-bop jazz, romantic atmosphere, featuring organ trio with Hammond B3","jazz, fusion, electric",chirp-v4-5+,done,f3d1af40-ed85-4e95-a842-528c2991b734,2eeb311d-d70f-46d4-9b20-e525fdd16246,bb8895b9-7157-4649-a96b-9d38a1bbbc3a,https://cdn.ttapi.io/suno/20260525/b4c991bf92f243b4a3d1d04f95fa4417.mp3,https://cdn.ttapi.io/suno/20260525/040b41184b634c64bb0b2085ded3d939.mp3,audio/jazz/273be8fd-ef2e-49ac-9f04-696099574308_1.mp3,audio/jazz/273be8fd-ef2e-49ac-9f04-696099574308_2.mp3,jazz,2026-05-25T20:53:09.659121+00:00,2026-05-25T20:54:55.658950+00:00,
c19cdca4-4ec3-4922-9a36-8d78f3f5a4c4,jazz,bebop,"bebop jazz, brooding atmosphere, featuring organ trio with Hammond B3","jazz, saxophone, piano",chirp-v4-5+,done,664e7579-226d-483f-bd30-647c44d00f29,e58fc50c-a946-48ca-9d16-e5b7de26b675,36fff32e-c8ce-4947-9afc-ea895d430942,https://cdn.ttapi.io/suno/20260525/185e06a3973a49faac208d68f3bebc7d.mp3,https://cdn.ttapi.io/suno/20260525/032a6c94b627456a801b3ea61dc15dbd.mp3,audio/jazz/c19cdca4-4ec3-4922-9a36-8d78f3f5a4c4_1.mp3,audio/jazz/c19cdca4-4ec3-4922-9a36-8d78f3f5a4c4_2.mp3,jazz,2026-05-25T20:53:10.987644+00:00,2026-05-25T20:56:02.125153+00:00,
203df736-022f-4197-a439-c72176dd3cd2,jazz,cool jazz,"cool jazz, brooding atmosphere, featuring organ trio with Hammond B3","jazz, trumpet, swing",chirp-v4-5+,done,585b8bfc-057e-4850-90ca-9a2cbcbb967e,02659500-b1d6-4432-a48c-2c4f42ee3987,dc5ca1d7-d458-4455-abc7-42e7a87a819f,https://cdn.ttapi.io/suno/20260525/4c5c2d08e8ba48358d70c295e7d52245.mp3,https://cdn.ttapi.io/suno/20260525/8ec13a8dab8141ffb7abcbdd4d5bee61.mp3,audio/jazz/203df736-022f-4197-a439-c72176dd3cd2_1.mp3,audio/jazz/203df736-022f-4197-a439-c72176dd3cd2_2.mp3,jazz,2026-05-25T20:53:12.310815+00:00,2026-05-25T20:55:21.915133+00:00,
8aa64783-8ed1-43e3-9349-eaa37101b290,jazz,fusion,"fusion jazz, brooding atmosphere, featuring organ trio with Hammond B3","jazz, bass, drums",chirp-v4-5+,done,1b3cfd6b-8dd7-4008-a1ac-c1cdae3b4361,8dc57a3c-500c-42d7-b3c8-24179da16bc7,a74edf3a-9091-427b-9966-2f31fb9434ac,https://cdn.ttapi.io/suno/20260525/750ec18d672f46a5ba4b720d11df25ce.mp3,https://cdn.ttapi.io/suno/20260525/d9c3f2da01b44047b36ae510bd36a980.mp3,audio/jazz/8aa64783-8ed1-43e3-9349-eaa37101b290_1.mp3,audio/jazz/8aa64783-8ed1-43e3-9349-eaa37101b290_2.mp3,jazz,2026-05-25T20:53:13.657836+00:00,2026-05-25T20:55:30.702801+00:00,
552331fa-ffa7-4f87-8386-6031dd2c2f85,jazz,smooth jazz,"smooth jazz, brooding atmosphere, featuring organ trio with Hammond B3","jazz, guitar, bossa nova",chirp-v4-5+,done,fdc3bfa5-2675-4172-952a-c686b3971175,b452f748-6053-43fd-8245-fbff147b60ca,36a52c09-fd44-44f0-9cfa-30b7d1e55474,https://cdn.ttapi.io/suno/20260525/792460c2054d480c9582fdf259fae7a3.mp3,https://cdn.ttapi.io/suno/20260525/acd5435e28c2447f880a29155dff779b.mp3,audio/jazz/552331fa-ffa7-4f87-8386-6031dd2c2f85_1.mp3,audio/jazz/552331fa-ffa7-4f87-8386-6031dd2c2f85_2.mp3,jazz,2026-05-25T20:53:14.989388+00:00,2026-05-25T20:55:22.172420+00:00,
c7cd5b2f-0bd3-4b9b-809e-87d958fa4929,jazz,hard bop,"hard bop jazz, brooding atmosphere, featuring organ trio with Hammond B3","jazz, fusion, electric",chirp-v4-5+,done,2a342929-9bec-457d-9fcb-6c4c15d4b0d7,80a3ed77-2cc0-4d50-92ac-8c8ac27a43e9,ca19b912-3ced-4ea0-9d09-674bb8030f6b,https://cdn.ttapi.io/suno/20260525/3d60507359fc447ab1c0a0cc5f1b2eee.mp3,https://cdn.ttapi.io/suno/20260525/754208e252014024b016148e1dcb66b4.mp3,audio/jazz/c7cd5b2f-0bd3-4b9b-809e-87d958fa4929_1.mp3,audio/jazz/c7cd5b2f-0bd3-4b9b-809e-87d958fa4929_2.mp3,jazz,2026-05-25T20:53:23.825974+00:00,2026-05-25T20:55:54.312923+00:00,
52619689-35be-43fb-bd70-2b16314e095e,jazz,free jazz,"free jazz, brooding atmosphere, featuring organ trio with Hammond B3","jazz, saxophone, piano",chirp-v4-5+,done,8e3d9400-8657-4453-b2dd-b4fa710b7476,aede332d-74f7-46b4-93b3-1931136ad3e8,51f43c8d-f0a3-4501-95b7-7c7a25e76675,https://cdn.ttapi.io/suno/20260525/ca5282cc244c4bac95f1e6ad5570b229.mp3,https://cdn.ttapi.io/suno/20260525/7192ecb358574e8b9defc92e0bdeff08.mp3,audio/jazz/52619689-35be-43fb-bd70-2b16314e095e_1.mp3,audio/jazz/52619689-35be-43fb-bd70-2b16314e095e_2.mp3,jazz,2026-05-25T20:53:25.121055+00:00,2026-05-25T20:55:39.308625+00:00,
195beef6-7180-4378-9b74-c5d53753eea9,jazz,latin jazz,"latin jazz, brooding atmosphere, featuring organ trio with Hammond B3","jazz, trumpet, swing",chirp-v4-5+,done,b1eaf140-8a0e-4086-94a8-16c2b33fa59a,be2362cd-a273-40a7-b747-0bc643c5567d,e8b16a9c-26c5-406c-96e6-eb9378cbfa19,https://cdn.ttapi.io/suno/20260525/297ca21d3fcb43c2ab79cb59c6f63c91.mp3,https://cdn.ttapi.io/suno/20260525/807aefd65de24503b7eb13029f35958c.mp3,audio/jazz/195beef6-7180-4378-9b74-c5d53753eea9_1.mp3,audio/jazz/195beef6-7180-4378-9b74-c5d53753eea9_2.mp3,jazz,2026-05-25T20:53:26.424981+00:00,2026-05-25T20:55:54.418231+00:00,
accf9a96-57ab-4b2e-bf8d-1f81b55a3a13,jazz,swing,"swing jazz, brooding atmosphere, featuring organ trio with Hammond B3","jazz, bass, drums",chirp-v4-5+,done,b5641738-50d5-43e7-bf58-6cfeacbeb5ca,388fdacb-a5a6-46e6-a9d6-89f9ea5bb197,afae0e65-8182-4e93-9fbf-56cc6f3c0dbe,https://cdn.ttapi.io/suno/20260525/00a2165e907249c685f69cd87b4c7c3d.mp3,https://cdn.ttapi.io/suno/20260525/01f435231d224eeebecb8027eaa8dc95.mp3,audio/jazz/accf9a96-57ab-4b2e-bf8d-1f81b55a3a13_1.mp3,audio/jazz/accf9a96-57ab-4b2e-bf8d-1f81b55a3a13_2.mp3,jazz,2026-05-25T20:53:27.663642+00:00,2026-05-25T20:55:22.556049+00:00,
f6070125-d65d-455a-b49f-bbeba3732663,jazz,modal jazz,"modal jazz, brooding atmosphere, featuring organ trio with Hammond B3","jazz, guitar, bossa nova",chirp-v4-5+,done,ea05879a-d91f-4973-bfd6-52715dbd32d5,e4ef16fc-3007-45cc-8fa8-7fec49d9522a,b9d44bf3-d5c9-4780-9378-023120c5d349,https://cdn.ttapi.io/suno/20260525/7142ca86f22241e8a74efda038e30b94.mp3,https://cdn.ttapi.io/suno/20260525/b5e72e2d5df148a6a32b26ccf585d9a7.mp3,audio/jazz/f6070125-d65d-455a-b49f-bbeba3732663_1.mp3,audio/jazz/f6070125-d65d-455a-b49f-bbeba3732663_2.mp3,jazz,2026-05-25T20:53:28.942482+00:00,2026-05-25T20:56:08.276635+00:00,
b20015b5-2c40-449a-b267-5c2b081a5749,jazz,post-bop,"post-bop jazz, brooding atmosphere, featuring organ trio with Hammond B3","jazz, fusion, electric",chirp-v4-5+,done,ad04848d-3a00-4442-beba-f8cf869c68b5,4bb0dc9f-85b9-413f-a1f0-b155cdbebee1,0f567575-6ddd-4353-a134-1291befc81e7,https://cdn.ttapi.io/suno/20260525/2385c700455740e6b72d22026f1dc51b.mp3,https://cdn.ttapi.io/suno/20260525/091e27345f984ab3a6b1516e5038df3b.mp3,audio/jazz/b20015b5-2c40-449a-b267-5c2b081a5749_1.mp3,audio/jazz/b20015b5-2c40-449a-b267-5c2b081a5749_2.mp3,jazz,2026-05-25T20:53:35.210354+00:00,2026-05-25T20:55:39.649365+00:00,
558743ed-05a1-4e6e-b36a-082f96f605c3,jazz,bebop,"bebop jazz, meditative atmosphere, featuring organ trio with Hammond B3","jazz, saxophone, piano",chirp-v4-5+,done,612c6202-186a-4557-83ab-788327e1e9bd,f9b224ed-e1ce-421e-996e-5a655866ecb1,2a26068d-5bd9-4a86-9076-a1faf5993258,https://cdn.ttapi.io/suno/20260525/59920259ff314f348dc21b091e40063b.mp3,https://cdn.ttapi.io/suno/20260525/3eccd34ca95b49e6a7ea8832c0c4b594.mp3,audio/jazz/558743ed-05a1-4e6e-b36a-082f96f605c3_1.mp3,audio/jazz/558743ed-05a1-4e6e-b36a-082f96f605c3_2.mp3,jazz,2026-05-25T20:53:36.477927+00:00,2026-05-25T20:55:08.669946+00:00,
af678e93-dd66-4263-83fa-67755af7dafe,jazz,cool jazz,"cool jazz, meditative atmosphere, featuring organ trio with Hammond B3","jazz, trumpet, swing",chirp-v4-5+,done,84929e65-a5a1-43df-a8ed-98c01d56fa34,d9b90da8-3361-4e2d-996b-94d820fc65b5,b7cd5e23-3ea2-4086-afa0-c81fef351f7e,https://cdn.ttapi.io/suno/20260525/f1535870298144e5b58f20ec4d190313.mp3,https://cdn.ttapi.io/suno/20260525/7cc9ae1049044b038db78b872ef92941.mp3,audio/jazz/af678e93-dd66-4263-83fa-67755af7dafe_1.mp3,audio/jazz/af678e93-dd66-4263-83fa-67755af7dafe_2.mp3,jazz,2026-05-25T20:53:37.748227+00:00,2026-05-25T20:55:46.896833+00:00,
9cf8d8ef-27e8-46c2-bdc3-e5804a3497ab,jazz,fusion,"fusion jazz, meditative atmosphere, featuring organ trio with Hammond B3","jazz, bass, drums",chirp-v4-5+,done,882ea9b6-862c-4aac-a269-65bf9654cab0,94da2a67-f312-4f98-9b32-31f93c0d2d8d,71c02845-dca6-4cf1-83fa-eebb852020e5,https://cdn.ttapi.io/suno/20260525/157001cce31c4c87a2542fadc4af06dc.mp3,https://cdn.ttapi.io/suno/20260525/4d023748acd745918517b2877a83cd2c.mp3,audio/jazz/9cf8d8ef-27e8-46c2-bdc3-e5804a3497ab_1.mp3,audio/jazz/9cf8d8ef-27e8-46c2-bdc3-e5804a3497ab_2.mp3,jazz,2026-05-25T20:54:28.721281+00:00,2026-05-25T20:58:44.958938+00:00,
d3e610b0-87c0-4629-94b8-392a821821ff,jazz,smooth jazz,"smooth jazz, meditative atmosphere, featuring organ trio with Hammond B3","jazz, guitar, bossa nova",chirp-v4-5+,done,1caecbfe-25c3-4ba9-8b04-6806b2a0c164,d51f2415-f8cd-45c8-bebb-08b9ca6a03ac,55328354-ed4e-47fa-9e99-d55cfca02841,https://cdn.ttapi.io/suno/20260525/5cebfc55c2d940718a562a5d94e8b91b.mp3,https://cdn.ttapi.io/suno/20260525/c5f52c1e437b4440bf23082b57ab710d.mp3,audio/jazz/d3e610b0-87c0-4629-94b8-392a821821ff_1.mp3,audio/jazz/d3e610b0-87c0-4629-94b8-392a821821ff_2.mp3,jazz,2026-05-25T20:55:00.444871+00:00,2026-05-25T20:58:45.132167+00:00,
3438a1b5-17a0-4427-b3d6-b9e03e96b5f2,jazz,hard bop,"hard bop jazz, meditative atmosphere, featuring organ trio with Hammond B3","jazz, fusion, electric",chirp-v4-5+,done,07b8d733-5d7c-4d43-a3b4-118752957133,a6f10083-04f0-4f84-8d6a-6c049bb68548,36988f2b-1e68-4c11-8ad9-9c1d0b97f642,https://cdn.ttapi.io/suno/20260525/e50f275835ef42068cc36dd11d2ea9c7.mp3,https://cdn.ttapi.io/suno/20260525/c109ea18368a4583a55d359788d9e2fd.mp3,audio/jazz/3438a1b5-17a0-4427-b3d6-b9e03e96b5f2_1.mp3,audio/jazz/3438a1b5-17a0-4427-b3d6-b9e03e96b5f2_2.mp3,jazz,2026-05-25T20:55:01.706385+00:00,2026-05-25T20:59:45.447770+00:00,
e5b7e70a-8621-4e83-8773-0a51c62d1722,jazz,free jazz,"free jazz, meditative atmosphere, featuring organ trio with Hammond B3","jazz, saxophone, piano",chirp-v4-5+,done,68969282-eef6-45e8-9051-d373677b3357,ac9cf125-83ef-412c-9292-21a46a21dd4d,58116c0b-32bb-4dd4-9388-d37def41aa60,https://cdn.ttapi.io/suno/20260525/5088f8eceade48958c6d41b5d5fb964e.mp3,https://cdn.ttapi.io/suno/20260525/7d09d81cca4144f29c1f25b24578bd90.mp3,audio/jazz/e5b7e70a-8621-4e83-8773-0a51c62d1722_1.mp3,audio/jazz/e5b7e70a-8621-4e83-8773-0a51c62d1722_2.mp3,jazz,2026-05-25T20:55:03.028466+00:00,2026-05-25T20:59:35.907852+00:00,
6cdd855d-0766-44c6-963a-34d3a13bf41d,jazz,latin jazz,"latin jazz, meditative atmosphere, featuring organ trio with Hammond B3","jazz, trumpet, swing",chirp-v4-5+,done,79ebc1a0-45de-42e1-afe0-e096ba3269d6,e22c7e5f-f40c-4206-834b-5980aade8f91,87cbcb88-942a-4811-af1a-dc95b4d67ab1,https://cdn.ttapi.io/suno/20260525/6458be78cdb24505b4d442fddc1f7038.mp3,https://cdn.ttapi.io/suno/20260525/9065f694e9c248008f4c3ae2295c7df1.mp3,audio/jazz/6cdd855d-0766-44c6-963a-34d3a13bf41d_1.mp3,audio/jazz/6cdd855d-0766-44c6-963a-34d3a13bf41d_2.mp3,jazz,2026-05-25T20:55:04.333651+00:00,2026-05-25T20:58:45.409680+00:00,
922dd58b-78de-4807-8ca7-eedc82a5ab9d,jazz,swing,"swing jazz, meditative atmosphere, featuring organ trio with Hammond B3","jazz, bass, drums",chirp-v4-5+,done,7248da4b-ff1a-4c9f-9097-941a96132152,6431bb6c-4cff-4897-bca8-992ccca2645f,d6cd13dc-cbe7-42a2-8814-754e6bd78e2a,https://cdn.ttapi.io/suno/20260525/1646a2770236427ba661a5849a136ab3.mp3,https://cdn.ttapi.io/suno/20260525/c4db592e36b34c5b807dea21091286bd.mp3,audio/jazz/922dd58b-78de-4807-8ca7-eedc82a5ab9d_1.mp3,audio/jazz/922dd58b-78de-4807-8ca7-eedc82a5ab9d_2.mp3,jazz,2026-05-25T20:55:19.637997+00:00,2026-05-25T20:59:05.819758+00:00,
93db68cb-aa21-4ddd-bb87-dd6d9654adb1,jazz,modal jazz,"modal jazz, meditative atmosphere, featuring organ trio with Hammond B3","jazz, guitar, bossa nova",chirp-v4-5+,done,9839fd86-aa06-4775-a1ce-be97a73019c8,bb3a60fc-955b-4149-8e27-4466f00be15a,5b8cffd6-b267-4d25-920c-a8760cb359d4,https://cdn.ttapi.io/suno/20260525/bab505e230384adfa9c8eca0312381a6.mp3,https://cdn.ttapi.io/suno/20260525/a3cc33b008d44d069483dc382910b422.mp3,audio/jazz/93db68cb-aa21-4ddd-bb87-dd6d9654adb1_1.mp3,audio/jazz/93db68cb-aa21-4ddd-bb87-dd6d9654adb1_2.mp3,jazz,2026-05-25T20:55:20.921935+00:00,2026-05-25T20:59:27.857225+00:00,
9778bc56-241c-432d-b515-fa3fca653a9e,jazz,post-bop,"post-bop jazz, meditative atmosphere, featuring organ trio with Hammond B3","jazz, fusion, electric",chirp-v4-5+,done,f559ad1f-a320-432a-bfee-f45c92830e18,92e0dece-00ed-4eef-b422-d599ae498da5,26c1198b-43f9-49f2-9556-6d10440cd237,https://cdn.ttapi.io/suno/20260525/bc5f65c797254ff1826f18454f459ad7.mp3,https://cdn.ttapi.io/suno/20260525/2ebf7519fe8c45a3b422312c853f7631.mp3,audio/jazz/9778bc56-241c-432d-b515-fa3fca653a9e_1.mp3,audio/jazz/9778bc56-241c-432d-b515-fa3fca653a9e_2.mp3,jazz,2026-05-25T20:55:27.121226+00:00,2026-05-25T20:59:06.091045+00:00,
37db41e1-a4fc-42f3-bc39-d597f308235a,jazz,bebop,"bebop jazz, playful atmosphere, featuring organ trio with Hammond B3","jazz, saxophone, piano",chirp-v4-5+,done,379e5dfe-94a8-4aed-b66d-cd061e7f79e9,87d7d3a2-9266-4f47-bc1c-6b5aa5e8650a,42e83c5f-6a2a-4fba-80c2-f88c07bdb444,https://cdn.ttapi.io/suno/20260525/1a9d168384c14c4abd0738e5d86e9326.mp3,https://cdn.ttapi.io/suno/20260525/ea43ac7e75b1477b98f60070e1ee0e75.mp3,audio/jazz/37db41e1-a4fc-42f3-bc39-d597f308235a_1.mp3,audio/jazz/37db41e1-a4fc-42f3-bc39-d597f308235a_2.mp3,jazz,2026-05-25T20:55:28.375859+00:00,2026-05-25T20:58:05.145971+00:00,
11be41a6-9544-439a-9da1-c6dd07f5d1c3,jazz,cool jazz,"cool jazz, playful atmosphere, featuring organ trio with Hammond B3","jazz, trumpet, swing",chirp-v4-5+,done,87d1b6b1-6798-4417-ab0e-4eab2f5fba29,567a940f-b183-42ed-9c13-026bdf040431,59c2ac80-8dff-4936-9107-c3ed7d6eb577,https://cdn.ttapi.io/suno/20260525/dae795b45d224af1bcaa7d7a2d7fa726.mp3,https://cdn.ttapi.io/suno/20260525/f7e283bf59c544a2a8f49b6ee5c4457a.mp3,audio/jazz/11be41a6-9544-439a-9da1-c6dd07f5d1c3_1.mp3,audio/jazz/11be41a6-9544-439a-9da1-c6dd07f5d1c3_2.mp3,jazz,2026-05-25T20:55:29.636507+00:00,2026-05-25T20:58:26.211002+00:00,
623296f1-0e0e-4771-8e63-55fd08b575b1,jazz,fusion,"fusion jazz, playful atmosphere, featuring organ trio with Hammond B3","jazz, bass, drums",chirp-v4-5+,done,909f59f1-0ecf-4a21-bb2e-8f57e5f89074,e0ebfeaf-7e4d-4d9d-9103-a2c8a1e8d9e0,8d25655a-cc6c-4428-a06f-457590445f72,https://cdn.ttapi.io/suno/20260525/9e45046ae11149d1b926c00bf1352d3f.mp3,https://cdn.ttapi.io/suno/20260525/096edd7f425e4d828d883019a2d3280d.mp3,audio/jazz/623296f1-0e0e-4771-8e63-55fd08b575b1_1.mp3,audio/jazz/623296f1-0e0e-4771-8e63-55fd08b575b1_2.mp3,jazz,2026-05-25T20:55:35.814001+00:00,2026-05-25T20:59:06.192862+00:00,
3fc34406-9974-4132-89d8-590f8d372282,jazz,smooth jazz,"smooth jazz, playful atmosphere, featuring organ trio with Hammond B3","jazz, guitar, bossa nova",chirp-v4-5+,done,88a480c0-d8d8-4241-9842-28527926ab4a,609f1647-168f-4f48-8752-fd47df53cffc,baa47ab2-46d0-44b3-910d-c99a3e1f9804,https://cdn.ttapi.io/suno/20260525/18ab9dc6f842489f8f27812d85ac1dd7.mp3,https://cdn.ttapi.io/suno/20260525/60d5994572df4554ad91651a70cd6189.mp3,audio/jazz/3fc34406-9974-4132-89d8-590f8d372282_1.mp3,audio/jazz/3fc34406-9974-4132-89d8-590f8d372282_2.mp3,jazz,2026-05-25T20:55:37.090455+00:00,2026-05-25T20:58:05.500238+00:00,
700faa0f-240d-498e-8984-be77962a328d,jazz,hard bop,"hard bop jazz, playful atmosphere, featuring organ trio with Hammond B3","jazz, fusion, electric",chirp-v4-5+,done,caefe439-6147-4e4d-ae41-f2fcea5f9030,ca442e05-b57d-48e9-9545-d361a26f9da7,9405ed57-4e34-467d-acba-e308eddcdbb3,https://cdn.ttapi.io/suno/20260525/c77aece0388a408abf07e9fce24c373e.mp3,https://cdn.ttapi.io/suno/20260525/f7416d937df3412a9e00dafa57671506.mp3,audio/jazz/700faa0f-240d-498e-8984-be77962a328d_1.mp3,audio/jazz/700faa0f-240d-498e-8984-be77962a328d_2.mp3,jazz,2026-05-25T20:55:38.398353+00:00,2026-05-25T20:58:40.078844+00:00,
cccd23d1-3b31-4f3d-8891-97d1880382dd,jazz,free jazz,"free jazz, playful atmosphere, featuring organ trio with Hammond B3","jazz, saxophone, piano",chirp-v4-5+,done,daa28e9d-0f00-4f43-b494-0f4d54705fd8,df549d93-994d-4077-aad6-767788f6f69a,0d318469-9b0f-43dc-9a73-b521024c60a9,https://cdn.ttapi.io/suno/20260525/97643b42ff5c4de99c1053243f05c4b6.mp3,https://cdn.ttapi.io/suno/20260525/b6663c9188474e6080948c06e4402688.mp3,audio/jazz/cccd23d1-3b31-4f3d-8891-97d1880382dd_1.mp3,audio/jazz/cccd23d1-3b31-4f3d-8891-97d1880382dd_2.mp3,jazz,2026-05-25T20:55:44.464506+00:00,2026-05-25T20:58:56.051716+00:00,
8ec9e80c-d50f-4656-b02b-97f13afe95b7,jazz,latin jazz,"latin jazz, playful atmosphere, featuring organ trio with Hammond B3","jazz, trumpet, swing",chirp-v4-5+,done,263eb822-b13e-419c-af66-7ff8843470da,b6a1d56a-d109-4684-9d1a-ae0eceae73a9,586550a0-7804-4179-89d9-800642ecb861,https://cdn.ttapi.io/suno/20260525/8311c85d6c4048ec98cfeb02956a8282.mp3,https://cdn.ttapi.io/suno/20260525/d4320b002c504881a90dd18f75f7cf58.mp3,audio/jazz/8ec9e80c-d50f-4656-b02b-97f13afe95b7_1.mp3,audio/jazz/8ec9e80c-d50f-4656-b02b-97f13afe95b7_2.mp3,jazz,2026-05-25T20:55:45.786778+00:00,2026-05-25T20:58:45.958606+00:00,
c62aadda-0ff3-4e2f-8c56-3c0b36af9435,jazz,swing,"swing jazz, playful atmosphere, featuring organ trio with Hammond B3","jazz, bass, drums",chirp-v4-5+,done,21fb5f8c-270b-48e8-94c7-2607aa6c166d,574f1f85-44c5-429e-b1ce-90d0c760cdb1,3e7e667a-30b7-4c3b-8044-ce0fad2df5a4,https://cdn.ttapi.io/suno/20260525/eab8a00bcd5e42b39b4347f60833e40a.mp3,https://cdn.ttapi.io/suno/20260525/0421fc7611a340ca87617bd9ae999c13.mp3,audio/jazz/c62aadda-0ff3-4e2f-8c56-3c0b36af9435_1.mp3,audio/jazz/c62aadda-0ff3-4e2f-8c56-3c0b36af9435_2.mp3,jazz,2026-05-25T20:55:51.726651+00:00,2026-05-25T20:58:56.208122+00:00,
dccd817a-1337-49e9-ac88-3b1b1c37a36a,jazz,modal jazz,"modal jazz, playful atmosphere, featuring organ trio with Hammond B3","jazz, guitar, bossa nova",chirp-v4-5+,done,eeefed92-1753-4831-9dd7-5a5c170b30a2,6ee89901-f4e5-410d-9cf0-b201b5dc72b8,27286e55-4d68-4894-a10a-8821a4f41e4c,https://cdn.ttapi.io/suno/20260525/e51d451194d24b02ba58cc2751657848.mp3,https://cdn.ttapi.io/suno/20260525/8200128b968c41469e9606a8a38cfa8c.mp3,audio/jazz/dccd817a-1337-49e9-ac88-3b1b1c37a36a_1.mp3,audio/jazz/dccd817a-1337-49e9-ac88-3b1b1c37a36a_2.mp3,jazz,2026-05-25T20:56:00.075380+00:00,2026-05-25T20:58:56.317809+00:00,
9d19f68c-153c-46f5-902c-cd62b5b7ba95,jazz,post-bop,"post-bop jazz, playful atmosphere, featuring organ trio with Hammond B3","jazz, fusion, electric",chirp-v4-5+,done,ac42fdab-e448-4610-9336-7f411607a0ef,892f1bba-6ab7-43b3-b189-5bed4d99eae4,cfcfac04-d270-4ac0-9b8c-35fdee82d8d5,https://cdn.ttapi.io/suno/20260525/37ae25fe0dd44249a3d3b8fc32e7e5af.mp3,https://cdn.ttapi.io/suno/20260525/b2c6c5665e444708aafdaa70c2847bc6.mp3,audio/jazz/9d19f68c-153c-46f5-902c-cd62b5b7ba95_1.mp3,audio/jazz/9d19f68c-153c-46f5-902c-cd62b5b7ba95_2.mp3,jazz,2026-05-25T20:56:01.411140+00:00,2026-05-25T20:59:45.592826+00:00,
aed3bf37-5fb5-4ef1-8c9e-a6782960f3b3,jazz,bebop,"bebop jazz, late-night atmosphere, featuring acoustic guitar and upright bass","jazz, saxophone, piano",chirp-v4-5+,done,21a4149f-3b62-42ad-a5c6-cfd794bf29c6,18e554be-f63d-4b16-89e4-8d77a9b6f0fa,7d4b31b2-01f3-4b90-ac16-441b6b0fd908,https://cdn.ttapi.io/suno/20260525/f1fcc0df940340708b4c8d1bf32d63ff.mp3,https://cdn.ttapi.io/suno/20260525/a801b6bbe0ff48d79c5ac1432a7a046a.mp3,audio/jazz/aed3bf37-5fb5-4ef1-8c9e-a6782960f3b3_1.mp3,audio/jazz/aed3bf37-5fb5-4ef1-8c9e-a6782960f3b3_2.mp3,jazz,2026-05-25T20:56:07.567817+00:00,2026-05-25T20:58:34.748064+00:00,
9754081e-759a-4845-a5a3-804c86dd8a01,jazz,cool jazz,"cool jazz, late-night atmosphere, featuring acoustic guitar and upright bass","jazz, trumpet, swing",chirp-v4-5+,done,1d252f6b-44ab-4d7e-a0f9-14b5ac36705a,b9b58b03-f8ec-4765-a0ce-d1605b94dd41,4a9695df-6a31-4b8a-8170-bd838f73ae1c,https://cdn.ttapi.io/suno/20260525/0107b481c1bc46088e1013bb2659a78b.mp3,https://cdn.ttapi.io/suno/20260525/0cf00685adf34c8e8927849169553c9d.mp3,audio/jazz/9754081e-759a-4845-a5a3-804c86dd8a01_1.mp3,audio/jazz/9754081e-759a-4845-a5a3-804c86dd8a01_2.mp3,jazz,2026-05-25T20:56:15.096954+00:00,2026-05-25T20:58:56.502085+00:00,
87a7d73d-deab-47bb-9422-597f72ece3ba,jazz,fusion,"fusion jazz, late-night atmosphere, featuring acoustic guitar and upright bass","jazz, bass, drums",chirp-v4-5+,done,12474969-7f70-4269-a776-3e0cc8d6128e,d9c8a23b-7b69-4162-b05f-fed570a14e26,a8c20136-8585-492a-9b04-e31e83809d6c,https://cdn.ttapi.io/suno/20260525/0ff6396ac6bb494987084d8949a620d5.mp3,https://cdn.ttapi.io/suno/20260525/ae265b987b8b4e5e9577da9e8fc5f71f.mp3,audio/jazz/87a7d73d-deab-47bb-9422-597f72ece3ba_1.mp3,audio/jazz/87a7d73d-deab-47bb-9422-597f72ece3ba_2.mp3,jazz,2026-05-25T20:58:09.849241+00:00,2026-05-25T20:59:36.141960+00:00,
3fb3ccb9-2517-4d91-bbb3-94b60cea48ec,jazz,smooth jazz,"smooth jazz, late-night atmosphere, featuring acoustic guitar and upright bass","jazz, guitar, bossa nova",chirp-v4-5+,done,ed93c801-f62a-4f88-a9d4-7d005d9dadc7,9b90a88c-8f4c-4350-b16e-ebfd6175c383,f75bfff5-e9aa-4e30-bb17-813296f2d363,https://cdn.ttapi.io/suno/20260525/ae12af3dd0ad4b91ac0864b1a3767ed2.mp3,https://cdn.ttapi.io/suno/20260525/d0e336eecf23405dbb90b445751a51d3.mp3,audio/jazz/3fb3ccb9-2517-4d91-bbb3-94b60cea48ec_1.mp3,audio/jazz/3fb3ccb9-2517-4d91-bbb3-94b60cea48ec_2.mp3,jazz,2026-05-25T20:58:11.101533+00:00,2026-05-25T20:59:54.752521+00:00,
caba40aa-e974-4c78-a856-dfc29ad8a9f4,jazz,hard bop,"hard bop jazz, late-night atmosphere, featuring acoustic guitar and upright bass","jazz, fusion, electric",chirp-v4-5+,done,95907066-5d01-4235-b34d-09ccc779974f,5868722c-82d4-42f2-b18f-4facdd4e778c,49a82caf-7071-46ea-a8fc-e8d58cea4f31,https://cdn.ttapi.io/suno/20260525/8e8c3fd11dc14c02881f7391717a836a.mp3,https://cdn.ttapi.io/suno/20260525/1eebddc672714a20a750879df776a5ec.mp3,audio/jazz/caba40aa-e974-4c78-a856-dfc29ad8a9f4_1.mp3,audio/jazz/caba40aa-e974-4c78-a856-dfc29ad8a9f4_2.mp3,jazz,2026-05-25T20:58:30.874164+00:00,2026-05-25T21:00:14.293063+00:00,
602380fd-956d-4091-843a-0a225a735d29,jazz,free jazz,"free jazz, late-night atmosphere, featuring acoustic guitar and upright bass","jazz, saxophone, piano",chirp-v4-5+,done,fc74c5d7-6744-4292-aa98-c6581f5767eb,4a47c797-bf46-4477-b31a-455c99bb9f1c,19ad43b3-3dfc-4c90-ba55-b0d7f0558eb5,https://cdn.ttapi.io/suno/20260525/408d0c075d4a4e2e9ac9c00abef8ff10.mp3,https://cdn.ttapi.io/suno/20260525/4f6472b21a8942f198a0fab4f636b74e.mp3,audio/jazz/602380fd-956d-4091-843a-0a225a735d29_1.mp3,audio/jazz/602380fd-956d-4091-843a-0a225a735d29_2.mp3,jazz,2026-05-25T20:58:38.557932+00:00,2026-05-25T21:00:14.481631+00:00,
58982432-bf26-4f9f-9904-532c3aa876a9,jazz,latin jazz,"latin jazz, late-night atmosphere, featuring acoustic guitar and upright bass","jazz, trumpet, swing",chirp-v4-5+,done,b55f29d0-dcb9-4bef-a437-291c02a22837,34196086-376a-497d-9ae2-db234151be53,c3cbe500-171c-40c4-8b98-6f5ae710babc,https://cdn.ttapi.io/suno/20260525/3a37de273c8c4c7582798a710a06a151.mp3,https://cdn.ttapi.io/suno/20260525/3170f15120a545b2a5b1e2802d6cc1ce.mp3,audio/jazz/58982432-bf26-4f9f-9904-532c3aa876a9_1.mp3,audio/jazz/58982432-bf26-4f9f-9904-532c3aa876a9_2.mp3,jazz,2026-05-25T20:58:44.249089+00:00,2026-05-25T21:00:14.594781+00:00,
29969296-89e1-405e-8fc7-ec5fe7aa5d9a,jazz,swing,"swing jazz, late-night atmosphere, featuring acoustic guitar and upright bass","jazz, bass, drums",chirp-v4-5+,done,63db8b6c-8f0a-4f0c-b094-a1e368fdd9fc,ad9e14a7-f771-41b8-8814-3d33322fcb3b,0a8d1260-050e-40f6-a7e7-58d961e8291e,https://cdn.ttapi.io/suno/20260525/16be7f40080d42b68f22044341e9fb63.mp3,https://cdn.ttapi.io/suno/20260525/aa9d495fc1ac4408bc848beae72f1a66.mp3,audio/jazz/29969296-89e1-405e-8fc7-ec5fe7aa5d9a_1.mp3,audio/jazz/29969296-89e1-405e-8fc7-ec5fe7aa5d9a_2.mp3,jazz,2026-05-25T20:58:50.829341+00:00,2026-05-25T21:00:14.698907+00:00,
84719f24-989d-4f0f-957f-986ba4606f36,jazz,modal jazz,"modal jazz, late-night atmosphere, featuring acoustic guitar and upright bass","jazz, guitar, bossa nova",chirp-v4-5+,done,fe33911e-e164-445c-9a58-25dd82061c44,48bba933-c8d1-43b2-9279-a874a45e32bc,24b01f51-acd8-49dc-a69c-b4f167660575,https://cdn.ttapi.io/suno/20260525/b252c939ca2c4225be55e9921e49efdd.mp3,https://cdn.ttapi.io/suno/20260525/79fbcbbe1c1748719d62c100478555e8.mp3,audio/jazz/84719f24-989d-4f0f-957f-986ba4606f36_1.mp3,audio/jazz/84719f24-989d-4f0f-957f-986ba4606f36_2.mp3,jazz,2026-05-25T20:58:52.171711+00:00,2026-05-25T21:00:50.737183+00:00,
4f5f3669-05eb-43ce-a513-fb8cb83f0689,jazz,post-bop,"post-bop jazz, late-night atmosphere, featuring acoustic guitar and upright bass","jazz, fusion, electric",chirp-v4-5+,done,145986ae-030c-44a5-8665-3986a301d6d5,9e469994-3b40-4495-b012-4329ddbe7c00,78d556f3-4bac-4706-8cf4-7a1777ac668a,https://cdn.ttapi.io/suno/20260525/e9db2a44d5b44e0dbd688309cd61fd71.mp3,https://cdn.ttapi.io/suno/20260525/785aeec625144a2781b0984397ade337.mp3,audio/jazz/4f5f3669-05eb-43ce-a513-fb8cb83f0689_1.mp3,audio/jazz/4f5f3669-05eb-43ce-a513-fb8cb83f0689_2.mp3,jazz,2026-05-25T20:58:53.492528+00:00,2026-05-25T21:01:23.811833+00:00,
6051912c-15ca-4c60-9468-2c98b8d86b79,jazz,bebop,"bebop jazz, melancholic atmosphere, featuring acoustic guitar and upright bass","jazz, saxophone, piano",chirp-v4-5+,done,29e94f9d-9eb9-47e8-9c3a-e1bbd7a45de4,5c5cad45-3fe0-4f64-8845-1f7d5f60d9c3,df24e008-0e32-490c-8b65-f65a935de3f5,https://cdn.ttapi.io/suno/20260525/aa77c4fda57345648c98b847b109952e.mp3,https://cdn.ttapi.io/suno/20260525/8149309940904841b18d851ff35b4244.mp3,audio/jazz/6051912c-15ca-4c60-9468-2c98b8d86b79_1.mp3,audio/jazz/6051912c-15ca-4c60-9468-2c98b8d86b79_2.mp3,jazz,2026-05-25T20:58:54.783212+00:00,2026-05-25T21:01:24.015925+00:00,
4fd66e9b-6bfd-4df5-9790-03d0a39ab772,jazz,cool jazz,"cool jazz, melancholic atmosphere, featuring acoustic guitar and upright bass","jazz, trumpet, swing",chirp-v4-5+,done,73d4cb4a-dff2-46ca-ac25-4ac968593aa2,d06de598-e901-4d51-b3c0-6883ac829bfa,07b2f550-25dd-4307-b313-e4b8050a5d8c,https://cdn.ttapi.io/suno/20260525/1a511f11d9bf4b0ca16db290b8de7924.mp3,https://cdn.ttapi.io/suno/20260525/507af4886d6c47bca4a84ef4c95df257.mp3,audio/jazz/4fd66e9b-6bfd-4df5-9790-03d0a39ab772_1.mp3,audio/jazz/4fd66e9b-6bfd-4df5-9790-03d0a39ab772_2.mp3,jazz,2026-05-25T20:59:00.967007+00:00,2026-05-25T21:00:51.121589+00:00,
cd9ec60e-302a-4603-a270-e7a5b0809950,jazz,fusion,"fusion jazz, melancholic atmosphere, featuring acoustic guitar and upright bass","jazz, bass, drums",chirp-v4-5+,done,cb29de2a-80cc-47bb-ab69-3415f9738ec1,67bd16de-c135-44cb-ba2a-7761621a384b,3fada2f2-b75d-4a1b-b262-0ebfad506f09,https://cdn.ttapi.io/suno/20260525/c656c77b8c0f43219f0c6beee1882400.mp3,https://cdn.ttapi.io/suno/20260525/25b8980bcf0a41e7a44a3279531c13fe.mp3,audio/jazz/cd9ec60e-302a-4603-a270-e7a5b0809950_1.mp3,audio/jazz/cd9ec60e-302a-4603-a270-e7a5b0809950_2.mp3,jazz,2026-05-25T20:59:02.305421+00:00,2026-05-25T21:01:24.124467+00:00,
12ab5f45-aaba-448d-b739-9d8dab1e087a,jazz,smooth jazz,"smooth jazz, melancholic atmosphere, featuring acoustic guitar and upright bass","jazz, guitar, bossa nova",chirp-v4-5+,done,f1fa388d-bbf2-4933-a0cb-27dfed1c5880,94feee0c-2a8e-44a8-a5c4-e14a93adc1e6,015d5ffc-da9d-4fe3-bfcb-5dec877e7c26,https://cdn.ttapi.io/suno/20260525/d3009f5ef349470791fcbb46d91ad4ce.mp3,https://cdn.ttapi.io/suno/20260525/d7e7dce5b8eb4323a2c10dc8c75ffbf7.mp3,audio/jazz/12ab5f45-aaba-448d-b739-9d8dab1e087a_1.mp3,audio/jazz/12ab5f45-aaba-448d-b739-9d8dab1e087a_2.mp3,jazz,2026-05-25T20:59:03.545531+00:00,2026-05-25T21:01:40.420163+00:00,
7729bd3a-95ab-4437-9742-e8a7dd1f3ac6,jazz,hard bop,"hard bop jazz, melancholic atmosphere, featuring acoustic guitar and upright bass","jazz, fusion, electric",chirp-v4-5+,done,013dd295-4bc5-4b64-989b-650ddbf47033,56080502-0e5b-42bd-a635-4911b44efc0c,47e03702-60e5-4ed3-8d29-33fa0e56fbf7,https://cdn.ttapi.io/suno/20260525/e73487c9985a434b948a0bbcc81d151e.mp3,https://cdn.ttapi.io/suno/20260525/c5fed9640c6845cc98b9dfcf82a0495c.mp3,audio/jazz/7729bd3a-95ab-4437-9742-e8a7dd1f3ac6_1.mp3,audio/jazz/7729bd3a-95ab-4437-9742-e8a7dd1f3ac6_2.mp3,jazz,2026-05-25T20:59:04.890033+00:00,2026-05-25T21:01:40.588079+00:00,
c50a91dc-b6ea-4dd2-8a62-5b36563696f0,jazz,free jazz,"free jazz, melancholic atmosphere, featuring acoustic guitar and upright bass","jazz, saxophone, piano",chirp-v4-5+,done,07f2a91b-6ee8-4b14-bc2f-519462870dea,12f460d2-606d-42d6-bd38-d72a1557687c,62569363-3c21-4f5f-a11c-1bc941d6d918,https://cdn.ttapi.io/suno/20260525/ad7a596f2b2b4a25a8c710df8382c1a4.mp3,https://cdn.ttapi.io/suno/20260525/ee5fce6637f84521b6096907d0337716.mp3,audio/jazz/c50a91dc-b6ea-4dd2-8a62-5b36563696f0_1.mp3,audio/jazz/c50a91dc-b6ea-4dd2-8a62-5b36563696f0_2.mp3,jazz,2026-05-25T20:59:10.974419+00:00,2026-05-25T21:01:40.694239+00:00,
acbfc3e0-627e-4a3f-9587-4ee6781ea68d,jazz,latin jazz,"latin jazz, melancholic atmosphere, featuring acoustic guitar and upright bass","jazz, trumpet, swing",chirp-v4-5+,done,55bf9439-9317-484e-89d0-4b445060dfb4,cdd8f7a0-fa8f-44f1-a5cf-71b26a56ad1c,1b2210a8-c929-4b16-b2bc-a3bbf24d7c88,https://cdn.ttapi.io/suno/20260525/4bf24ab8ec4e4c1a96b07dc9b43adc44.mp3,https://cdn.ttapi.io/suno/20260525/56fe0bf299514fbc9fe482c62414c0ea.mp3,audio/jazz/acbfc3e0-627e-4a3f-9587-4ee6781ea68d_1.mp3,audio/jazz/acbfc3e0-627e-4a3f-9587-4ee6781ea68d_2.mp3,jazz,2026-05-25T20:59:12.226303+00:00,2026-05-25T21:01:40.795333+00:00,
5db41833-db8b-4d88-9667-c2aef748af5d,jazz,swing,"swing jazz, melancholic atmosphere, featuring acoustic guitar and upright bass","jazz, bass, drums",chirp-v4-5+,done,f8bcfbd8-68f5-4b33-aa05-26fb561e58ac,44fa7ac7-c487-493c-b99e-3697f4e633a2,15706ab3-a0f4-4436-90ab-b142a70c416f,https://cdn.ttapi.io/suno/20260525/9066a5cfba734f6292ea5779472e388a.mp3,https://cdn.ttapi.io/suno/20260525/5a4d79f3de57437ebef3310fd35159f1.mp3,audio/jazz/5db41833-db8b-4d88-9667-c2aef748af5d_1.mp3,audio/jazz/5db41833-db8b-4d88-9667-c2aef748af5d_2.mp3,jazz,2026-05-25T20:59:13.440457+00:00,2026-05-25T21:01:24.566126+00:00,
2436befb-ef4e-444f-8118-3e5cc90d4294,jazz,modal jazz,"modal jazz, melancholic atmosphere, featuring acoustic guitar and upright bass","jazz, guitar, bossa nova",chirp-v4-5+,done,2abbc4b1-6bf7-464e-9383-f2f26a439c31,06a3e9e2-e791-4a69-89b0-8adabe91c57f,f2dde1ad-fcc0-4048-8dc1-679483ebc9cb,https://cdn.ttapi.io/suno/20260525/d16b38c7fc624f6c9cc2667eeb99400c.mp3,https://cdn.ttapi.io/suno/20260525/3602c7f4f60f4f2fa267d1d37faedf6d.mp3,audio/jazz/2436befb-ef4e-444f-8118-3e5cc90d4294_1.mp3,audio/jazz/2436befb-ef4e-444f-8118-3e5cc90d4294_2.mp3,jazz,2026-05-25T20:59:33.354223+00:00,2026-05-25T21:01:24.723597+00:00,
00681845-97fe-48a0-b4b2-597b5d4d29c6,jazz,post-bop,"post-bop jazz, melancholic atmosphere, featuring acoustic guitar and upright bass","jazz, fusion, electric",chirp-v4-5+,done,d04ef576-8e3c-404e-8037-280e978079a7,e0d12fd8-2761-43f1-a797-3775342cfe51,0a268c8f-784f-445c-bc2a-f1218f6da22b,https://cdn.ttapi.io/suno/20260525/3df5c94dfb80419c827477da43075410.mp3,https://cdn.ttapi.io/suno/20260525/96ccc24b829843f2a76ad385547c2d2c.mp3,audio/jazz/00681845-97fe-48a0-b4b2-597b5d4d29c6_1.mp3,audio/jazz/00681845-97fe-48a0-b4b2-597b5d4d29c6_2.mp3,jazz,2026-05-25T20:59:41.659590+00:00,2026-05-25T21:01:40.897638+00:00,
b1a8c063-1752-4de5-8099-4a6d85132c59,jazz,bebop,"bebop jazz, uplifting atmosphere, featuring acoustic guitar and upright bass","jazz, saxophone, piano",chirp-v4-5+,done,4295f247-2f05-4bb4-8404-35108a9f3c25,55132d83-327c-435f-84d2-7eba63f4f6a4,871e35cd-aff8-4f20-9bd3-a7e504d1dfaf,https://cdn.ttapi.io/suno/20260525/439beaba39be43e4aee504c2038018df.mp3,https://cdn.ttapi.io/suno/20260525/ceda18e8ce534118972d2dc768384896.mp3,audio/jazz/b1a8c063-1752-4de5-8099-4a6d85132c59_1.mp3,audio/jazz/b1a8c063-1752-4de5-8099-4a6d85132c59_2.mp3,jazz,2026-05-25T20:59:42.922313+00:00,2026-05-25T21:01:24.921485+00:00,
26e05b77-91c8-4b96-8d3f-d6c8df395c7a,jazz,cool jazz,"cool jazz, uplifting atmosphere, featuring acoustic guitar and upright bass","jazz, trumpet, swing",chirp-v4-5+,done,72b56bd8-fd3f-49ea-9075-4db80c39c1c9,48c372c2-4aba-4eb1-9930-1c8ebb620a6a,21dc490c-33d5-44ba-bd0a-f0b2c55366bb,https://cdn.ttapi.io/suno/20260525/09838072465e4306b4e406d8a6a299d6.mp3,https://cdn.ttapi.io/suno/20260525/30cce5b6fcf54a43accf16a988b681b7.mp3,audio/jazz/26e05b77-91c8-4b96-8d3f-d6c8df395c7a_1.mp3,audio/jazz/26e05b77-91c8-4b96-8d3f-d6c8df395c7a_2.mp3,jazz,2026-05-25T20:59:50.928768+00:00,2026-05-25T21:01:41.003364+00:00,
c5848121-5fbf-4749-be33-7b3322e0c6a4,jazz,fusion,"fusion jazz, uplifting atmosphere, featuring acoustic guitar and upright bass","jazz, bass, drums",chirp-v4-5+,done,ef0cc1d2-42ab-4965-9e54-30217fadb2eb,94aeb364-aca6-4c9d-b13b-cfac9ea25d80,63a7d5b9-d1e2-4fe3-85bc-a9c14bfd16de,https://cdn.ttapi.io/suno/20260525/d7cc81bc316243ddb98eb6f29940016f.mp3,https://cdn.ttapi.io/suno/20260525/63c28137cb1b4cd1af94cf52f136bda7.mp3,audio/jazz/c5848121-5fbf-4749-be33-7b3322e0c6a4_1.mp3,audio/jazz/c5848121-5fbf-4749-be33-7b3322e0c6a4_2.mp3,jazz,2026-05-25T20:59:52.225232+00:00,2026-05-25T21:01:25.108705+00:00,
45735d5d-5064-414c-9fab-7c4af6ebfeeb,jazz,smooth jazz,"smooth jazz, uplifting atmosphere, featuring acoustic guitar and upright bass","jazz, guitar, bossa nova",chirp-v4-5+,done,962cd418-de4b-4900-90b9-f9ce375a8038,ca907e5d-7752-4d81-b014-ba26599f88f0,1b575526-931b-4721-be90-4b5f8219fdcb,https://cdn.ttapi.io/suno/20260525/854d0a97632e4735b92ac3d413a94ada.mp3,https://cdn.ttapi.io/suno/20260525/cb9f120bbe5a43ab8f1581d31f2c1a11.mp3,audio/jazz/45735d5d-5064-414c-9fab-7c4af6ebfeeb_1.mp3,audio/jazz/45735d5d-5064-414c-9fab-7c4af6ebfeeb_2.mp3,jazz,2026-05-25T20:59:59.892272+00:00,2026-05-25T21:02:19.147492+00:00,
b8f9332b-8b74-44ea-878e-bdb7a3772487,jazz,hard bop,"hard bop jazz, uplifting atmosphere, featuring acoustic guitar and upright bass","jazz, fusion, electric",chirp-v4-5+,done,9312d3c6-acbd-4947-b5d2-1cdc3e5d0d6b,540760df-2428-4cd8-b0b4-bc93af6df80f,fc632961-2ba3-4d84-aa9d-eaa38562ea6b,https://cdn.ttapi.io/suno/20260525/f96fd3304cc244feb21a1516652e1dd0.mp3,https://cdn.ttapi.io/suno/20260525/4382ed77da544f9c9ddc1db8b61ca550.mp3,audio/jazz/b8f9332b-8b74-44ea-878e-bdb7a3772487_1.mp3,audio/jazz/b8f9332b-8b74-44ea-878e-bdb7a3772487_2.mp3,jazz,2026-05-25T21:00:20.055648+00:00,2026-05-25T21:01:41.187965+00:00,
325393d1-2f65-44b8-821f-3216c43db0a6,jazz,free jazz,"free jazz, uplifting atmosphere, featuring acoustic guitar and upright bass","jazz, saxophone, piano",chirp-v4-5+,done,5e55c211-8938-4b34-8c61-ec11aa61b506,81a07947-eed5-4b9c-b330-838776afed14,16638157-449e-4fc4-aa36-6eb4c6bb744e,https://cdn.ttapi.io/suno/20260525/22bd899aadf74b188c6bdbdb9eaa4009.mp3,https://cdn.ttapi.io/suno/20260525/2aaa9e6c949043fcaa15aeaa2d85da9e.mp3,audio/jazz/325393d1-2f65-44b8-821f-3216c43db0a6_1.mp3,audio/jazz/325393d1-2f65-44b8-821f-3216c43db0a6_2.mp3,jazz,2026-05-25T21:00:21.358180+00:00,2026-05-25T21:01:58.284946+00:00,
cd9c1656-4bf0-4ca1-882e-e3756853324a,jazz,latin jazz,"latin jazz, uplifting atmosphere, featuring acoustic guitar and upright bass","jazz, trumpet, swing",chirp-v4-5+,done,11ec6985-2a00-4de9-9f3e-11ec82d6fb32,3375a591-91fd-40ba-98eb-d69b3728f61b,c5ad1f3c-82dd-4643-9272-9cea814f1349,https://cdn.ttapi.io/suno/20260525/ae3c238c87024392b98876bfb367500b.mp3,https://cdn.ttapi.io/suno/20260525/a470325c369f474b99b6be6adbe119d3.mp3,audio/jazz/cd9c1656-4bf0-4ca1-882e-e3756853324a_1.mp3,audio/jazz/cd9c1656-4bf0-4ca1-882e-e3756853324a_2.mp3,jazz,2026-05-25T21:00:22.781943+00:00,2026-05-25T21:01:58.445078+00:00,
a6b0cfce-f656-45dc-b14c-c15a88d6b49d,jazz,swing,"swing jazz, uplifting atmosphere, featuring acoustic guitar and upright bass","jazz, bass, drums",chirp-v4-5+,done,e553ec0e-6fe8-4f31-9c88-87d42e49edca,4c46ea13-7ba0-4451-967c-4b61ae555aba,630dd66f-3a63-4ca0-8639-2d336cdac348,https://cdn.ttapi.io/suno/20260525/d6b3b8c00f044a1ea578e5365c7ce727.mp3,https://cdn.ttapi.io/suno/20260525/37d4b66dc5a5410ea366b252e82144e8.mp3,audio/jazz/a6b0cfce-f656-45dc-b14c-c15a88d6b49d_1.mp3,audio/jazz/a6b0cfce-f656-45dc-b14c-c15a88d6b49d_2.mp3,jazz,2026-05-25T21:00:24.025518+00:00,2026-05-25T21:01:41.461465+00:00,
3a5619d4-0939-432a-835e-afe3878528fa,jazz,modal jazz,"modal jazz, uplifting atmosphere, featuring acoustic guitar and upright bass","jazz, guitar, bossa nova",chirp-v4-5+,done,315819c7-ecd3-4656-9d3f-36c02e71499d,69cc2f93-91cf-465b-936a-23896775aa19,feb3f1ff-fe39-43e1-93ac-2ae2ee9cdea1,https://cdn.ttapi.io/suno/20260525/c48dd07a2f2a4d7983aaf1cda1e19e49.mp3,https://cdn.ttapi.io/suno/20260525/8fdbfc42586f4ff1a8cefe72b64562ba.mp3,audio/jazz/3a5619d4-0939-432a-835e-afe3878528fa_1.mp3,audio/jazz/3a5619d4-0939-432a-835e-afe3878528fa_2.mp3,jazz,2026-05-25T21:00:56.408492+00:00,2026-05-25T21:02:25.108647+00:00,
9661eb89-76d1-4016-be36-a04009584295,jazz,post-bop,"post-bop jazz, uplifting atmosphere, featuring acoustic guitar and upright bass","jazz, fusion, electric",chirp-v4-5+,done,f3a7450e-3b57-4b7b-a90e-05bc6876f466,ab1fe2fa-b98a-4179-b91d-6b16c1fa59a1,e24543c9-8ffc-4abb-81b4-243efa7724ce,https://cdn.ttapi.io/suno/20260525/79f5e8b2ad3143d0b7e480c2201af10d.mp3,https://cdn.ttapi.io/suno/20260525/f65b51380f9941178c61571389a920af.mp3,audio/jazz/9661eb89-76d1-4016-be36-a04009584295_1.mp3,audio/jazz/9661eb89-76d1-4016-be36-a04009584295_2.mp3,jazz,2026-05-25T21:00:57.623870+00:00,2026-05-25T21:03:08.225898+00:00,
2fbec4c9-2f43-4e27-873d-4ff8251fbb22,jazz,bebop,"bebop jazz, relaxed atmosphere, featuring acoustic guitar and upright bass","jazz, saxophone, piano",chirp-v4-5+,done,1b31d4d2-6af0-4658-ac15-11979a00e6b3,fc35cc28-92c8-43a9-a0e4-aa49e8810afb,2b59cb3e-5a8f-4ac9-a5f7-b481914d8d22,https://cdn.ttapi.io/suno/20260525/c917a09c354c485dbd5df3c83dedcb65.mp3,https://cdn.ttapi.io/suno/20260525/10725361cb9e4bba85a156e689dd6f5d.mp3,audio/jazz/2fbec4c9-2f43-4e27-873d-4ff8251fbb22_1.mp3,audio/jazz/2fbec4c9-2f43-4e27-873d-4ff8251fbb22_2.mp3,jazz,2026-05-25T21:01:31.877419+00:00,2026-05-25T21:06:52.601270+00:00,
bc810579-7c65-4fd7-9711-e1d0d343f37c,jazz,cool jazz,"cool jazz, relaxed atmosphere, featuring acoustic guitar and upright bass","jazz, trumpet, swing",chirp-v4-5+,done,4e89af89-6271-4a0b-930b-e43d65a5231e,54ec2f78-1484-4727-9592-7abb2191a426,5bbb9625-359b-4f34-b0a8-8a4bc92a821b,https://cdn.ttapi.io/suno/20260525/27af50324f884f33a862294ea1ba7978.mp3,https://cdn.ttapi.io/suno/20260525/49afd6a47bec4f59b1a5b22b131053af.mp3,audio/jazz/bc810579-7c65-4fd7-9711-e1d0d343f37c_1.mp3,audio/jazz/bc810579-7c65-4fd7-9711-e1d0d343f37c_2.mp3,jazz,2026-05-25T21:01:33.229061+00:00,2026-05-25T21:06:13.616724+00:00,
fc74d820-11ae-47ed-806c-0f7eff960870,jazz,fusion,"fusion jazz, relaxed atmosphere, featuring acoustic guitar and upright bass","jazz, bass, drums",chirp-v4-5+,done,c34f8417-5bda-4926-b48f-7239815b52fb,5611e36c-f6ea-4bc4-9ac7-b7b897f1e127,8a808a7f-d6cd-490d-a80b-1baed0cd3738,https://cdn.ttapi.io/suno/20260525/bdd15ae393b34c6c9aa45477f349d220.mp3,https://cdn.ttapi.io/suno/20260525/9f32ccb3e9514ea79e6e920a6abb0ca3.mp3,audio/jazz/fc74d820-11ae-47ed-806c-0f7eff960870_1.mp3,audio/jazz/fc74d820-11ae-47ed-806c-0f7eff960870_2.mp3,jazz,2026-05-25T21:01:34.518646+00:00,2026-05-25T21:07:18.304738+00:00,
9d82c4fb-917d-4e9a-a121-089db4bb0863,jazz,smooth jazz,"smooth jazz, relaxed atmosphere, featuring acoustic guitar and upright bass","jazz, guitar, bossa nova",chirp-v4-5+,done,b6f4d46a-d41e-4ff9-8c46-8c18cf9372af,647c9b31-0847-4f9b-bc59-fa942fa93006,17e3c420-5837-42bd-a544-3271aaff5324,https://cdn.ttapi.io/suno/20260525/976ab27548054c41b7681f79e7f90af2.mp3,https://cdn.ttapi.io/suno/20260525/2943a7131e85450f8b55aac01e31ebbf.mp3,audio/jazz/9d82c4fb-917d-4e9a-a121-089db4bb0863_1.mp3,audio/jazz/9d82c4fb-917d-4e9a-a121-089db4bb0863_2.mp3,jazz,2026-05-25T21:01:35.840412+00:00,2026-05-25T21:07:18.515931+00:00,
a7b3829c-c282-4034-96f8-e8f4d65f3948,jazz,hard bop,"hard bop jazz, relaxed atmosphere, featuring acoustic guitar and upright bass","jazz, fusion, electric",chirp-v4-5+,done,7a492e8b-358f-4f36-8f5d-08cf902b4eed,2ba95bec-49ad-4a84-8735-e0d0c9e0a65b,fed521c8-c6f8-43c6-801d-301fb0ad7d88,https://cdn.ttapi.io/suno/20260525/422946bb39514b8c8ab227e690a96d02.mp3,https://cdn.ttapi.io/suno/20260525/b869c50260204b349d570a97d2b71ca7.mp3,audio/jazz/a7b3829c-c282-4034-96f8-e8f4d65f3948_1.mp3,audio/jazz/a7b3829c-c282-4034-96f8-e8f4d65f3948_2.mp3,jazz,2026-05-25T21:01:37.122520+00:00,2026-05-25T21:07:18.636440+00:00,
e082ce9d-6939-4d1a-bf18-feb7cd608dc1,jazz,free jazz,"free jazz, relaxed atmosphere, featuring acoustic guitar and upright bass","jazz, saxophone, piano",chirp-v4-5+,done,55fdb20b-468c-4a27-8f86-d0e74591778e,4ace9d65-0c43-4e84-9e16-273b8e50b554,5a629e77-198b-4327-aaa8-6c2b75e74d75,https://cdn.ttapi.io/suno/20260525/69c0e9766b2b4b9b9b0c0c7d7fd2c959.mp3,https://cdn.ttapi.io/suno/20260525/a4a37ee1a7844ba7affaa7d6ee16ed5d.mp3,audio/jazz/e082ce9d-6939-4d1a-bf18-feb7cd608dc1_1.mp3,audio/jazz/e082ce9d-6939-4d1a-bf18-feb7cd608dc1_2.mp3,jazz,2026-05-25T21:01:38.448513+00:00,2026-05-25T21:06:33.608108+00:00,
a6e90044-debe-4078-98b3-2bb51cff29fe,jazz,latin jazz,"latin jazz, relaxed atmosphere, featuring acoustic guitar and upright bass","jazz, trumpet, swing",chirp-v4-5+,done,529de67c-e702-462e-864a-36e16703df93,23c91a9b-d8d1-471b-b8a1-f3894d0dfc43,f6d19a62-0e9f-4753-a17a-6ac2c98cdf42,https://cdn.ttapi.io/suno/20260525/e98d995e88174e7e8339a4ffbc9d99d2.mp3,https://cdn.ttapi.io/suno/20260525/0c362760dd9b40118473bd6e23df8393.mp3,audio/jazz/a6e90044-debe-4078-98b3-2bb51cff29fe_1.mp3,audio/jazz/a6e90044-debe-4078-98b3-2bb51cff29fe_2.mp3,jazz,2026-05-25T21:01:39.694629+00:00,2026-05-25T21:06:53.069208+00:00,
d0e63b44-df28-4227-bbd2-9767cafff7b2,jazz,swing,"swing jazz, relaxed atmosphere, featuring acoustic guitar and upright bass","jazz, bass, drums",chirp-v4-5+,done,75bb5368-a084-4df8-b3f8-3fb732ba793f,f67c7305-bf10-4182-9747-203b238608e7,809c26eb-87ef-4bff-8cb5-19e527840122,https://cdn.ttapi.io/suno/20260525/eae0bffab24c40aab8b5523f5e316755.mp3,https://cdn.ttapi.io/suno/20260525/80f59d0b05f246f1aa1866ecf5b68d8b.mp3,audio/jazz/d0e63b44-df28-4227-bbd2-9767cafff7b2_1.mp3,audio/jazz/d0e63b44-df28-4227-bbd2-9767cafff7b2_2.mp3,jazz,2026-05-25T21:01:48.449598+00:00,2026-05-25T21:07:08.728331+00:00,
2edbdf6a-1254-4327-b47c-54120fff077d,jazz,modal jazz,"modal jazz, relaxed atmosphere, featuring acoustic guitar and upright bass","jazz, guitar, bossa nova",chirp-v4-5+,done,a426f234-587d-45a1-a241-c0c30af29beb,90ac398a-58e5-4889-a1b5-a81dd1000295,495d84a2-326b-4d91-b427-28b880ed45ad,https://cdn.ttapi.io/suno/20260525/4deb9b4f29b641689c1e85156c746ee5.mp3,https://cdn.ttapi.io/suno/20260525/1ccc92d5d310410887d23241707c10b7.mp3,audio/jazz/2edbdf6a-1254-4327-b47c-54120fff077d_1.mp3,audio/jazz/2edbdf6a-1254-4327-b47c-54120fff077d_2.mp3,jazz,2026-05-25T21:01:49.715086+00:00,2026-05-25T21:07:18.740704+00:00,
7abcd5c4-c82d-4482-b55d-335ec224e94a,jazz,post-bop,"post-bop jazz, relaxed atmosphere, featuring acoustic guitar and upright bass","jazz, fusion, electric",chirp-v4-5+,done,a4f14708-1188-4096-b4c1-f6878ee36b42,47c4f6bb-bbf0-4951-9b03-845450f22200,6bbcc2ce-d057-4fcc-8556-df09dfbca45b,https://cdn.ttapi.io/suno/20260525/03d82271a2164f2c85c2c146d62b7a27.mp3,https://cdn.ttapi.io/suno/20260525/5e34a8a714814e8aae40d4323e242aca.mp3,audio/jazz/7abcd5c4-c82d-4482-b55d-335ec224e94a_1.mp3,audio/jazz/7abcd5c4-c82d-4482-b55d-335ec224e94a_2.mp3,jazz,2026-05-25T21:01:50.997962+00:00,2026-05-25T21:07:18.836797+00:00,
24f7891f-7b51-4d71-9235-2fe10642094b,jazz,bebop,"bebop jazz, energetic atmosphere, featuring acoustic guitar and upright bass","jazz, saxophone, piano",chirp-v4-5+,done,f4dc1287-ddb2-4310-bd77-e9f5e9a8f162,47d5fd50-500c-43ad-a75a-ad274f55c136,cd569ddb-a43e-40cb-a754-6d4fc69ee9de,https://cdn.ttapi.io/suno/20260525/6756762dae2e4d5b807e6dc21339db66.mp3,https://cdn.ttapi.io/suno/20260525/aa751c7ba2074754b128797fc1ce9656.mp3,audio/jazz/24f7891f-7b51-4d71-9235-2fe10642094b_1.mp3,audio/jazz/24f7891f-7b51-4d71-9235-2fe10642094b_2.mp3,jazz,2026-05-25T21:01:52.318233+00:00,2026-05-25T21:07:09.044427+00:00,
87570b67-5687-438f-889c-28e3c89bf267,jazz,cool jazz,"cool jazz, energetic atmosphere, featuring acoustic guitar and upright bass","jazz, trumpet, swing",chirp-v4-5+,done,ffd9ad76-e6cf-4a8c-b093-3085ade052a2,6757046c-80c4-4f86-b758-79cd4927841d,8f75de21-d220-4d86-824a-afb2008be3a5,https://cdn.ttapi.io/suno/20260525/ad5c94fc0ee640efb95366156f39488d.mp3,https://cdn.ttapi.io/suno/20260525/047a509158384190902765531f7b9052.mp3,audio/jazz/87570b67-5687-438f-889c-28e3c89bf267_1.mp3,audio/jazz/87570b67-5687-438f-889c-28e3c89bf267_2.mp3,jazz,2026-05-25T21:01:53.606249+00:00,2026-05-25T21:07:00.654589+00:00,
96390d3e-354d-41c3-b72c-243a9382ac29,jazz,fusion,"fusion jazz, energetic atmosphere, featuring acoustic guitar and upright bass","jazz, bass, drums",chirp-v4-5+,done,964d26a6-0beb-4e79-88b3-cc35cfde9f22,f902640f-d987-4336-bddf-03c6fae96ea0,e2b7966f-666e-4813-adde-3bc633d42092,https://cdn.ttapi.io/suno/20260525/171f93ae876143548e5724fe796bb517.mp3,https://cdn.ttapi.io/suno/20260525/75e68372cd7f4776b5e7b9759315d40f.mp3,audio/jazz/96390d3e-354d-41c3-b72c-243a9382ac29_1.mp3,audio/jazz/96390d3e-354d-41c3-b72c-243a9382ac29_2.mp3,jazz,2026-05-25T21:01:54.913604+00:00,2026-05-25T21:07:09.149620+00:00,
46c69603-ebe3-4e35-894a-1681f38fa018,jazz,smooth jazz,"smooth jazz, energetic atmosphere, featuring acoustic guitar and upright bass","jazz, guitar, bossa nova",chirp-v4-5+,done,7eae129b-ef18-4ac2-97c8-734d6e0189b5,ceac155d-65b7-4f22-8ffa-baf23e0ab820,65dc9f26-d327-4890-b7b8-644226744ac4,https://cdn.ttapi.io/suno/20260525/593483cb77be45e191847d0ccc3b54ae.mp3,https://cdn.ttapi.io/suno/20260525/b7d1880344e049ea9fe0d4f2e5708804.mp3,audio/jazz/46c69603-ebe3-4e35-894a-1681f38fa018_1.mp3,audio/jazz/46c69603-ebe3-4e35-894a-1681f38fa018_2.mp3,jazz,2026-05-25T21:01:56.185373+00:00,2026-05-25T21:07:00.907503+00:00,
2f944eb1-aa4e-4cc8-ad66-a2084dde2cde,jazz,hard bop,"hard bop jazz, energetic atmosphere, featuring acoustic guitar and upright bass","jazz, fusion, electric",chirp-v4-5+,done,667f3a7c-1f4f-46a6-9b96-b7583c1d9be1,9dcd56dd-0efb-41a5-98af-e6046cf3eab8,d80b9efb-33bc-4aef-81ef-28a014c01bd2,https://cdn.ttapi.io/suno/20260525/f57d43e4f5d54acc821332a9fe742dd1.mp3,https://cdn.ttapi.io/suno/20260525/0afbfe2d93f647ffad9cc829afe2893c.mp3,audio/jazz/2f944eb1-aa4e-4cc8-ad66-a2084dde2cde_1.mp3,audio/jazz/2f944eb1-aa4e-4cc8-ad66-a2084dde2cde_2.mp3,jazz,2026-05-25T21:01:57.459381+00:00,2026-05-25T21:07:18.935545+00:00,
4e771de5-db47-44bb-a183-a8d307fa60e9,jazz,free jazz,"free jazz, energetic atmosphere, featuring acoustic guitar and upright bass","jazz, saxophone, piano",chirp-v4-5+,done,80c0436f-c354-4d04-859d-d80979dbfcde,df7567bc-6c30-408a-94f0-a28c395f4555,45bd4672-b03e-4553-bda8-51ecc4ca4b86,https://cdn.ttapi.io/suno/20260525/6aeec2c878f446aca3c057e80d1a8da8.mp3,https://cdn.ttapi.io/suno/20260525/8fdcbb2f8b624c10bbdf52535f63b391.mp3,audio/jazz/4e771de5-db47-44bb-a183-a8d307fa60e9_1.mp3,audio/jazz/4e771de5-db47-44bb-a183-a8d307fa60e9_2.mp3,jazz,2026-05-25T21:02:03.444491+00:00,2026-05-25T21:07:19.032212+00:00,
120365fe-f804-41f9-91a8-c3cae8207b90,jazz,latin jazz,"latin jazz, energetic atmosphere, featuring acoustic guitar and upright bass","jazz, trumpet, swing",chirp-v4-5+,done,4a9aa536-1368-4cef-b95f-ee361a4ce7b2,3ff0d32d-e4b7-4178-8859-c5bcac4d610b,fe26a40c-e0e2-4531-b848-8897ec42b12f,https://cdn.ttapi.io/suno/20260525/affe998546494fe89a5e9b1ee3dee9e1.mp3,https://cdn.ttapi.io/suno/20260525/033899ab79e24179bbbabf6abb9a2b51.mp3,audio/jazz/120365fe-f804-41f9-91a8-c3cae8207b90_1.mp3,audio/jazz/120365fe-f804-41f9-91a8-c3cae8207b90_2.mp3,jazz,2026-05-25T21:02:04.740713+00:00,2026-05-25T21:07:01.181399+00:00,
0fd85fd0-926e-485b-b5b2-cadebf27375b,jazz,swing,"swing jazz, energetic atmosphere, featuring acoustic guitar and upright bass","jazz, bass, drums",chirp-v4-5+,done,0e221538-0bfe-4e2c-8d1e-5c82bf7aaed3,43c70679-3c3f-4d46-bbe1-768f98c027d8,3e194777-0a8a-441b-bb9b-f36f94f4b483,https://cdn.ttapi.io/suno/20260525/68d2cd635b8a4419a13022690e3aa4de.mp3,https://cdn.ttapi.io/suno/20260525/54fa33f27bc2460faf4bb226f026453a.mp3,audio/jazz/0fd85fd0-926e-485b-b5b2-cadebf27375b_1.mp3,audio/jazz/0fd85fd0-926e-485b-b5b2-cadebf27375b_2.mp3,jazz,2026-05-25T21:02:24.379748+00:00,2026-05-25T21:07:09.410838+00:00,
b8455498-33c2-48ee-bafc-afd78f7916b1,jazz,modal jazz,"modal jazz, energetic atmosphere, featuring acoustic guitar and upright bass","jazz, guitar, bossa nova",chirp-v4-5+,done,ddb60557-97f7-4b92-920e-d5cdf9c78e0f,85f8183c-8dc8-4d06-baf0-deb015e23158,202ba684-125d-442f-8d2d-3721a1f3a44e,https://cdn.ttapi.io/suno/20260525/6824d988fef44be0a64865bd2c5a82c3.mp3,https://cdn.ttapi.io/suno/20260525/169c8045ddef4d6c8657750a7d34c408.mp3,audio/jazz/b8455498-33c2-48ee-bafc-afd78f7916b1_1.mp3,audio/jazz/b8455498-33c2-48ee-bafc-afd78f7916b1_2.mp3,jazz,2026-05-25T21:02:30.288811+00:00,2026-05-25T21:07:36.006453+00:00,
28af4983-6944-4a16-ad35-b02fb89013e3,jazz,post-bop,"post-bop jazz, energetic atmosphere, featuring acoustic guitar and upright bass","jazz, fusion, electric",chirp-v4-5+,done,57464b7d-22d3-4783-898f-ac1d30f78859,6cb018cb-722a-4b7a-bdab-a3f983089c72,3331702a-ee62-4cb2-b514-812052a1267b,https://cdn.ttapi.io/suno/20260525/34548ac51b8d4aa89115d665e9d6999b.mp3,https://cdn.ttapi.io/suno/20260525/5a6b2924c41e486b9fcdf273855d5c71.mp3,audio/jazz/28af4983-6944-4a16-ad35-b02fb89013e3_1.mp3,audio/jazz/28af4983-6944-4a16-ad35-b02fb89013e3_2.mp3,jazz,2026-05-25T21:03:13.639283+00:00,2026-05-25T21:07:19.230929+00:00,
0b5fda17-3f1f-4f01-a379-5d4a002f2aec,jazz,bebop,"bebop jazz, nostalgic atmosphere, featuring acoustic guitar and upright bass","jazz, saxophone, piano",chirp-v4-5+,done,99d70f55-0919-4958-a321-f88ac70d3aa4,5acbfc2a-8d82-4aa6-ae30-2565c366b32a,899185a1-e33b-44f2-853c-a28d130b9d2a,https://cdn.ttapi.io/suno/20260525/31c35f2a9f0b44de962eb990c4e85b56.mp3,https://cdn.ttapi.io/suno/20260525/df7ad553ad3347efb4827b311677140f.mp3,audio/jazz/0b5fda17-3f1f-4f01-a379-5d4a002f2aec_1.mp3,audio/jazz/0b5fda17-3f1f-4f01-a379-5d4a002f2aec_2.mp3,jazz,2026-05-25T21:06:18.764530+00:00,2026-05-25T21:08:07.091117+00:00,
a1a4ce14-69f9-4d4f-a719-137c38a4a767,jazz,cool jazz,"cool jazz, nostalgic atmosphere, featuring acoustic guitar and upright bass","jazz, trumpet, swing",chirp-v4-5+,done,7b193c1f-4a98-424f-a99b-974dabc64272,7abeb328-38c5-41b4-a8d3-c4a28afd1a1b,db274a36-a594-4dde-acac-6a95a7d2ee4b,https://cdn.ttapi.io/suno/20260525/79cc153643aa40fdad565561b89783dc.mp3,https://cdn.ttapi.io/suno/20260525/5f58e696a9944f72851248ef74b6233a.mp3,audio/jazz/a1a4ce14-69f9-4d4f-a719-137c38a4a767_1.mp3,audio/jazz/a1a4ce14-69f9-4d4f-a719-137c38a4a767_2.mp3,jazz,2026-05-25T21:06:38.289282+00:00,2026-05-25T21:08:07.282953+00:00,
191bd281-0272-4089-866f-38bf601c0a17,jazz,fusion,"fusion jazz, nostalgic atmosphere, featuring acoustic guitar and upright bass","jazz, bass, drums",chirp-v4-5+,done,430389e3-8ce5-4d73-9d77-4c647d791509,b0269622-25cf-4b26-a29f-25c3420aecb7,680d993f-9850-470d-a208-ee4c479f3a7e,https://cdn.ttapi.io/suno/20260525/c72e364d70bd4fbcac8570352f5c4d3d.mp3,https://cdn.ttapi.io/suno/20260525/f444208cc3254ca19783594bc8d0d9fc.mp3,audio/jazz/191bd281-0272-4089-866f-38bf601c0a17_1.mp3,audio/jazz/191bd281-0272-4089-866f-38bf601c0a17_2.mp3,jazz,2026-05-25T21:06:58.013035+00:00,2026-05-25T21:08:35.624105+00:00,
536431eb-5724-4892-bef6-4fed0a4bb141,jazz,smooth jazz,"smooth jazz, nostalgic atmosphere, featuring acoustic guitar and upright bass","jazz, guitar, bossa nova",chirp-v4-5+,done,11cffcef-31f9-4893-94be-78abf5bfceb0,a99d99ae-6869-4906-9edd-aed962e70341,f8a47c90-89ba-4432-bff0-4d2c059b0f47,https://cdn.ttapi.io/suno/20260525/a4f4076bab0b4bdb931609475025db15.mp3,https://cdn.ttapi.io/suno/20260525/d7493f008077427ab7bb426501df9841.mp3,audio/jazz/536431eb-5724-4892-bef6-4fed0a4bb141_1.mp3,audio/jazz/536431eb-5724-4892-bef6-4fed0a4bb141_2.mp3,jazz,2026-05-25T21:06:59.295631+00:00,2026-05-25T21:08:28.166340+00:00,
dff0d6e9-6466-4aa4-89c2-f661cf0b1e16,jazz,hard bop,"hard bop jazz, nostalgic atmosphere, featuring acoustic guitar and upright bass","jazz, fusion, electric",chirp-v4-5+,done,02a845a1-5d03-4f5e-94df-5beae91359a6,86cd0143-9018-4749-87cb-a4b310e390b4,1393a27d-4703-48ae-bc41-50508aa43b1a,https://cdn.ttapi.io/suno/20260525/47ada807688345629c460a85d4aefcd5.mp3,https://cdn.ttapi.io/suno/20260525/d09a23f8b20d47aca451abc884023921.mp3,audio/jazz/dff0d6e9-6466-4aa4-89c2-f661cf0b1e16_1.mp3,audio/jazz/dff0d6e9-6466-4aa4-89c2-f661cf0b1e16_2.mp3,jazz,2026-05-25T21:07:05.197922+00:00,2026-05-25T21:08:14.659140+00:00,
0898aa8e-abc1-4540-8a0f-48b9c6eb3d9d,jazz,free jazz,"free jazz, nostalgic atmosphere, featuring acoustic guitar and upright bass","jazz, saxophone, piano",chirp-v4-5+,done,345813f2-f6b8-48e5-9dcd-fb1d1ea18748,f85423de-d83e-4641-9930-234280928fd0,5f4668de-e961-490e-9775-b9610fc93655,https://cdn.ttapi.io/suno/20260525/68d7f43ccfd4430eb9af8eb7d86ebf50.mp3,https://cdn.ttapi.io/suno/20260525/7e653bfbccbf4cccab5a04e8e7514d73.mp3,audio/jazz/0898aa8e-abc1-4540-8a0f-48b9c6eb3d9d_1.mp3,audio/jazz/0898aa8e-abc1-4540-8a0f-48b9c6eb3d9d_2.mp3,jazz,2026-05-25T21:07:06.463323+00:00,2026-05-25T21:08:14.829150+00:00,
485bfabd-5319-4176-984f-8122ca6e7d61,jazz,latin jazz,"latin jazz, nostalgic atmosphere, featuring acoustic guitar and upright bass","jazz, trumpet, swing",chirp-v4-5+,done,b46a4175-57dc-4695-8928-a1a01373861f,e12e0aa4-bf2a-43a6-a6f7-ce06ec3889e7,b7287453-9eea-4076-96ab-6112037087ee,https://cdn.ttapi.io/suno/20260525/9aa1fed9e5804d37b98b0e574384ff54.mp3,https://cdn.ttapi.io/suno/20260525/83013691ea844904810bdb524e62dc17.mp3,audio/jazz/485bfabd-5319-4176-984f-8122ca6e7d61_1.mp3,audio/jazz/485bfabd-5319-4176-984f-8122ca6e7d61_2.mp3,jazz,2026-05-25T21:07:07.731221+00:00,2026-05-25T21:08:21.908972+00:00,
f27f436c-5e8f-44ee-a377-44110151234d,jazz,swing,"swing jazz, nostalgic atmosphere, featuring acoustic guitar and upright bass","jazz, bass, drums",chirp-v4-5+,done,f3e275ca-8ca8-4c98-afca-126f252c5c00,d8c6a4f5-e946-474d-bcb4-262cd1eebb04,b1b74eb4-8eb2-4708-9fbe-64d3ec112a1c,https://cdn.ttapi.io/suno/20260525/e6f766e765924958843d16f71f814311.mp3,https://cdn.ttapi.io/suno/20260525/4b35e3c0164146db812b8ac09ef46899.mp3,audio/jazz/f27f436c-5e8f-44ee-a377-44110151234d_1.mp3,audio/jazz/f27f436c-5e8f-44ee-a377-44110151234d_2.mp3,jazz,2026-05-25T21:07:13.748568+00:00,2026-05-25T21:08:28.332521+00:00,
5cf7de36-8fdf-421c-a863-e2656f08987e,jazz,modal jazz,"modal jazz, nostalgic atmosphere, featuring acoustic guitar and upright bass","jazz, guitar, bossa nova",chirp-v4-5+,done,eb46f95a-95b5-4b08-b0d9-aeb658cf96d6,71b50747-c4dd-4a40-a07b-dd16b74c8906,a8de1819-4821-470b-a7f6-d541289eeca8,https://cdn.ttapi.io/suno/20260525/5014a157888f45ea84a99a9a901165c0.mp3,https://cdn.ttapi.io/suno/20260525/da81ed70c9104f3fa78ed87796213cd1.mp3,audio/jazz/5cf7de36-8fdf-421c-a863-e2656f08987e_1.mp3,audio/jazz/5cf7de36-8fdf-421c-a863-e2656f08987e_2.mp3,jazz,2026-05-25T21:07:15.041769+00:00,2026-05-25T21:08:50.523741+00:00,
07e828ab-9aa3-4769-b84f-32128e2ee90a,jazz,post-bop,"post-bop jazz, nostalgic atmosphere, featuring acoustic guitar and upright bass","jazz, fusion, electric",chirp-v4-5+,done,b97e8e2f-86b0-4642-9df0-ad0920c7b126,f6d38b1a-f41b-4d81-8de3-df5c4188da01,d3499ca9-3991-40a0-b512-6b66f0ee7360,https://cdn.ttapi.io/suno/20260525/972274411628441fbcfa1060c4ee0037.mp3,https://cdn.ttapi.io/suno/20260525/d9f2da4764374d9ebf1f41c75d039760.mp3,audio/jazz/07e828ab-9aa3-4769-b84f-32128e2ee90a_1.mp3,audio/jazz/07e828ab-9aa3-4769-b84f-32128e2ee90a_2.mp3,jazz,2026-05-25T21:07:16.382580+00:00,2026-05-25T21:08:35.913992+00:00,
13db5b58-9596-4c69-9f70-41aa84033b09,jazz,bebop,"bebop jazz, romantic atmosphere, featuring acoustic guitar and upright bass","jazz, saxophone, piano",chirp-v4-5+,done,da23a354-2804-4125-8edd-4d96430b8c24,cc227a20-473f-4118-b188-12300e55c444,8c430266-531e-457a-9de4-b432708a317d,https://cdn.ttapi.io/suno/20260525/7b9f4fa132b6439a91aa8bb5b7270011.mp3,https://cdn.ttapi.io/suno/20260525/a3822dc0a8c64f35987fd9aea2d60d0f.mp3,audio/jazz/13db5b58-9596-4c69-9f70-41aa84033b09_1.mp3,audio/jazz/13db5b58-9596-4c69-9f70-41aa84033b09_2.mp3,jazz,2026-05-25T21:07:17.594490+00:00,2026-05-25T21:08:36.025393+00:00,
23ee90c2-222a-43ad-8a33-ac9976169b41,jazz,cool jazz,"cool jazz, romantic atmosphere, featuring acoustic guitar and upright bass","jazz, trumpet, swing",chirp-v4-5+,done,3ec0985c-bc0c-46e4-a980-122a886e113c,cf5514d5-46e0-4d1d-bef9-da85ac8d20af,6190aeb6-9bab-4b6c-a678-d5b1a403380e,https://cdn.ttapi.io/suno/20260525/2967e82093ea4edab3ff7fe343a2d542.mp3,https://cdn.ttapi.io/suno/20260525/3e54fe5da665465eb78cd9950d88be48.mp3,audio/jazz/23ee90c2-222a-43ad-8a33-ac9976169b41_1.mp3,audio/jazz/23ee90c2-222a-43ad-8a33-ac9976169b41_2.mp3,jazz,2026-05-25T21:07:26.475767+00:00,2026-05-25T21:09:04.578882+00:00,
dc198ca4-0a85-4aaf-8b40-5eabd3cdf6e1,jazz,fusion,"fusion jazz, romantic atmosphere, featuring acoustic guitar and upright bass","jazz, bass, drums",chirp-v4-5+,done,d8a69fdb-78f6-47fd-99a4-6f62d2e3d23e,fb1435c3-d825-4687-acd6-5cbd1c861416,d287cc31-4f72-490e-8ea4-45c593eed87f,https://cdn.ttapi.io/suno/20260525/7af469c22bf4421384aa33b2f8c1add6.mp3,https://cdn.ttapi.io/suno/20260525/b4b428f8fd55494dbf2e42dae71bd6f4.mp3,audio/jazz/dc198ca4-0a85-4aaf-8b40-5eabd3cdf6e1_1.mp3,audio/jazz/dc198ca4-0a85-4aaf-8b40-5eabd3cdf6e1_2.mp3,jazz,2026-05-25T21:07:27.720417+00:00,2026-05-25T21:08:36.213121+00:00,
00972c55-0d76-48ff-90fe-b36701edfc4c,jazz,smooth jazz,"smooth jazz, romantic atmosphere, featuring acoustic guitar and upright bass","jazz, guitar, bossa nova",chirp-v4-5+,done,dbae93bb-3fcc-4078-9f08-1cf3dfaf6322,c67b6985-4887-422e-bb39-af7a1bfa840b,9738da53-6eff-4d22-913c-94367e99b14c,https://cdn.ttapi.io/suno/20260525/97110dffbc124391a9199bf412745b43.mp3,https://cdn.ttapi.io/suno/20260525/10f40832b0d44a2bbede18069fc5573e.mp3,audio/jazz/00972c55-0d76-48ff-90fe-b36701edfc4c_1.mp3,audio/jazz/00972c55-0d76-48ff-90fe-b36701edfc4c_2.mp3,jazz,2026-05-25T21:07:29.046303+00:00,2026-05-25T21:09:04.871516+00:00,
e8b2241f-2d83-46a7-bde8-66ffac7991d6,jazz,hard bop,"hard bop jazz, romantic atmosphere, featuring acoustic guitar and upright bass","jazz, fusion, electric",chirp-v4-5+,done,88c6513d-069d-493f-9da8-1e149cd928b3,d62456b8-8a12-4f6e-a0d4-4ebe0de19b3e,6a95b5d0-bb0b-4e13-adbf-c6beee6d2784,https://cdn.ttapi.io/suno/20260525/7b8c587377fe48a6aa859ad89ba6e4b0.mp3,https://cdn.ttapi.io/suno/20260525/00c29182de4d4ff0bbde1463f1702275.mp3,audio/jazz/e8b2241f-2d83-46a7-bde8-66ffac7991d6_1.mp3,audio/jazz/e8b2241f-2d83-46a7-bde8-66ffac7991d6_2.mp3,jazz,2026-05-25T21:07:30.279620+00:00,2026-05-25T21:08:36.400553+00:00,
15986260-659f-4501-9f2f-f09e72a83c88,jazz,free jazz,"free jazz, romantic atmosphere, featuring acoustic guitar and upright bass","jazz, saxophone, piano",chirp-v4-5+,done,63cd1658-6da7-48d0-bc1b-5c40934a380f,d87f0381-91f5-4a84-8af6-997a9cac1658,0a63973a-b07b-45ad-ae4d-80669062c4f9,https://cdn.ttapi.io/suno/20260525/2fbf1978513d4004a93e13846693e928.mp3,https://cdn.ttapi.io/suno/20260525/f95ad2d02b484b288e191a2cfd6a7b0c.mp3,audio/jazz/15986260-659f-4501-9f2f-f09e72a83c88_1.mp3,audio/jazz/15986260-659f-4501-9f2f-f09e72a83c88_2.mp3,jazz,2026-05-25T21:07:31.480337+00:00,2026-05-25T21:09:04.981945+00:00,
f56af54f-506d-4233-b09c-448ce66fe40d,jazz,latin jazz,"latin jazz, romantic atmosphere, featuring acoustic guitar and upright bass","jazz, trumpet, swing",chirp-v4-5+,done,a6855a78-d748-4e72-9de3-0c4a5b7050ff,1d3354d3-f7f1-4b41-8043-4c1288b3fd58,4e5ca1cf-f3d4-41b4-ae2e-480ae4c8e6c1,https://cdn.ttapi.io/suno/20260525/2d122a721ee5463aa4bc1415fc2c07b0.mp3,https://cdn.ttapi.io/suno/20260525/a594af037639425a801671d85fd43fe2.mp3,audio/jazz/f56af54f-506d-4233-b09c-448ce66fe40d_1.mp3,audio/jazz/f56af54f-506d-4233-b09c-448ce66fe40d_2.mp3,jazz,2026-05-25T21:07:32.818687+00:00,2026-05-25T21:09:05.084136+00:00,
7861aabb-fc7a-413e-9412-b2a6b97ffd8f,jazz,swing,"swing jazz, romantic atmosphere, featuring acoustic guitar and upright bass","jazz, bass, drums",chirp-v4-5+,done,9aef9d90-7dc7-43d7-ba43-eecd69a4bb5e,3f49e423-1adb-4e47-bc45-1508ae86977f,55dcdd0d-7376-4f89-96e8-62e1c26b481c,https://cdn.ttapi.io/suno/20260525/d85cc47419a240a799e462e240b0e951.mp3,https://cdn.ttapi.io/suno/20260525/0e3ab58f87044d469518ab5b1860a5a2.mp3,audio/jazz/7861aabb-fc7a-413e-9412-b2a6b97ffd8f_1.mp3,audio/jazz/7861aabb-fc7a-413e-9412-b2a6b97ffd8f_2.mp3,jazz,2026-05-25T21:07:34.065970+00:00,2026-05-25T21:08:36.668074+00:00,
63a078a3-942c-4177-b5b6-0d80e461c903,jazz,modal jazz,"modal jazz, romantic atmosphere, featuring acoustic guitar and upright bass","jazz, guitar, bossa nova",chirp-v4-5+,done,bd8916aa-7b3a-4d1e-a56f-ad647950286c,3f2eebe3-d9e8-483d-b8b3-affe58650802,670543d4-410c-45e6-8534-c463e3ba2ece,https://cdn.ttapi.io/suno/20260525/4664676c019746148319d2e60ef4dca3.mp3,https://cdn.ttapi.io/suno/20260525/d2d59f0056374cee8320161e4c53c8bd.mp3,audio/jazz/63a078a3-942c-4177-b5b6-0d80e461c903_1.mp3,audio/jazz/63a078a3-942c-4177-b5b6-0d80e461c903_2.mp3,jazz,2026-05-25T21:07:35.356523+00:00,2026-05-25T21:09:05.184670+00:00,
a37a7e98-d31d-407d-9a18-4c0182b4de35,jazz,post-bop,"post-bop jazz, romantic atmosphere, featuring acoustic guitar and upright bass","jazz, fusion, electric",chirp-v4-5+,done,6fee320f-e562-4c11-9d2a-4db6b083f08e,13fd0c8e-e8f7-4b0e-a204-e681d84ec88e,bb5a1d65-6560-4dd0-94ef-6bc2bf23cfd1,https://cdn.ttapi.io/suno/20260525/abb82b00137945388a5ba9c87d88e4d7.mp3,https://cdn.ttapi.io/suno/20260525/c6b8e3f8f1c34ad6a0e084a2e658d664.mp3,audio/jazz/a37a7e98-d31d-407d-9a18-4c0182b4de35_1.mp3,audio/jazz/a37a7e98-d31d-407d-9a18-4c0182b4de35_2.mp3,jazz,2026-05-25T21:07:40.947878+00:00,2026-05-25T21:09:05.281816+00:00,
fa073904-d12c-4239-b81c-eec3eed6b460,jazz,bebop,"bebop jazz, brooding atmosphere, featuring acoustic guitar and upright bass","jazz, saxophone, piano",chirp-v4-5+,done,8dbef5d3-e827-4bdc-b809-6414a51716e7,5d3c70cf-670d-4fe8-94c9-c01375bf1452,4e7ca3cc-b384-48e3-8d99-ebf43f572572,https://cdn.ttapi.io/suno/20260525/7d5d87f28b1a4a2d926cd961224932d5.mp3,https://cdn.ttapi.io/suno/20260525/e3eccf3004974c6384ae1ff6560680c1.mp3,audio/jazz/fa073904-d12c-4239-b81c-eec3eed6b460_1.mp3,audio/jazz/fa073904-d12c-4239-b81c-eec3eed6b460_2.mp3,jazz,2026-05-25T21:08:12.397225+00:00,2026-05-25T21:09:33.590679+00:00,
7298d2a0-4c82-4a7e-8318-5f0308881331,jazz,cool jazz,"cool jazz, brooding atmosphere, featuring acoustic guitar and upright bass","jazz, trumpet, swing",chirp-v4-5+,done,139680ae-1e7f-4475-ae73-1bcd94bb04a6,a778fea9-6882-4452-afb9-3fad038c46b6,e058b38e-0eb5-4b61-b4e9-d842aa1c3596,https://cdn.ttapi.io/suno/20260525/993c6306512b4476b52696126a094909.mp3,https://cdn.ttapi.io/suno/20260525/f54eacb2a93446babb00b78037314e7a.mp3,audio/jazz/7298d2a0-4c82-4a7e-8318-5f0308881331_1.mp3,audio/jazz/7298d2a0-4c82-4a7e-8318-5f0308881331_2.mp3,jazz,2026-05-25T21:08:13.750992+00:00,2026-05-25T21:09:53.394708+00:00,
4e1e76e2-b604-4a63-8680-5185f6e59eb1,jazz,fusion,"fusion jazz, brooding atmosphere, featuring acoustic guitar and upright bass","jazz, bass, drums",chirp-v4-5+,done,ca6f7e52-50b9-4f1c-8b67-37e685b18fc0,99b57b9f-8fc0-4868-b3f4-d73f6b0abbcc,02a6060a-0ced-4314-bec2-a2f61c88482a,https://cdn.ttapi.io/suno/20260525/b827bbc4875741458d61b772345533b1.mp3,https://cdn.ttapi.io/suno/20260525/d0ad1187194d44ef9300d66cef259d3e.mp3,audio/jazz/4e1e76e2-b604-4a63-8680-5185f6e59eb1_1.mp3,audio/jazz/4e1e76e2-b604-4a63-8680-5185f6e59eb1_2.mp3,jazz,2026-05-25T21:08:19.702542+00:00,2026-05-25T21:10:15.413061+00:00,
f8b3361d-2f4a-4fff-96d9-47f0d7cc1a84,jazz,smooth jazz,"smooth jazz, brooding atmosphere, featuring acoustic guitar and upright bass","jazz, guitar, bossa nova",chirp-v4-5+,done,947d5e1b-e779-486c-a725-0f5104af2d69,f3ae1c76-1a5d-48ba-a7b1-b6c9656876e0,a6a9daab-6034-4233-ac1c-725bff3b3b5c,https://cdn.ttapi.io/suno/20260525/976c2179521f4713a449631cfd6ba4b3.mp3,https://cdn.ttapi.io/suno/20260525/68f07497b0624608adc850c3d4bc8fd1.mp3,audio/jazz/f8b3361d-2f4a-4fff-96d9-47f0d7cc1a84_1.mp3,audio/jazz/f8b3361d-2f4a-4fff-96d9-47f0d7cc1a84_2.mp3,jazz,2026-05-25T21:08:20.990941+00:00,2026-05-25T21:09:59.266907+00:00,
d7b10373-f296-4f25-b7fa-13ab1997dfe1,jazz,hard bop,"hard bop jazz, brooding atmosphere, featuring acoustic guitar and upright bass","jazz, fusion, electric",chirp-v4-5+,done,f2829937-6f50-412e-99d5-3cfd3f01b063,9a8e290f-a30d-44f7-8aef-c1d9ee875b04,797b52f0-0f4d-4108-ba80-2486a53e19fb,https://cdn.ttapi.io/suno/20260525/3a9975c8558a4139baef9506749a92f2.mp3,https://cdn.ttapi.io/suno/20260525/d56813f0b99347ba88d71471243a5cac.mp3,audio/jazz/d7b10373-f296-4f25-b7fa-13ab1997dfe1_1.mp3,audio/jazz/d7b10373-f296-4f25-b7fa-13ab1997dfe1_2.mp3,jazz,2026-05-25T21:08:27.355713+00:00,2026-05-25T21:10:15.580877+00:00,
9221f9b2-f6e5-44c3-bbfb-94d3cd833133,jazz,free jazz,"free jazz, brooding atmosphere, featuring acoustic guitar and upright bass","jazz, saxophone, piano",chirp-v4-5+,done,e5c23aa0-e6db-48fd-a7b9-8fe1d7b6e135,a50f5260-a6ce-4258-aa4a-ec7a3f62c7b2,c24e928d-6d91-42e9-8cc1-c29918ab1bcd,https://cdn.ttapi.io/suno/20260525/863f0ed8711b4cc0ad586d83b81d2d3d.mp3,https://cdn.ttapi.io/suno/20260525/b7882398858c445aaa2b627a266dc2fa.mp3,audio/jazz/9221f9b2-f6e5-44c3-bbfb-94d3cd833133_1.mp3,audio/jazz/9221f9b2-f6e5-44c3-bbfb-94d3cd833133_2.mp3,jazz,2026-05-25T21:08:33.535250+00:00,2026-05-25T21:09:59.528599+00:00,
3c08ab2e-72cd-4e6a-85bc-d6acab0ed9e9,jazz,latin jazz,"latin jazz, brooding atmosphere, featuring acoustic guitar and upright bass","jazz, trumpet, swing",chirp-v4-5+,done,1980f35d-7ea9-46c9-bfc5-7475f5b51a4f,2d021d29-d473-4d71-8a59-1e9843139d03,3c87381e-ccfd-45da-86f8-cc54a2109399,https://cdn.ttapi.io/suno/20260525/013c0a2806b7450eb11298a023d625de.mp3,https://cdn.ttapi.io/suno/20260525/8458048c1f664fceb7111670ce0e9635.mp3,audio/jazz/3c08ab2e-72cd-4e6a-85bc-d6acab0ed9e9_1.mp3,audio/jazz/3c08ab2e-72cd-4e6a-85bc-d6acab0ed9e9_2.mp3,jazz,2026-05-25T21:08:34.846408+00:00,2026-05-25T21:09:59.637218+00:00,
9eb4bd23-c553-443a-b19a-4b9159952811,jazz,swing,"swing jazz, brooding atmosphere, featuring acoustic guitar and upright bass","jazz, bass, drums",chirp-v4-5+,done,7f012899-def0-4a4d-b891-a0060070e028,0bb41985-d15b-4d84-8691-da8e553e6c96,dce55afc-78c3-4336-b348-ba4686ac5d49,https://cdn.ttapi.io/suno/20260525/d625fcd951994f5b934152c459931c49.mp3,https://cdn.ttapi.io/suno/20260525/3bc9af38a40a4ad1a41591e0cd4c4e1b.mp3,audio/jazz/9eb4bd23-c553-443a-b19a-4b9159952811_1.mp3,audio/jazz/9eb4bd23-c553-443a-b19a-4b9159952811_2.mp3,jazz,2026-05-25T21:08:43.526519+00:00,2026-05-25T21:10:07.974911+00:00,
58c1a900-e35d-4961-a6ff-79a9c1fefc0b,jazz,modal jazz,"modal jazz, brooding atmosphere, featuring acoustic guitar and upright bass","jazz, guitar, bossa nova",chirp-v4-5+,done,a87a66e2-189c-4471-a47b-3f9a0cc897aa,5ff20c93-1f83-463f-a589-fb06f82314aa,08874677-3f92-4271-aba8-4fa1295d50cc,https://cdn.ttapi.io/suno/20260525/425bc845eabb4f54aea2b6b37e9e3a26.mp3,https://cdn.ttapi.io/suno/20260525/424d3b5b2baf49dcb616103449778b0e.mp3,audio/jazz/58c1a900-e35d-4961-a6ff-79a9c1fefc0b_1.mp3,audio/jazz/58c1a900-e35d-4961-a6ff-79a9c1fefc0b_2.mp3,jazz,2026-05-25T21:08:44.769077+00:00,2026-05-25T21:10:25.762679+00:00,
12570b3e-291f-4ba2-97d6-5acdaf833f59,jazz,post-bop,"post-bop jazz, brooding atmosphere, featuring acoustic guitar and upright bass","jazz, fusion, electric",chirp-v4-5+,done,d17358f0-73d9-46f2-9c17-98e1716e8368,d45062ec-f367-4e0b-bc0e-b0f1588df1d3,bdff809c-f57b-4c1e-8b2f-ac402246367f,https://cdn.ttapi.io/suno/20260525/6d5689727aff4e7882f37c99c9e0d036.mp3,https://cdn.ttapi.io/suno/20260525/35335d17c46d4dc095c346fef995f6c7.mp3,audio/jazz/12570b3e-291f-4ba2-97d6-5acdaf833f59_1.mp3,audio/jazz/12570b3e-291f-4ba2-97d6-5acdaf833f59_2.mp3,jazz,2026-05-25T21:08:46.069169+00:00,2026-05-25T21:10:15.784743+00:00,
30266a77-0cda-4d23-8802-759e92a15224,jazz,bebop,"bebop jazz, meditative atmosphere, featuring acoustic guitar and upright bass","jazz, saxophone, piano",chirp-v4-5+,done,ee60abc0-8090-4c30-a04b-6234ee9e3a19,7898e182-6355-4eab-9d40-c6ec2898865e,5ae3dd19-0ec3-4e6c-bf44-049d2dfab740,https://cdn.ttapi.io/suno/20260525/809c872e171c49adbb28db6e47c76a80.mp3,https://cdn.ttapi.io/suno/20260525/7cd7ec092c804dee81e93db56c38784c.mp3,audio/jazz/30266a77-0cda-4d23-8802-759e92a15224_1.mp3,audio/jazz/30266a77-0cda-4d23-8802-759e92a15224_2.mp3,jazz,2026-05-25T21:08:47.339327+00:00,2026-05-25T21:10:15.885799+00:00,
41eb281c-cbd2-49c7-9e66-f7efd346f090,jazz,cool jazz,"cool jazz, meditative atmosphere, featuring acoustic guitar and upright bass","jazz, trumpet, swing",chirp-v4-5+,done,af67b99c-1c79-4b42-a596-87ae98343681,0126c0ba-dcbc-4beb-8c38-af44632336db,b44a8f71-a62d-48d3-a0a4-74f4952387b5,https://cdn.ttapi.io/suno/20260525/67c2492d0e45451d88225dcd8de0818a.mp3,https://cdn.ttapi.io/suno/20260525/d8901b53eb784279b8bf58107671ec00.mp3,audio/jazz/41eb281c-cbd2-49c7-9e66-f7efd346f090_1.mp3,audio/jazz/41eb281c-cbd2-49c7-9e66-f7efd346f090_2.mp3,jazz,2026-05-25T21:08:48.544406+00:00,2026-05-25T21:10:25.933371+00:00,
e59f6fe8-28b0-41e4-800d-cbb06af17144,jazz,fusion,"fusion jazz, meditative atmosphere, featuring acoustic guitar and upright bass","jazz, bass, drums",chirp-v4-5+,done,7e665be1-fb88-430f-8d58-019dd341eb28,88cc3b2a-0e74-4c6e-a998-9f93f32b9f6c,54fc7b6f-a9e7-4aee-b07e-1003047e6b1a,https://cdn.ttapi.io/suno/20260525/ec07a307e25b4d4f8e1287292d08ef85.mp3,https://cdn.ttapi.io/suno/20260525/989660b90ccb4553afc02edfaa0dc473.mp3,audio/jazz/e59f6fe8-28b0-41e4-800d-cbb06af17144_1.mp3,audio/jazz/e59f6fe8-28b0-41e4-800d-cbb06af17144_2.mp3,jazz,2026-05-25T21:08:49.805440+00:00,2026-05-25T21:10:46.003652+00:00,
1658e586-2a13-40c4-8782-58a91b0b7b7a,jazz,smooth jazz,"smooth jazz, meditative atmosphere, featuring acoustic guitar and upright bass","jazz, guitar, bossa nova",chirp-v4-5+,done,d483a1f5-1140-4843-a21a-2969d633b204,0e374dcd-26bb-4ea0-abd5-eac12de3879a,8cb93462-dd1d-4a23-b5ed-72511e9c0fa1,https://cdn.ttapi.io/suno/20260525/dd9fc5c8fb0e4718841e7fcb679a2713.mp3,https://cdn.ttapi.io/suno/20260525/9dcad1081384456c80531e0a6691efd3.mp3,audio/jazz/1658e586-2a13-40c4-8782-58a91b0b7b7a_1.mp3,audio/jazz/1658e586-2a13-40c4-8782-58a91b0b7b7a_2.mp3,jazz,2026-05-25T21:09:03.856750+00:00,2026-05-25T21:10:46.155433+00:00,
dcd934e0-e5e0-403c-9e2a-16e7840c52b4,jazz,hard bop,"hard bop jazz, meditative atmosphere, featuring acoustic guitar and upright bass","jazz, fusion, electric",chirp-v4-5+,done,c71e7887-8fcd-4937-a849-34064e40f8a4,7dc042d4-6987-443d-bbdb-ec93ee568880,6bdf4385-d2f4-4dcd-8593-6ed9b7c0d29d,https://cdn.ttapi.io/suno/20260525/3d6a9c679ee94cb6afa8f401ce4869c9.mp3,https://cdn.ttapi.io/suno/20260525/dcd3ece886d04980b5d5c45fb33f1e59.mp3,audio/jazz/dcd934e0-e5e0-403c-9e2a-16e7840c52b4_1.mp3,audio/jazz/dcd934e0-e5e0-403c-9e2a-16e7840c52b4_2.mp3,jazz,2026-05-25T21:09:12.913018+00:00,2026-05-25T21:10:35.619733+00:00,
a49a5138-543d-48c4-91cb-959c8789eeb1,jazz,free jazz,"free jazz, meditative atmosphere, featuring acoustic guitar and upright bass","jazz, saxophone, piano",chirp-v4-5+,done,38bd1309-d997-40ec-8b28-9722ee1b9241,ecc905ae-4df1-4512-9e2d-fa4240f342b2,5fcb775a-6a81-4846-a5d4-b5541a397aa6,https://cdn.ttapi.io/suno/20260525/ba55fe8e9b854427b68f6782d1e94ab3.mp3,https://cdn.ttapi.io/suno/20260525/5f5f3ac3ccc046779ee9e53e5fc05b8d.mp3,audio/jazz/a49a5138-543d-48c4-91cb-959c8789eeb1_1.mp3,audio/jazz/a49a5138-543d-48c4-91cb-959c8789eeb1_2.mp3,jazz,2026-05-25T21:09:14.241595+00:00,2026-05-25T21:10:35.782498+00:00,
0158036c-4ca1-42cb-b607-4373085c91c0,jazz,latin jazz,"latin jazz, meditative atmosphere, featuring acoustic guitar and upright bass","jazz, trumpet, swing",chirp-v4-5+,done,6dc7c638-9d97-42bc-8379-9e44caaaf2fd,3654e725-f961-4c40-aebd-888a5042feda,d8a1b5c8-dcf5-44fc-a730-880d1554c737,https://cdn.ttapi.io/suno/20260525/7dcdab5cd78c4b2087aefabe3bf18303.mp3,https://cdn.ttapi.io/suno/20260525/ac18aff0d0c9404f95709cab73f2234e.mp3,audio/jazz/0158036c-4ca1-42cb-b607-4373085c91c0_1.mp3,audio/jazz/0158036c-4ca1-42cb-b607-4373085c91c0_2.mp3,jazz,2026-05-25T21:09:15.455135+00:00,2026-05-25T21:10:35.891543+00:00,
acfab6f7-c66b-4f53-af3d-19f070258712,jazz,swing,"swing jazz, meditative atmosphere, featuring acoustic guitar and upright bass","jazz, bass, drums",chirp-v4-5+,done,6a0066d1-d385-466b-b834-54fbe81aa7ba,cc98680d-83c8-4c7e-bb5c-8769d415a917,a137df2b-4579-48c9-bf84-5b3c6b3fe42d,https://cdn.ttapi.io/suno/20260525/096d6be0b00b4e00875f282da32f52a6.mp3,https://cdn.ttapi.io/suno/20260525/1696796bed164b9e857ce669329b9b33.mp3,audio/jazz/acfab6f7-c66b-4f53-af3d-19f070258712_1.mp3,audio/jazz/acfab6f7-c66b-4f53-af3d-19f070258712_2.mp3,jazz,2026-05-25T21:09:16.690368+00:00,2026-05-25T21:10:26.500607+00:00,
f5a93471-6f5d-431b-81cf-e842c9dc5dd1,jazz,modal jazz,"modal jazz, meditative atmosphere, featuring acoustic guitar and upright bass","jazz, guitar, bossa nova",chirp-v4-5+,done,081a19e6-ef25-480d-8b9e-7a655456f98e,057a5c4b-7632-4cd0-bab4-da42abf4a029,67f8257b-185a-44e0-8588-759de09fe242,https://cdn.ttapi.io/suno/20260525/74d69f131fd74a8fac6dabf6be269ceb.mp3,https://cdn.ttapi.io/suno/20260525/b6ad964747c7491aa9ce8c18327f8324.mp3,audio/jazz/f5a93471-6f5d-431b-81cf-e842c9dc5dd1_1.mp3,audio/jazz/f5a93471-6f5d-431b-81cf-e842c9dc5dd1_2.mp3,jazz,2026-05-25T21:09:17.976057+00:00,2026-05-25T21:11:04.818277+00:00,
640f57d4-37da-4b54-837a-559124fadc0e,jazz,post-bop,"post-bop jazz, meditative atmosphere, featuring acoustic guitar and upright bass","jazz, fusion, electric",chirp-v4-5+,done,45038062-ebc8-4e16-8677-e740b12c48c8,c3adc957-3fb8-46f4-82d2-daedc4364aa4,91dd1471-3e2f-49fc-a96e-1a1f01243a46,https://cdn.ttapi.io/suno/20260525/b4dce57e18ba4a53abc28411572d2e09.mp3,https://cdn.ttapi.io/suno/20260525/0372859f91554c0da546f514f80dce79.mp3,audio/jazz/640f57d4-37da-4b54-837a-559124fadc0e_1.mp3,audio/jazz/640f57d4-37da-4b54-837a-559124fadc0e_2.mp3,jazz,2026-05-25T21:09:19.243534+00:00,2026-05-25T21:11:04.990988+00:00,
edf4235d-1f87-486c-b3ca-b7dbfd392533,jazz,bebop,"bebop jazz, playful atmosphere, featuring acoustic guitar and upright bass","jazz, saxophone, piano",chirp-v4-5+,done,6911fbf0-aa2a-4ecc-8a74-8643321a4f2a,3049cff3-e1d4-4242-afdd-0f936ce94dd1,9b138daf-0d90-488d-be11-d7c6641168b0,https://cdn.ttapi.io/suno/20260525/562dd00f090e46099535723e047ca88b.mp3,https://cdn.ttapi.io/suno/20260525/0b7464029b0e4baebb6c5e13fb59248b.mp3,audio/jazz/edf4235d-1f87-486c-b3ca-b7dbfd392533_1.mp3,audio/jazz/edf4235d-1f87-486c-b3ca-b7dbfd392533_2.mp3,jazz,2026-05-25T21:09:39.024420+00:00,2026-05-25T21:11:15.469811+00:00,
e9efbec6-60b3-4a81-bbde-269ff2c5b6cf,jazz,cool jazz,"cool jazz, playful atmosphere, featuring acoustic guitar and upright bass","jazz, trumpet, swing",chirp-v4-5+,done,a51ebc61-7629-4a3e-8d7b-e333befd008d,afa0d06a-5d98-4d7c-b017-ac8bf31b10a8,715f6c9a-72eb-44bd-be62-cb0463102311,https://cdn.ttapi.io/suno/20260525/fb5023a8774a4810817a513b00b0ef32.mp3,https://cdn.ttapi.io/suno/20260525/55fd47f1b48243f2b6d67f119c5554bf.mp3,audio/jazz/e9efbec6-60b3-4a81-bbde-269ff2c5b6cf_1.mp3,audio/jazz/e9efbec6-60b3-4a81-bbde-269ff2c5b6cf_2.mp3,jazz,2026-05-25T21:09:58.440592+00:00,2026-05-25T21:10:59.486619+00:00,
476dbb35-157d-4d3c-8203-1bdf27315df4,jazz,fusion,"fusion jazz, playful atmosphere, featuring acoustic guitar and upright bass","jazz, bass, drums",chirp-v4-5+,done,c25d78ab-9d58-49b1-aa55-401f29ab8e82,7a17fc49-f796-4305-8a08-a59904eef1ee,1b3e2110-ba36-4b2a-a16a-8a03be39716c,https://cdn.ttapi.io/suno/20260525/014d48edc0354445b67bb5c47c708931.mp3,https://cdn.ttapi.io/suno/20260525/7ed72069e76a42e48f4cd4d52509ccb2.mp3,audio/jazz/476dbb35-157d-4d3c-8203-1bdf27315df4_1.mp3,audio/jazz/476dbb35-157d-4d3c-8203-1bdf27315df4_2.mp3,jazz,2026-05-25T21:10:04.493444+00:00,2026-05-25T21:10:53.931884+00:00,
69498006-d37a-4a43-a0a8-706835cb0b4e,jazz,smooth jazz,"smooth jazz, playful atmosphere, featuring acoustic guitar and upright bass","jazz, guitar, bossa nova",chirp-v4-5+,done,37222f43-7c8e-404f-b2dd-3d3a80264de2,0e1489d2-33fa-4d76-912e-2dfa29bce787,f6e8d1b6-24d2-4487-8397-e409fc19157e,https://cdn.ttapi.io/suno/20260525/e9fd44d11cb443abae194c61556dadf4.mp3,https://cdn.ttapi.io/suno/20260525/dd206c14ae02417c983c0d3bce5b4bde.mp3,audio/jazz/69498006-d37a-4a43-a0a8-706835cb0b4e_1.mp3,audio/jazz/69498006-d37a-4a43-a0a8-706835cb0b4e_2.mp3,jazz,2026-05-25T21:10:05.812409+00:00,2026-05-25T21:11:35.044948+00:00,
6882359c-cf0d-44ee-a1f3-94cd2812fceb,jazz,hard bop,"hard bop jazz, playful atmosphere, featuring acoustic guitar and upright bass","jazz, fusion, electric",chirp-v4-5+,done,667e3ebf-0ddd-4585-afbb-f9d5393a43a6,27a421a0-80cc-4282-947c-2a5e06f5b32e,8f0fbef7-187a-4c5d-b9ab-f6b7674f8162,https://cdn.ttapi.io/suno/20260525/b8f636cfa0ba496f8113eb27bf512da0.mp3,https://cdn.ttapi.io/suno/20260525/5c7c133a10ba416eaa889937b02d869a.mp3,audio/jazz/6882359c-cf0d-44ee-a1f3-94cd2812fceb_1.mp3,audio/jazz/6882359c-cf0d-44ee-a1f3-94cd2812fceb_2.mp3,jazz,2026-05-25T21:10:07.062954+00:00,2026-05-25T21:11:05.292314+00:00,
4958960d-aee8-48f7-be27-bece065b8784,jazz,free jazz,"free jazz, playful atmosphere, featuring acoustic guitar and upright bass","jazz, saxophone, piano",chirp-v4-5+,done,69ae63ed-5238-418a-a6d4-40d77d41c9df,54f27ef3-28af-461b-85ad-5afecf2cf5fa,d7bc4844-421c-4605-ba30-7c9e6e403cad,https://cdn.ttapi.io/suno/20260525/491cbf8c9ee04d84bdc67298c0bca03d.mp3,https://cdn.ttapi.io/suno/20260525/8f7df6cd4f2e457394a2a8267f787408.mp3,audio/jazz/4958960d-aee8-48f7-be27-bece065b8784_1.mp3,audio/jazz/4958960d-aee8-48f7-be27-bece065b8784_2.mp3,jazz,2026-05-25T21:10:12.981728+00:00,2026-05-25T21:11:35.221618+00:00,
3d6a9d70-35d2-43b8-a9f5-9d9aeedf9623,jazz,latin jazz,"latin jazz, playful atmosphere, featuring acoustic guitar and upright bass","jazz, trumpet, swing",chirp-v4-5+,done,d4181e7a-b808-4d69-828f-f9dc4c82fbf0,d4f3c114-0910-47bd-a6cb-1224e6d26a76,d59fa6d5-1f27-4655-86e1-cb8316d38fb1,https://cdn.ttapi.io/suno/20260525/acb2786ef3be402d9af4b27ab9369b47.mp3,https://cdn.ttapi.io/suno/20260525/968a1dfa0dcd4b4e9739510e5246011e.mp3,audio/jazz/3d6a9d70-35d2-43b8-a9f5-9d9aeedf9623_1.mp3,audio/jazz/3d6a9d70-35d2-43b8-a9f5-9d9aeedf9623_2.mp3,jazz,2026-05-25T21:10:21.123241+00:00,2026-05-25T21:11:55.721694+00:00,
6bc296bf-1010-4428-a071-e48285c7a307,jazz,swing,"swing jazz, playful atmosphere, featuring acoustic guitar and upright bass","jazz, bass, drums",chirp-v4-5+,done,e7ac8fe8-98b5-4271-b218-48208e98733e,67765688-ac63-40cc-80e3-c940327839c6,7a2a2aa4-05f4-4f22-a7fc-aa3f6eab84c6,https://cdn.ttapi.io/suno/20260525/6240537d6c6b4d038f022787666258f3.mp3,https://cdn.ttapi.io/suno/20260525/fffefd0e4a444d9eb78076b4b6dbaa4a.mp3,audio/jazz/6bc296bf-1010-4428-a071-e48285c7a307_1.mp3,audio/jazz/6bc296bf-1010-4428-a071-e48285c7a307_2.mp3,jazz,2026-05-25T21:10:22.449371+00:00,2026-05-25T21:11:35.430750+00:00,
0f177824-591c-4d17-a783-77acd19acbd5,jazz,modal jazz,"modal jazz, playful atmosphere, featuring acoustic guitar and upright bass","jazz, guitar, bossa nova",chirp-v4-5+,done,067f9210-1542-42d8-84d9-9366496ea810,041bc3ec-a652-4642-bf20-0c9d2d966884,61352214-86cb-4a16-b9ad-ad6d76eb8c4e,https://cdn.ttapi.io/suno/20260525/4876671395384a448a2411be58bc19bc.mp3,https://cdn.ttapi.io/suno/20260525/c7564f1bad64478587d4c202c54e93a9.mp3,audio/jazz/0f177824-591c-4d17-a783-77acd19acbd5_1.mp3,audio/jazz/0f177824-591c-4d17-a783-77acd19acbd5_2.mp3,jazz,2026-05-25T21:10:23.721060+00:00,2026-05-25T21:11:35.541696+00:00,
9c2f1134-e7bf-406a-b5f5-65869a36fcfc,jazz,post-bop,"post-bop jazz, playful atmosphere, featuring acoustic guitar and upright bass","jazz, fusion, electric",chirp-v4-5+,done,2931aa3a-cac9-4aa1-9e03-dab5187f4943,17cae228-64b1-42da-afeb-6b3642034edf,1dd7e7a2-c875-4f2c-8aa8-c226e385854f,https://cdn.ttapi.io/suno/20260525/fa564ac77d75459ab2242b294bee709f.mp3,https://cdn.ttapi.io/suno/20260525/bb16297b3aa042c18ba83512f591253d.mp3,audio/jazz/9c2f1134-e7bf-406a-b5f5-65869a36fcfc_1.mp3,audio/jazz/9c2f1134-e7bf-406a-b5f5-65869a36fcfc_2.mp3,jazz,2026-05-25T21:10:25.033474+00:00,2026-05-25T21:11:35.637969+00:00,
92860c35-59ef-4ec1-b648-b3a68a8f76d1,jazz,bebop,"bebop jazz, late-night atmosphere, featuring woodwind ensemble","jazz, saxophone, piano",chirp-v4-5+,done,3d1e8666-ada2-43a5-86e2-3e6d17e7fbaa,a7d18e9d-5ec3-43b5-8e0b-be1135612f41,10ff806d-1e9a-4fa0-9a00-0327ed4ff032,https://cdn.ttapi.io/suno/20260525/c0ffcfcf02964eeea193fe60c7906569.mp3,https://cdn.ttapi.io/suno/20260525/21dd97aedaf149cba23214672ca5f0a7.mp3,audio/jazz/92860c35-59ef-4ec1-b648-b3a68a8f76d1_1.mp3,audio/jazz/92860c35-59ef-4ec1-b648-b3a68a8f76d1_2.mp3,jazz,2026-05-25T21:10:32.059971+00:00,2026-05-25T21:11:55.887328+00:00,
e077e040-25e9-438a-afff-d4939fa8cfeb,jazz,cool jazz,"cool jazz, late-night atmosphere, featuring woodwind ensemble","jazz, trumpet, swing",chirp-v4-5+,done,1aee2db9-63a5-4c3f-9be7-0afbf7d74435,510abbcd-64df-4bc6-8e87-7134ae4a5fc5,7c75f7dc-4f7b-4aa9-97b5-f50a806b5d40,https://cdn.ttapi.io/suno/20260525/2fa0670beac848a3b1da6617a6386e26.mp3,https://cdn.ttapi.io/suno/20260525/539f3317334748239ecc4633792fedc5.mp3,audio/jazz/e077e040-25e9-438a-afff-d4939fa8cfeb_1.mp3,audio/jazz/e077e040-25e9-438a-afff-d4939fa8cfeb_2.mp3,jazz,2026-05-25T21:10:33.380563+00:00,2026-05-25T21:11:49.125806+00:00,
5be1994b-c33f-49a1-b40c-dd59015a8b55,jazz,fusion,"fusion jazz, late-night atmosphere, featuring woodwind ensemble","jazz, bass, drums",chirp-v4-5+,done,7b2592c4-24e6-4030-a893-d16127b15390,eb446ca3-ce51-44b6-90e1-3004a65b4882,da4490ed-e62b-4642-8d2b-c542b0b766e5,https://cdn.ttapi.io/suno/20260525/648831d97bff4c909e0bbf155bb19eb5.mp3,https://cdn.ttapi.io/suno/20260525/b15e08aa2e62433fbb3b5db287b9a8d4.mp3,audio/jazz/5be1994b-c33f-49a1-b40c-dd59015a8b55_1.mp3,audio/jazz/5be1994b-c33f-49a1-b40c-dd59015a8b55_2.mp3,jazz,2026-05-25T21:10:34.691339+00:00,2026-05-25T21:12:54.946687+00:00,
f0d9e2d9-9df0-41e5-ae72-a7e4a2bda5ef,jazz,smooth jazz,"smooth jazz, late-night atmosphere, featuring woodwind ensemble","jazz, guitar, bossa nova",chirp-v4-5+,done,91d965f1-5c3f-4c57-9a56-8ba208e1d411,c65847dc-2d93-41c7-b5e5-848c5c66518f,989b7a15-90f8-43d0-b14c-de92addaa03d,https://cdn.ttapi.io/suno/20260525/86b2be2adbda47bab22aee77b744c07b.mp3,https://cdn.ttapi.io/suno/20260525/c5734161a31a4685b3a15893302c59ad.mp3,audio/jazz/f0d9e2d9-9df0-41e5-ae72-a7e4a2bda5ef_1.mp3,audio/jazz/f0d9e2d9-9df0-41e5-ae72-a7e4a2bda5ef_2.mp3,jazz,2026-05-25T21:10:40.861790+00:00,2026-05-25T21:11:56.076159+00:00,
f8e73dcd-d0b6-48be-a803-3424b5167818,jazz,hard bop,"hard bop jazz, late-night atmosphere, featuring woodwind ensemble","jazz, fusion, electric",chirp-v4-5+,done,7345ffca-a420-4505-b04a-84a51162872c,ebe884d6-9174-4c3c-bc8e-99a5d0ce9060,bca0915c-5189-497c-a419-d3406e08a0bc,https://cdn.ttapi.io/suno/20260525/4b71ee78fa134757b34ffa742153b138.mp3,https://cdn.ttapi.io/suno/20260525/dd5a32e5e425433e998d74d90f8f59ae.mp3,audio/jazz/f8e73dcd-d0b6-48be-a803-3424b5167818_1.mp3,audio/jazz/f8e73dcd-d0b6-48be-a803-3424b5167818_2.mp3,jazz,2026-05-25T21:10:42.150827+00:00,2026-05-25T21:12:35.465732+00:00,
2b6ecf06-e609-4fdf-b143-e75684099565,jazz,free jazz,"free jazz, late-night atmosphere, featuring woodwind ensemble","jazz, saxophone, piano",chirp-v4-5+,done,8bb9c2a5-1782-474b-abd2-141ba9fe1991,20a98086-92b1-4446-b74a-85193cad7ad2,4592be84-d687-43b1-aa6a-ab34d932a026,https://cdn.ttapi.io/suno/20260525/23a89460ab664996a33a571a211b01f9.mp3,https://cdn.ttapi.io/suno/20260525/f84213bd777b48c1b6a90d4e95adc572.mp3,audio/jazz/2b6ecf06-e609-4fdf-b143-e75684099565_1.mp3,audio/jazz/2b6ecf06-e609-4fdf-b143-e75684099565_2.mp3,jazz,2026-05-25T21:10:43.482299+00:00,2026-05-25T21:12:35.613383+00:00,
f2eabb38-178d-482c-8b25-11042793da20,jazz,latin jazz,"latin jazz, late-night atmosphere, featuring woodwind ensemble","jazz, trumpet, swing",chirp-v4-5+,done,ae306b04-542c-421a-871f-880ecbe83eab,ab5b5588-5e22-457f-9658-b89bd5e2751d,52ae9913-4e76-4b75-9266-0489e24fd17e,https://cdn.ttapi.io/suno/20260525/dfa23f7a0fb14d5cba1171a7494b3a3a.mp3,https://cdn.ttapi.io/suno/20260525/d9cb047713bf424ea38b03a04183d079.mp3,audio/jazz/f2eabb38-178d-482c-8b25-11042793da20_1.mp3,audio/jazz/f2eabb38-178d-482c-8b25-11042793da20_2.mp3,jazz,2026-05-25T21:10:51.567571+00:00,2026-05-25T21:12:46.340248+00:00,
04f28aa9-ea1e-45c0-ab55-db1ec2fe67d1,jazz,swing,"swing jazz, late-night atmosphere, featuring woodwind ensemble","jazz, bass, drums",chirp-v4-5+,done,5a27e722-b0fc-415c-89f8-49ac30a09efc,2720d60e-6c14-4ed1-a436-8c6cd289aaf7,ffa9d180-ea75-41d3-bae8-326f6f7b1ae7,https://cdn.ttapi.io/suno/20260525/ffaa084031bc44cb81a150b94c00dce0.mp3,https://cdn.ttapi.io/suno/20260525/c624e552909c4c08b9ab7642fb286223.mp3,audio/jazz/04f28aa9-ea1e-45c0-ab55-db1ec2fe67d1_1.mp3,audio/jazz/04f28aa9-ea1e-45c0-ab55-db1ec2fe67d1_2.mp3,jazz,2026-05-25T21:10:52.915973+00:00,2026-05-25T21:12:06.883636+00:00,
26b6a926-59ea-400b-8d2d-f8cb354f8e87,jazz,modal jazz,"modal jazz, late-night atmosphere, featuring woodwind ensemble","jazz, guitar, bossa nova",chirp-v4-5+,done,8ab6500d-8bb4-498c-9160-5d448bad0a53,3098f309-d8a9-47bd-93ce-e3db616334c3,e394b4ab-8416-4a0c-a6f0-98b901ebe2c2,https://cdn.ttapi.io/suno/20260525/55ea7bdc501f425cafce94c973bd0210.mp3,https://cdn.ttapi.io/suno/20260525/f0e6574accad45e39ea925b3ab9791bb.mp3,audio/jazz/26b6a926-59ea-400b-8d2d-f8cb354f8e87_1.mp3,audio/jazz/26b6a926-59ea-400b-8d2d-f8cb354f8e87_2.mp3,jazz,2026-05-25T21:10:58.474177+00:00,2026-05-25T21:12:46.511633+00:00,
766815e2-2072-4d4d-9671-65a4a3479bf1,jazz,post-bop,"post-bop jazz, late-night atmosphere, featuring woodwind ensemble","jazz, fusion, electric",chirp-v4-5+,done,78dab129-2d97-49c3-8c08-9ea057d81fb5,36b47b82-f311-42ac-afa4-a03325c6208b,ff03de9d-f13c-4be3-8ec4-e3aeb69d4626,https://cdn.ttapi.io/suno/20260525/4e40a499a0d64732a6b81ad3dded16be.mp3,https://cdn.ttapi.io/suno/20260525/68207717b5704551887e3080a95bf579.mp3,audio/jazz/766815e2-2072-4d4d-9671-65a4a3479bf1_1.mp3,audio/jazz/766815e2-2072-4d4d-9671-65a4a3479bf1_2.mp3,jazz,2026-05-25T21:11:04.097203+00:00,2026-05-25T21:12:26.858123+00:00,
8aa44e85-87f5-478e-bc82-b124416d67f6,jazz,bebop,"bebop jazz, melancholic atmosphere, featuring woodwind ensemble","jazz, saxophone, piano",chirp-v4-5+,done,ddc07a3a-3157-4e30-bda6-97c94943fe0a,b4ef9dc9-228d-47c5-bac1-655933cd87c6,d4c8c4bc-054d-4c2a-933a-bd538d8a8def,https://cdn.ttapi.io/suno/20260525/a27228c60a0e4d9c8617672e15a2f4f8.mp3,https://cdn.ttapi.io/suno/20260525/c6124211f80d49d9ac8caef6edfa2f76.mp3,audio/jazz/8aa44e85-87f5-478e-bc82-b124416d67f6_1.mp3,audio/jazz/8aa44e85-87f5-478e-bc82-b124416d67f6_2.mp3,jazz,2026-05-25T21:11:10.300028+00:00,2026-05-25T21:12:35.893128+00:00,
996a8d9f-5927-4064-8d74-e096301ab3d3,jazz,cool jazz,"cool jazz, melancholic atmosphere, featuring woodwind ensemble","jazz, trumpet, swing",chirp-v4-5+,done,f6762f76-19c9-4590-b700-a9dad542b0bc,60355c43-c906-4a77-9b56-1f3a31e790b9,85c2f8d3-f81f-414b-a43f-2bb9e020ed07,https://cdn.ttapi.io/suno/20260525/1004b9e79fb642e7bf77235f4905da04.mp3,https://cdn.ttapi.io/suno/20260525/64d2a3b93d33419cbff4925ff9a5d99b.mp3,audio/jazz/996a8d9f-5927-4064-8d74-e096301ab3d3_1.mp3,audio/jazz/996a8d9f-5927-4064-8d74-e096301ab3d3_2.mp3,jazz,2026-05-25T21:11:11.587034+00:00,2026-05-25T21:12:27.110207+00:00,
b3670ecb-a031-4754-9e7b-64d7ad49e6d8,jazz,fusion,"fusion jazz, melancholic atmosphere, featuring woodwind ensemble","jazz, bass, drums",chirp-v4-5+,done,7df82c5f-ca9a-4bd8-a6cc-a896b8c1db2e,237237c9-5392-4efa-8c89-4a4ba3f1804b,7a0f0fd0-e35d-48ad-8aae-357eb3eeb5b7,https://cdn.ttapi.io/suno/20260525/bbb301ffda904329ae139ef4e2347433.mp3,https://cdn.ttapi.io/suno/20260525/df9d5a09daa74871bbd96b4122995cd0.mp3,audio/jazz/b3670ecb-a031-4754-9e7b-64d7ad49e6d8_1.mp3,audio/jazz/b3670ecb-a031-4754-9e7b-64d7ad49e6d8_2.mp3,jazz,2026-05-25T21:11:12.927621+00:00,2026-05-25T21:12:35.992398+00:00,
8c171c02-fabe-4b87-adc7-0a50e93d717b,jazz,smooth jazz,"smooth jazz, melancholic atmosphere, featuring woodwind ensemble","jazz, guitar, bossa nova",chirp-v4-5+,done,07d66664-8d29-4fdc-bdf8-c181fc6fec0d,6362cd9c-74d7-488a-b56c-4cc4e128babb,43c7678c-f90d-474a-a581-89189673889e,https://cdn.ttapi.io/suno/20260525/b9a6e6033c4246e698576f6fb0238836.mp3,https://cdn.ttapi.io/suno/20260525/08d67358642843aeb6fbd61425800204.mp3,audio/jazz/8c171c02-fabe-4b87-adc7-0a50e93d717b_1.mp3,audio/jazz/8c171c02-fabe-4b87-adc7-0a50e93d717b_2.mp3,jazz,2026-05-25T21:11:20.714403+00:00,2026-05-25T21:12:46.620679+00:00,
533386e5-24e3-43d8-a632-33bcb3a9aea0,jazz,hard bop,"hard bop jazz, melancholic atmosphere, featuring woodwind ensemble","jazz, fusion, electric",chirp-v4-5+,done,236edaf7-6ea3-48d0-b3d3-64b132fff3c9,90379fb1-9c9e-4f80-b579-cfce272ea8ac,3b3de965-c820-495a-8bac-f2d452ffbcfb,https://cdn.ttapi.io/suno/20260525/e4c193ef157c4fb2b137df4259dbdc09.mp3,https://cdn.ttapi.io/suno/20260525/60a0924f2c1442e0b7de9c261081ed1c.mp3,audio/jazz/533386e5-24e3-43d8-a632-33bcb3a9aea0_1.mp3,audio/jazz/533386e5-24e3-43d8-a632-33bcb3a9aea0_2.mp3,jazz,2026-05-25T21:11:42.953752+00:00,2026-05-25T21:13:36.664499+00:00,
7bce0d2d-344d-49f3-b3c0-5d254fe8baed,jazz,free jazz,"free jazz, melancholic atmosphere, featuring woodwind ensemble","jazz, saxophone, piano",chirp-v4-5+,done,14b6d443-09ca-40d7-9454-34b92ec0928a,0a7b1fd4-e250-4945-b731-d8e42f29c142,93eb5859-4953-4a36-be5d-6eb5c76555d7,https://cdn.ttapi.io/suno/20260525/4e9a037c70ed469894f0603592c1ea8c.mp3,https://cdn.ttapi.io/suno/20260525/86b84f7e280842f391f42c8cbcbc88b4.mp3,audio/jazz/7bce0d2d-344d-49f3-b3c0-5d254fe8baed_1.mp3,audio/jazz/7bce0d2d-344d-49f3-b3c0-5d254fe8baed_2.mp3,jazz,2026-05-25T21:11:44.251884+00:00,2026-05-25T21:13:11.188401+00:00,
19ec98cb-8a19-4367-9f42-720daa3347fb,jazz,latin jazz,"latin jazz, melancholic atmosphere, featuring woodwind ensemble","jazz, trumpet, swing",chirp-v4-5+,done,4933a4f1-c39a-4954-9cd4-5ccbc23a8a19,f563ab2a-6551-4546-b28e-858468bf06a6,b2b180c1-4109-4bf5-a345-bb62b5af9d8e,https://cdn.ttapi.io/suno/20260525/73964c6b5bdd486dbd86b1a0dd991928.mp3,https://cdn.ttapi.io/suno/20260525/dc1701492bb44beba859a54bd1615acd.mp3,audio/jazz/19ec98cb-8a19-4367-9f42-720daa3347fb_1.mp3,audio/jazz/19ec98cb-8a19-4367-9f42-720daa3347fb_2.mp3,jazz,2026-05-25T21:11:45.572861+00:00,2026-05-25T21:13:04.217894+00:00,
7c933615-68a7-4ead-92e2-c833866dd1b3,jazz,swing,"swing jazz, melancholic atmosphere, featuring woodwind ensemble","jazz, bass, drums",chirp-v4-5+,done,fd3ecf6d-0d6c-4db0-a51e-a730bef66227,e9c2b3a1-5f15-4ac3-b639-bd4bde5cf34a,7a4b71d4-b6fd-4760-8da0-42e0f6dca19f,https://cdn.ttapi.io/suno/20260525/f7d4c56a55484d918dd30689036338cf.mp3,https://cdn.ttapi.io/suno/20260525/e872ec6fbf924ad180f6b41c0fadeda8.mp3,audio/jazz/7c933615-68a7-4ead-92e2-c833866dd1b3_1.mp3,audio/jazz/7c933615-68a7-4ead-92e2-c833866dd1b3_2.mp3,jazz,2026-05-25T21:11:46.953255+00:00,2026-05-25T21:12:55.390700+00:00,
37e74e10-0b15-489a-a9ef-47fc5366264d,jazz,modal jazz,"modal jazz, melancholic atmosphere, featuring woodwind ensemble","jazz, guitar, bossa nova",chirp-v4-5+,done,a7db5e27-878a-4f33-833d-6b58ed232608,58481965-0ec1-46a1-b5a7-fa607a4b76ca,3bad56cb-ae43-4cf9-a9b2-362f7d0b8f07,https://cdn.ttapi.io/suno/20260525/916ff5c59f0e48ea82d17367b72699fc.mp3,https://cdn.ttapi.io/suno/20260525/6e6465f342e34c5284b9a37c7261280f.mp3,audio/jazz/37e74e10-0b15-489a-a9ef-47fc5366264d_1.mp3,audio/jazz/37e74e10-0b15-489a-a9ef-47fc5366264d_2.mp3,jazz,2026-05-25T21:11:48.220272+00:00,2026-05-25T21:13:17.179840+00:00,
cceed507-ec0f-46d3-8919-f535d8a46d73,jazz,post-bop,"post-bop jazz, melancholic atmosphere, featuring woodwind ensemble","jazz, fusion, electric",chirp-v4-5+,done,d9bb5243-4b72-4cb3-b776-002d9ade0a0d,623a397c-0567-455a-bc6a-db0191796a4d,279aaf1a-4394-45bc-b5c7-a9e67d5682fb,https://cdn.ttapi.io/suno/20260525/df9110b70c2941278091c9c509286d17.mp3,https://cdn.ttapi.io/suno/20260525/a5fecefb6ad34ea589063e61c6fe6f57.mp3,audio/jazz/cceed507-ec0f-46d3-8919-f535d8a46d73_1.mp3,audio/jazz/cceed507-ec0f-46d3-8919-f535d8a46d73_2.mp3,jazz,2026-05-25T21:11:53.237326+00:00,2026-05-25T21:14:08.345782+00:00,
0c65661e-8620-43b7-ab41-eaebeca9adbd,jazz,bebop,"bebop jazz, uplifting atmosphere, featuring woodwind ensemble","jazz, saxophone, piano",chirp-v4-5+,done,f8f2bee3-4e52-4d9e-9943-28703117d12e,d9ed52e1-936f-4160-8efa-1b2f42117071,5e763ba8-ef13-4d0e-ac41-214a7b78cc17,https://cdn.ttapi.io/suno/20260525/de30293fd59b423b920c541ad97c01c7.mp3,https://cdn.ttapi.io/suno/20260525/fb8a78dab14644419be5db34264fb489.mp3,audio/jazz/0c65661e-8620-43b7-ab41-eaebeca9adbd_1.mp3,audio/jazz/0c65661e-8620-43b7-ab41-eaebeca9adbd_2.mp3,jazz,2026-05-25T21:12:01.347434+00:00,2026-05-25T21:13:57.386924+00:00,
6a1ebb6e-45cc-45c2-b969-47f14aeb9997,jazz,cool jazz,"cool jazz, uplifting atmosphere, featuring woodwind ensemble","jazz, trumpet, swing",chirp-v4-5+,done,33a13bdb-e497-42b0-9c05-049f6c5d3f8e,0be35745-f0ee-43e7-b041-a8097a65cbd3,5280555a-b67c-4e46-93a9-5407309c215e,https://cdn.ttapi.io/suno/20260525/299d234ae31e4a24a8ffab53711f916d.mp3,https://cdn.ttapi.io/suno/20260525/ea5f666d1f96418ca7744f2a2f6a33b0.mp3,audio/jazz/6a1ebb6e-45cc-45c2-b969-47f14aeb9997_1.mp3,audio/jazz/6a1ebb6e-45cc-45c2-b969-47f14aeb9997_2.mp3,jazz,2026-05-25T21:12:02.735222+00:00,2026-05-25T21:13:04.624929+00:00,
7962f2ae-a50f-42d5-8e5a-dc75d524f6c1,jazz,fusion,"fusion jazz, uplifting atmosphere, featuring woodwind ensemble","jazz, bass, drums",chirp-v4-5+,done,64d0e78b-8085-4a2e-8bfa-8ce5a66f843f,4cdef340-5ab7-4aa9-acdf-e7bc4752bc71,29626f8b-b649-481a-ac67-384f6281154e,https://cdn.ttapi.io/suno/20260525/c7520194ee2b4ea3941016c0ce09dea0.mp3,https://cdn.ttapi.io/suno/20260525/ba69da48ba7846598a7170e2de4378ee.mp3,audio/jazz/7962f2ae-a50f-42d5-8e5a-dc75d524f6c1_1.mp3,audio/jazz/7962f2ae-a50f-42d5-8e5a-dc75d524f6c1_2.mp3,jazz,2026-05-25T21:12:04.033971+00:00,2026-05-25T21:13:37.039583+00:00,
4329afed-eb29-4c2d-87ab-f9366b7209f4,jazz,smooth jazz,"smooth jazz, uplifting atmosphere, featuring woodwind ensemble","jazz, guitar, bossa nova",chirp-v4-5+,done,1008e5e5-5c1b-47d1-9d0d-33231f035164,af8af112-66fe-4859-bfc0-299ccbd7dbf3,6f67f1e0-e7d3-4515-ac03-4f094b9ae8d8,https://cdn.ttapi.io/suno/20260525/5a160ccdf8354618a6a7126b4a0b9200.mp3,https://cdn.ttapi.io/suno/20260525/e003ac02f0a84e38b020f5cb34b631f6.mp3,audio/jazz/4329afed-eb29-4c2d-87ab-f9366b7209f4_1.mp3,audio/jazz/4329afed-eb29-4c2d-87ab-f9366b7209f4_2.mp3,jazz,2026-05-25T21:12:12.021444+00:00,2026-05-25T21:13:44.265654+00:00,
18317f91-a6c6-4a36-b172-4d4259472535,jazz,hard bop,"hard bop jazz, uplifting atmosphere, featuring woodwind ensemble","jazz, fusion, electric",chirp-v4-5+,done,90406730-b1f8-4699-b4b2-f6cf8eb382fe,e7dc03fd-ab82-4715-90c6-e4d2168af35e,b107e04e-0520-486b-8ba7-f2009e5afbd4,https://cdn.ttapi.io/suno/20260525/3a16aa4d651d47099da32308176a883a.mp3,https://cdn.ttapi.io/suno/20260525/e8ecee4664d94e18a9df021e4e792a65.mp3,audio/jazz/18317f91-a6c6-4a36-b172-4d4259472535_1.mp3,audio/jazz/18317f91-a6c6-4a36-b172-4d4259472535_2.mp3,jazz,2026-05-25T21:12:31.520965+00:00,2026-05-25T21:14:18.286016+00:00,
89e5f7b0-e89f-418d-9b82-6a7230391516,jazz,free jazz,"free jazz, uplifting atmosphere, featuring woodwind ensemble","jazz, saxophone, piano",chirp-v4-5+,done,cfc7a3a3-856d-45a7-89ae-159681262b17,84f1e854-e6ba-496d-bcf9-2451b2bc0085,4562ae63-e8b5-48cb-b881-8cbf538bf051,https://cdn.ttapi.io/suno/20260525/e6fd7b690a3a4bdfb9a8d70c2dad8982.mp3,https://cdn.ttapi.io/suno/20260525/671ffd1a4259403b89f28ce1434a3f38.mp3,audio/jazz/89e5f7b0-e89f-418d-9b82-6a7230391516_1.mp3,audio/jazz/89e5f7b0-e89f-418d-9b82-6a7230391516_2.mp3,jazz,2026-05-25T21:12:32.868833+00:00,2026-05-25T21:13:50.418446+00:00,
6aea295f-db11-4846-b433-76a4a2e18c0f,jazz,latin jazz,"latin jazz, uplifting atmosphere, featuring woodwind ensemble","jazz, trumpet, swing",chirp-v4-5+,done,4ecb6c04-1791-419a-a2ff-8e231c6e1032,8ce61718-cf67-47d1-81b7-33862d979d52,fe4f3b06-cdd6-4022-a35d-8c72434ecc52,https://cdn.ttapi.io/suno/20260525/6070f3a4d5d64b0fbcfdc804318e2f3e.mp3,https://cdn.ttapi.io/suno/20260525/25b53b6fac7746f2a3bbaff5fedb696e.mp3,audio/jazz/6aea295f-db11-4846-b433-76a4a2e18c0f_1.mp3,audio/jazz/6aea295f-db11-4846-b433-76a4a2e18c0f_2.mp3,jazz,2026-05-25T21:12:41.667678+00:00,2026-05-25T21:14:08.605424+00:00,
16edd719-b1fa-4170-a4e6-5a97346b28e0,jazz,swing,"swing jazz, uplifting atmosphere, featuring woodwind ensemble","jazz, bass, drums",chirp-v4-5+,done,b8d8306c-ce75-4f55-8053-369da4b9194e,310511b6-a101-476a-8f2d-c539504bd407,13eb01ff-2f2b-4c72-aeef-9b5ec7a2554a,https://cdn.ttapi.io/suno/20260525/b84a415bac3e4172a9cf9cfa5af1a1e5.mp3,https://cdn.ttapi.io/suno/20260525/5c7c73b1a2dd43539d76f81a0eebc9ba.mp3,audio/jazz/16edd719-b1fa-4170-a4e6-5a97346b28e0_1.mp3,audio/jazz/16edd719-b1fa-4170-a4e6-5a97346b28e0_2.mp3,jazz,2026-05-25T21:12:43.032708+00:00,2026-05-25T21:13:50.611981+00:00,
f30c0952-8e62-4763-8a89-6a4eca8dad15,jazz,modal jazz,"modal jazz, uplifting atmosphere, featuring woodwind ensemble","jazz, guitar, bossa nova",chirp-v4-5+,done,df35d231-e30e-490a-bfe7-921a0ef5ce99,04a727ce-1c07-4c72-a92d-b15a10909840,02523748-f28a-4930-bc35-1715a4f00768,https://cdn.ttapi.io/suno/20260525/bdf01e9145cd44b7984b5a818c9e34ef.mp3,https://cdn.ttapi.io/suno/20260525/726af946314e423aa14c7cfdbc3048f3.mp3,audio/jazz/f30c0952-8e62-4763-8a89-6a4eca8dad15_1.mp3,audio/jazz/f30c0952-8e62-4763-8a89-6a4eca8dad15_2.mp3,jazz,2026-05-25T21:12:44.326069+00:00,2026-05-25T21:14:08.714519+00:00,
e6682712-53d0-4a7d-ac52-0ee1a0ea5e17,jazz,post-bop,"post-bop jazz, uplifting atmosphere, featuring woodwind ensemble","jazz, fusion, electric",chirp-v4-5+,done,9750938d-ebd2-4470-8728-70c24f011edd,fd4194c4-0979-4d68-9167-91f7093cba4a,060decac-1c04-4c94-b72c-0b08070ec8cd,https://cdn.ttapi.io/suno/20260525/96bf4d100e934a488f9a02f9b053ce36.mp3,https://cdn.ttapi.io/suno/20260525/0d03d88b79a54e90b40827cc21ced3d2.mp3,audio/jazz/e6682712-53d0-4a7d-ac52-0ee1a0ea5e17_1.mp3,audio/jazz/e6682712-53d0-4a7d-ac52-0ee1a0ea5e17_2.mp3,jazz,2026-05-25T21:12:45.581475+00:00,2026-05-25T21:13:57.826071+00:00,
b1cdf0ea-4c7a-4fe3-bcf3-cf81a4e3a12b,jazz,bebop,"bebop jazz, relaxed atmosphere, featuring woodwind ensemble","jazz, saxophone, piano",chirp-v4-5+,done,1ed0bb66-1466-4659-a8a0-f2bb363451e4,cb1c25ee-388a-4463-bf26-0b6dfa8c429c,222021b0-e802-4a58-8b2f-f95cba4f0177,https://cdn.ttapi.io/suno/20260525/45c96b6e0a044ddfa5bdc3891e9df769.mp3,https://cdn.ttapi.io/suno/20260525/388f29336aac4aedb1a3d0b8479d7172.mp3,audio/jazz/b1cdf0ea-4c7a-4fe3-bcf3-cf81a4e3a12b_1.mp3,audio/jazz/b1cdf0ea-4c7a-4fe3-bcf3-cf81a4e3a12b_2.mp3,jazz,2026-05-25T21:12:51.606258+00:00,2026-05-25T21:13:57.986574+00:00,
2e1dae37-6319-4cec-a097-cd7d7589dca5,jazz,cool jazz,"cool jazz, relaxed atmosphere, featuring woodwind ensemble","jazz, trumpet, swing",chirp-v4-5+,done,c1255c91-cea6-4150-be1e-b5b94a01a465,cd3a9925-ca46-4851-947b-d46e672a68c2,8aae98bc-5f7c-475d-a565-321cff141fc0,https://cdn.ttapi.io/suno/20260525/c30efb22d7ed489f8d3b4e31c910184b.mp3,https://cdn.ttapi.io/suno/20260525/e25e2321c0284524a35d1315ac865e1d.mp3,audio/jazz/2e1dae37-6319-4cec-a097-cd7d7589dca5_1.mp3,audio/jazz/2e1dae37-6319-4cec-a097-cd7d7589dca5_2.mp3,jazz,2026-05-25T21:12:52.947290+00:00,2026-05-25T21:13:58.098489+00:00,
a67b0c48-2a2d-46e7-852f-46b47c0c6d81,jazz,fusion,"fusion jazz, relaxed atmosphere, featuring woodwind ensemble","jazz, bass, drums",chirp-v4-5+,done,3208c30d-a14d-4f1f-97c8-66fd0013ca6e,69900b98-7bd5-472e-8777-e88b73b38ac8,5d6b8bc0-9492-4e46-9f3e-3f19c6a4ef25,https://cdn.ttapi.io/suno/20260525/d8056e62a3fd496f8caf0adb61a00855.mp3,https://cdn.ttapi.io/suno/20260525/2b47963c64a94650bc37d6c7197de73a.mp3,audio/jazz/a67b0c48-2a2d-46e7-852f-46b47c0c6d81_1.mp3,audio/jazz/a67b0c48-2a2d-46e7-852f-46b47c0c6d81_2.mp3,jazz,2026-05-25T21:12:54.236385+00:00,2026-05-25T21:14:24.422558+00:00,
686a4fa2-14de-4da6-900c-0395871a63b5,jazz,smooth jazz,"smooth jazz, relaxed atmosphere, featuring woodwind ensemble","jazz, guitar, bossa nova",chirp-v4-5+,done,86f837d9-916a-4fa7-972e-8dedfe447aae,5479baf7-c890-4df6-8464-bfeec2804064,cded1ea9-5474-4ff8-81e9-7f60953bf280,https://cdn.ttapi.io/suno/20260525/83805321f34b4827aed102293a981a2a.mp3,https://cdn.ttapi.io/suno/20260525/2f35c90a4dc24c1db1880a6c3e9ac9ef.mp3,audio/jazz/686a4fa2-14de-4da6-900c-0395871a63b5_1.mp3,audio/jazz/686a4fa2-14de-4da6-900c-0395871a63b5_2.mp3,jazz,2026-05-25T21:13:00.277777+00:00,2026-05-25T21:14:08.902691+00:00,
e7581e3f-eb8d-4de8-b0c9-c6baecdb2eac,jazz,hard bop,"hard bop jazz, relaxed atmosphere, featuring woodwind ensemble","jazz, fusion, electric",chirp-v4-5+,done,31ac559c-4721-4b8c-9b46-66a57c3db4cf,12a70a79-f918-4092-aedf-90c16227f7de,0f0343ab-8a2a-41ba-942c-fb951e7446de,https://cdn.ttapi.io/suno/20260525/d6d6d7f00e9849489821462c17b52fcb.mp3,https://cdn.ttapi.io/suno/20260525/31fb3bb7a67745ccb23887f889f58395.mp3,audio/jazz/e7581e3f-eb8d-4de8-b0c9-c6baecdb2eac_1.mp3,audio/jazz/e7581e3f-eb8d-4de8-b0c9-c6baecdb2eac_2.mp3,jazz,2026-05-25T21:13:01.505946+00:00,2026-05-25T21:14:45.304558+00:00,
401398b7-cdee-451a-bd4d-db290fed07b7,jazz,free jazz,"free jazz, relaxed atmosphere, featuring woodwind ensemble","jazz, saxophone, piano",chirp-v4-5+,done,63972a4b-62c2-4525-838e-55717b4eba89,b5fd9b7f-f43c-4c1f-8c3b-f4429270d73e,28a95a4d-4802-4f13-bc32-f5000c755292,https://cdn.ttapi.io/suno/20260525/b0ba8085ce5c466296c95a502a16fb97.mp3,https://cdn.ttapi.io/suno/20260525/843b8d9859464b648b7249f7b86d56b6.mp3,audio/jazz/401398b7-cdee-451a-bd4d-db290fed07b7_1.mp3,audio/jazz/401398b7-cdee-451a-bd4d-db290fed07b7_2.mp3,jazz,2026-05-25T21:13:09.134224+00:00,2026-05-25T21:14:45.474896+00:00,
2686e2df-45c0-4110-a715-68ef44e9e083,jazz,latin jazz,"latin jazz, relaxed atmosphere, featuring woodwind ensemble","jazz, trumpet, swing",chirp-v4-5+,done,10f60e45-b9e3-49d6-aa4e-e5e4e5a1b498,40931698-805f-451d-ab69-689a6b238285,8f290f9f-6e97-4499-92cb-15654e5d5963,https://cdn.ttapi.io/suno/20260525/0ee157366fe0401889239fa2221ce4dd.mp3,https://cdn.ttapi.io/suno/20260525/40211c0b31f042a085f839b351704f6a.mp3,audio/jazz/2686e2df-45c0-4110-a715-68ef44e9e083_1.mp3,audio/jazz/2686e2df-45c0-4110-a715-68ef44e9e083_2.mp3,jazz,2026-05-25T21:13:10.350342+00:00,2026-05-25T21:14:45.590655+00:00,
9fbc2bac-4f54-4653-a6ab-51724a3fdd29,jazz,swing,"swing jazz, relaxed atmosphere, featuring woodwind ensemble","jazz, bass, drums",chirp-v4-5+,done,7c994874-dea4-4161-b3ad-58f62b3ce680,87481ff6-1f52-46b1-8c5f-4b036b845179,999cce6f-6eef-4135-a6b1-dda033c7a5ba,https://cdn.ttapi.io/suno/20260525/616e3a01c6d44008bb06f04b79ec74bb.mp3,https://cdn.ttapi.io/suno/20260525/f7d8d8c0f2e442c48e97b757d307ee27.mp3,audio/jazz/9fbc2bac-4f54-4653-a6ab-51724a3fdd29_1.mp3,audio/jazz/9fbc2bac-4f54-4653-a6ab-51724a3fdd29_2.mp3,jazz,2026-05-25T21:13:16.398053+00:00,2026-05-25T21:14:24.880889+00:00,
db672f1c-a3cf-4435-8a9f-4c6513c13710,jazz,modal jazz,"modal jazz, relaxed atmosphere, featuring woodwind ensemble","jazz, guitar, bossa nova",chirp-v4-5+,done,ef5f078d-b566-425a-984d-e4dcad595310,3ada2149-0bb0-45dd-8c23-e0619b3da984,e97f24cc-7b5c-46d1-afa8-6a4ac6e19f5a,https://cdn.ttapi.io/suno/20260525/353e8fef1009496da127b5b81de91a31.mp3,https://cdn.ttapi.io/suno/20260525/22beb8be91084de6a38797c404c9b2ff.mp3,audio/jazz/db672f1c-a3cf-4435-8a9f-4c6513c13710_1.mp3,audio/jazz/db672f1c-a3cf-4435-8a9f-4c6513c13710_2.mp3,jazz,2026-05-25T21:13:22.407919+00:00,2026-05-25T21:14:45.712495+00:00,
ab8b6dca-c03d-4ffc-8b7b-95967f76a259,jazz,post-bop,"post-bop jazz, relaxed atmosphere, featuring woodwind ensemble","jazz, fusion, electric",chirp-v4-5+,done,29fdff2d-2606-4cd3-9d9a-e60af103def3,925c4acd-4226-4d2c-b414-c85b185d51bb,114e6d7a-904a-4235-ae1b-6b7c46213952,https://cdn.ttapi.io/suno/20260525/46b92dce7d154f518fc53766e92d7c10.mp3,https://cdn.ttapi.io/suno/20260525/e3294150ab2044cf88da6ad4665bdfa5.mp3,audio/jazz/ab8b6dca-c03d-4ffc-8b7b-95967f76a259_1.mp3,audio/jazz/ab8b6dca-c03d-4ffc-8b7b-95967f76a259_2.mp3,jazz,2026-05-25T21:13:42.046382+00:00,2026-05-25T21:15:35.180786+00:00,
e979a59e-291f-43ca-8f50-9da5ad4f8596,jazz,bebop,"bebop jazz, energetic atmosphere, featuring woodwind ensemble","jazz, saxophone, piano",chirp-v4-5+,done,4c60d1f5-68aa-4c62-9f78-c7f138bff719,d74bb8bc-3b7d-4bc0-baca-4f8e29dfecf7,17aae355-7064-4d0f-b9d3-d283c3485290,https://cdn.ttapi.io/suno/20260525/2d110b1dd10d4e74835016cae19c1968.mp3,https://cdn.ttapi.io/suno/20260525/b6c7a9ea28eb4ef6bb0bc83a5cb3499d.mp3,audio/jazz/e979a59e-291f-43ca-8f50-9da5ad4f8596_1.mp3,audio/jazz/e979a59e-291f-43ca-8f50-9da5ad4f8596_2.mp3,jazz,2026-05-25T21:13:43.362829+00:00,2026-05-25T21:15:09.786473+00:00,
14299493-aa89-4360-9db7-23dbd1daf7dd,jazz,cool jazz,"cool jazz, energetic atmosphere, featuring woodwind ensemble","jazz, trumpet, swing",chirp-v4-5+,done,07faf373-3c0b-479f-a8a2-942a81de96aa,071b014d-4092-412f-9984-7b73319cec39,252eca5b-f95b-428e-9f0a-e87d523626f4,https://cdn.ttapi.io/suno/20260525/76a60b2e99044139a9e96ac32b7bf5d6.mp3,https://cdn.ttapi.io/suno/20260525/a8e7f47d9d5648d996108369221d4d5f.mp3,audio/jazz/14299493-aa89-4360-9db7-23dbd1daf7dd_1.mp3,audio/jazz/14299493-aa89-4360-9db7-23dbd1daf7dd_2.mp3,jazz,2026-05-25T21:13:49.415830+00:00,2026-05-25T21:14:55.785294+00:00,
ea8ccb4d-385e-4057-a046-de59b12fbbdd,jazz,fusion,"fusion jazz, energetic atmosphere, featuring woodwind ensemble","jazz, bass, drums",chirp-v4-5+,done,7b7a5005-328d-4663-9d3c-6e37c3a201b6,cb42aa65-dffe-460a-ae65-84ce1324e1ad,415ade8f-01c1-4d98-a4b3-afab17ae508a,https://cdn.ttapi.io/suno/20260525/45047cb213e94233855deaf75b9ee48e.mp3,https://cdn.ttapi.io/suno/20260525/29d98124df69463ab3fbf1d7c7423c3d.mp3,audio/jazz/ea8ccb4d-385e-4057-a046-de59b12fbbdd_1.mp3,audio/jazz/ea8ccb4d-385e-4057-a046-de59b12fbbdd_2.mp3,jazz,2026-05-25T21:13:55.350411+00:00,2026-05-25T21:15:35.369674+00:00,
da164964-ed2a-4e7e-8499-4882fb4c34a5,jazz,smooth jazz,"smooth jazz, energetic atmosphere, featuring woodwind ensemble","jazz, guitar, bossa nova",chirp-v4-5+,done,48cf8850-27d0-4e3b-96c3-80f2d3d5f1a5,e4ecd00a-18f5-41fd-8367-e6e4b6c501d0,a696be81-abcf-4233-a92b-16d04eb4f299,https://cdn.ttapi.io/suno/20260525/b66e1572646c4468aff54927a8c86f34.mp3,https://cdn.ttapi.io/suno/20260525/7af7660a5ca94bb79e6ab8706a3d26db.mp3,audio/jazz/da164964-ed2a-4e7e-8499-4882fb4c34a5_1.mp3,audio/jazz/da164964-ed2a-4e7e-8499-4882fb4c34a5_2.mp3,jazz,2026-05-25T21:13:56.572210+00:00,2026-05-25T21:15:49.095251+00:00,
97e046d0-7251-4456-bbec-602a0357330d,jazz,hard bop,"hard bop jazz, energetic atmosphere, featuring woodwind ensemble","jazz, fusion, electric",chirp-v4-5+,done,2b94d645-0a10-4481-acbc-ba7270a62837,ec598242-bef2-448c-8398-7b93cc951c2a,36cfb323-aa13-4184-9fac-894e570b592f,https://cdn.ttapi.io/suno/20260525/4fcf004b80e444fbbc5cacb584ec2f8f.mp3,https://cdn.ttapi.io/suno/20260525/6deba03c5b1142e2a58b5461778dc3f2.mp3,audio/jazz/97e046d0-7251-4456-bbec-602a0357330d_1.mp3,audio/jazz/97e046d0-7251-4456-bbec-602a0357330d_2.mp3,jazz,2026-05-25T21:14:03.806359+00:00,2026-05-25T21:15:35.581392+00:00,
5136a424-f4fc-41fa-b6aa-509058525e55,jazz,free jazz,"free jazz, energetic atmosphere, featuring woodwind ensemble","jazz, saxophone, piano",chirp-v4-5+,done,835ac7ac-7cbb-43e6-93ae-bfe468154506,d31f0bb2-ff18-4ce9-a7ae-751109cb8a08,8c8b34c9-c06c-40f9-9528-5bd5aae2ce9a,https://cdn.ttapi.io/suno/20260525/de66d60b2d1c462fa71c17b38e1e2c99.mp3,https://cdn.ttapi.io/suno/20260525/dec6a92709354321937b2b87a73e3352.mp3,audio/jazz/5136a424-f4fc-41fa-b6aa-509058525e55_1.mp3,audio/jazz/5136a424-f4fc-41fa-b6aa-509058525e55_2.mp3,jazz,2026-05-25T21:14:05.104008+00:00,2026-05-25T21:15:49.261152+00:00,
96ce8f7c-8c9a-4416-8721-d6bceab945d0,jazz,latin jazz,"latin jazz, energetic atmosphere, featuring woodwind ensemble","jazz, trumpet, swing",chirp-v4-5+,done,6277893c-7a2a-41c9-912d-2a9fb1ec99de,c9bb7f7c-0850-46c4-8c74-651756870c8f,e0c1c826-2082-4ddf-b6a1-c32c5099f3a4,https://cdn.ttapi.io/suno/20260525/619f66f8ea8140ea9d14ea5c3b869ca4.mp3,https://cdn.ttapi.io/suno/20260525/cbf3796eb9f248acbadd639c72896575.mp3,audio/jazz/96ce8f7c-8c9a-4416-8721-d6bceab945d0_1.mp3,audio/jazz/96ce8f7c-8c9a-4416-8721-d6bceab945d0_2.mp3,jazz,2026-05-25T21:14:06.398139+00:00,2026-05-25T21:15:35.795665+00:00,
84c20d7b-5587-4ddd-9b90-8997a43e0a52,jazz,swing,"swing jazz, energetic atmosphere, featuring woodwind ensemble","jazz, bass, drums",chirp-v4-5+,done,b75255b5-9b36-4247-82af-2290a95a0eb6,feeb46d2-3d85-440e-847f-a66c5a4d17d9,83d48b21-5113-4e55-99e4-3654c9e6920d,https://cdn.ttapi.io/suno/20260525/e9553c03d97b42b080afe103a3f7e627.mp3,https://cdn.ttapi.io/suno/20260525/18275d1a49ec4a0a92c82201d8ad865b.mp3,audio/jazz/84c20d7b-5587-4ddd-9b90-8997a43e0a52_1.mp3,audio/jazz/84c20d7b-5587-4ddd-9b90-8997a43e0a52_2.mp3,jazz,2026-05-25T21:14:07.632576+00:00,2026-05-25T21:15:16.170153+00:00,
fb031fba-2677-40db-9f44-4caaafe957d3,jazz,modal jazz,"modal jazz, energetic atmosphere, featuring woodwind ensemble","jazz, guitar, bossa nova",chirp-v4-5+,done,59f39540-9413-4be3-a84d-20f4ac54fdee,6ca43a6a-5003-4948-9017-7277149f049c,3c80cdd5-9760-4e2a-99bb-f0fdd48c7b5d,https://cdn.ttapi.io/suno/20260525/c0ba2ec4820a4efebb6b7d915a22aa07.mp3,https://cdn.ttapi.io/suno/20260525/3b34c16ba70f4a589b897d4b5474c870.mp3,audio/jazz/fb031fba-2677-40db-9f44-4caaafe957d3_1.mp3,audio/jazz/fb031fba-2677-40db-9f44-4caaafe957d3_2.mp3,jazz,2026-05-25T21:14:13.758607+00:00,2026-05-25T21:15:49.372474+00:00,
0a053571-77c6-45e6-921f-4f22f9a84317,jazz,post-bop,"post-bop jazz, energetic atmosphere, featuring woodwind ensemble","jazz, fusion, electric",chirp-v4-5+,done,2115e7bb-cc72-4d12-aec3-fda45cdb8eb8,b28906d9-6c9f-4244-a9b9-f299ef16b9b5,0924c844-4ec3-45c4-b6f5-c333451f027b,https://cdn.ttapi.io/suno/20260525/489c172c3c2a45f2ae214492cb2e8cc5.mp3,https://cdn.ttapi.io/suno/20260525/a1f26c0d971542298cb2287ca97e8dc7.mp3,audio/jazz/0a053571-77c6-45e6-921f-4f22f9a84317_1.mp3,audio/jazz/0a053571-77c6-45e6-921f-4f22f9a84317_2.mp3,jazz,2026-05-25T21:14:15.046505+00:00,2026-05-25T21:17:36.344665+00:00,
4a6692dd-ef52-455c-af5c-8d5d143beed8,jazz,bebop,"bebop jazz, nostalgic atmosphere, featuring woodwind ensemble","jazz, saxophone, piano",chirp-v4-5+,done,d812d88b-98b7-406e-929a-c423be8f6375,c6311b75-3172-4efd-979b-2e001ff00969,a3d89a99-bb7d-4ba2-b691-671b58f71365,https://cdn.ttapi.io/suno/20260525/dc493074588f41d58583635d4035bbe5.mp3,https://cdn.ttapi.io/suno/20260525/6bff8eaa305549f0b9021e0029be1a0f.mp3,audio/jazz/4a6692dd-ef52-455c-af5c-8d5d143beed8_1.mp3,audio/jazz/4a6692dd-ef52-455c-af5c-8d5d143beed8_2.mp3,jazz,2026-05-25T21:14:16.298330+00:00,2026-05-25T21:16:02.930748+00:00,
d63b91e5-f406-4185-902a-185a19444f94,jazz,cool jazz,"cool jazz, nostalgic atmosphere, featuring woodwind ensemble","jazz, trumpet, swing",chirp-v4-5+,done,7161b303-6664-47c5-8443-eb7440419fc0,6cf22b22-200c-4a2a-9051-053f2df8a83e,b45498fe-3ee1-44cb-80f5-45fed1ba1f1a,https://cdn.ttapi.io/suno/20260525/ede469faca864fe8a8668aac4f000e37.mp3,https://cdn.ttapi.io/suno/20260525/8a6d3715916646f7ad91470e25a7c345.mp3,audio/jazz/d63b91e5-f406-4185-902a-185a19444f94_1.mp3,audio/jazz/d63b91e5-f406-4185-902a-185a19444f94_2.mp3,jazz,2026-05-25T21:14:17.631057+00:00,2026-05-25T21:15:36.143368+00:00,
3492ac9c-9deb-4ecf-9d0f-a57b1f2bb1e4,jazz,fusion,"fusion jazz, nostalgic atmosphere, featuring woodwind ensemble","jazz, bass, drums",chirp-v4-5+,done,5745324e-8949-4303-9a0a-edb81b6c09a5,58b1cd8f-7c8d-460f-8b3b-eea34a852240,31d5697e-2675-44e0-966e-9e878a7ab9a4,https://cdn.ttapi.io/suno/20260525/65001e93906b4e0b90191d29a7407976.mp3,https://cdn.ttapi.io/suno/20260525/1d3161af18db4ebf8d7e47ef29e9b118.mp3,audio/jazz/3492ac9c-9deb-4ecf-9d0f-a57b1f2bb1e4_1.mp3,audio/jazz/3492ac9c-9deb-4ecf-9d0f-a57b1f2bb1e4_2.mp3,jazz,2026-05-25T21:14:23.723562+00:00,2026-05-25T21:15:49.638745+00:00,
ea46b753-07ad-4124-b390-51b9740a1f4e,jazz,smooth jazz,"smooth jazz, nostalgic atmosphere, featuring woodwind ensemble","jazz, guitar, bossa nova",chirp-v4-5+,done,a070fb28-6213-464f-b476-0da6c5212973,980e4198-8248-4567-a7e1-5945dd4da85a,f2c896d1-9236-484e-accd-6d35a61e4462,https://cdn.ttapi.io/suno/20260525/e4f12a72ac58410bb0e3f6dbcecae494.mp3,https://cdn.ttapi.io/suno/20260525/ffa5627d93c849d5b256ed874db0ef18.mp3,audio/jazz/ea46b753-07ad-4124-b390-51b9740a1f4e_1.mp3,audio/jazz/ea46b753-07ad-4124-b390-51b9740a1f4e_2.mp3,jazz,2026-05-25T21:14:29.908407+00:00,2026-05-25T21:15:49.744666+00:00,
ca357858-6f88-4fc6-95b6-94e184ae47a0,jazz,hard bop,"hard bop jazz, nostalgic atmosphere, featuring woodwind ensemble","jazz, fusion, electric",chirp-v4-5+,done,8d950cc6-b486-4b81-8dba-3f24b9032706,651e9c5b-0a75-4ba2-b499-5b75901e9eb6,00556973-2762-4f56-9b27-e775ff9d2e38,https://cdn.ttapi.io/suno/20260525/9718b3d9edba49a5a217a417c040f057.mp3,https://cdn.ttapi.io/suno/20260525/17a4a329a4494203ba67679e939e4232.mp3,audio/jazz/ca357858-6f88-4fc6-95b6-94e184ae47a0_1.mp3,audio/jazz/ca357858-6f88-4fc6-95b6-94e184ae47a0_2.mp3,jazz,2026-05-25T21:14:31.140700+00:00,2026-05-25T21:16:03.097005+00:00,
44c70c28-9288-4f41-8406-0570076dcde9,jazz,free jazz,"free jazz, nostalgic atmosphere, featuring woodwind ensemble","jazz, saxophone, piano",chirp-v4-5+,done,d235f6d6-88b6-41b2-91c0-fa39b5deb005,3d8b9c7e-4d89-4a68-a414-a64c0eda8b4c,214ed83a-55a1-4811-826e-a5d9b6584392,https://cdn.ttapi.io/suno/20260525/c0de9863fd3f47518170565aaec51fec.mp3,https://cdn.ttapi.io/suno/20260525/edd96c6a9c5b4e80b20d6ea0e1684bfb.mp3,audio/jazz/44c70c28-9288-4f41-8406-0570076dcde9_1.mp3,audio/jazz/44c70c28-9288-4f41-8406-0570076dcde9_2.mp3,jazz,2026-05-25T21:14:50.950773+00:00,2026-05-25T21:17:50.101182+00:00,
4e75e57f-fd1f-493d-820e-3ba1101f038a,jazz,latin jazz,"latin jazz, nostalgic atmosphere, featuring woodwind ensemble","jazz, trumpet, swing",chirp-v4-5+,done,08aa93fc-5371-46a6-b645-fb18c94f09a9,5f7a1e18-9bf7-49d8-b60a-c2261f8770b6,736685c8-0193-46a4-b781-6b6e89341d82,https://cdn.ttapi.io/suno/20260525/c1e6f19b6fed46ffb732b866e7733bf6.mp3,https://cdn.ttapi.io/suno/20260525/3aac512d726c43b3b7af6e7dbce98c62.mp3,audio/jazz/4e75e57f-fd1f-493d-820e-3ba1101f038a_1.mp3,audio/jazz/4e75e57f-fd1f-493d-820e-3ba1101f038a_2.mp3,jazz,2026-05-25T21:14:52.255671+00:00,2026-05-25T21:17:29.086315+00:00,
84f8211b-2f9a-44f3-a0ad-74fcbeb539f8,jazz,swing,"swing jazz, nostalgic atmosphere, featuring woodwind ensemble","jazz, bass, drums",chirp-v4-5+,done,aaa5f95a-10ce-44e8-94d4-0d1fbc7a0496,1d95b8be-32ef-48cd-9df2-5a3c964b956e,339f3b74-81c1-40ef-8e70-9e15b7a82f04,https://cdn.ttapi.io/suno/20260525/5225b4d55a2f4af88c2d01ead86ae0bb.mp3,https://cdn.ttapi.io/suno/20260525/4578b02fd3664ce89a04f1a1a2e979af.mp3,audio/jazz/84f8211b-2f9a-44f3-a0ad-74fcbeb539f8_1.mp3,audio/jazz/84f8211b-2f9a-44f3-a0ad-74fcbeb539f8_2.mp3,jazz,2026-05-25T21:14:53.568569+00:00,2026-05-25T21:16:10.582966+00:00,
fa1b997f-b242-4d96-b83e-81b6286105ee,jazz,modal jazz,"modal jazz, nostalgic atmosphere, featuring woodwind ensemble","jazz, guitar, bossa nova",chirp-v4-5+,done,81dd1b95-ae79-4a8a-a352-0133a86f7fa1,5b394d66-7e8a-4e75-940c-7577e8354ce3,ea210f4d-9f54-45c3-9fb4-992b9a7243bb,https://cdn.ttapi.io/suno/20260525/a25c58654ad3428391fd0762006a3b57.mp3,https://cdn.ttapi.io/suno/20260525/704ae33dbcba42f3a9c1a8e6418cdf55.mp3,audio/jazz/fa1b997f-b242-4d96-b83e-81b6286105ee_1.mp3,audio/jazz/fa1b997f-b242-4d96-b83e-81b6286105ee_2.mp3,jazz,2026-05-25T21:14:54.850758+00:00,2026-05-25T21:17:44.396366+00:00,
a9395a0f-9e3a-4819-afa3-222854fa3c73,jazz,post-bop,"post-bop jazz, nostalgic atmosphere, featuring woodwind ensemble","jazz, fusion, electric",chirp-v4-5+,done,e1a09a55-bfc1-428f-887d-0ac77d51fd63,c9b5f286-1811-4004-bb6e-c080fe1444d0,855a7846-098a-4fdd-904b-d139c064deb5,https://cdn.ttapi.io/suno/20260525/c028a182b0dc4342b70749ab50fa6dbc.mp3,https://cdn.ttapi.io/suno/20260525/d6943b7151a641afbf37b261c3176291.mp3,audio/jazz/a9395a0f-9e3a-4819-afa3-222854fa3c73_1.mp3,audio/jazz/a9395a0f-9e3a-4819-afa3-222854fa3c73_2.mp3,jazz,2026-05-25T21:15:08.994658+00:00,2026-05-25T21:17:50.263227+00:00,
19f30e81-62fa-4850-a3d1-ed6e58ddd25f,jazz,bebop,"bebop jazz, romantic atmosphere, featuring woodwind ensemble","jazz, saxophone, piano",chirp-v4-5+,done,8d336b81-a7cf-450c-88ae-20b75816aa9d,17d86268-3c05-40e6-8521-613c266b9fd2,c89bfb69-8ea7-417d-94b0-018872207a1b,https://cdn.ttapi.io/suno/20260525/11ef5854eb3c44da928e1323b1ecea36.mp3,https://cdn.ttapi.io/suno/20260525/ecb39ca59aaa4a3d970d2b4a37320268.mp3,audio/jazz/19f30e81-62fa-4850-a3d1-ed6e58ddd25f_1.mp3,audio/jazz/19f30e81-62fa-4850-a3d1-ed6e58ddd25f_2.mp3,jazz,2026-05-25T21:15:14.876986+00:00,2026-05-25T21:17:50.401077+00:00,
5147dfce-0a40-4b42-80f8-bc6333fdc7bb,jazz,cool jazz,"cool jazz, romantic atmosphere, featuring woodwind ensemble","jazz, trumpet, swing",chirp-v4-5+,done,9642fa23-69d5-4425-b3f3-aafb84a9f78d,b2e85c2a-08d5-4c56-b39f-46b40cb46171,52137b5c-6327-4abd-9d89-060838f4708a,https://cdn.ttapi.io/suno/20260525/259d23813441424bb1829b270045c495.mp3,https://cdn.ttapi.io/suno/20260525/7e829a34ddaa4983aeb3d83438543746.mp3,audio/jazz/5147dfce-0a40-4b42-80f8-bc6333fdc7bb_1.mp3,audio/jazz/5147dfce-0a40-4b42-80f8-bc6333fdc7bb_2.mp3,jazz,2026-05-25T21:15:20.667084+00:00,2026-05-25T21:18:29.762271+00:00,
08dfb7ad-3d16-4a42-ad7e-f9fdc545a8ea,jazz,fusion,"fusion jazz, romantic atmosphere, featuring woodwind ensemble","jazz, bass, drums",chirp-v4-5+,done,4fa47e38-e758-469c-9bbf-6a13552e1be4,e2323c76-105c-49b3-97e0-b70e70df90aa,038fdcf2-9e9f-475d-bf53-7d5cd17ec640,https://cdn.ttapi.io/suno/20260525/ceabf0981e3d43cbaf113f198c033ebd.mp3,https://cdn.ttapi.io/suno/20260525/fe4d94373560423aaed3519f94d8dd00.mp3,audio/jazz/08dfb7ad-3d16-4a42-ad7e-f9fdc545a8ea_1.mp3,audio/jazz/08dfb7ad-3d16-4a42-ad7e-f9fdc545a8ea_2.mp3,jazz,2026-05-25T21:15:43.444028+00:00,2026-05-25T21:18:29.906305+00:00,
b3872119-5c5a-499b-bd69-92767dc7722c,jazz,smooth jazz,"smooth jazz, romantic atmosphere, featuring woodwind ensemble","jazz, guitar, bossa nova",chirp-v4-5+,done,54033ae6-1b57-47cd-9cfc-530dea3f2391,d73e4cca-5ef5-4288-8e9f-cfbb92606666,1e348369-fb8c-4e14-92f8-684fdf7ef45f,https://cdn.ttapi.io/suno/20260525/43a8cbfc1b0a48ac9a18ffff9d6112ac.mp3,https://cdn.ttapi.io/suno/20260525/ee0f23ea1eb343969eff041cb8ce756d.mp3,audio/jazz/b3872119-5c5a-499b-bd69-92767dc7722c_1.mp3,audio/jazz/b3872119-5c5a-499b-bd69-92767dc7722c_2.mp3,jazz,2026-05-25T21:15:44.686680+00:00,2026-05-25T21:18:18.370626+00:00,
feaf601b-e364-44d5-afed-0c0393eb656c,jazz,hard bop,"hard bop jazz, romantic atmosphere, featuring woodwind ensemble","jazz, fusion, electric",chirp-v4-5+,done,9c146f57-9919-4d49-b21a-6f1e1dbd0621,29a3ae30-d615-41c7-bfc7-3abeeac02fbb,ff3737b3-0888-4085-8f48-0d10001a9210,https://cdn.ttapi.io/suno/20260525/e67b527f0be74676be22a65cf6b28e46.mp3,https://cdn.ttapi.io/suno/20260525/5c7661ed65e84586803a2a6c0bc27f4a.mp3,audio/jazz/feaf601b-e364-44d5-afed-0c0393eb656c_1.mp3,audio/jazz/feaf601b-e364-44d5-afed-0c0393eb656c_2.mp3,jazz,2026-05-25T21:15:45.891942+00:00,2026-05-25T21:18:18.519748+00:00,
c4d730e1-60f6-41db-8a97-702566e97973,jazz,free jazz,"free jazz, romantic atmosphere, featuring woodwind ensemble","jazz, saxophone, piano",chirp-v4-5+,done,2e664bcb-9deb-4e59-b4ec-b6192544c312,edbb1714-1d93-4119-8b2a-d4a10eff3375,3e50f6bd-e178-44fa-8a3e-92ba461d1443,https://cdn.ttapi.io/suno/20260525/05e4b597614f4dcba785a578a6a7c421.mp3,https://cdn.ttapi.io/suno/20260525/b417c78ad00d4bc0a9ea47143385deba.mp3,audio/jazz/c4d730e1-60f6-41db-8a97-702566e97973_1.mp3,audio/jazz/c4d730e1-60f6-41db-8a97-702566e97973_2.mp3,jazz,2026-05-25T21:15:47.146177+00:00,2026-05-25T21:19:04.366637+00:00,
4aa5af80-7480-4bea-be4b-9d355ac1bb34,jazz,latin jazz,"latin jazz, romantic atmosphere, featuring woodwind ensemble","jazz, trumpet, swing",chirp-v4-5+,done,4920c662-c341-435f-95b6-9b47e1977f5e,6a80c234-d72e-4223-8d7a-153ba174cfec,e2db867a-27c8-4686-8b0f-69ffa2db18df,https://cdn.ttapi.io/suno/20260525/baf2783d760e4a51ab95d5117beef952.mp3,https://cdn.ttapi.io/suno/20260525/ba76cc4a20ad4a3289f2d4a395b35798.mp3,audio/jazz/4aa5af80-7480-4bea-be4b-9d355ac1bb34_1.mp3,audio/jazz/4aa5af80-7480-4bea-be4b-9d355ac1bb34_2.mp3,jazz,2026-05-25T21:15:48.379416+00:00,2026-05-25T21:18:44.277903+00:00,
9e5084d6-05ec-43cb-aa12-6c85f1829034,jazz,swing,"swing jazz, romantic atmosphere, featuring woodwind ensemble","jazz, bass, drums",chirp-v4-5+,done,a961bd00-d488-43b7-bf17-803d3ea4523d,8661cccc-03f3-4786-8df1-f2d35bb3da8b,47568b7f-eda8-413e-8e11-6cfe376199fd,https://cdn.ttapi.io/suno/20260525/eca2a2e3c4544da7a8e4c9405dd3a408.mp3,https://cdn.ttapi.io/suno/20260525/211b1b792f9c43db94b88d2bd1078174.mp3,audio/jazz/9e5084d6-05ec-43cb-aa12-6c85f1829034_1.mp3,audio/jazz/9e5084d6-05ec-43cb-aa12-6c85f1829034_2.mp3,jazz,2026-05-25T21:15:57.020241+00:00,2026-05-25T21:17:30.124748+00:00,
155f58a6-3d64-4a0c-85a3-5ece0ec68b61,jazz,modal jazz,"modal jazz, romantic atmosphere, featuring woodwind ensemble","jazz, guitar, bossa nova",chirp-v4-5+,done,f299e9f5-de88-4bba-a6dc-7995d9a955b5,80aa24d6-79e3-4a20-b210-87dbe6768b29,c905c667-47b8-4772-afcc-28b029b123d9,https://cdn.ttapi.io/suno/20260525/d09cb5606260480581663cb9a421226f.mp3,https://cdn.ttapi.io/suno/20260525/78090e81a3ec430793d688eb23678287.mp3,audio/jazz/155f58a6-3d64-4a0c-85a3-5ece0ec68b61_1.mp3,audio/jazz/155f58a6-3d64-4a0c-85a3-5ece0ec68b61_2.mp3,jazz,2026-05-25T21:15:58.309134+00:00,2026-05-25T21:18:30.186791+00:00,
a97865a9-0b23-4228-a0fd-d6bd2112b88c,jazz,post-bop,"post-bop jazz, romantic atmosphere, featuring woodwind ensemble","jazz, fusion, electric",chirp-v4-5+,done,5a2b640f-b176-4ee2-a4d3-f17a7f57d55f,8a598b3c-be5f-4b1e-a1d3-e31224d03a06,78c7f029-68ce-494a-a40f-01311b5bb2d4,https://cdn.ttapi.io/suno/20260525/39df2ec8a88e453785321f791054e744.mp3,https://cdn.ttapi.io/suno/20260525/677581c3095246f0b253b523aa6fa4cd.mp3,audio/jazz/a97865a9-0b23-4228-a0fd-d6bd2112b88c_1.mp3,audio/jazz/a97865a9-0b23-4228-a0fd-d6bd2112b88c_2.mp3,jazz,2026-05-25T21:15:59.536837+00:00,2026-05-25T21:18:44.432467+00:00,
8e0c7b96-73ef-49b2-a264-2b365e06e3ae,jazz,bebop,"bebop jazz, brooding atmosphere, featuring woodwind ensemble","jazz, saxophone, piano",chirp-v4-5+,done,8a4f694f-a78e-4340-9804-85354c5115c9,1c7c26e5-907d-466e-9a24-783b302aca65,15889ad6-09e0-4e50-8670-05492233eb99,https://cdn.ttapi.io/suno/20260525/115658335de24a2a81fb7c37120948b0.mp3,https://cdn.ttapi.io/suno/20260525/8bac52c22dc241749404aff7b7d2f273.mp3,audio/jazz/8e0c7b96-73ef-49b2-a264-2b365e06e3ae_1.mp3,audio/jazz/8e0c7b96-73ef-49b2-a264-2b365e06e3ae_2.mp3,jazz,2026-05-25T21:16:00.871661+00:00,2026-05-25T21:18:13.084625+00:00,
ca632739-c9c1-40ff-9ec6-1a82ca5229b8,jazz,cool jazz,"cool jazz, brooding atmosphere, featuring woodwind ensemble","jazz, trumpet, swing",chirp-v4-5+,done,e616bf73-ce5e-4d9f-84ef-f3c15e6e0d72,d01e9b16-f448-4f32-a5d8-11f209b9d95b,8bf59308-8711-41ec-a20c-ae178c963ffe,https://cdn.ttapi.io/suno/20260525/a82de943f0d54d51b1fc70324b5160c5.mp3,https://cdn.ttapi.io/suno/20260525/e78e7fbf2b17410f853077c57e191d84.mp3,audio/jazz/ca632739-c9c1-40ff-9ec6-1a82ca5229b8_1.mp3,audio/jazz/ca632739-c9c1-40ff-9ec6-1a82ca5229b8_2.mp3,jazz,2026-05-25T21:16:02.118813+00:00,2026-05-25T21:18:19.021673+00:00,
4b6034e8-066f-4a56-920b-0a5a4640eec7,jazz,fusion,"fusion jazz, brooding atmosphere, featuring woodwind ensemble","jazz, bass, drums",chirp-v4-5+,done,94611ee3-6f36-4e31-ac7e-dac10b62815a,9499cdb7-d63d-4be8-ad84-8b33407376d7,7d796fd0-de6c-478c-977b-8ed3c5b20c84,https://cdn.ttapi.io/suno/20260525/50e751326f03458ba9d371112e068e19.mp3,https://cdn.ttapi.io/suno/20260525/f0a7026124504c4b9cedd996a0327220.mp3,audio/jazz/4b6034e8-066f-4a56-920b-0a5a4640eec7_1.mp3,audio/jazz/4b6034e8-066f-4a56-920b-0a5a4640eec7_2.mp3,jazz,2026-05-25T21:16:08.337292+00:00,2026-05-25T21:18:44.533827+00:00,
c7e1e74a-c098-4b8e-89b9-c932c49f3b97,jazz,smooth jazz,"smooth jazz, brooding atmosphere, featuring woodwind ensemble","jazz, guitar, bossa nova",chirp-v4-5+,done,369f9536-c2be-41dc-a733-3acf947cab5a,c67add6b-e45e-4aab-bb96-f95227b4c3cf,7f02af65-c98e-45b4-b812-0618f813ea36,https://cdn.ttapi.io/suno/20260525/8c0c2c3d2004489d9c09b1fb4626d927.mp3,https://cdn.ttapi.io/suno/20260525/d5231ec790f2449bbc892f027ef6fb58.mp3,audio/jazz/c7e1e74a-c098-4b8e-89b9-c932c49f3b97_1.mp3,audio/jazz/c7e1e74a-c098-4b8e-89b9-c932c49f3b97_2.mp3,jazz,2026-05-25T21:16:09.584660+00:00,2026-05-25T21:18:30.476734+00:00,
da0ee1a3-bb58-4246-be6c-67fa994f33b0,jazz,hard bop,"hard bop jazz, brooding atmosphere, featuring woodwind ensemble","jazz, fusion, electric",chirp-v4-5+,done,1c9ff5ff-4597-41f7-94fd-91c9c89a8ed7,ce523f05-c51f-4164-a8d9-a490f64bfcab,ccf19337-0de3-4e33-9171-2b779e922f36,https://cdn.ttapi.io/suno/20260525/f7d4ff915f9d49bbbd5f8794d8649354.mp3,https://cdn.ttapi.io/suno/20260525/ab3e74b23e044d239512b328a9c38a39.mp3,audio/jazz/da0ee1a3-bb58-4246-be6c-67fa994f33b0_1.mp3,audio/jazz/da0ee1a3-bb58-4246-be6c-67fa994f33b0_2.mp3,jazz,2026-05-25T21:16:15.273179+00:00,2026-05-25T21:18:19.371632+00:00,
5487781e-b8f8-4804-82a2-7cf20f1432c5,jazz,free jazz,"free jazz, brooding atmosphere, featuring woodwind ensemble","jazz, saxophone, piano",chirp-v4-5+,done,16cafb75-7d31-4c09-89ba-185225ec84b0,be0af54b-cac3-407a-a7f1-0f097191d606,f77f95e4-3eff-4f86-9c25-b0a6514299d6,https://cdn.ttapi.io/suno/20260525/75f9de733a604306ab273697ce3a00e5.mp3,https://cdn.ttapi.io/suno/20260525/2ae5a38ae5654f539cdeb665acddcdce.mp3,audio/jazz/5487781e-b8f8-4804-82a2-7cf20f1432c5_1.mp3,audio/jazz/5487781e-b8f8-4804-82a2-7cf20f1432c5_2.mp3,jazz,2026-05-25T21:17:34.365753+00:00,2026-05-25T21:20:48.293498+00:00,
df9f867d-f870-4aa5-b4eb-b5a0a69bf48a,jazz,latin jazz,"latin jazz, brooding atmosphere, featuring woodwind ensemble","jazz, trumpet, swing",chirp-v4-5+,done,d4f27583-ef30-42eb-b189-9b7c623e052f,8bcfed16-8932-46a1-9fec-f5e0ff1ebfbb,0747eb5d-8bbb-4ea9-9999-63041755032c,https://cdn.ttapi.io/suno/20260525/bd1662ee8b0a4046a969541affeef7db.mp3,https://cdn.ttapi.io/suno/20260525/dc4f07dd7578437190c66585a34bf621.mp3,audio/jazz/df9f867d-f870-4aa5-b4eb-b5a0a69bf48a_1.mp3,audio/jazz/df9f867d-f870-4aa5-b4eb-b5a0a69bf48a_2.mp3,jazz,2026-05-25T21:17:35.635683+00:00,2026-05-25T21:20:40.920680+00:00,
2f1e3e90-6364-4b37-ac68-a67bf7d07726,jazz,swing,"swing jazz, brooding atmosphere, featuring woodwind ensemble","jazz, bass, drums",chirp-v4-5+,done,ae0a637c-0f18-4a71-b876-33b0adc4e7d2,de6610b4-e76e-4113-b006-ba3898fdff1b,87faec30-85fe-4e8d-8ead-82e5fbc87aeb,https://cdn.ttapi.io/suno/20260525/0f64d9811f3149689878ff0fb5da5e85.mp3,https://cdn.ttapi.io/suno/20260525/b4dc40826f8c4d07af9f06b8c33f7723.mp3,audio/jazz/2f1e3e90-6364-4b37-ac68-a67bf7d07726_1.mp3,audio/jazz/2f1e3e90-6364-4b37-ac68-a67bf7d07726_2.mp3,jazz,2026-05-25T21:17:41.809643+00:00,2026-05-25T21:19:04.740082+00:00,
401bd3d2-791f-41ae-b8ed-a9d15717be28,jazz,modal jazz,"modal jazz, brooding atmosphere, featuring woodwind ensemble","jazz, guitar, bossa nova",chirp-v4-5+,done,9e1d3d4f-c0d0-4cd2-b523-6ce97055dc39,7f98b27c-c8af-44b8-ae9b-7088df1a3217,05b24a0f-0aca-47b5-be44-0ba525036eca,https://cdn.ttapi.io/suno/20260525/3e92a1393c2e494abaf055b3180244bb.mp3,https://cdn.ttapi.io/suno/20260525/b12e860442ba4c11b91a0cf9df001a87.mp3,audio/jazz/401bd3d2-791f-41ae-b8ed-a9d15717be28_1.mp3,audio/jazz/401bd3d2-791f-41ae-b8ed-a9d15717be28_2.mp3,jazz,2026-05-25T21:17:49.428792+00:00,2026-05-25T21:20:25.258250+00:00,
89936287-9c6f-4b10-94b5-01ca986ffb0b,jazz,post-bop,"post-bop jazz, brooding atmosphere, featuring woodwind ensemble","jazz, fusion, electric",chirp-v4-5+,done,db91a6e7-60f6-4910-97a3-79c95cf70e61,e95cd2d5-d40b-4b52-8a9e-07bd30fe3f38,9dc80c51-1a57-4d61-925d-6778d2fabbf3,https://cdn.ttapi.io/suno/20260525/2e93eeafce1041d18bd140fcd8bba2fa.mp3,https://cdn.ttapi.io/suno/20260525/7ca37497086e48648e041b191683b8a1.mp3,audio/jazz/89936287-9c6f-4b10-94b5-01ca986ffb0b_1.mp3,audio/jazz/89936287-9c6f-4b10-94b5-01ca986ffb0b_2.mp3,jazz,2026-05-25T21:17:55.494379+00:00,2026-05-25T21:20:48.471442+00:00,
4a4b7b56-81f3-47e5-9b14-5db9b1b7fa83,jazz,bebop,"bebop jazz, meditative atmosphere, featuring woodwind ensemble","jazz, saxophone, piano",chirp-v4-5+,done,ea51c5d2-05d1-4634-b5a7-f8218f83e905,ddd64245-c3d9-465e-9f84-b5a20ee9fb07,cd9e316d-240a-4705-a948-eeaf2f152b4f,https://cdn.ttapi.io/suno/20260525/14eb763df54f4567b1c3f439272438ba.mp3,https://cdn.ttapi.io/suno/20260525/0bded8d213c642ca88c669c13821cece.mp3,audio/jazz/4a4b7b56-81f3-47e5-9b14-5db9b1b7fa83_1.mp3,audio/jazz/4a4b7b56-81f3-47e5-9b14-5db9b1b7fa83_2.mp3,jazz,2026-05-25T21:17:56.732672+00:00,2026-05-25T21:20:25.533883+00:00,
079ea573-6a0f-4940-b99d-c8dce1586a59,jazz,cool jazz,"cool jazz, meditative atmosphere, featuring woodwind ensemble","jazz, trumpet, swing",chirp-v4-5+,done,2765fc41-b983-47f2-bd93-60005840dff7,1debe3d0-2ad3-469d-8dd7-46e14ed6b11c,67e6a546-301f-402d-8e69-ea3f23f39e6a,https://cdn.ttapi.io/suno/20260525/1a423bd2bd674e4aaa2b5e63328cd36a.mp3,https://cdn.ttapi.io/suno/20260525/3ad097b798c44f2a83bc3a5eceff5913.mp3,audio/jazz/079ea573-6a0f-4940-b99d-c8dce1586a59_1.mp3,audio/jazz/079ea573-6a0f-4940-b99d-c8dce1586a59_2.mp3,jazz,2026-05-25T21:17:57.980107+00:00,2026-05-25T21:20:41.190986+00:00,
f9315756-bccb-4a76-8575-581b567dbcc1,jazz,fusion,"fusion jazz, meditative atmosphere, featuring woodwind ensemble","jazz, bass, drums",chirp-v4-5+,done,f1dbe7e1-342b-499c-b8a2-0a4a7028b1fd,98b56cfc-7304-49f0-ad42-77567123db99,5d2a5379-dfd4-4659-b6f3-095842bc6b27,https://cdn.ttapi.io/suno/20260525/23c16060d7d34bd8887586c967c2cc4b.mp3,https://cdn.ttapi.io/suno/20260525/3551fbdde8ba462daa3cb0b17791b7ba.mp3,audio/jazz/f9315756-bccb-4a76-8575-581b567dbcc1_1.mp3,audio/jazz/f9315756-bccb-4a76-8575-581b567dbcc1_2.mp3,jazz,2026-05-25T21:18:17.522483+00:00,2026-05-25T21:22:59.960179+00:00,
472c6d67-a85c-4eaf-af61-960940e98be9,jazz,smooth jazz,"smooth jazz, meditative atmosphere, featuring woodwind ensemble","jazz, guitar, bossa nova",chirp-v4-5+,done,5c43d2dd-279c-4035-8d80-ada081635c2e,8b7d1083-3f15-4258-bf55-ca88d1d7f3ea,0a9dbd9a-978f-4e3b-8021-9aeef9a4924b,https://cdn.ttapi.io/suno/20260525/db119e48e6a8463bbf52cade539ecd9d.mp3,https://cdn.ttapi.io/suno/20260525/da3491f8067549409d486e1938e85b4f.mp3,audio/jazz/472c6d67-a85c-4eaf-af61-960940e98be9_1.mp3,audio/jazz/472c6d67-a85c-4eaf-af61-960940e98be9_2.mp3,jazz,2026-05-25T21:18:25.381080+00:00,2026-05-25T21:21:15.181962+00:00,
8361731c-504e-4e76-b15b-4a5b52025f93,jazz,hard bop,"hard bop jazz, meditative atmosphere, featuring woodwind ensemble","jazz, fusion, electric",chirp-v4-5+,done,b57924ea-04ce-4a3d-bbe4-a6e1d198f3c0,e616f787-0d40-4db5-8999-c4f12151f151,7f3f1696-9a60-4833-b5b7-ed13f581f30b,https://cdn.ttapi.io/suno/20260525/51e2dceec69a4b3b8264d131a5181540.mp3,https://cdn.ttapi.io/suno/20260525/c80e7017024447e9807fd5f09951730e.mp3,audio/jazz/8361731c-504e-4e76-b15b-4a5b52025f93_1.mp3,audio/jazz/8361731c-504e-4e76-b15b-4a5b52025f93_2.mp3,jazz,2026-05-25T21:18:26.643794+00:00,2026-05-25T21:22:24.018117+00:00,
6d10df9c-b519-427d-8ae3-e21f501d9589,jazz,free jazz,"free jazz, meditative atmosphere, featuring woodwind ensemble","jazz, saxophone, piano",chirp-v4-5+,done,7ac63681-497e-466a-91b0-bab004bc477f,dd579f72-15a9-4559-981f-7c7f73055ed8,845dea79-acb4-4776-b6bd-8bab80e3b68d,https://cdn.ttapi.io/suno/20260525/c04dc4430eba4e1a9939b146f4e79172.mp3,https://cdn.ttapi.io/suno/20260525/b4520c430109474d8a7f81d7c0af5ce3.mp3,audio/jazz/6d10df9c-b519-427d-8ae3-e21f501d9589_1.mp3,audio/jazz/6d10df9c-b519-427d-8ae3-e21f501d9589_2.mp3,jazz,2026-05-25T21:18:27.836796+00:00,2026-05-25T21:23:18.409151+00:00,
41f3b7d1-82ba-4c3c-ae2d-9e854d53b2a3,jazz,latin jazz,"latin jazz, meditative atmosphere, featuring woodwind ensemble","jazz, trumpet, swing",chirp-v4-5+,done,4b65b493-86b1-4598-b649-5a425cee9e0e,b06f2ac8-c6ed-453b-8721-f1e3867f8378,c045148e-4d42-4399-b14b-f644cd9dd176,https://cdn.ttapi.io/suno/20260525/955467e7af7c459b8ef6145e733a4624.mp3,https://cdn.ttapi.io/suno/20260525/ffe29fd8debe48dfb9032c9bca87b524.mp3,audio/jazz/41f3b7d1-82ba-4c3c-ae2d-9e854d53b2a3_1.mp3,audio/jazz/41f3b7d1-82ba-4c3c-ae2d-9e854d53b2a3_2.mp3,jazz,2026-05-25T21:18:29.084900+00:00,2026-05-25T21:23:00.227740+00:00,
135bc334-6b58-43bd-a798-81f74cb8d1a3,jazz,swing,"swing jazz, meditative atmosphere, featuring woodwind ensemble","jazz, bass, drums",chirp-v4-5+,done,79deb446-8286-4a2d-bd57-648530290a73,c0db5bbb-e58b-45d3-8dbd-d8dfbd8c90c5,c92bf9c7-8965-4122-83e1-8cf94bbbf160,https://cdn.ttapi.io/suno/20260525/f4da90556b674717950a1820f98e4eea.mp3,https://cdn.ttapi.io/suno/20260525/cc926ac843374df0a663582e6175106c.mp3,audio/jazz/135bc334-6b58-43bd-a798-81f74cb8d1a3_1.mp3,audio/jazz/135bc334-6b58-43bd-a798-81f74cb8d1a3_2.mp3,jazz,2026-05-25T21:18:39.787598+00:00,2026-05-25T21:21:41.001111+00:00,
50d7de36-04f3-4738-b23f-78e6a9209b96,jazz,modal jazz,"modal jazz, meditative atmosphere, featuring woodwind ensemble","jazz, guitar, bossa nova",chirp-v4-5+,done,32d3cc44-2721-4788-aac8-261791626713,d142a5e6-787a-4285-8e69-edc561886961,6df9e183-117b-4757-91ac-e9ebb4c0007e,https://cdn.ttapi.io/suno/20260525/9ed41378fe684596ac7d7d5f27ee8eff.mp3,https://cdn.ttapi.io/suno/20260525/3dfeca71ae864708b961b71395a24e04.mp3,audio/jazz/50d7de36-04f3-4738-b23f-78e6a9209b96_1.mp3,audio/jazz/50d7de36-04f3-4738-b23f-78e6a9209b96_2.mp3,jazz,2026-05-25T21:18:41.051972+00:00,2026-05-25T21:23:00.336676+00:00,
7629ecf1-f80d-4d53-bd76-c72ae63a4de9,jazz,post-bop,"post-bop jazz, meditative atmosphere, featuring woodwind ensemble","jazz, fusion, electric",chirp-v4-5+,done,d0e2b2d9-67a8-491d-b69c-152f82ff10cf,f2176ace-ac1e-456f-b140-1f9b9035afac,582f1f46-7354-46f6-b723-b8235958408f,https://cdn.ttapi.io/suno/20260525/dbc19c2822a844bc812f9c86265ea470.mp3,https://cdn.ttapi.io/suno/20260525/1cc669ded720404296af3571c1b222f7.mp3,audio/jazz/7629ecf1-f80d-4d53-bd76-c72ae63a4de9_1.mp3,audio/jazz/7629ecf1-f80d-4d53-bd76-c72ae63a4de9_2.mp3,jazz,2026-05-25T21:18:42.251813+00:00,2026-05-25T21:22:44.022015+00:00,
8a366c1d-ce35-4981-8a6d-650efa48fc4d,jazz,bebop,"bebop jazz, playful atmosphere, featuring woodwind ensemble","jazz, saxophone, piano",chirp-v4-5+,done,1dc53896-d94d-46e2-a1d4-f7966f335bb1,bbd0f92f-17ce-456d-9d75-835c4a289f3f,cf4ea220-d9cb-49df-a259-f3db36db9a27,https://cdn.ttapi.io/suno/20260525/de2f86264ee7427f970732b735dea26e.mp3,https://cdn.ttapi.io/suno/20260525/effafb5aa530454d969380a96580e710.mp3,audio/jazz/8a366c1d-ce35-4981-8a6d-650efa48fc4d_1.mp3,audio/jazz/8a366c1d-ce35-4981-8a6d-650efa48fc4d_2.mp3,jazz,2026-05-25T21:18:43.468126+00:00,2026-05-25T21:20:56.349077+00:00,
d76bd829-cb0f-4508-a6ca-017dff891d95,jazz,cool jazz,"cool jazz, playful atmosphere, featuring woodwind ensemble","jazz, trumpet, swing",chirp-v4-5+,done,43810e71-d883-4822-9b03-1b39734ed1b5,dd57b039-303e-4970-bce7-b93d1b1f0dd6,5973dfd6-8dcd-4099-83c0-f99b0fcb49b5,https://cdn.ttapi.io/suno/20260525/0ec358928b564e8eba1ea54c6881fdb1.mp3,https://cdn.ttapi.io/suno/20260525/2ea68e727eba462d9d62b2e6a635e135.mp3,audio/jazz/d76bd829-cb0f-4508-a6ca-017dff891d95_1.mp3,audio/jazz/d76bd829-cb0f-4508-a6ca-017dff891d95_2.mp3,jazz,2026-05-25T21:19:01.027084+00:00,2026-05-25T21:22:44.183928+00:00,
308ff5c5-d7a6-4d58-b117-e2059a558556,jazz,fusion,"fusion jazz, playful atmosphere, featuring woodwind ensemble","jazz, bass, drums",chirp-v4-5+,done,28e71d6f-2fe5-41ae-b6b5-7509e4a9b961,38aef87a-5861-48df-86bc-cf63d056de0c,7ce2dafe-ef7e-4496-be16-a5b2b078f591,https://cdn.ttapi.io/suno/20260525/a143c06cf49a4764847fe9ada3ad6e63.mp3,https://cdn.ttapi.io/suno/20260525/9d1a52d72240431e80fb8157cd4160ab.mp3,audio/jazz/308ff5c5-d7a6-4d58-b117-e2059a558556_1.mp3,audio/jazz/308ff5c5-d7a6-4d58-b117-e2059a558556_2.mp3,jazz,2026-05-25T21:19:02.328725+00:00,2026-05-25T21:22:44.321406+00:00,
904d930a-b1d3-4fbd-9f33-34583f55ac30,jazz,smooth jazz,"smooth jazz, playful atmosphere, featuring woodwind ensemble","jazz, guitar, bossa nova",chirp-v4-5+,done,c00071fa-a478-4714-bb69-04467fd63ce7,1a79b5b2-6bdc-4f64-83b6-34a5cc7b2dc4,f46c7b8c-48aa-44ce-9b05-e0df1b8d2e17,https://cdn.ttapi.io/suno/20260525/409e20d92352456996e223b77498c78f.mp3,https://cdn.ttapi.io/suno/20260525/7de2d19aae664a9b998a49e3db4e2636.mp3,audio/jazz/904d930a-b1d3-4fbd-9f33-34583f55ac30_1.mp3,audio/jazz/904d930a-b1d3-4fbd-9f33-34583f55ac30_2.mp3,jazz,2026-05-25T21:19:03.608187+00:00,2026-05-25T21:21:21.913531+00:00,
cf534fdf-c40f-4d22-94ca-faf7a927b1c8,jazz,hard bop,"hard bop jazz, playful atmosphere, featuring woodwind ensemble","jazz, fusion, electric",chirp-v4-5+,done,71fd0815-0aa9-4004-b4aa-094c7c423c81,fb852cbc-059c-4b84-b934-e67f8aa5ab01,77492522-0574-4e58-a6bc-f72f58c7339a,https://cdn.ttapi.io/suno/20260525/7a22c0febe5548de8854a28e75010971.mp3,https://cdn.ttapi.io/suno/20260525/16c6790c450d4064aaffe689349eaecb.mp3,audio/jazz/cf534fdf-c40f-4d22-94ca-faf7a927b1c8_1.mp3,audio/jazz/cf534fdf-c40f-4d22-94ca-faf7a927b1c8_2.mp3,jazz,2026-05-25T21:19:10.055421+00:00,2026-05-25T21:22:44.427558+00:00,
f26990ad-d5c6-443a-b4b2-1a9d597946bc,jazz,free jazz,"free jazz, playful atmosphere, featuring woodwind ensemble","jazz, saxophone, piano",chirp-v4-5+,done,b903a225-baf9-4a3e-a2a3-2465034f6cec,5bc3114c-d0d2-4321-99a9-56a2a8438cdf,e3862f28-4151-4ff3-996a-ad83947d401d,https://cdn.ttapi.io/suno/20260525/b5e5619379944b8285193d7801d4944a.mp3,https://cdn.ttapi.io/suno/20260525/d07fcaf1053b463abe8ae234c826def3.mp3,audio/jazz/f26990ad-d5c6-443a-b4b2-1a9d597946bc_1.mp3,audio/jazz/f26990ad-d5c6-443a-b4b2-1a9d597946bc_2.mp3,jazz,2026-05-25T21:19:11.307527+00:00,2026-05-25T21:22:44.522980+00:00,
ad848a1e-6dce-4a8c-9b5b-757475ad987e,jazz,latin jazz,"latin jazz, playful atmosphere, featuring woodwind ensemble","jazz, trumpet, swing",chirp-v4-5+,done,30110e79-b325-49f9-9bb9-102a4b2b7220,e952bc29-5fd4-4401-8e68-90dabe6bad0f,af7392c1-4778-47d2-8ad3-278611f7698b,https://cdn.ttapi.io/suno/20260525/2c57dde8d64a468aa7bdaae4203bdede.mp3,https://cdn.ttapi.io/suno/20260525/4ccb36bacb3f40e8b5a5fbe41e981334.mp3,audio/jazz/ad848a1e-6dce-4a8c-9b5b-757475ad987e_1.mp3,audio/jazz/ad848a1e-6dce-4a8c-9b5b-757475ad987e_2.mp3,jazz,2026-05-25T21:20:38.875315+00:00,2026-05-25T21:23:18.595568+00:00,
3c5674e0-effa-43f8-a7f1-3ca9d976c599,jazz,swing,"swing jazz, playful atmosphere, featuring woodwind ensemble","jazz, bass, drums",chirp-v4-5+,done,fd87022a-7e75-44bc-b5a0-06ad931cdab9,b7d23469-b94f-49e3-8984-25dc51c82b2a,c041e718-adbc-422b-9cf0-a549a8e4b65a,https://cdn.ttapi.io/suno/20260525/96cc1deb8eed4e12832f7330dc64316e.mp3,https://cdn.ttapi.io/suno/20260525/e6487adac9b84a96bba2519640e24a1a.mp3,audio/jazz/3c5674e0-effa-43f8-a7f1-3ca9d976c599_1.mp3,audio/jazz/3c5674e0-effa-43f8-a7f1-3ca9d976c599_2.mp3,jazz,2026-05-25T21:20:40.097758+00:00,2026-05-25T21:22:44.706323+00:00,
dbbd177d-0d22-4117-977c-b9226f3bc3ea,jazz,modal jazz,"modal jazz, playful atmosphere, featuring woodwind ensemble","jazz, guitar, bossa nova",chirp-v4-5+,done,8e05243d-0fc8-4496-a395-cdd5ae6da121,c9b30a0d-d35e-4bb0-bb69-7ede5b93d6df,a335acef-5460-403f-8c55-b7e5deea6688,https://cdn.ttapi.io/suno/20260525/3fe65682daf14501ab85c6fcae606de7.mp3,https://cdn.ttapi.io/suno/20260525/531392e99043437e85757679730bce8a.mp3,audio/jazz/dbbd177d-0d22-4117-977c-b9226f3bc3ea_1.mp3,audio/jazz/dbbd177d-0d22-4117-977c-b9226f3bc3ea_2.mp3,jazz,2026-05-25T21:20:46.366934+00:00,2026-05-25T21:22:44.814329+00:00,
299edebb-674c-45a7-9f7d-55ec2c974939,jazz,post-bop,"post-bop jazz, playful atmosphere, featuring woodwind ensemble","jazz, fusion, electric",chirp-v4-5+,done,15200a05-8032-4515-bb3b-13bcfbacf13c,88e9e9d6-e246-4b60-b230-26e2bc0ef383,cca21a72-9e19-46b3-9d74-151da29a3fc0,https://cdn.ttapi.io/suno/20260525/432773c20fea499992d36e53c5383fea.mp3,https://cdn.ttapi.io/suno/20260525/176eba6fc27641f9968e4b9606e675fe.mp3,audio/jazz/299edebb-674c-45a7-9f7d-55ec2c974939_1.mp3,audio/jazz/299edebb-674c-45a7-9f7d-55ec2c974939_2.mp3,jazz,2026-05-25T21:20:47.580718+00:00,2026-05-25T21:23:00.522748+00:00,
d70edb3b-39e2-4035-872f-1625a805770f,jazz,bebop,"bebop jazz, late-night atmosphere, featuring saxophone and piano trio","jazz, saxophone, piano",chirp-v4-5+,done,244fe507-602a-4feb-8351-f61c2b4c96e3,4ae080fc-1bbd-43b8-9e51-4ec1f18c9c11,eaf7ada2-92e3-40f6-b3de-50d1fc916a32,https://cdn.ttapi.io/suno/20260525/a6cb7bd5b64c415a8a2f9d86bf58e31f.mp3,https://cdn.ttapi.io/suno/20260525/94c17f4dd6f24afbb0b6fe499af58dda.mp3,audio/jazz/d70edb3b-39e2-4035-872f-1625a805770f_1.mp3,audio/jazz/d70edb3b-39e2-4035-872f-1625a805770f_2.mp3,jazz,2026-05-25T21:20:53.602814+00:00,2026-05-25T21:23:09.992267+00:00,
db7cc01f-bce0-4e20-bee7-cd63e09d3071,jazz,cool jazz,"cool jazz, late-night atmosphere, featuring saxophone and piano trio","jazz, trumpet, swing",chirp-v4-5+,done,bdfd61a2-608f-44be-a661-dd15aba88fba,536b1ecd-ddb4-42cb-b0e8-9631892ad66f,af9886c0-1467-42b3-ab7e-9e53c413a81d,https://cdn.ttapi.io/suno/20260525/b475430b24b54767b0453a19186155b9.mp3,https://cdn.ttapi.io/suno/20260525/fe22d93cb353446a81cc3202d43b18e2.mp3,audio/jazz/db7cc01f-bce0-4e20-bee7-cd63e09d3071_1.mp3,audio/jazz/db7cc01f-bce0-4e20-bee7-cd63e09d3071_2.mp3,jazz,2026-05-25T21:20:54.865760+00:00,2026-05-25T21:23:10.146792+00:00,
d9eb6983-4a1c-43f6-b61e-dee852fde751,jazz,fusion,"fusion jazz, late-night atmosphere, featuring saxophone and piano trio","jazz, bass, drums",chirp-v4-5+,done,11c17d9f-4e43-4199-b9ea-79652218cae1,85bbd4ba-5eb7-4ed4-bb8f-e6da7fb831bd,5f51d010-be87-4986-97bc-a0c2a43fa480,https://cdn.ttapi.io/suno/20260525/e6e727d6ff78407ab35ce3f5f88d502c.mp3,https://cdn.ttapi.io/suno/20260525/78c9add912c645aaa03a682e5fe1c1d3.mp3,audio/jazz/d9eb6983-4a1c-43f6-b61e-dee852fde751_1.mp3,audio/jazz/d9eb6983-4a1c-43f6-b61e-dee852fde751_2.mp3,jazz,2026-05-25T21:21:00.654644+00:00,2026-05-25T21:23:27.305581+00:00,
a9cd3d8b-ffee-4f3e-a07d-e4061f7c91c6,jazz,smooth jazz,"smooth jazz, late-night atmosphere, featuring saxophone and piano trio","jazz, guitar, bossa nova",chirp-v4-5+,done,bfdaee61-e114-4bf1-8130-0d018bc5b9cb,64acbd59-70b7-4c0d-ab76-2609bc795870,28acbde7-8772-4d89-8d2a-3ce87a2b243f,https://cdn.ttapi.io/suno/20260525/6e95c5e1e1ab4839964c5b73c7e45180.mp3,https://cdn.ttapi.io/suno/20260525/23be9ae9df864737865f6b3b9f5801fb.mp3,audio/jazz/a9cd3d8b-ffee-4f3e-a07d-e4061f7c91c6_1.mp3,audio/jazz/a9cd3d8b-ffee-4f3e-a07d-e4061f7c91c6_2.mp3,jazz,2026-05-25T21:21:20.358125+00:00,2026-05-25T21:23:10.350097+00:00,
fb80684d-8c9f-4a02-af66-a7640b0f85e3,jazz,hard bop,"hard bop jazz, late-night atmosphere, featuring saxophone and piano trio","jazz, fusion, electric",chirp-v4-5+,done,a3276f4a-2450-4808-bd16-e2b1d0958689,be7656d5-4a30-4de7-b2e2-952598f781bd,a1dcfcbb-133b-407a-a636-a69d19d011cf,https://cdn.ttapi.io/suno/20260525/85360157ee6a417cad44687d6d747c4c.mp3,https://cdn.ttapi.io/suno/20260525/0273c18133e441aba16e06cba323487f.mp3,audio/jazz/fb80684d-8c9f-4a02-af66-a7640b0f85e3_1.mp3,audio/jazz/fb80684d-8c9f-4a02-af66-a7640b0f85e3_2.mp3,jazz,2026-05-25T21:21:26.185155+00:00,2026-05-25T21:23:18.805782+00:00,
65724d98-991f-42b7-af62-39d7e94baa88,jazz,free jazz,"free jazz, late-night atmosphere, featuring saxophone and piano trio","jazz, saxophone, piano",chirp-v4-5+,done,4be347c2-be5a-4ef4-b950-ef08988cd8ac,2c4ed402-b078-4193-8639-d3e4f6543dc7,221d1c67-5930-4e0e-a73e-ea1370ecb2bd,https://cdn.ttapi.io/suno/20260525/e3ac5749827b4ee58e444391a66647cf.mp3,https://cdn.ttapi.io/suno/20260525/118641f3a1b5470a9dcf1cc61a0b74ac.mp3,audio/jazz/65724d98-991f-42b7-af62-39d7e94baa88_1.mp3,audio/jazz/65724d98-991f-42b7-af62-39d7e94baa88_2.mp3,jazz,2026-05-25T21:21:45.904789+00:00,2026-05-25T21:23:27.485851+00:00,
30bb8b5a-8e29-4f45-9e0c-d885b601dc8c,jazz,latin jazz,"latin jazz, late-night atmosphere, featuring saxophone and piano trio","jazz, trumpet, swing",chirp-v4-5+,done,0c21a586-a369-49a8-b206-5b9c86da8d17,0cc07a04-eae9-4d5d-9796-a252c714d1a6,e437df1f-4cdc-46d1-ade2-561e920a67a6,https://cdn.ttapi.io/suno/20260525/2d7b014830704f389504f9acec30126d.mp3,https://cdn.ttapi.io/suno/20260525/6d9a2dbd072d46e18f7565740f44b38e.mp3,audio/jazz/30bb8b5a-8e29-4f45-9e0c-d885b601dc8c_1.mp3,audio/jazz/30bb8b5a-8e29-4f45-9e0c-d885b601dc8c_2.mp3,jazz,2026-05-25T21:22:29.288009+00:00,2026-05-25T21:25:07.853894+00:00,
61fd4207-1cbd-44df-9092-c40b9676be68,jazz,swing,"swing jazz, late-night atmosphere, featuring saxophone and piano trio","jazz, bass, drums",chirp-v4-5+,done,1dd92cb7-5224-47ba-8fa6-cc5c260bd9aa,c60f3361-ec65-4504-91cb-8f577d1dda80,d53875b8-09f4-49e2-a570-1ec9a773ba3f,https://cdn.ttapi.io/suno/20260525/ac0235a43635416f9a01f964d0b4141e.mp3,https://cdn.ttapi.io/suno/20260525/440be158d6fc455ab985f6f0b8d2ced6.mp3,audio/jazz/61fd4207-1cbd-44df-9092-c40b9676be68_1.mp3,audio/jazz/61fd4207-1cbd-44df-9092-c40b9676be68_2.mp3,jazz,2026-05-25T21:22:51.609592+00:00,2026-05-25T21:25:08.039519+00:00,
b7246a9e-a7c8-4afe-8cbb-ddce17bca941,jazz,modal jazz,"modal jazz, late-night atmosphere, featuring saxophone and piano trio","jazz, guitar, bossa nova",chirp-v4-5+,done,706e053c-830c-4a89-be82-f9f330b759f9,05325d37-1573-4800-b4cf-58ba2a0e09c7,663874c1-3229-4021-a814-f58d52b49e53,https://cdn.ttapi.io/suno/20260525/983c4cf8d2ee47e3a7a1e2f77c970f54.mp3,https://cdn.ttapi.io/suno/20260525/91e03c6cc25f474ca6b3f298a766ef7e.mp3,audio/jazz/b7246a9e-a7c8-4afe-8cbb-ddce17bca941_1.mp3,audio/jazz/b7246a9e-a7c8-4afe-8cbb-ddce17bca941_2.mp3,jazz,2026-05-25T21:22:52.971783+00:00,2026-05-25T21:25:24.371792+00:00,
55f17b54-59ae-458f-a2a6-0f60614c1045,jazz,post-bop,"post-bop jazz, late-night atmosphere, featuring saxophone and piano trio","jazz, fusion, electric",chirp-v4-5+,done,21f81261-2fc6-489b-ad3a-9d2533a9cab3,204770f1-8298-4a5f-a6b6-3f02d72925f2,23950b51-ad2c-43cd-8679-0c317d9728ae,https://cdn.ttapi.io/suno/20260525/6c1d4ebee4254618a294ab151b792abf.mp3,https://cdn.ttapi.io/suno/20260525/5bd9a8c1c651484986a25f9453f223e6.mp3,audio/jazz/55f17b54-59ae-458f-a2a6-0f60614c1045_1.mp3,audio/jazz/55f17b54-59ae-458f-a2a6-0f60614c1045_2.mp3,jazz,2026-05-25T21:22:54.229812+00:00,2026-05-25T21:25:50.955059+00:00,
9f8d860f-20dc-4e0a-9415-598946dae5b2,jazz,bebop,"bebop jazz, melancholic atmosphere, featuring saxophone and piano trio","jazz, saxophone, piano",chirp-v4-5+,done,7b5e5700-3518-40d0-bc8b-bb4f1163ee09,b216da5e-33df-4655-a379-bdee553329ff,c73179f8-c710-445a-962e-b0f87f8b95e3,https://cdn.ttapi.io/suno/20260525/0ecf517fbfeb487d86148644e6d6eb00.mp3,https://cdn.ttapi.io/suno/20260525/e31336a9dc8a4d51bfc5e47a7f3be16a.mp3,audio/jazz/9f8d860f-20dc-4e0a-9415-598946dae5b2_1.mp3,audio/jazz/9f8d860f-20dc-4e0a-9415-598946dae5b2_2.mp3,jazz,2026-05-25T21:22:55.474318+00:00,2026-05-25T21:25:24.559270+00:00,
8e66faf6-3e7f-40ad-8bdf-86cb327d2483,jazz,cool jazz,"cool jazz, melancholic atmosphere, featuring saxophone and piano trio","jazz, trumpet, swing",chirp-v4-5+,done,88bb4b86-6766-491c-91f0-1f545365a34c,ec7634eb-66ac-4e8e-b064-fd7aac96ad35,3c808571-173a-4009-b705-623012014e0a,https://cdn.ttapi.io/suno/20260525/ffa216cba5ac456b96d9f20fae77f21d.mp3,https://cdn.ttapi.io/suno/20260525/eaf494262e3b4b0889988bc86054d3c6.mp3,audio/jazz/8e66faf6-3e7f-40ad-8bdf-86cb327d2483_1.mp3,audio/jazz/8e66faf6-3e7f-40ad-8bdf-86cb327d2483_2.mp3,jazz,2026-05-25T21:22:56.709057+00:00,2026-05-25T21:25:34.955612+00:00,
505b70fc-b221-48c2-975c-c090ae5430bb,jazz,fusion,"fusion jazz, melancholic atmosphere, featuring saxophone and piano trio","jazz, bass, drums",chirp-v4-5+,done,5e654730-9c3f-4064-9da6-43f17fac9007,7482a258-48e3-445a-8b82-13c63b1f7ea8,7578b3f3-eb54-46a1-9641-434a8cbf489f,https://cdn.ttapi.io/suno/20260525/390ef705404847319d76972eea418c2f.mp3,https://cdn.ttapi.io/suno/20260525/4155c4cd56194dd6ac1d69b141d23075.mp3,audio/jazz/505b70fc-b221-48c2-975c-c090ae5430bb_1.mp3,audio/jazz/505b70fc-b221-48c2-975c-c090ae5430bb_2.mp3,jazz,2026-05-25T21:22:58.003216+00:00,2026-05-25T21:25:43.670425+00:00,
02e9a46c-246f-48c5-8619-37285186327b,jazz,smooth jazz,"smooth jazz, melancholic atmosphere, featuring saxophone and piano trio","jazz, guitar, bossa nova",chirp-v4-5+,done,b56aef50-2802-4ba0-b17d-cd4eb9a61a9d,66bd8e01-e825-488d-ac54-c52951bcbabd,3c7881ba-c999-473c-a8f6-b567f5665818,https://cdn.ttapi.io/suno/20260525/791e9a8b3e2d431a97bf42ba7b6ced33.mp3,https://cdn.ttapi.io/suno/20260525/b4a1c676051842b2aea9b0504169519d.mp3,audio/jazz/02e9a46c-246f-48c5-8619-37285186327b_1.mp3,audio/jazz/02e9a46c-246f-48c5-8619-37285186327b_2.mp3,jazz,2026-05-25T21:22:59.232666+00:00,2026-05-25T21:25:51.120310+00:00,
7adafb1b-105f-46e5-a754-a815f80d2d22,jazz,hard bop,"hard bop jazz, melancholic atmosphere, featuring saxophone and piano trio","jazz, fusion, electric",chirp-v4-5+,done,4c655e98-37ce-4d25-ab02-4acd0dd2d712,76d5b5f9-2b44-44fa-9bc9-14d6d2bd3d31,a747be4f-206c-4560-b22a-c109958edd78,https://cdn.ttapi.io/suno/20260525/b92ead4442e5402390510874b8359f50.mp3,https://cdn.ttapi.io/suno/20260525/5aa4c1f4d1e8481d8b3dd6cf03b42694.mp3,audio/jazz/7adafb1b-105f-46e5-a754-a815f80d2d22_1.mp3,audio/jazz/7adafb1b-105f-46e5-a754-a815f80d2d22_2.mp3,jazz,2026-05-25T21:23:05.365760+00:00,2026-05-25T21:25:51.235852+00:00,
bfcc0d1d-9800-4c86-bb81-a73fa3edee61,jazz,free jazz,"free jazz, melancholic atmosphere, featuring saxophone and piano trio","jazz, saxophone, piano",chirp-v4-5+,done,1f8b5bf5-a216-4f52-8471-dba603875859,fc0be21e-c375-409b-b916-7db4bf2089b9,8c496c17-f164-41dd-94bf-5ab53558a210,https://cdn.ttapi.io/suno/20260525/f2aa0ab1a1354d078c74fe6e4fea7286.mp3,https://cdn.ttapi.io/suno/20260525/1fe8807ebd4d4727be1a5b52013a1c2a.mp3,audio/jazz/bfcc0d1d-9800-4c86-bb81-a73fa3edee61_1.mp3,audio/jazz/bfcc0d1d-9800-4c86-bb81-a73fa3edee61_2.mp3,jazz,2026-05-25T21:23:06.612309+00:00,2026-05-25T21:26:00.913365+00:00,
da4469b7-3959-4e22-9646-17c6c42b4a1f,jazz,latin jazz,"latin jazz, melancholic atmosphere, featuring saxophone and piano trio","jazz, trumpet, swing",chirp-v4-5+,done,c8116712-d91f-4238-bf68-0b4b05de0fd9,f79659b6-07b8-46d0-a4d2-5d5f7287d79f,927b5313-aab2-451e-bb50-88aeff1afc19,https://cdn.ttapi.io/suno/20260525/0676d3396a034fada89db124d95c54fc.mp3,https://cdn.ttapi.io/suno/20260525/ebca72dd76e44b40b93b01f2370881fe.mp3,audio/jazz/da4469b7-3959-4e22-9646-17c6c42b4a1f_1.mp3,audio/jazz/da4469b7-3959-4e22-9646-17c6c42b4a1f_2.mp3,jazz,2026-05-25T21:23:07.778564+00:00,2026-05-25T21:25:35.472465+00:00,
d6f92781-0ef6-4e60-9ce3-3606dd94095f,jazz,swing,"swing jazz, melancholic atmosphere, featuring saxophone and piano trio","jazz, bass, drums",chirp-v4-5+,done,029f1494-b193-4534-910e-72a02f460fec,adfc283b-4c8b-430f-bcae-d3736e969623,dd3b7355-5cba-414b-856c-aac50576eac6,https://cdn.ttapi.io/suno/20260525/c01b0f887de747c7911f17f5d84509c3.mp3,https://cdn.ttapi.io/suno/20260525/45baf2f4292b4da7a8b0e4c0d8900a30.mp3,audio/jazz/d6f92781-0ef6-4e60-9ce3-3606dd94095f_1.mp3,audio/jazz/d6f92781-0ef6-4e60-9ce3-3606dd94095f_2.mp3,jazz,2026-05-25T21:23:09.063377+00:00,2026-05-25T21:25:25.280590+00:00,
e99fce79-099f-4104-b355-44cb84f8e6e0,jazz,modal jazz,"modal jazz, melancholic atmosphere, featuring saxophone and piano trio","jazz, guitar, bossa nova",chirp-v4-5+,done,5b60b20d-2948-426f-a852-480d3ce0a0d4,7c71f975-81ee-4146-8e16-ecda5dc98ab1,f8d2091e-d606-4bd4-8724-d6dde5013136,https://cdn.ttapi.io/suno/20260525/2a2ca837ec5345169180c5e8aeb83c87.mp3,https://cdn.ttapi.io/suno/20260525/158839e2e64741a39403c5e1edeb2a0a.mp3,audio/jazz/e99fce79-099f-4104-b355-44cb84f8e6e0_1.mp3,audio/jazz/e99fce79-099f-4104-b355-44cb84f8e6e0_2.mp3,jazz,2026-05-25T21:23:15.154142+00:00,2026-05-25T21:25:35.616951+00:00,
11922c80-849e-4579-b910-a1bc741505e2,jazz,post-bop,"post-bop jazz, melancholic atmosphere, featuring saxophone and piano trio","jazz, fusion, electric",chirp-v4-5+,done,4ec97750-0f91-45f9-ae84-3d4cc7f243ab,bf002c6e-2f49-44cf-8f84-43910ebbf9f5,6a871746-ffbc-42bb-a4cf-be7d1769b2de,https://cdn.ttapi.io/suno/20260525/677e5c6f74314807ae30b13c7e455434.mp3,https://cdn.ttapi.io/suno/20260525/ea0c7e9d0ff34333a301c195ceab7e3e.mp3,audio/jazz/11922c80-849e-4579-b910-a1bc741505e2_1.mp3,audio/jazz/11922c80-849e-4579-b910-a1bc741505e2_2.mp3,jazz,2026-05-25T21:23:16.406035+00:00,2026-05-25T21:26:01.101721+00:00,
c6d95f91-3f98-468f-bad0-bcd930392383,jazz,bebop,"bebop jazz, uplifting atmosphere, featuring saxophone and piano trio","jazz, saxophone, piano",chirp-v4-5+,done,99c01fa8-3328-49cb-88c2-519ba98543f2,e2d4259d-16a5-4fc8-827e-881d65739ccb,aa198c04-5a01-4103-b873-a31b3af27aa2,https://cdn.ttapi.io/suno/20260525/3a14c0602a0c48bb8cb166a5d764c7bf.mp3,https://cdn.ttapi.io/suno/20260525/b6aeda909163439fa76fb6747efd9010.mp3,audio/jazz/c6d95f91-3f98-468f-bad0-bcd930392383_1.mp3,audio/jazz/c6d95f91-3f98-468f-bad0-bcd930392383_2.mp3,jazz,2026-05-25T21:23:17.689398+00:00,2026-05-25T21:25:16.422069+00:00,
53fbaa93-eb4f-48f7-aee2-81eb3e54e43d,jazz,cool jazz,"cool jazz, uplifting atmosphere, featuring saxophone and piano trio","jazz, trumpet, swing",chirp-v4-5+,done,f48a1b80-4304-4390-8e18-31933d40ec01,552465fe-a646-4aef-ba12-2850fe3e719b,77a3eb1b-b266-4d6e-a0cc-c6e9335b8c66,https://cdn.ttapi.io/suno/20260525/ed6be064dfaf48f6a0f48703304d9796.mp3,https://cdn.ttapi.io/suno/20260525/8ca702046f8b432d957fc504929d5f26.mp3,audio/jazz/53fbaa93-eb4f-48f7-aee2-81eb3e54e43d_1.mp3,audio/jazz/53fbaa93-eb4f-48f7-aee2-81eb3e54e43d_2.mp3,jazz,2026-05-25T21:23:24.072053+00:00,2026-05-25T21:25:16.571689+00:00,
71880aea-74cd-4d5e-9cc7-233ad64e2e58,jazz,fusion,"fusion jazz, uplifting atmosphere, featuring saxophone and piano trio","jazz, bass, drums",chirp-v4-5+,done,43b2adcf-9bb7-4666-b3bc-26c03d15af8d,dfacaeb0-98b0-472a-8090-9b2517705511,12c74d58-15e5-4e38-985c-9d3dded3dd8c,https://cdn.ttapi.io/suno/20260525/2dc4ce0c3ba3429893748035cb20ab43.mp3,https://cdn.ttapi.io/suno/20260525/3a869955522945a0a1f24879c5b6a612.mp3,audio/jazz/71880aea-74cd-4d5e-9cc7-233ad64e2e58_1.mp3,audio/jazz/71880aea-74cd-4d5e-9cc7-233ad64e2e58_2.mp3,jazz,2026-05-25T21:23:25.315143+00:00,2026-05-25T21:26:01.215571+00:00,
84f657da-3f32-4ab6-ada6-5c2513b0a552,jazz,smooth jazz,"smooth jazz, uplifting atmosphere, featuring saxophone and piano trio","jazz, guitar, bossa nova",chirp-v4-5+,done,d16fec16-3f24-42bb-9dbc-ef425e4555f7,4b5bed1b-3825-4add-a7b8-a9ffbb642607,e29e569c-1eb0-4d57-9dfc-bea4d0ea9e75,https://cdn.ttapi.io/suno/20260525/93346ea0415c4e6b917393279128d751.mp3,https://cdn.ttapi.io/suno/20260525/a7f15528015241b3ac212aa8488b05bb.mp3,audio/jazz/84f657da-3f32-4ab6-ada6-5c2513b0a552_1.mp3,audio/jazz/84f657da-3f32-4ab6-ada6-5c2513b0a552_2.mp3,jazz,2026-05-25T21:23:26.602124+00:00,2026-05-25T21:26:09.670984+00:00,
a98cfaeb-cca7-46d2-849c-16d63ca64781,jazz,hard bop,"hard bop jazz, uplifting atmosphere, featuring saxophone and piano trio","jazz, fusion, electric",chirp-v4-5+,done,7ba2be6b-b3fd-467c-a4e0-8de05ca15bff,541cc7ff-8818-4e39-af89-30bd175d8ccc,d3d17854-04ff-4b16-a51b-a7b424cb57c3,https://cdn.ttapi.io/suno/20260525/05fe3e350ca74100bdc5f328fbc997dc.mp3,https://cdn.ttapi.io/suno/20260525/1e4c32fdf1af4dd9a5b112b67579a2d3.mp3,audio/jazz/a98cfaeb-cca7-46d2-849c-16d63ca64781_1.mp3,audio/jazz/a98cfaeb-cca7-46d2-849c-16d63ca64781_2.mp3,jazz,2026-05-25T21:23:41.140130+00:00,2026-05-25T21:25:51.675920+00:00,
c598142e-6b36-4713-bc94-6bc7a4e0ffd6,jazz,free jazz,"free jazz, uplifting atmosphere, featuring saxophone and piano trio","jazz, saxophone, piano",chirp-v4-5+,done,9ab23d37-12b6-4110-acec-bf8b97a56958,61907a2d-9073-4fba-a2bb-b445569b15fe,4d8c8ea6-fd0f-4558-ae05-8ea1896d8bbb,https://cdn.ttapi.io/suno/20260525/e48ac413c73543f7b641f0d0764a7d7a.mp3,https://cdn.ttapi.io/suno/20260525/26cb304a4614493fae075b4daad7d21e.mp3,audio/jazz/c598142e-6b36-4713-bc94-6bc7a4e0ffd6_1.mp3,audio/jazz/c598142e-6b36-4713-bc94-6bc7a4e0ffd6_2.mp3,jazz,2026-05-25T21:23:42.432456+00:00,2026-05-25T21:25:44.478212+00:00,
3e709535-a86a-421f-abd6-1ff4f721167c,jazz,latin jazz,"latin jazz, uplifting atmosphere, featuring saxophone and piano trio","jazz, trumpet, swing",chirp-v4-5+,done,31a7fcbf-c073-4bc2-9899-bfeaadef20d7,7de959bd-c735-403b-a3db-a8d23116fe65,d0a543bc-1bfc-435f-9957-4ebb8c35be8a,https://cdn.ttapi.io/suno/20260525/74f2363bd7094a6895c195dc0051198f.mp3,https://cdn.ttapi.io/suno/20260525/24512cd36307410aafab09c8a098f512.mp3,audio/jazz/3e709535-a86a-421f-abd6-1ff4f721167c_1.mp3,audio/jazz/3e709535-a86a-421f-abd6-1ff4f721167c_2.mp3,jazz,2026-05-25T21:25:13.295590+00:00,2026-05-25T21:26:36.391163+00:00,
0aa8ad80-1e11-410b-9511-ea749227d094,jazz,swing,"swing jazz, uplifting atmosphere, featuring saxophone and piano trio","jazz, bass, drums",chirp-v4-5+,done,2c56e996-3db1-4962-a024-f60f52388237,96aa5273-ff1b-4aa4-941e-6acc77aa1fd5,616f6b19-1b19-4c33-96cd-e84ae2c74e23,https://cdn.ttapi.io/suno/20260525/6c64d58a05bc401d950d9a8459f058f9.mp3,https://cdn.ttapi.io/suno/20260525/21752fb7f78e4321b25f21b744ee189a.mp3,audio/jazz/0aa8ad80-1e11-410b-9511-ea749227d094_1.mp3,audio/jazz/0aa8ad80-1e11-410b-9511-ea749227d094_2.mp3,jazz,2026-05-25T21:25:14.581041+00:00,2026-05-25T21:26:29.172943+00:00,
119edc5d-996a-4c0b-8d8f-8a850c5b30a2,jazz,modal jazz,"modal jazz, uplifting atmosphere, featuring saxophone and piano trio","jazz, guitar, bossa nova",chirp-v4-5+,done,bbe35ed2-2073-443a-bf35-e5b22f20b83f,72377625-db02-4082-beaa-85bf232ba57b,b5e7fa2c-9592-4607-9f69-f93030ae0028,https://cdn.ttapi.io/suno/20260525/9579b49292c348b0a057c52dd39130db.mp3,https://cdn.ttapi.io/suno/20260525/61048af6c2e24d6a9b0b014f6ffc4493.mp3,audio/jazz/119edc5d-996a-4c0b-8d8f-8a850c5b30a2_1.mp3,audio/jazz/119edc5d-996a-4c0b-8d8f-8a850c5b30a2_2.mp3,jazz,2026-05-25T21:25:20.639367+00:00,2026-05-25T21:28:36.075253+00:00,
44465c0d-95db-415a-82f2-0728d0b6f8d7,jazz,post-bop,"post-bop jazz, uplifting atmosphere, featuring saxophone and piano trio","jazz, fusion, electric",chirp-v4-5+,done,bfa5bb27-dce9-4a6b-856c-293fb7a7f2e4,a047eb09-c74a-419f-845d-c6468a5e9b32,7ec600b5-4b0b-41c1-9326-7862d9d21531,https://cdn.ttapi.io/suno/20260525/a027c5cf7c664535b89c623b9f21e897.mp3,https://cdn.ttapi.io/suno/20260525/fe224c718b4a459795eeac923b27772e.mp3,audio/jazz/44465c0d-95db-415a-82f2-0728d0b6f8d7_1.mp3,audio/jazz/44465c0d-95db-415a-82f2-0728d0b6f8d7_2.mp3,jazz,2026-05-25T21:25:21.881845+00:00,2026-05-25T21:26:43.954504+00:00,
de061141-277c-4a1d-b947-26c0616b67fe,jazz,bebop,"bebop jazz, relaxed atmosphere, featuring saxophone and piano trio","jazz, saxophone, piano",chirp-v4-5+,done,ea7d4d37-5805-4559-bdd7-e2f98caf9840,a43e64c6-cab5-4958-b9b8-9afcc60c7763,ef9d3dac-9651-4b79-9bef-0cb627cc7eba,https://cdn.ttapi.io/suno/20260525/fa7e82d0e874483facd0cd5edb712625.mp3,https://cdn.ttapi.io/suno/20260525/921be62c05ac43c9b27be6ce586319f5.mp3,audio/jazz/de061141-277c-4a1d-b947-26c0616b67fe_1.mp3,audio/jazz/de061141-277c-4a1d-b947-26c0616b67fe_2.mp3,jazz,2026-05-25T21:25:29.862930+00:00,2026-05-25T21:26:29.554835+00:00,
77a0a2f0-4a9b-418b-8358-c166df627e20,jazz,cool jazz,"cool jazz, relaxed atmosphere, featuring saxophone and piano trio","jazz, trumpet, swing",chirp-v4-5+,done,fd4c48e5-c26e-4fee-a1cc-8b0c5d37cf34,f2549afe-a6cb-4415-b7ac-5a166ed0e01f,e85f31e9-4df4-4489-b386-0d9398617ad8,https://cdn.ttapi.io/suno/20260525/7a271bcaf6784ba0a61a6cfd9bbeda6c.mp3,https://cdn.ttapi.io/suno/20260525/71be0afad4c14a05961d5125f2d0723a.mp3,audio/jazz/77a0a2f0-4a9b-418b-8358-c166df627e20_1.mp3,audio/jazz/77a0a2f0-4a9b-418b-8358-c166df627e20_2.mp3,jazz,2026-05-25T21:25:31.119977+00:00,2026-05-25T21:28:30.152865+00:00,
44f88fc1-e659-4a3d-a3d2-0da0c4da809f,jazz,fusion,"fusion jazz, relaxed atmosphere, featuring saxophone and piano trio","jazz, bass, drums",chirp-v4-5+,done,d68b8602-3773-4529-aec4-b9a88cf3b827,0754dcb2-52ad-4a5a-8e8e-ee3d408e80aa,1de8e5f5-3ae1-4eae-a0a2-9338cfa0eadd,https://cdn.ttapi.io/suno/20260525/57026aed1b4945759294c04cf24ebbd5.mp3,https://cdn.ttapi.io/suno/20260525/2c030d4d85ea4ec787c281440960684b.mp3,audio/jazz/44f88fc1-e659-4a3d-a3d2-0da0c4da809f_1.mp3,audio/jazz/44f88fc1-e659-4a3d-a3d2-0da0c4da809f_2.mp3,jazz,2026-05-25T21:25:32.414036+00:00,2026-05-25T21:26:36.875661+00:00,
c4ee5fc8-6ce7-4220-a914-60be9582399b,jazz,smooth jazz,"smooth jazz, relaxed atmosphere, featuring saxophone and piano trio","jazz, guitar, bossa nova",chirp-v4-5+,done,71026b7e-417c-4ab2-8aab-c78762f024e7,3fcaceba-2502-4a3d-ab2f-4cfefa8dd691,4d8182d1-2a69-482e-a5b3-7658ff74b1b2,https://cdn.ttapi.io/suno/20260525/83c2d06018544d2aa90e5e7cb7f44787.mp3,https://cdn.ttapi.io/suno/20260525/6b9a0eeda3f04b91b1e61cdb3fc7000d.mp3,audio/jazz/c4ee5fc8-6ce7-4220-a914-60be9582399b_1.mp3,audio/jazz/c4ee5fc8-6ce7-4220-a914-60be9582399b_2.mp3,jazz,2026-05-25T21:25:40.265862+00:00,2026-05-25T21:28:36.251522+00:00,
b3e7c59e-44aa-4e6d-a501-f2cbc76f7621,jazz,hard bop,"hard bop jazz, relaxed atmosphere, featuring saxophone and piano trio","jazz, fusion, electric",chirp-v4-5+,done,5ac5d111-61e2-4ac9-bfba-3e0fd5d1e2f0,a9ea7a7d-31af-4a9b-a9ab-424b25917ff2,48b612ec-01a7-4388-9944-be06a7d486f9,https://cdn.ttapi.io/suno/20260525/a43407590fd5487995c74b2409871fa9.mp3,https://cdn.ttapi.io/suno/20260525/b8c05a13f45945c5b91b19a920bf0b39.mp3,audio/jazz/b3e7c59e-44aa-4e6d-a501-f2cbc76f7621_1.mp3,audio/jazz/b3e7c59e-44aa-4e6d-a501-f2cbc76f7621_2.mp3,jazz,2026-05-25T21:25:41.527293+00:00,2026-05-25T21:28:09.009546+00:00,
333ea303-6ebb-44fc-b757-e3cfab33aa15,jazz,free jazz,"free jazz, relaxed atmosphere, featuring saxophone and piano trio","jazz, saxophone, piano",chirp-v4-5+,done,c262a055-078f-4b52-82b6-356998e3e261,1103351f-cb2c-4c1f-aadd-d1a488bf7380,be9332ad-cf09-4b36-bcd3-3aa977fd4e39,https://cdn.ttapi.io/suno/20260525/5b7a049b2c564bc5b87bb3f02b2ed47e.mp3,https://cdn.ttapi.io/suno/20260525/12ef459ce64d4b1e9611a907e7fd74d8.mp3,audio/jazz/333ea303-6ebb-44fc-b757-e3cfab33aa15_1.mp3,audio/jazz/333ea303-6ebb-44fc-b757-e3cfab33aa15_2.mp3,jazz,2026-05-25T21:25:42.860461+00:00,2026-05-25T21:28:44.851686+00:00,
3c5cfce2-9dad-485b-90af-1ca37a89fb38,jazz,latin jazz,"latin jazz, relaxed atmosphere, featuring saxophone and piano trio","jazz, trumpet, swing",chirp-v4-5+,done,26cd47db-8968-49ed-8639-df92dac84605,96a69da9-b714-445f-a1a9-16f192ecee74,9703a9a9-9c41-4a5c-9e3e-3745d8010d60,https://cdn.ttapi.io/suno/20260525/6d0aa7e1077444fcb3d6a233c336c839.mp3,https://cdn.ttapi.io/suno/20260525/8d95b5dd9cbc4d019e15869dd568ba5c.mp3,audio/jazz/3c5cfce2-9dad-485b-90af-1ca37a89fb38_1.mp3,audio/jazz/3c5cfce2-9dad-485b-90af-1ca37a89fb38_2.mp3,jazz,2026-05-25T21:25:49.001804+00:00,2026-05-25T21:28:45.019269+00:00,
41474abf-d1cb-4632-8a72-b9c0c5edd2b0,jazz,swing,"swing jazz, relaxed atmosphere, featuring saxophone and piano trio","jazz, bass, drums",chirp-v4-5+,done,52973c3e-4918-46ab-9a2a-7563277e30da,f187897f-0f90-4aa7-a595-f52da30a1e81,fa2b32a0-9634-4808-84bd-80dc5d83b210,https://cdn.ttapi.io/suno/20260525/48cd2fd98b4642e184370fc6ef991d38.mp3,https://cdn.ttapi.io/suno/20260525/913fe3906aff4932a67a701963e47c8f.mp3,audio/jazz/41474abf-d1cb-4632-8a72-b9c0c5edd2b0_1.mp3,audio/jazz/41474abf-d1cb-4632-8a72-b9c0c5edd2b0_2.mp3,jazz,2026-05-25T21:25:50.242008+00:00,2026-05-25T21:28:03.379352+00:00,
1336df34-a40c-4cc1-92f8-30fd854e766c,jazz,modal jazz,"modal jazz, relaxed atmosphere, featuring saxophone and piano trio","jazz, guitar, bossa nova",chirp-v4-5+,done,10e79270-86d2-4124-9bc3-abb44a71404c,aa6f8fa6-8757-4c76-bc0c-cc3e2cc13251,7885a6c8-5b81-4303-9c60-a97a7dec64c5,https://cdn.ttapi.io/suno/20260525/ee6edd2e5d034e51a964aa5a8b670989.mp3,https://cdn.ttapi.io/suno/20260525/fdb596b62cec4831af60e82c2553a72f.mp3,audio/jazz/1336df34-a40c-4cc1-92f8-30fd854e766c_1.mp3,audio/jazz/1336df34-a40c-4cc1-92f8-30fd854e766c_2.mp3,jazz,2026-05-25T21:25:56.370170+00:00,2026-05-25T21:28:54.794376+00:00,
b10ebbf9-2721-47aa-88fe-6080f27d5ca8,jazz,post-bop,"post-bop jazz, relaxed atmosphere, featuring saxophone and piano trio","jazz, fusion, electric",chirp-v4-5+,done,1249b9d4-c606-4f16-aa6b-1a1f24a27003,715ac0e3-f750-4758-8933-550fec0dc853,af68be46-07bd-4af4-8a22-9fecd1dd93fd,https://cdn.ttapi.io/suno/20260525/9799fbf21fe741e380e621ce63b2f38f.mp3,https://cdn.ttapi.io/suno/20260525/bd49495f76fd44fea9df73002fe3bb08.mp3,audio/jazz/b10ebbf9-2721-47aa-88fe-6080f27d5ca8_1.mp3,audio/jazz/b10ebbf9-2721-47aa-88fe-6080f27d5ca8_2.mp3,jazz,2026-05-25T21:25:57.626710+00:00,2026-05-25T21:28:54.972470+00:00,
a690d825-892a-4a31-b3ba-900705371c88,jazz,bebop,"bebop jazz, energetic atmosphere, featuring saxophone and piano trio","jazz, saxophone, piano",chirp-v4-5+,done,2f4fc8f5-cabe-4bd8-89b2-55f33a3c1bc2,98dabed5-fb58-428d-b85f-6b2ab0cf364b,daba636f-a73a-4fa8-a2b7-a7f99e81af88,https://cdn.ttapi.io/suno/20260525/6f29ef5c568b42888dd4ebb281c50801.mp3,https://cdn.ttapi.io/suno/20260525/bfeb8e3336534d7cb81d9cbe98aca1f1.mp3,audio/jazz/a690d825-892a-4a31-b3ba-900705371c88_1.mp3,audio/jazz/a690d825-892a-4a31-b3ba-900705371c88_2.mp3,jazz,2026-05-25T21:25:58.908732+00:00,2026-05-25T21:28:55.082048+00:00,
4f860ec2-2433-47fe-af5c-1a2d0a90ee6f,jazz,cool jazz,"cool jazz, energetic atmosphere, featuring saxophone and piano trio","jazz, trumpet, swing",chirp-v4-5+,done,23771978-dc4d-4d2d-a896-0ee653c70471,eb4ccd42-714e-46ea-ac1a-69de1684676d,0dbaa28c-adc4-4870-9b6c-45f44c2c9447,https://cdn.ttapi.io/suno/20260525/e1ed3da45d5c44229ed1a7b73e97da06.mp3,https://cdn.ttapi.io/suno/20260525/57d3b1ccb7c4400584d5b7ed547602e7.mp3,audio/jazz/4f860ec2-2433-47fe-af5c-1a2d0a90ee6f_1.mp3,audio/jazz/4f860ec2-2433-47fe-af5c-1a2d0a90ee6f_2.mp3,jazz,2026-05-25T21:26:00.194661+00:00,2026-05-25T21:28:45.398648+00:00,
dcfbefcf-b2b9-4cd7-a4e2-ffe599e84c10,jazz,fusion,"fusion jazz, energetic atmosphere, featuring saxophone and piano trio","jazz, bass, drums",chirp-v4-5+,done,721fa14c-544c-48e3-9c37-98bb47a9cead,2c30ee7a-5b18-4fac-b0a7-b2a340c539f8,42915ec0-1946-41c7-a077-d36bf9392f2a,https://cdn.ttapi.io/suno/20260525/8697886d726e468e8ef0791e3dca1561.mp3,https://cdn.ttapi.io/suno/20260525/d99b7339123f42dab476da9db87c299b.mp3,audio/jazz/dcfbefcf-b2b9-4cd7-a4e2-ffe599e84c10_1.mp3,audio/jazz/dcfbefcf-b2b9-4cd7-a4e2-ffe599e84c10_2.mp3,jazz,2026-05-25T21:26:06.422090+00:00,2026-05-25T21:29:15.978577+00:00,
f71cf187-37aa-4cf4-a70d-e74ae9ff0586,jazz,smooth jazz,"smooth jazz, energetic atmosphere, featuring saxophone and piano trio","jazz, guitar, bossa nova",chirp-v4-5+,done,33bb8bf1-feac-407b-8857-29823db9f4bf,5382137a-743c-4e48-98b1-da103a648d07,322282b1-90ba-46f5-9516-bbeb92a828c0,https://cdn.ttapi.io/suno/20260525/7ed33d6c1c9c47c1b67d67b31811690e.mp3,https://cdn.ttapi.io/suno/20260525/ee5b88e27d3549bda0f146a2d0f79df2.mp3,audio/jazz/f71cf187-37aa-4cf4-a70d-e74ae9ff0586_1.mp3,audio/jazz/f71cf187-37aa-4cf4-a70d-e74ae9ff0586_2.mp3,jazz,2026-05-25T21:26:07.686232+00:00,2026-05-25T21:28:37.038699+00:00,
160f4275-d665-47a0-a3bc-d0b22a28492e,jazz,hard bop,"hard bop jazz, energetic atmosphere, featuring saxophone and piano trio","jazz, fusion, electric",chirp-v4-5+,done,0d7fe57b-5fc3-42bb-9981-0fb2c0ffec2a,cdaf72a7-6349-4d29-985f-1984e8559a6f,db540a44-fb90-4745-b1bc-07c19f8da2d0,https://cdn.ttapi.io/suno/20260525/ad4bc28e6495425687c252f5154a9ca2.mp3,https://cdn.ttapi.io/suno/20260525/4f83243ca63d4197b32c5bf522a5a448.mp3,audio/jazz/160f4275-d665-47a0-a3bc-d0b22a28492e_1.mp3,audio/jazz/160f4275-d665-47a0-a3bc-d0b22a28492e_2.mp3,jazz,2026-05-25T21:26:08.947793+00:00,2026-05-25T21:29:08.654580+00:00,
1f1be985-6216-4daf-b209-962b9a845ebb,jazz,free jazz,"free jazz, energetic atmosphere, featuring saxophone and piano trio","jazz, saxophone, piano",chirp-v4-5+,done,8a3b6378-e6ab-469a-b27c-17b67b6564a4,e8c2a2f8-d4c7-4912-b507-73bf8267fe62,8fc74422-2bba-4e5c-afb4-299b4bb5ffe9,https://cdn.ttapi.io/suno/20260525/ebf3397db76e4c449c16585218100934.mp3,https://cdn.ttapi.io/suno/20260525/62b82f5d9bcf4ee19577e9b3d333f97d.mp3,audio/jazz/1f1be985-6216-4daf-b209-962b9a845ebb_1.mp3,audio/jazz/1f1be985-6216-4daf-b209-962b9a845ebb_2.mp3,jazz,2026-05-25T21:26:14.750784+00:00,2026-05-25T21:28:55.365233+00:00,
444047c0-7d72-4f1f-bf26-9d110060da76,jazz,latin jazz,"latin jazz, energetic atmosphere, featuring saxophone and piano trio","jazz, trumpet, swing",chirp-v4-5+,done,6c1bbe76-3b4b-4e74-99fe-59c26b0354ef,ae07e0b6-55b8-4ac4-9657-c82a0fd0c701,8bbaf814-731c-470f-9153-4637cc0b6f72,https://cdn.ttapi.io/suno/20260525/b1af2fad41844a409fd222ad74890e2f.mp3,https://cdn.ttapi.io/suno/20260525/a71426396a444d129bf8de47cb857fc4.mp3,audio/jazz/444047c0-7d72-4f1f-bf26-9d110060da76_1.mp3,audio/jazz/444047c0-7d72-4f1f-bf26-9d110060da76_2.mp3,jazz,2026-05-25T21:26:34.405330+00:00,2026-05-25T21:29:16.172171+00:00,
486b9091-f955-45df-bf0f-4bc75d34c2d9,jazz,swing,"swing jazz, energetic atmosphere, featuring saxophone and piano trio","jazz, bass, drums",chirp-v4-5+,done,1ba386c5-d899-4980-b0f9-4c4bc5db9fdc,017286f9-c841-40e6-a11a-49dae0fda72f,2f64fc24-830f-48aa-8925-34c2cc23fbaa,https://cdn.ttapi.io/suno/20260525/9d5d605835ec4a4dafbc0bd6e16a3b1c.mp3,https://cdn.ttapi.io/suno/20260525/4b75876e19374a9ab9434b428e14037e.mp3,audio/jazz/486b9091-f955-45df-bf0f-4bc75d34c2d9_1.mp3,audio/jazz/486b9091-f955-45df-bf0f-4bc75d34c2d9_2.mp3,jazz,2026-05-25T21:26:35.675847+00:00,2026-05-25T21:29:08.909154+00:00,
849aacfe-1875-47f7-b5f8-5f147810801b,jazz,modal jazz,"modal jazz, energetic atmosphere, featuring saxophone and piano trio","jazz, guitar, bossa nova",chirp-v4-5+,done,0b032f42-aa4a-4544-8c6b-37588a9d2a31,77ed72f5-7fe3-42be-ab9d-e5a1a74d60cb,31b39d9f-af20-4607-a002-62d04cf7c127,https://cdn.ttapi.io/suno/20260525/f046eb03a9b747cc96edb707ffa46e79.mp3,https://cdn.ttapi.io/suno/20260525/27c976e5387649b4976d0e08310a0667.mp3,audio/jazz/849aacfe-1875-47f7-b5f8-5f147810801b_1.mp3,audio/jazz/849aacfe-1875-47f7-b5f8-5f147810801b_2.mp3,jazz,2026-05-25T21:26:41.842678+00:00,2026-05-25T21:28:45.984966+00:00,
1a451e60-f9d6-45bd-997d-013a4ffafe46,jazz,post-bop,"post-bop jazz, energetic atmosphere, featuring saxophone and piano trio","jazz, fusion, electric",chirp-v4-5+,done,49a7a1bb-dc1c-46ca-8616-86cb07a7251a,31026017-f42c-4f6d-875a-72b388f81f1f,81d9df3f-b0f0-4093-a9d5-e06f1fd88f63,https://cdn.ttapi.io/suno/20260525/49274354907f4e47855da0a20d95341d.mp3,https://cdn.ttapi.io/suno/20260525/3b301cc74f464023a657d520dd53bc47.mp3,audio/jazz/1a451e60-f9d6-45bd-997d-013a4ffafe46_1.mp3,audio/jazz/1a451e60-f9d6-45bd-997d-013a4ffafe46_2.mp3,jazz,2026-05-25T21:26:43.180966+00:00,2026-05-25T21:29:16.286733+00:00,
c0aebaa2-943c-417d-b861-a262d3ffe7ae,jazz,bebop,"bebop jazz, nostalgic atmosphere, featuring saxophone and piano trio","jazz, saxophone, piano",chirp-v4-5+,done,40a907d2-0fe7-433f-948c-bf83968bebd0,8318468f-7fa3-43dd-84fd-c94a26ec662e,e0b90a33-14c5-4ca8-9297-55045c1d777c,https://cdn.ttapi.io/suno/20260525/10ac197074484dc8b3891727897f437f.mp3,https://cdn.ttapi.io/suno/20260525/b1fb2bb4fa0049b58a7a978b94f86ff1.mp3,audio/jazz/c0aebaa2-943c-417d-b861-a262d3ffe7ae_1.mp3,audio/jazz/c0aebaa2-943c-417d-b861-a262d3ffe7ae_2.mp3,jazz,2026-05-25T21:26:49.132431+00:00,2026-05-25T21:28:55.724767+00:00,
591f7d9a-a5ad-4fcd-93eb-04cb195244e4,jazz,cool jazz,"cool jazz, nostalgic atmosphere, featuring saxophone and piano trio","jazz, trumpet, swing",chirp-v4-5+,done,220afc4b-5c0e-4ee0-8e0c-23ac3079260a,b40e9cb1-c29f-44b0-b215-e42b89175eb3,3ccc5b35-33cd-477d-b465-c5ad459d02eb,https://cdn.ttapi.io/suno/20260525/b6cfb26be3294377854383afd927883d.mp3,https://cdn.ttapi.io/suno/20260525/94f310cc0adc4c45bbb472efc9d7fe5c.mp3,audio/jazz/591f7d9a-a5ad-4fcd-93eb-04cb195244e4_1.mp3,audio/jazz/591f7d9a-a5ad-4fcd-93eb-04cb195244e4_2.mp3,jazz,2026-05-25T21:28:07.986794+00:00,2026-05-25T21:30:01.940374+00:00,
d82ec6ca-6024-4897-bf31-df83da5d7a42,jazz,fusion,"fusion jazz, nostalgic atmosphere, featuring saxophone and piano trio","jazz, bass, drums",chirp-v4-5+,done,e4d4a855-ca43-4ea1-86af-a2e9d30afec8,0a736521-40b3-4ede-88a1-72c4389dab1e,73b7bdb0-2dd0-48dd-8c09-f8dc32df0ac7,https://cdn.ttapi.io/suno/20260525/0ea6cc52939f422ea35d27b52a38ec48.mp3,https://cdn.ttapi.io/suno/20260525/7b458a421d7d4ec082f218f84b350bf1.mp3,audio/jazz/d82ec6ca-6024-4897-bf31-df83da5d7a42_1.mp3,audio/jazz/d82ec6ca-6024-4897-bf31-df83da5d7a42_2.mp3,jazz,2026-05-25T21:28:15.696930+00:00,2026-05-25T21:31:16.510453+00:00,
e315f246-4523-4031-a611-f2fb75eab736,jazz,smooth jazz,"smooth jazz, nostalgic atmosphere, featuring saxophone and piano trio","jazz, guitar, bossa nova",chirp-v4-5+,done,f41c5426-55b2-47a7-93e6-d17f91f7952f,def7f80d-2c55-46f1-bf65-c3dac0a6a51c,14363d16-0182-4a67-a3c3-58b0a9388b2f,https://cdn.ttapi.io/suno/20260525/22f1ddfe48fb4ab999f0bd2400118562.mp3,https://cdn.ttapi.io/suno/20260525/3941b49789434b9292a969285bcdfcd5.mp3,audio/jazz/e315f246-4523-4031-a611-f2fb75eab736_1.mp3,audio/jazz/e315f246-4523-4031-a611-f2fb75eab736_2.mp3,jazz,2026-05-25T21:28:35.373440+00:00,2026-05-25T21:32:04.625029+00:00,
31f42bc1-c4d6-4e68-93be-c7162ff6d860,jazz,hard bop,"hard bop jazz, nostalgic atmosphere, featuring saxophone and piano trio","jazz, fusion, electric",chirp-v4-5+,done,d03b8da9-4088-47dc-8bfb-0875d747262a,bbba4ecb-3087-4922-aec7-1813b70bf77c,11406a2b-0243-48ec-bf09-8e5198a62d59,https://cdn.ttapi.io/suno/20260525/51a714d1daf54864a00112ea1264beef.mp3,https://cdn.ttapi.io/suno/20260525/a26d10ef9f804345a38a3496ea0c5e14.mp3,audio/jazz/31f42bc1-c4d6-4e68-93be-c7162ff6d860_1.mp3,audio/jazz/31f42bc1-c4d6-4e68-93be-c7162ff6d860_2.mp3,jazz,2026-05-25T21:28:41.546061+00:00,2026-05-25T21:32:14.621912+00:00,
16b382fb-352c-4c4d-9bfa-1bc93a6592b8,jazz,free jazz,"free jazz, nostalgic atmosphere, featuring saxophone and piano trio","jazz, saxophone, piano",chirp-v4-5+,done,26372804-0b55-499f-8be1-edc0dd9b4c7d,f243349a-4009-452e-9189-6a4c13daa376,d9e1ec32-5aeb-4858-ad87-f6e64e8ddc72,https://cdn.ttapi.io/suno/20260525/dc651c7cbf7148babf8ef04f50d5a5b8.mp3,https://cdn.ttapi.io/suno/20260525/25c4e3f4f65b404593115ac4ceee39f4.mp3,audio/jazz/16b382fb-352c-4c4d-9bfa-1bc93a6592b8_1.mp3,audio/jazz/16b382fb-352c-4c4d-9bfa-1bc93a6592b8_2.mp3,jazz,2026-05-25T21:28:42.901723+00:00,2026-05-25T21:32:04.891223+00:00,
79e4b433-277a-40b4-bcde-595c8d645a11,jazz,latin jazz,"latin jazz, nostalgic atmosphere, featuring saxophone and piano trio","jazz, trumpet, swing",chirp-v4-5+,done,30d36f97-97c7-4494-b7f6-d44c0adb9363,fe80f0cb-78d9-43e5-b477-1d5730c6393d,fb815ee7-9e22-43f0-9682-5c34d827e5ff,https://cdn.ttapi.io/suno/20260525/52f215758dcd4df7bb877e3549f6239b.mp3,https://cdn.ttapi.io/suno/20260525/b5239c30d5414a1bbc82c72e19d380b1.mp3,audio/jazz/79e4b433-277a-40b4-bcde-595c8d645a11_1.mp3,audio/jazz/79e4b433-277a-40b4-bcde-595c8d645a11_2.mp3,jazz,2026-05-25T21:28:44.141900+00:00,2026-05-25T21:32:14.798618+00:00,
4bc14653-a1f9-4e28-839f-8eca5c3a6bc2,jazz,swing,"swing jazz, nostalgic atmosphere, featuring saxophone and piano trio","jazz, bass, drums",chirp-v4-5+,done,625b3b31-ef6b-4514-b0ea-bdc7e1a4d249,9018a8eb-27d6-4a19-ac52-27147ee95d05,d653215c-554e-465c-a14c-8da3886a9fb1,https://cdn.ttapi.io/suno/20260525/b4c077dc4a174b0fb7701e256dc9dd1d.mp3,https://cdn.ttapi.io/suno/20260525/79440fbf0d1a4a52bfa1b3a8816d8aee.mp3,audio/jazz/4bc14653-a1f9-4e28-839f-8eca5c3a6bc2_1.mp3,audio/jazz/4bc14653-a1f9-4e28-839f-8eca5c3a6bc2_2.mp3,jazz,2026-05-25T21:28:50.228354+00:00,2026-05-25T21:30:45.766892+00:00,
e5f7a1ee-ec7a-4683-bb39-f8ec4a3a5257,jazz,modal jazz,"modal jazz, nostalgic atmosphere, featuring saxophone and piano trio","jazz, guitar, bossa nova",chirp-v4-5+,done,3cdefca1-c645-4c1e-8852-119a50f4be08,7f160f0b-5897-4b45-a647-a0308b044059,acb04d1f-7cb0-462f-97a8-b3dcfe859bfc,https://cdn.ttapi.io/suno/20260525/cd68fd3f73db4409ad5f682712bec854.mp3,https://cdn.ttapi.io/suno/20260525/4a4980b4afb241d8b1c6127c6a68d3e1.mp3,audio/jazz/e5f7a1ee-ec7a-4683-bb39-f8ec4a3a5257_1.mp3,audio/jazz/e5f7a1ee-ec7a-4683-bb39-f8ec4a3a5257_2.mp3,jazz,2026-05-25T21:28:51.480634+00:00,2026-05-25T21:32:14.905415+00:00,
f769bcd7-6771-4db0-95af-057c7e69fbbe,jazz,post-bop,"post-bop jazz, nostalgic atmosphere, featuring saxophone and piano trio","jazz, fusion, electric",chirp-v4-5+,done,f496d7de-7729-482a-88c9-fe7897cae4c6,6aaca03e-aba9-45d4-a3a9-91e678fea31c,22a61318-2bc0-4cc5-b4f3-0f79679c45f0,https://cdn.ttapi.io/suno/20260525/2dc0573cd1924b3a961b2f3b0c350b2a.mp3,https://cdn.ttapi.io/suno/20260525/45208053de024836b724ee12f860668c.mp3,audio/jazz/f769bcd7-6771-4db0-95af-057c7e69fbbe_1.mp3,audio/jazz/f769bcd7-6771-4db0-95af-057c7e69fbbe_2.mp3,jazz,2026-05-25T21:28:52.788397+00:00,2026-05-25T21:31:45.669470+00:00,
a9234cfc-f92e-4f6f-9164-2d7c4c746ce6,jazz,bebop,"bebop jazz, romantic atmosphere, featuring saxophone and piano trio","jazz, saxophone, piano",chirp-v4-5+,done,037d7223-f836-49f5-9f04-38700267942d,a153e704-9919-4ccb-84aa-a37604d47d5e,a1583c2c-0768-4c61-b4b3-01c741816f9d,https://cdn.ttapi.io/suno/20260525/1aa67c9e0e8b4fb691d0a6d840fbf67d.mp3,https://cdn.ttapi.io/suno/20260525/24748819faf14a39beea310213b985b9.mp3,audio/jazz/a9234cfc-f92e-4f6f-9164-2d7c4c746ce6_1.mp3,audio/jazz/a9234cfc-f92e-4f6f-9164-2d7c4c746ce6_2.mp3,jazz,2026-05-25T21:28:54.085559+00:00,2026-05-25T21:32:05.172722+00:00,
4e6445bc-b1ff-4f65-9153-feef70e1e59f,jazz,cool jazz,"cool jazz, romantic atmosphere, featuring saxophone and piano trio","jazz, trumpet, swing",chirp-v4-5+,done,3ea6f0aa-3a94-4ee5-b610-d4ab1a9e3395,eb6845a0-2fad-4618-9140-67b830730576,382167ca-37a6-4b5f-80d6-2c775f267f55,https://cdn.ttapi.io/suno/20260525/b85b678ac82d4df691e95ac712aa50c1.mp3,https://cdn.ttapi.io/suno/20260525/a3bcf07bd68a4ee2bbf6bea800b8af4d.mp3,audio/jazz/4e6445bc-b1ff-4f65-9153-feef70e1e59f_1.mp3,audio/jazz/4e6445bc-b1ff-4f65-9153-feef70e1e59f_2.mp3,jazz,2026-05-25T21:29:02.698285+00:00,2026-05-25T21:32:38.148346+00:00,
703e5617-6792-43fa-acde-e5e40e6d3053,jazz,fusion,"fusion jazz, romantic atmosphere, featuring saxophone and piano trio","jazz, bass, drums",chirp-v4-5+,done,3995dd31-0d6b-44ff-a1b8-8d416aa89467,c6351a78-6624-49d7-a69d-cc2866f0c0c0,19ba3c4c-778e-4c1e-b8f1-44203f51e986,https://cdn.ttapi.io/suno/20260525/7d1320fd220d467e908b8c09ee6738f0.mp3,https://cdn.ttapi.io/suno/20260525/fa9febc3920e4f959f371b535342f64a.mp3,audio/jazz/703e5617-6792-43fa-acde-e5e40e6d3053_1.mp3,audio/jazz/703e5617-6792-43fa-acde-e5e40e6d3053_2.mp3,jazz,2026-05-25T21:29:04.013901+00:00,2026-05-25T21:32:52.203933+00:00,
34400463-0638-4f88-9949-a8619ab94c6d,jazz,smooth jazz,"smooth jazz, romantic atmosphere, featuring saxophone and piano trio","jazz, guitar, bossa nova",chirp-v4-5+,done,feaef1ea-dc2b-410c-b6de-3228fe8ca185,d4f9e69e-5114-4771-bd9e-73843ccfdfb4,00095d03-dd2a-425c-b51e-7e498f8bdc9c,https://cdn.ttapi.io/suno/20260525/9d43ed55cfee40d0a9257a6911bb1989.mp3,https://cdn.ttapi.io/suno/20260525/d2ad916fb8ee4f038254e88aa12b2f2d.mp3,audio/jazz/34400463-0638-4f88-9949-a8619ab94c6d_1.mp3,audio/jazz/34400463-0638-4f88-9949-a8619ab94c6d_2.mp3,jazz,2026-05-25T21:29:05.319034+00:00,2026-05-25T21:32:38.446992+00:00,
f98225d8-231f-43a1-a697-2f76b051953f,jazz,hard bop,"hard bop jazz, romantic atmosphere, featuring saxophone and piano trio","jazz, fusion, electric",chirp-v4-5+,done,4c16de23-fef4-4b01-a39e-8018f85a41d5,afd4cd94-0e92-4ffc-9ec6-f5f9eb64e528,75fae25d-2a82-4e6c-a73f-1d45f7e8dd5d,https://cdn.ttapi.io/suno/20260525/e026e9b1c5f24454b66ab94648630b5b.mp3,https://cdn.ttapi.io/suno/20260525/d21dcab24836486e83c347617bbefde0.mp3,audio/jazz/f98225d8-231f-43a1-a697-2f76b051953f_1.mp3,audio/jazz/f98225d8-231f-43a1-a697-2f76b051953f_2.mp3,jazz,2026-05-25T21:29:06.557241+00:00,2026-05-25T21:32:15.261088+00:00,
ed15c1bd-8e41-4561-8dcf-29f927f631b4,jazz,free jazz,"free jazz, romantic atmosphere, featuring saxophone and piano trio","jazz, saxophone, piano",chirp-v4-5+,done,7c513292-6b2d-43cd-b106-c8a4c20a0d5e,df9bc5b2-a596-4cff-b2a3-f0e6b792feec,173d9317-2431-4d19-8428-9257eb98366b,https://cdn.ttapi.io/suno/20260525/9d80f5ed2b434fa7b661d5036a0bc22a.mp3,https://cdn.ttapi.io/suno/20260525/1dca0c0cffd14daf97c3cf0cf89c319c.mp3,audio/jazz/ed15c1bd-8e41-4561-8dcf-29f927f631b4_1.mp3,audio/jazz/ed15c1bd-8e41-4561-8dcf-29f927f631b4_2.mp3,jazz,2026-05-25T21:29:07.825685+00:00,2026-05-25T21:32:38.557765+00:00,
ad54fab0-07a7-42bc-acc7-c785f8343215,jazz,latin jazz,"latin jazz, romantic atmosphere, featuring saxophone and piano trio","jazz, trumpet, swing",chirp-v4-5+,done,56d561cb-1042-4937-b990-7aa3d166dffd,6db2fc63-0502-48b3-9f2a-d5e360ca843c,0c7f7624-5c8a-4340-9a51-9d0ab7510fea,https://cdn.ttapi.io/suno/20260525/f3b6ab7f7cd2426985f4b206d29d390a.mp3,https://cdn.ttapi.io/suno/20260525/e42fa90e369f442e943e06a2162567d2.mp3,audio/jazz/ad54fab0-07a7-42bc-acc7-c785f8343215_1.mp3,audio/jazz/ad54fab0-07a7-42bc-acc7-c785f8343215_2.mp3,jazz,2026-05-25T21:29:13.954845+00:00,2026-05-25T21:32:38.659430+00:00,
aeb2453f-d15a-4869-9eed-f3fa7ffb8350,jazz,swing,"swing jazz, romantic atmosphere, featuring saxophone and piano trio","jazz, bass, drums",chirp-v4-5+,done,95e33379-40b7-48cd-bb1c-fff011a3672b,52122ed7-937d-452f-9974-cd4c4932d690,50f8cded-4b63-49a5-bf50-ff5444411f42,https://cdn.ttapi.io/suno/20260525/8f5d266892904e9cb4dea30bc8953440.mp3,https://cdn.ttapi.io/suno/20260525/2cc3864997f2449597cbf6ff3f8cbd9d.mp3,audio/jazz/aeb2453f-d15a-4869-9eed-f3fa7ffb8350_1.mp3,audio/jazz/aeb2453f-d15a-4869-9eed-f3fa7ffb8350_2.mp3,jazz,2026-05-25T21:29:15.266455+00:00,2026-05-25T21:32:15.612999+00:00,
50cdf4ae-2143-4a0b-a195-eac1fce7f7a1,jazz,modal jazz,"modal jazz, romantic atmosphere, featuring saxophone and piano trio","jazz, guitar, bossa nova",chirp-v4-5+,done,040f6d6b-4248-4d02-bfa6-f18eb634f6ea,10f34ff4-77a5-4316-8ac6-8978791858e3,c8f61fba-3a66-4310-ba1b-c4c80d520748,https://cdn.ttapi.io/suno/20260525/5949a3f7c10d43e89caf6c92d1a65275.mp3,https://cdn.ttapi.io/suno/20260525/7cdcbf9ecf2b43e8a42d6aae26171fa3.mp3,audio/jazz/50cdf4ae-2143-4a0b-a195-eac1fce7f7a1_1.mp3,audio/jazz/50cdf4ae-2143-4a0b-a195-eac1fce7f7a1_2.mp3,jazz,2026-05-25T21:29:21.382304+00:00,2026-05-25T21:32:15.713455+00:00,
447c191a-62a4-4800-808f-4f000eddd288,jazz,post-bop,"post-bop jazz, romantic atmosphere, featuring saxophone and piano trio","jazz, fusion, electric",chirp-v4-5+,done,f696482e-ee55-409e-8d4a-bde71f4fc417,3f2b1aa6-227f-4e67-8f8a-78bd9aae022d,ab8ccfc7-b196-4aae-ae30-dbfc4ced60d9,https://cdn.ttapi.io/suno/20260525/5a5f94f833b3436382080441503997d0.mp3,https://cdn.ttapi.io/suno/20260525/9c7d82384a20498abd584e4d1466ac73.mp3,audio/jazz/447c191a-62a4-4800-808f-4f000eddd288_1.mp3,audio/jazz/447c191a-62a4-4800-808f-4f000eddd288_2.mp3,jazz,2026-05-25T21:29:22.720030+00:00,2026-05-25T21:32:38.764310+00:00,
ddf4bf48-441e-4b00-b14e-e25b5cb7f52c,jazz,bebop,"bebop jazz, brooding atmosphere, featuring saxophone and piano trio","jazz, saxophone, piano",chirp-v4-5+,done,536b0afe-0c06-4c1d-aac0-aed656a21d20,92f4f414-1425-4681-a61e-bb8f30207b00,8109076b-17b1-4b1d-a64a-8ae159337631,https://cdn.ttapi.io/suno/20260525/9aa12acee31f45adbc8a2ec32935b2a7.mp3,https://cdn.ttapi.io/suno/20260525/1cb9fe4bce7b431da8657ddfdd7fb72b.mp3,audio/jazz/ddf4bf48-441e-4b00-b14e-e25b5cb7f52c_1.mp3,audio/jazz/ddf4bf48-441e-4b00-b14e-e25b5cb7f52c_2.mp3,jazz,2026-05-25T21:29:24.028091+00:00,2026-05-25T21:32:06.172448+00:00,
fd656e0e-b192-4da5-b01e-4b8bf4f9662e,jazz,cool jazz,"cool jazz, brooding atmosphere, featuring saxophone and piano trio","jazz, trumpet, swing",chirp-v4-5+,done,195cdcc0-91b1-43fd-8d3e-1489f643a3bf,84324fc9-3d37-4057-b304-ae6b19cdf93b,de37bff5-5899-41fc-8dbb-b6474dce9e6b,https://cdn.ttapi.io/suno/20260525/f1347f0318ea488b9456d7012d8fe504.mp3,https://cdn.ttapi.io/suno/20260525/9ea5b0d38f454cb793b5c99f3f967ee6.mp3,audio/jazz/fd656e0e-b192-4da5-b01e-4b8bf4f9662e_1.mp3,audio/jazz/fd656e0e-b192-4da5-b01e-4b8bf4f9662e_2.mp3,jazz,2026-05-25T21:30:07.292976+00:00,2026-05-25T21:32:52.378009+00:00,
4e2acde0-0530-41b7-b941-bbf969e5c4de,jazz,fusion,"fusion jazz, brooding atmosphere, featuring saxophone and piano trio","jazz, bass, drums",chirp-v4-5+,done,2afc728a-188e-4de4-90e0-281dc5e0bafc,607bed89-da7c-43bd-b06a-5a90b0d9c020,9cf819d2-8570-438f-80c7-b0a637d109b8,https://cdn.ttapi.io/suno/20260525/3718e4b1c3fc4313bf80fcc121d25685.mp3,https://cdn.ttapi.io/suno/20260525/275c8f39b3294ee58cf4c31e35b938a8.mp3,audio/jazz/4e2acde0-0530-41b7-b941-bbf969e5c4de_1.mp3,audio/jazz/4e2acde0-0530-41b7-b941-bbf969e5c4de_2.mp3,jazz,2026-05-25T21:30:50.265408+00:00,2026-05-25T21:32:52.494889+00:00,
2b4ef8b7-6c35-4f0a-8afe-bb89ecfcb158,jazz,smooth jazz,"smooth jazz, brooding atmosphere, featuring saxophone and piano trio","jazz, guitar, bossa nova",chirp-v4-5+,done,02ac081f-f265-4d9a-8113-69b3a6505f05,b8ecd184-6de5-4379-b23b-a1972fd706e1,1e2c15f5-34c4-4d99-9258-87680e22e46b,https://cdn.ttapi.io/suno/20260525/310f3f7beef648588ee027ee8d03009d.mp3,https://cdn.ttapi.io/suno/20260525/21bc89afd51240fda9fcc2db281d7d61.mp3,audio/jazz/2b4ef8b7-6c35-4f0a-8afe-bb89ecfcb158_1.mp3,audio/jazz/2b4ef8b7-6c35-4f0a-8afe-bb89ecfcb158_2.mp3,jazz,2026-05-25T21:31:30.850556+00:00,2026-05-25T21:34:06.009035+00:00,
f594ac0f-df51-4ed4-b1ca-4735cbc0b9a9,jazz,hard bop,"hard bop jazz, brooding atmosphere, featuring saxophone and piano trio","jazz, fusion, electric",chirp-v4-5+,done,f8b0afa1-2d58-4c3d-ba49-0ab119672b0c,a9af9b22-2a0e-44bb-bafc-d85ea22883ec,e9529ae0-3c47-4854-ab43-d1ef5319b9b1,https://cdn.ttapi.io/suno/20260525/93b0b2b208b1474aac677e30279de412.mp3,https://cdn.ttapi.io/suno/20260525/87eac5a1ffd0429e97d41c6451e00b66.mp3,audio/jazz/f594ac0f-df51-4ed4-b1ca-4735cbc0b9a9_1.mp3,audio/jazz/f594ac0f-df51-4ed4-b1ca-4735cbc0b9a9_2.mp3,jazz,2026-05-25T21:31:50.319710+00:00,2026-05-25T21:34:25.700123+00:00,
1e64a268-51ae-4e81-82cf-e117f2e48c8e,jazz,free jazz,"free jazz, brooding atmosphere, featuring saxophone and piano trio","jazz, saxophone, piano",chirp-v4-5+,done,fa055fe3-a4f4-4fca-8afb-3b001c6f16b3,341b2349-53f8-4f88-aa4e-c3c6490e2ddb,c8ee915b-e7ed-429d-8189-115b9f3df58f,https://cdn.ttapi.io/suno/20260525/d2821c249e6b4a24bba514fd8b2db98c.mp3,https://cdn.ttapi.io/suno/20260525/061852def05b43d28855892a792f09b3.mp3,audio/jazz/1e64a268-51ae-4e81-82cf-e117f2e48c8e_1.mp3,audio/jazz/1e64a268-51ae-4e81-82cf-e117f2e48c8e_2.mp3,jazz,2026-05-25T21:32:10.172564+00:00,2026-05-25T21:34:25.890446+00:00,
885b6c13-1f53-4124-bc21-2c814889b183,jazz,latin jazz,"latin jazz, brooding atmosphere, featuring saxophone and piano trio","jazz, trumpet, swing",chirp-v4-5+,done,ccc185c8-a50c-4a95-b3f5-d3ead49f999f,b1f24973-1c23-4df5-af98-dcb99a81367b,af460d65-1081-4e80-a2ea-a9e7018707ce,https://cdn.ttapi.io/suno/20260525/a351d9ccf187467ca542a0746b2c1278.mp3,https://cdn.ttapi.io/suno/20260525/b96ea0a5ce5f4218a39ce0ecf0b16fbd.mp3,audio/jazz/885b6c13-1f53-4124-bc21-2c814889b183_1.mp3,audio/jazz/885b6c13-1f53-4124-bc21-2c814889b183_2.mp3,jazz,2026-05-25T21:32:11.380504+00:00,2026-05-25T21:34:51.364230+00:00,
d90c4e71-77c7-4b09-b915-5a04403560af,jazz,swing,"swing jazz, brooding atmosphere, featuring saxophone and piano trio","jazz, bass, drums",chirp-v4-5+,done,fb6a343d-c87a-45b8-8595-602cca8864dc,de98a1cf-fa8f-4726-a16a-39c4e8014c37,675a7796-7345-4cca-91c0-8de0be992acd,https://cdn.ttapi.io/suno/20260525/680eb5da97154fac8e43a89565e45e8b.mp3,https://cdn.ttapi.io/suno/20260525/9fdd6f5f9408417f9f38861c3f3b4e17.mp3,audio/jazz/d90c4e71-77c7-4b09-b915-5a04403560af_1.mp3,audio/jazz/d90c4e71-77c7-4b09-b915-5a04403560af_2.mp3,jazz,2026-05-25T21:32:12.647913+00:00,2026-05-25T21:34:26.098532+00:00,
7be72a2e-41a8-412c-af79-44a4f54e74eb,jazz,modal jazz,"modal jazz, brooding atmosphere, featuring saxophone and piano trio","jazz, guitar, bossa nova",chirp-v4-5+,done,6f39922c-29e4-4251-b987-5a4da6ecf749,06f94f08-c64c-483e-be19-9314287f9e17,6773dce5-c778-4d15-b935-fa64b10eb3ab,https://cdn.ttapi.io/suno/20260525/f3f645c14cf34ae3b0d57dac5b3e02f4.mp3,https://cdn.ttapi.io/suno/20260525/79205e5644aa4921a5ae9740177396be.mp3,audio/jazz/7be72a2e-41a8-412c-af79-44a4f54e74eb_1.mp3,audio/jazz/7be72a2e-41a8-412c-af79-44a4f54e74eb_2.mp3,jazz,2026-05-25T21:32:13.904432+00:00,2026-05-25T21:34:35.903541+00:00,
4f9711bc-639e-420e-a36f-e2b5090ba379,jazz,post-bop,"post-bop jazz, brooding atmosphere, featuring saxophone and piano trio","jazz, fusion, electric",chirp-v4-5+,done,f6acc69b-a29d-4b92-97bf-cc2d4eac668a,d01a4f89-18a3-47ad-91df-0882c8ad3a9d,ed88cbdf-39e5-4e54-991f-0bb668c5a0b3,https://cdn.ttapi.io/suno/20260525/81e7ae5b9d324be988147b87ad5a17f3.mp3,https://cdn.ttapi.io/suno/20260525/ef7a1e0e252b444294ff6732e97d32e6.mp3,audio/jazz/4f9711bc-639e-420e-a36f-e2b5090ba379_1.mp3,audio/jazz/4f9711bc-639e-420e-a36f-e2b5090ba379_2.mp3,jazz,2026-05-25T21:32:30.832917+00:00,2026-05-25T21:34:36.060383+00:00,
abb136d2-366e-46d6-9aeb-a0b145480b5f,jazz,bebop,"bebop jazz, meditative atmosphere, featuring saxophone and piano trio","jazz, saxophone, piano",chirp-v4-5+,done,010d2e11-7ca2-42c2-a9f3-a2cbdc73fbbe,c600f2c0-761b-4438-8936-fca878673585,3fbdbfb4-eb35-475d-b3b0-9d86021e3f18,https://cdn.ttapi.io/suno/20260525/35e13c6f385b425f924c4a1b26e166ce.mp3,https://cdn.ttapi.io/suno/20260525/9ac66b84bf364b73b782a5037ac30838.mp3,audio/jazz/abb136d2-366e-46d6-9aeb-a0b145480b5f_1.mp3,audio/jazz/abb136d2-366e-46d6-9aeb-a0b145480b5f_2.mp3,jazz,2026-05-25T21:32:32.127016+00:00,2026-05-25T21:35:06.044203+00:00,
788be7e2-32da-4e78-aca4-6dc03cbf4d91,jazz,cool jazz,"cool jazz, meditative atmosphere, featuring saxophone and piano trio","jazz, trumpet, swing",chirp-v4-5+,done,6b3fe925-1522-41c3-9b02-f45c9e2a5fb9,06d65bb9-be7c-4278-ba31-361af90cdd24,212d2b30-c07d-47bc-bc9c-ea02d6d64552,https://cdn.ttapi.io/suno/20260525/a38a392f0d3343c69a1ec3c34070094a.mp3,https://cdn.ttapi.io/suno/20260525/f2976c07a28b4654b088f71ed763ca44.mp3,audio/jazz/788be7e2-32da-4e78-aca4-6dc03cbf4d91_1.mp3,audio/jazz/788be7e2-32da-4e78-aca4-6dc03cbf4d91_2.mp3,jazz,2026-05-25T21:32:33.546752+00:00,2026-05-25T21:34:26.491000+00:00,
7aca9122-1e33-495c-a268-4630512c7b7d,jazz,fusion,"fusion jazz, meditative atmosphere, featuring saxophone and piano trio","jazz, bass, drums",chirp-v4-5+,done,429fa342-077d-490b-8bec-b5fffb1fc008,965dbffc-e7e3-4e83-b263-23ed278c98f0,590055ce-fea3-437e-bf58-151eb2bd4f83,https://cdn.ttapi.io/suno/20260525/ae5fd84420d744a4b70ab19122617dad.mp3,https://cdn.ttapi.io/suno/20260525/f4c621e5e6bd4cfd8ed677ae9b23267f.mp3,audio/jazz/7aca9122-1e33-495c-a268-4630512c7b7d_1.mp3,audio/jazz/7aca9122-1e33-495c-a268-4630512c7b7d_2.mp3,jazz,2026-05-25T21:32:34.830036+00:00,2026-05-25T21:35:34.392223+00:00,
33fb0118-1780-4934-8853-f0ccefbf392c,jazz,smooth jazz,"smooth jazz, meditative atmosphere, featuring saxophone and piano trio","jazz, guitar, bossa nova",chirp-v4-5+,done,f64bc476-e94b-49d3-b294-548ddc43af87,abbb2538-0833-4061-b797-8c0935db7f67,7460ed24-ecdf-4a73-b59e-acabb2bdc86e,https://cdn.ttapi.io/suno/20260525/5448bf23f03744bfb8b73a02d49e9f43.mp3,https://cdn.ttapi.io/suno/20260525/8bd67cfdfa0648748a1bc7b53b322e66.mp3,audio/jazz/33fb0118-1780-4934-8853-f0ccefbf392c_1.mp3,audio/jazz/33fb0118-1780-4934-8853-f0ccefbf392c_2.mp3,jazz,2026-05-25T21:32:36.153175+00:00,2026-05-25T21:34:36.356304+00:00,
0f243a33-24ea-4735-97d8-1f749dc372d3,jazz,hard bop,"hard bop jazz, meditative atmosphere, featuring saxophone and piano trio","jazz, fusion, electric",chirp-v4-5+,done,8bca87bf-8b33-4141-9a0e-d7e12d39c7f8,16ec2a28-f0bd-4e61-ab17-7469381020d9,d1a3a201-38f0-41d8-af72-5c794132da01,https://cdn.ttapi.io/suno/20260525/f58bab4058744dfaaf7f2e5dfd739cb4.mp3,https://cdn.ttapi.io/suno/20260525/d42e9485d2324131b04cace603f6e467.mp3,audio/jazz/0f243a33-24ea-4735-97d8-1f749dc372d3_1.mp3,audio/jazz/0f243a33-24ea-4735-97d8-1f749dc372d3_2.mp3,jazz,2026-05-25T21:32:37.427860+00:00,2026-05-25T21:34:36.509819+00:00,
ef4e89b6-bbd8-420d-b3c6-4111a34f1499,jazz,free jazz,"free jazz, meditative atmosphere, featuring saxophone and piano trio","jazz, saxophone, piano",chirp-v4-5+,done,c3ccfb15-de5b-477c-a845-0887cc6e25be,f934991a-dc69-40b3-bd78-351ecf5a3e4a,43db00e2-50b5-4183-b5d8-23678ff755af,https://cdn.ttapi.io/suno/20260525/213d7013b22f473fb6726828a134841d.mp3,https://cdn.ttapi.io/suno/20260525/158ece03a4634dc592f0525db91f9340.mp3,audio/jazz/ef4e89b6-bbd8-420d-b3c6-4111a34f1499_1.mp3,audio/jazz/ef4e89b6-bbd8-420d-b3c6-4111a34f1499_2.mp3,jazz,2026-05-25T21:32:46.345293+00:00,2026-05-25T21:35:27.076901+00:00,
3acd78ef-88e7-4f1f-8db7-76cf3f08c641,jazz,latin jazz,"latin jazz, meditative atmosphere, featuring saxophone and piano trio","jazz, trumpet, swing",chirp-v4-5+,done,2bf73851-5404-4736-8e74-a93d9eda9a2a,f3f919bc-6b01-48e2-9930-ef19496c58b8,0f5223a0-e214-4b80-85ee-9902d32e476a,https://cdn.ttapi.io/suno/20260525/26e488014a534ba5a0983f39e913fc86.mp3,https://cdn.ttapi.io/suno/20260525/2dd914fd20da4f5c9b5cd07eea2778d4.mp3,audio/jazz/3acd78ef-88e7-4f1f-8db7-76cf3f08c641_1.mp3,audio/jazz/3acd78ef-88e7-4f1f-8db7-76cf3f08c641_2.mp3,jazz,2026-05-25T21:32:47.653317+00:00,2026-05-25T21:35:00.461625+00:00,
00bafd59-efe7-4f7b-8089-e701eae74e44,jazz,swing,"swing jazz, meditative atmosphere, featuring saxophone and piano trio","jazz, bass, drums",chirp-v4-5+,done,eaa12fb2-d2f0-44bd-acbf-6d0f2745bb16,f350e81b-cc7a-4ceb-9161-ba9661a92f83,afced0b5-47a6-4075-856b-40bd9937e5fd,https://cdn.ttapi.io/suno/20260525/230f03da48bf420897209c2bf4c63129.mp3,https://cdn.ttapi.io/suno/20260525/996a702213c445278ac550fab0e47010.mp3,audio/jazz/00bafd59-efe7-4f7b-8089-e701eae74e44_1.mp3,audio/jazz/00bafd59-efe7-4f7b-8089-e701eae74e44_2.mp3,jazz,2026-05-25T21:32:48.983730+00:00,2026-05-25T21:34:36.789402+00:00,
06eb1f12-a0e8-4713-a840-2357cb734c04,jazz,modal jazz,"modal jazz, meditative atmosphere, featuring saxophone and piano trio","jazz, guitar, bossa nova",chirp-v4-5+,done,4182f7b4-ed0b-4e23-ad47-62c7903cc258,36ddd78d-5a67-4392-ba82-13c8980a5d40,9ccdbd85-a780-45d8-a07f-3fc559dce5c6,https://cdn.ttapi.io/suno/20260525/04d753dd27de4145aa9e756839b7bcc5.mp3,https://cdn.ttapi.io/suno/20260525/82d62a970fee45efa8178ce5a072e973.mp3,audio/jazz/06eb1f12-a0e8-4713-a840-2357cb734c04_1.mp3,audio/jazz/06eb1f12-a0e8-4713-a840-2357cb734c04_2.mp3,jazz,2026-05-25T21:32:50.265836+00:00,2026-05-25T21:35:06.404738+00:00,
969cf4c7-4bff-4777-8a0a-2219f2bd74ba,jazz,post-bop,"post-bop jazz, meditative atmosphere, featuring saxophone and piano trio","jazz, fusion, electric",chirp-v4-5+,done,7e4e8771-2194-4ad2-98aa-b9b8c03c9290,b8021da4-a96e-4164-b33a-c03ac4521fe9,1d2124dd-4bfa-4eca-b644-23816759793f,https://cdn.ttapi.io/suno/20260525/370614b3fc5e4d4583fcd94c533d236f.mp3,https://cdn.ttapi.io/suno/20260525/9a2531f8b02c497996918dbd574ca982.mp3,audio/jazz/969cf4c7-4bff-4777-8a0a-2219f2bd74ba_1.mp3,audio/jazz/969cf4c7-4bff-4777-8a0a-2219f2bd74ba_2.mp3,jazz,2026-05-25T21:32:51.499796+00:00,2026-05-25T21:35:34.564543+00:00,
f2396232-811a-42e8-9901-595b9555c0a6,jazz,bebop,"bebop jazz, playful atmosphere, featuring saxophone and piano trio","jazz, saxophone, piano",chirp-v4-5+,done,6a5302a5-5208-42ab-bfb6-c6cc4f77a9d7,bd8fa5e5-e732-4e30-8e60-80e87ee84c41,828b0df1-9747-410b-a296-8ea793e65f70,https://cdn.ttapi.io/suno/20260525/82f7a1ba6a9845c09dfd7fa58eb32044.mp3,https://cdn.ttapi.io/suno/20260525/e1fecddcf6564fa5bf93cf76e10574df.mp3,audio/jazz/f2396232-811a-42e8-9901-595b9555c0a6_1.mp3,audio/jazz/f2396232-811a-42e8-9901-595b9555c0a6_2.mp3,jazz,2026-05-25T21:33:01.386402+00:00,2026-05-25T21:34:52.099551+00:00,
39404eea-3818-4234-920c-1f77ad651ca3,jazz,cool jazz,"cool jazz, playful atmosphere, featuring saxophone and piano trio","jazz, trumpet, swing",chirp-v4-5+,done,6ab1e023-4c0e-485f-a69a-97a41fa0dd1b,015adeb4-6328-46bf-af8e-31b3836ad748,f37d7283-b800-4407-b56d-7f8bf28b4bf5,https://cdn.ttapi.io/suno/20260525/8a38c8744c5943adabe7e35cbc184ba8.mp3,https://cdn.ttapi.io/suno/20260525/928c982c61dd4a2685543e29555159e0.mp3,audio/jazz/39404eea-3818-4234-920c-1f77ad651ca3_1.mp3,audio/jazz/39404eea-3818-4234-920c-1f77ad651ca3_2.mp3,jazz,2026-05-25T21:33:02.815796+00:00,2026-05-25T21:34:37.208205+00:00,
ec3374d2-046f-4104-bc35-6e072939ba24,jazz,fusion,"fusion jazz, playful atmosphere, featuring saxophone and piano trio","jazz, bass, drums",chirp-v4-5+,done,b35a2390-b029-45e8-a968-7866a9a8c672,738caea8-ca08-49c1-92e4-e7b9bdd8a0c7,6cfd8939-4d43-49b2-9910-7d38a7a7041d,https://cdn.ttapi.io/suno/20260525/2a4531c4652e41d78ac8591b3bdd9002.mp3,https://cdn.ttapi.io/suno/20260525/8132cb874b47409991377bd71e4b00d6.mp3,audio/jazz/ec3374d2-046f-4104-bc35-6e072939ba24_1.mp3,audio/jazz/ec3374d2-046f-4104-bc35-6e072939ba24_2.mp3,jazz,2026-05-25T21:33:04.147925+00:00,2026-05-25T21:35:27.350716+00:00,
5da47842-dac2-4caf-9fd4-066ea6f9574c,jazz,smooth jazz,"smooth jazz, playful atmosphere, featuring saxophone and piano trio","jazz, guitar, bossa nova",chirp-v4-5+,done,f6c12ae0-9277-4262-a3a7-a8d4918b9548,cb1b8bf1-77b4-4dae-8814-ff8920ffbb56,a9bcd750-8d45-4a7f-993e-817a30006b8f,https://cdn.ttapi.io/suno/20260525/a17b044f6eaa4736882191106b1cde27.mp3,https://cdn.ttapi.io/suno/20260525/d03a68830fec45668b08dfc8fd275e75.mp3,audio/jazz/5da47842-dac2-4caf-9fd4-066ea6f9574c_1.mp3,audio/jazz/5da47842-dac2-4caf-9fd4-066ea6f9574c_2.mp3,jazz,2026-05-25T21:34:11.404342+00:00,2026-05-25T21:36:54.759151+00:00,
6b2ef01d-1321-4465-8206-8352a91e0fdc,jazz,hard bop,"hard bop jazz, playful atmosphere, featuring saxophone and piano trio","jazz, fusion, electric",chirp-v4-5+,done,fd23c182-0cd8-4bd7-9abd-053351dce644,9083ac4c-1643-4c6c-9b2e-c584d145df50,42970d77-49c6-4071-b29f-57853d2ad93e,https://cdn.ttapi.io/suno/20260525/173c0d38a1b0454488903799670c4ba9.mp3,https://cdn.ttapi.io/suno/20260525/d4b7f91cc2cb4beb8be248c5d31e717c.mp3,audio/jazz/6b2ef01d-1321-4465-8206-8352a91e0fdc_1.mp3,audio/jazz/6b2ef01d-1321-4465-8206-8352a91e0fdc_2.mp3,jazz,2026-05-25T21:34:31.237968+00:00,2026-05-25T21:37:24.145863+00:00,
bcbfc45f-7d69-41b0-b592-1eebcb2bcbc6,jazz,free jazz,"free jazz, playful atmosphere, featuring saxophone and piano trio","jazz, saxophone, piano",chirp-v4-5+,done,c55cb7e5-d1e7-41d0-afbf-da1f9ccb6517,33c6b4ee-5fc8-4835-8494-5be0f9ec9d4e,44b3e274-68fd-4561-a7e8-33a3f306c2db,https://cdn.ttapi.io/suno/20260525/e497adf1dbcc4de9b865bcbb9daf3cae.mp3,https://cdn.ttapi.io/suno/20260525/243324f011b646ba96e635fad65f66f3.mp3,audio/jazz/bcbfc45f-7d69-41b0-b592-1eebcb2bcbc6_1.mp3,audio/jazz/bcbfc45f-7d69-41b0-b592-1eebcb2bcbc6_2.mp3,jazz,2026-05-25T21:34:32.545656+00:00,2026-05-25T21:36:55.036316+00:00,
9b79f085-5cec-4f2e-8678-5e3288b5e3f0,jazz,latin jazz,"latin jazz, playful atmosphere, featuring saxophone and piano trio","jazz, trumpet, swing",chirp-v4-5+,done,93720394-af1d-4a7e-98ef-4b0696c1eac5,cbf98c71-79c7-4021-bb1e-b64de8caaafd,7879f7bf-6388-4f0a-a871-a4711852b170,https://cdn.ttapi.io/suno/20260525/22a408de89914a3d9778764ee8693ed2.mp3,https://cdn.ttapi.io/suno/20260525/7412f77ec9824aeaa8478b3fef148240.mp3,audio/jazz/9b79f085-5cec-4f2e-8678-5e3288b5e3f0_1.mp3,audio/jazz/9b79f085-5cec-4f2e-8678-5e3288b5e3f0_2.mp3,jazz,2026-05-25T21:34:33.833340+00:00,2026-05-25T21:37:15.384458+00:00,
2a3f79ea-e403-4ca7-92ea-e7052a311387,jazz,swing,"swing jazz, playful atmosphere, featuring saxophone and piano trio","jazz, bass, drums",chirp-v4-5+,done,aba3cc34-a81d-462c-afa0-a418f21ec97d,fec4b528-40c7-4dcd-87c7-1ff9f0c42b57,84657b41-a142-41ae-80a8-0abd5fb8ef5c,https://cdn.ttapi.io/suno/20260525/a56aecd7aa95451789a75942b65600e3.mp3,https://cdn.ttapi.io/suno/20260525/6254cdb8c5f549478fd204df512ab36b.mp3,audio/jazz/2a3f79ea-e403-4ca7-92ea-e7052a311387_1.mp3,audio/jazz/2a3f79ea-e403-4ca7-92ea-e7052a311387_2.mp3,jazz,2026-05-25T21:34:35.122945+00:00,2026-05-25T21:37:05.230156+00:00,
d90cb0a4-f477-4ae8-8577-45968f339b7d,jazz,modal jazz,"modal jazz, playful atmosphere, featuring saxophone and piano trio","jazz, guitar, bossa nova",chirp-v4-5+,done,6f37b4cf-8035-43a0-bd3f-fff4d4ee88fe,019f9bbd-59ff-4bd9-8d8c-32ea6d4dcc7b,a3bbf06d-01d2-4d67-ad0f-335936c7cbe5,https://cdn.ttapi.io/suno/20260525/c5555ab74ecf4057b69388f4efb88924.mp3,https://cdn.ttapi.io/suno/20260525/c8bcba42ec3c4f0b92795e51ed4bfbbc.mp3,audio/jazz/d90cb0a4-f477-4ae8-8577-45968f339b7d_1.mp3,audio/jazz/d90cb0a4-f477-4ae8-8577-45968f339b7d_2.mp3,jazz,2026-05-25T21:34:44.195927+00:00,2026-05-25T21:37:05.390886+00:00,
ce0ce034-47b6-4c95-86a2-b26dc3a48a82,jazz,post-bop,"post-bop jazz, playful atmosphere, featuring saxophone and piano trio","jazz, fusion, electric",chirp-v4-5+,done,4b5e1569-1be9-4d93-947e-715fdc7ed586,cc4255e4-bac9-45a2-ae74-be19c7c0aa8a,51c6e01d-cc82-4773-93af-50871591ccef,https://cdn.ttapi.io/suno/20260525/90b5380744f94869b21c139673edc455.mp3,https://cdn.ttapi.io/suno/20260525/d39b415cba964ba1aad41de5137cd8fb.mp3,audio/jazz/ce0ce034-47b6-4c95-86a2-b26dc3a48a82_1.mp3,audio/jazz/ce0ce034-47b6-4c95-86a2-b26dc3a48a82_2.mp3,jazz,2026-05-25T21:34:45.501324+00:00,2026-05-25T21:36:55.399552+00:00,
515645b0-ca5b-46c8-bc09-e7cb1553213f,jazz,bebop,"bebop jazz, late-night atmosphere, featuring double bass and brushed drums","jazz, saxophone, piano",chirp-v4-5+,done,e1affad9-fce5-4fcd-9ae3-7cc441846875,489c8ccb-0d2b-4af1-9d4d-e5f1648a9635,ec51a4dd-c633-4046-8117-597d60f0730e,https://cdn.ttapi.io/suno/20260525/f58a2a25ce4f4205a9ceaa9b83b7803c.mp3,https://cdn.ttapi.io/suno/20260525/533cbedf182f40d594e444ef410c123c.mp3,audio/jazz/515645b0-ca5b-46c8-bc09-e7cb1553213f_1.mp3,audio/jazz/515645b0-ca5b-46c8-bc09-e7cb1553213f_2.mp3,jazz,2026-05-25T21:34:46.800759+00:00,2026-05-25T21:36:55.531991+00:00,
9617f2c9-16ee-4b94-b9b4-db9d3b83ba2a,jazz,cool jazz,"cool jazz, late-night atmosphere, featuring double bass and brushed drums","jazz, trumpet, swing",chirp-v4-5+,done,5da6b018-3157-4095-8d59-d57160469c11,a88ded78-1819-45bc-b554-d60dcabd08e0,8677e22b-8479-4844-9294-5e3a395cb3db,https://cdn.ttapi.io/suno/20260525/e8ac6b6754e34595b971566fc53cadd6.mp3,https://cdn.ttapi.io/suno/20260525/e5b3997645c94b06b56b3e83332dbee3.mp3,audio/jazz/9617f2c9-16ee-4b94-b9b4-db9d3b83ba2a_1.mp3,audio/jazz/9617f2c9-16ee-4b94-b9b4-db9d3b83ba2a_2.mp3,jazz,2026-05-25T21:34:48.086890+00:00,2026-05-25T21:37:34.236512+00:00,
3c74af78-ba16-4ae2-8a0f-b72c2d2252e0,jazz,fusion,"fusion jazz, late-night atmosphere, featuring double bass and brushed drums","jazz, bass, drums",chirp-v4-5+,done,4ebd7d2c-b6c3-4e8a-a999-9da447cd2934,9af9792e-d991-4257-a7fa-f11f06b0e621,f96feb4f-0c22-45ed-bff8-a784a8074dc7,https://cdn.ttapi.io/suno/20260525/40b37b857cb749c682c464d76c90ad6e.mp3,https://cdn.ttapi.io/suno/20260525/e2b8e7d67d2b405fa3b35e4d51200190.mp3,audio/jazz/3c74af78-ba16-4ae2-8a0f-b72c2d2252e0_1.mp3,audio/jazz/3c74af78-ba16-4ae2-8a0f-b72c2d2252e0_2.mp3,jazz,2026-05-25T21:34:49.374326+00:00,2026-05-25T21:37:34.399923+00:00,
b742b8ee-1388-4dd9-a269-3677b1d230d7,jazz,smooth jazz,"smooth jazz, late-night atmosphere, featuring double bass and brushed drums","jazz, guitar, bossa nova",chirp-v4-5+,done,c59ebdd7-f487-4aef-9ba4-001b7c3629e0,f4e5b97a-7875-48c6-b27a-863080834c39,a56a7593-b345-407e-9b13-9fd257bf8792,https://cdn.ttapi.io/suno/20260525/cfd7814a000f48a983ae462280451922.mp3,https://cdn.ttapi.io/suno/20260525/edf86d3f3e664b72872682e669c0e558.mp3,audio/jazz/b742b8ee-1388-4dd9-a269-3677b1d230d7_1.mp3,audio/jazz/b742b8ee-1388-4dd9-a269-3677b1d230d7_2.mp3,jazz,2026-05-25T21:34:50.643293+00:00,2026-05-25T21:37:34.510144+00:00,
2a4cdfb2-06aa-4da5-9245-5e02f95b3b27,jazz,hard bop,"hard bop jazz, late-night atmosphere, featuring double bass and brushed drums","jazz, fusion, electric",chirp-v4-5+,done,8f780fc9-d314-4e61-be5c-ed83d66bdb84,6d7aab56-ce2a-44e5-a7da-5015a2815e62,345ee35d-3837-4fc6-b8df-98a840e84261,https://cdn.ttapi.io/suno/20260525/63d6f8a413384084b3bb3b7a5f9af899.mp3,https://cdn.ttapi.io/suno/20260525/055462cb158c48cd818ee0a21ae64ab6.mp3,audio/jazz/2a4cdfb2-06aa-4da5-9245-5e02f95b3b27_1.mp3,audio/jazz/2a4cdfb2-06aa-4da5-9245-5e02f95b3b27_2.mp3,jazz,2026-05-25T21:34:58.232211+00:00,2026-05-25T21:37:15.816678+00:00,
ae2afb40-306e-4274-ac8b-496b29c7c8a3,jazz,free jazz,"free jazz, late-night atmosphere, featuring double bass and brushed drums","jazz, saxophone, piano",chirp-v4-5+,done,4914b36e-94cb-4939-9ab6-3a79c6f5db9b,1c07a9c0-89f0-414f-b820-98a3ac9a0b24,94be52bd-8aee-4c09-8625-7eb7acf85742,https://cdn.ttapi.io/suno/20260525/df6fdad380234f88a988a541f1f80d6e.mp3,https://cdn.ttapi.io/suno/20260525/27fc719013f44603bc817bdcd4b1e57b.mp3,audio/jazz/ae2afb40-306e-4274-ac8b-496b29c7c8a3_1.mp3,audio/jazz/ae2afb40-306e-4274-ac8b-496b29c7c8a3_2.mp3,jazz,2026-05-25T21:34:59.460245+00:00,2026-05-25T21:37:24.609797+00:00,
21a549df-ce52-42e3-96aa-55a14547b265,jazz,latin jazz,"latin jazz, late-night atmosphere, featuring double bass and brushed drums","jazz, trumpet, swing",chirp-v4-5+,done,77131d08-6ee9-4c77-ab2b-c91630e50550,19998ad2-89c3-4bfa-a3cd-f8c8817963d0,47ba3a9b-83cc-4df0-8bb4-f215d05d504d,https://cdn.ttapi.io/suno/20260525/0f6ca011893c448183d29c43ea2f5ed9.mp3,https://cdn.ttapi.io/suno/20260525/e369fc419ab842f793f7f5f7a972f27e.mp3,audio/jazz/21a549df-ce52-42e3-96aa-55a14547b265_1.mp3,audio/jazz/21a549df-ce52-42e3-96aa-55a14547b265_2.mp3,jazz,2026-05-25T21:35:05.320135+00:00,2026-05-25T21:37:05.939347+00:00,
4a266d15-16fe-4476-a5b8-05dedbb8884a,jazz,swing,"swing jazz, late-night atmosphere, featuring double bass and brushed drums","jazz, bass, drums",chirp-v4-5+,done,1f71b601-fc06-41fc-aac0-0314de77c6c7,910d8c02-f810-4528-9dd0-965fa0c7dc1b,06c3b29b-1076-4763-8ef8-b5b447a69d0b,https://cdn.ttapi.io/suno/20260525/0160845c1f6a4b58ad50006e79239929.mp3,https://cdn.ttapi.io/suno/20260525/2772b1cee38849f9aedf7641a0727b7d.mp3,audio/jazz/4a266d15-16fe-4476-a5b8-05dedbb8884a_1.mp3,audio/jazz/4a266d15-16fe-4476-a5b8-05dedbb8884a_2.mp3,jazz,2026-05-25T21:35:11.331826+00:00,2026-05-25T21:37:06.078274+00:00,
d33e3ede-0795-42b1-9765-d4418a78acb3,jazz,modal jazz,"modal jazz, late-night atmosphere, featuring double bass and brushed drums","jazz, guitar, bossa nova",chirp-v4-5+,done,41cba3b8-40c0-4741-ae4a-06c0282553cf,c0ee39a6-f82c-4412-b7dd-131f89d0497d,3310e04f-e0dc-45eb-a761-aa46aba398b2,https://cdn.ttapi.io/suno/20260525/523e4df87b8349a69de9ed14a9c4224f.mp3,https://cdn.ttapi.io/suno/20260525/3346ffcea486497bbe2add594e8624ba.mp3,audio/jazz/d33e3ede-0795-42b1-9765-d4418a78acb3_1.mp3,audio/jazz/d33e3ede-0795-42b1-9765-d4418a78acb3_2.mp3,jazz,2026-05-25T21:35:12.641126+00:00,2026-05-25T21:37:16.058233+00:00,
2521c107-d100-49e4-b72c-33675272010d,jazz,post-bop,"post-bop jazz, late-night atmosphere, featuring double bass and brushed drums","jazz, fusion, electric",chirp-v4-5+,done,50df1dcd-2f78-4b7c-aa15-f6c5073da06e,480d77fd-6243-449b-965d-870390ec316f,c55d4574-c28a-4da1-8ace-ad0edfb021eb,https://cdn.ttapi.io/suno/20260525/d661d2dd22e643a1abfbc1d7df5c5b0d.mp3,https://cdn.ttapi.io/suno/20260525/d9f6b8e5debb467ebd86bbacd167263a.mp3,audio/jazz/2521c107-d100-49e4-b72c-33675272010d_1.mp3,audio/jazz/2521c107-d100-49e4-b72c-33675272010d_2.mp3,jazz,2026-05-25T21:35:32.347011+00:00,2026-05-25T21:37:24.791880+00:00,
5eb8b1ba-9220-4df9-8fe2-23fa07d28f83,jazz,bebop,"bebop jazz, melancholic atmosphere, featuring double bass and brushed drums","jazz, saxophone, piano",chirp-v4-5+,done,0e319b0b-7166-4d9a-ac30-8adeb12d2dd7,f4d7561f-c533-4214-97d2-b44af35a00f4,642a70f0-4948-4469-a041-e14f180ceb24,https://cdn.ttapi.io/suno/20260525/d5c077ebbdfa456b8f9e88edb71fef6d.mp3,https://cdn.ttapi.io/suno/20260525/c81ffb7e8e3c4b2498bb9e17dd712ede.mp3,audio/jazz/5eb8b1ba-9220-4df9-8fe2-23fa07d28f83_1.mp3,audio/jazz/5eb8b1ba-9220-4df9-8fe2-23fa07d28f83_2.mp3,jazz,2026-05-25T21:35:33.678129+00:00,2026-05-25T21:37:24.900182+00:00,
21fbc69f-d093-468e-ab80-418a75431ec3,jazz,cool jazz,"cool jazz, melancholic atmosphere, featuring double bass and brushed drums","jazz, trumpet, swing",chirp-v4-5+,done,36ffc264-61c3-4d59-ad4b-f9cf36e07b37,1979ff60-c09d-43ca-9ddd-a3f2b1f3e81c,b579178e-5e13-47c6-95d9-f834d10f03a0,https://cdn.ttapi.io/suno/20260525/f375001faff44b048be151f0739f6c0a.mp3,https://cdn.ttapi.io/suno/20260525/8151bae82c8845428f3d5f0ff9b026d1.mp3,audio/jazz/21fbc69f-d093-468e-ab80-418a75431ec3_1.mp3,audio/jazz/21fbc69f-d093-468e-ab80-418a75431ec3_2.mp3,jazz,2026-05-25T21:35:39.861688+00:00,2026-05-25T21:37:34.616480+00:00,
fb90d219-18c5-4098-8b85-08bcfed476ea,jazz,fusion,"fusion jazz, melancholic atmosphere, featuring double bass and brushed drums","jazz, bass, drums",chirp-v4-5+,done,5481f78f-d84a-4f7f-95a1-c78b929f028d,dca379e4-c82c-4730-9c13-ee04715a144e,5a9e5837-3a58-4f80-a634-50a62fe3c152,https://cdn.ttapi.io/suno/20260525/53d7c693e8004090b436495fbd919586.mp3,https://cdn.ttapi.io/suno/20260525/329e57bdaed44fe79e900c81ca6f822b.mp3,audio/jazz/fb90d219-18c5-4098-8b85-08bcfed476ea_1.mp3,audio/jazz/fb90d219-18c5-4098-8b85-08bcfed476ea_2.mp3,jazz,2026-05-25T21:35:41.122464+00:00,2026-05-25T21:37:34.721043+00:00,
fb30f81f-b800-46cd-b2db-4bb520fc5d00,jazz,smooth jazz,"smooth jazz, melancholic atmosphere, featuring double bass and brushed drums","jazz, guitar, bossa nova",chirp-v4-5+,done,d6bae515-9abe-4201-b684-5723ca71153c,0493c43d-6ac9-4f18-876e-6a51375b7a89,60a3f192-bae2-4b93-896d-65a78859b5d1,https://cdn.ttapi.io/suno/20260525/65978cc59b0140999c344de589faedfb.mp3,https://cdn.ttapi.io/suno/20260525/c9663ba6d92a4304a82e76d4e7aa9a58.mp3,audio/jazz/fb30f81f-b800-46cd-b2db-4bb520fc5d00_1.mp3,audio/jazz/fb30f81f-b800-46cd-b2db-4bb520fc5d00_2.mp3,jazz,2026-05-25T21:37:00.217195+00:00,2026-05-25T21:39:53.319719+00:00,
7c70d93d-93ab-4842-84a4-3cade14fbfe6,jazz,hard bop,"hard bop jazz, melancholic atmosphere, featuring double bass and brushed drums","jazz, fusion, electric",chirp-v4-5+,done,e937a4b3-5cd5-40b9-95b5-6550c5e0cadb,1bc62d95-244b-434f-b46a-c648ee02ea7a,47560515-fc4c-43e5-8556-374751bb8e6b,https://cdn.ttapi.io/suno/20260525/aa70ff40928244da83de702c028e9d91.mp3,https://cdn.ttapi.io/suno/20260525/1b75f57c90824a66a62720aaf72cba10.mp3,audio/jazz/7c70d93d-93ab-4842-84a4-3cade14fbfe6_1.mp3,audio/jazz/7c70d93d-93ab-4842-84a4-3cade14fbfe6_2.mp3,jazz,2026-05-25T21:37:01.580285+00:00,2026-05-25T21:39:38.236872+00:00,
7c3af159-8de1-487b-916f-1b0fc0931c58,jazz,free jazz,"free jazz, melancholic atmosphere, featuring double bass and brushed drums","jazz, saxophone, piano",chirp-v4-5+,done,7d464066-9a28-42a5-ad9c-6fbfedb59706,2d231c84-dbd2-4cdb-b8f2-da567460b8a5,6f971d28-e04d-44d6-b2af-806ade994128,https://cdn.ttapi.io/suno/20260525/eb418bac5b2940eabd74b287a7342a03.mp3,https://cdn.ttapi.io/suno/20260525/9187169d8c3a42a399e7c2bd15f49c4f.mp3,audio/jazz/7c3af159-8de1-487b-916f-1b0fc0931c58_1.mp3,audio/jazz/7c3af159-8de1-487b-916f-1b0fc0931c58_2.mp3,jazz,2026-05-25T21:37:03.031023+00:00,2026-05-25T21:40:15.003134+00:00,
942304cb-e43a-4872-b72b-ac09c8f4fdce,jazz,latin jazz,"latin jazz, melancholic atmosphere, featuring double bass and brushed drums","jazz, trumpet, swing",chirp-v4-5+,done,637852ae-a9a1-45c6-825a-cb5ce527c000,5dd312b9-e279-4885-8ec9-e29e06e4708d,8c2b210d-a534-4618-8395-bd559e973d08,https://cdn.ttapi.io/suno/20260525/baa8768c8700427e86c8a94672f33948.mp3,https://cdn.ttapi.io/suno/20260525/ecca879d99764bda84e44411777226c3.mp3,audio/jazz/942304cb-e43a-4872-b72b-ac09c8f4fdce_1.mp3,audio/jazz/942304cb-e43a-4872-b72b-ac09c8f4fdce_2.mp3,jazz,2026-05-25T21:37:04.305187+00:00,2026-05-25T21:39:53.590513+00:00,
0ebe2942-b897-4dcb-9ea5-ed158ea3f5b7,jazz,swing,"swing jazz, melancholic atmosphere, featuring double bass and brushed drums","jazz, bass, drums",chirp-v4-5+,done,e1885446-0c1c-444b-a3d3-a91f8b23ee2d,1de67a38-3024-4201-bad0-ce55e4c350cb,f535cf2a-675c-4c4b-8d5f-efc7b6237dcd,https://cdn.ttapi.io/suno/20260525/c25fd67359ed4603b40c8a9b69a58b6e.mp3,https://cdn.ttapi.io/suno/20260525/e8f47c19a2e94b3e8fd254be6b07cc6c.mp3,audio/jazz/0ebe2942-b897-4dcb-9ea5-ed158ea3f5b7_1.mp3,audio/jazz/0ebe2942-b897-4dcb-9ea5-ed158ea3f5b7_2.mp3,jazz,2026-05-25T21:37:10.569081+00:00,2026-05-25T21:39:32.657882+00:00,
72e020cd-8cf1-43a2-b0d4-868d232a1368,jazz,modal jazz,"modal jazz, melancholic atmosphere, featuring double bass and brushed drums","jazz, guitar, bossa nova",chirp-v4-5+,done,446347cc-1819-4c41-a5e9-17099a4d4e40,9f48dbd0-f2df-4625-a39e-b6bad1cc6026,114ca56f-fdd0-49da-adf0-7e9029e68320,https://cdn.ttapi.io/suno/20260525/89f8a69a6e83461a8164c706663d86bf.mp3,https://cdn.ttapi.io/suno/20260525/aa584b3164394161aa52a38de591bd62.mp3,audio/jazz/72e020cd-8cf1-43a2-b0d4-868d232a1368_1.mp3,audio/jazz/72e020cd-8cf1-43a2-b0d4-868d232a1368_2.mp3,jazz,2026-05-25T21:37:11.869515+00:00,2026-05-25T21:40:15.174962+00:00,
11895c5e-963f-4ba5-ac0c-eae86766c807,jazz,post-bop,"post-bop jazz, melancholic atmosphere, featuring double bass and brushed drums","jazz, fusion, electric",chirp-v4-5+,done,94a0908b-8fe1-4874-baf6-bb4fca4baa8c,0cc6e58a-7d8e-49fa-a9f9-b3b98db8d368,c603cdb1-e206-48ad-992e-19eb5dfae75c,https://cdn.ttapi.io/suno/20260525/cbbd627093d74b9498d8952c377d1118.mp3,https://cdn.ttapi.io/suno/20260525/afad4e041e19407c8d7ee14acb83cc4d.mp3,audio/jazz/11895c5e-963f-4ba5-ac0c-eae86766c807_1.mp3,audio/jazz/11895c5e-963f-4ba5-ac0c-eae86766c807_2.mp3,jazz,2026-05-25T21:37:13.265652+00:00,2026-05-25T21:40:15.291372+00:00,
908715ef-e699-4d27-8235-25db7ca89672,jazz,bebop,"bebop jazz, uplifting atmosphere, featuring double bass and brushed drums","jazz, saxophone, piano",chirp-v4-5+,done,0d80e2d5-7286-4ba4-9564-c0bddc32c4d2,a38d72d4-e5c9-465a-8854-8940cb3c1218,56e5508e-1267-4cc1-92ab-29aa67c75c50,https://cdn.ttapi.io/suno/20260525/fc2137e5bde94439a866213e2f3d34c7.mp3,https://cdn.ttapi.io/suno/20260525/d5e285681b61477695348f03cdbd7efa.mp3,audio/jazz/908715ef-e699-4d27-8235-25db7ca89672_1.mp3,audio/jazz/908715ef-e699-4d27-8235-25db7ca89672_2.mp3,jazz,2026-05-25T21:37:14.566167+00:00,2026-05-25T21:39:53.889962+00:00,
e8118856-e1e2-42be-a27a-fd2b01479698,jazz,cool jazz,"cool jazz, uplifting atmosphere, featuring double bass and brushed drums","jazz, trumpet, swing",chirp-v4-5+,done,b99fddfd-7b2a-4bb6-94e1-d869ab6030e1,bf4c398c-c0c8-44a4-8069-049dc8c90ae2,fdd5adfa-2962-482c-959b-fd7aa2da7dda,https://cdn.ttapi.io/suno/20260525/8a6b3b79d20043e0ade87677d5385bf2.mp3,https://cdn.ttapi.io/suno/20260525/7247d0744689401fa3c66d28fce7f5b2.mp3,audio/jazz/e8118856-e1e2-42be-a27a-fd2b01479698_1.mp3,audio/jazz/e8118856-e1e2-42be-a27a-fd2b01479698_2.mp3,jazz,2026-05-25T21:37:20.776350+00:00,2026-05-25T21:39:53.996485+00:00,
47bf918e-02da-49f2-aeab-0ae7ef839e03,jazz,fusion,"fusion jazz, uplifting atmosphere, featuring double bass and brushed drums","jazz, bass, drums",chirp-v4-5+,done,79d556f4-b845-47f9-8e58-257e67706b8f,4da82f5e-f06e-471d-942b-a98434c81bbb,23789a34-5a82-4d35-bf70-833e95da9d0a,https://cdn.ttapi.io/suno/20260525/95b884c195144951bf3eb51730e984be.mp3,https://cdn.ttapi.io/suno/20260525/b97a893be0b444db97652895acf8b444.mp3,audio/jazz/47bf918e-02da-49f2-aeab-0ae7ef839e03_1.mp3,audio/jazz/47bf918e-02da-49f2-aeab-0ae7ef839e03_2.mp3,jazz,2026-05-25T21:37:22.064530+00:00,2026-05-25T21:39:54.095935+00:00,
6208bc65-78ec-4d5a-a15f-66bda9d86030,jazz,smooth jazz,"smooth jazz, uplifting atmosphere, featuring double bass and brushed drums","jazz, guitar, bossa nova",chirp-v4-5+,done,8a724979-d320-42be-be71-f7f7d9758436,e5151c4a-d4ab-4843-9fae-a1eec556f657,39e2e32a-ac8b-4984-a827-8c6e97c27f61,https://cdn.ttapi.io/suno/20260525/8ad4c55a776a44f1aea3c9e5ced92cdd.mp3,https://cdn.ttapi.io/suno/20260525/c6083b5501274416bc0511b235a31eac.mp3,audio/jazz/6208bc65-78ec-4d5a-a15f-66bda9d86030_1.mp3,audio/jazz/6208bc65-78ec-4d5a-a15f-66bda9d86030_2.mp3,jazz,2026-05-25T21:37:23.463110+00:00,2026-05-25T21:40:15.397052+00:00,
af7dc7ad-f3c5-440d-9ea7-f1d3485ee729,jazz,hard bop,"hard bop jazz, uplifting atmosphere, featuring double bass and brushed drums","jazz, fusion, electric",chirp-v4-5+,done,8590b6c9-8ae1-49a4-b790-4c8821f2b8da,08975252-5862-491d-8d7b-43dca8226153,c48f2471-e7b7-4d38-b89f-caa5fb5f09c5,https://cdn.ttapi.io/suno/20260525/056853f17cef487f8b54694bf2a47ba8.mp3,https://cdn.ttapi.io/suno/20260525/cc97f42916e54531960d36d739cda487.mp3,audio/jazz/af7dc7ad-f3c5-440d-9ea7-f1d3485ee729_1.mp3,audio/jazz/af7dc7ad-f3c5-440d-9ea7-f1d3485ee729_2.mp3,jazz,2026-05-25T21:37:29.713885+00:00,2026-05-25T21:39:54.275166+00:00,
cb36b399-5ed1-4833-a671-c72a752f224c,jazz,free jazz,"free jazz, uplifting atmosphere, featuring double bass and brushed drums","jazz, saxophone, piano",chirp-v4-5+,done,3af8017b-98ab-4a70-8c0c-e43c7246bb5e,a2540b64-8c39-4890-bc92-b689cf53415b,ff59be95-6857-470c-8c33-5ca9531b8a35,https://cdn.ttapi.io/suno/20260525/37044193765048f8a51535c142594f1b.mp3,https://cdn.ttapi.io/suno/20260525/d77b3843bdf04d05856169e75c085a9c.mp3,audio/jazz/cb36b399-5ed1-4833-a671-c72a752f224c_1.mp3,audio/jazz/cb36b399-5ed1-4833-a671-c72a752f224c_2.mp3,jazz,2026-05-25T21:37:30.998649+00:00,2026-05-25T21:39:39.123838+00:00,
a63caeac-c93a-4d23-b055-fa32b35b9680,jazz,latin jazz,"latin jazz, uplifting atmosphere, featuring double bass and brushed drums","jazz, trumpet, swing",chirp-v4-5+,done,1432e3c7-1e7b-484a-974d-3b28a43ccdcf,eaa6db7a-687d-4ec4-b3b7-88261ae70e36,8b8891db-adfd-4b8e-bbd5-9b7143864e02,https://cdn.ttapi.io/suno/20260525/b89a85d808f94c27bdf3fbb45e037608.mp3,https://cdn.ttapi.io/suno/20260525/da9c4a8c5d634686bc4f19ba5b91a7a7.mp3,audio/jazz/a63caeac-c93a-4d23-b055-fa32b35b9680_1.mp3,audio/jazz/a63caeac-c93a-4d23-b055-fa32b35b9680_2.mp3,jazz,2026-05-25T21:37:32.198487+00:00,2026-05-25T21:41:06.172463+00:00,
b8d0f57a-7dbf-4a49-9ca4-8a3b802f6ad1,jazz,swing,"swing jazz, uplifting atmosphere, featuring double bass and brushed drums","jazz, bass, drums",chirp-v4-5+,done,2c8b4e08-e459-4159-b11c-732e1b632aa7,f3ff6c06-c20c-4719-892a-6e413294e09b,61371cc3-d9de-4f96-bbb8-f74202a9402c,https://cdn.ttapi.io/suno/20260525/34b868f2eb834e5fa2b12a5f82e63a9a.mp3,https://cdn.ttapi.io/suno/20260525/47b2dd78412249d2a9129b2470acccba.mp3,audio/jazz/b8d0f57a-7dbf-4a49-9ca4-8a3b802f6ad1_1.mp3,audio/jazz/b8d0f57a-7dbf-4a49-9ca4-8a3b802f6ad1_2.mp3,jazz,2026-05-25T21:37:33.528747+00:00,2026-05-25T21:39:54.469344+00:00,
85b5aa33-50f6-417c-90d7-6d8d523a2fb9,jazz,modal jazz,"modal jazz, uplifting atmosphere, featuring double bass and brushed drums","jazz, guitar, bossa nova",chirp-v4-5+,done,cbe5b980-be74-4317-bf33-2cc73b40e1be,07b0f0cf-4399-4ec6-9b1d-470990162970,674b7d0a-d8c9-47f0-93a4-5a0e73a4b26e,https://cdn.ttapi.io/suno/20260525/869b2b5c5868410dbfb750098794f085.mp3,https://cdn.ttapi.io/suno/20260525/a0a0d02f37844b23a5e4611aabdb723f.mp3,audio/jazz/85b5aa33-50f6-417c-90d7-6d8d523a2fb9_1.mp3,audio/jazz/85b5aa33-50f6-417c-90d7-6d8d523a2fb9_2.mp3,jazz,2026-05-25T21:37:42.385863+00:00,2026-05-25T21:39:54.574700+00:00,
d52a38a5-dfaa-420b-a381-b8eb1d4544cc,jazz,post-bop,"post-bop jazz, uplifting atmosphere, featuring double bass and brushed drums","jazz, fusion, electric",chirp-v4-5+,done,2bf330cc-9f7f-4be5-9b13-8eaf1ca1d3aa,4548f272-4470-4dc5-be00-4d12194899a2,a4ff2860-7efe-4141-8849-4172db4df430,https://cdn.ttapi.io/suno/20260525/70910ea458714852b0347461a1ed8229.mp3,https://cdn.ttapi.io/suno/20260525/2bb6c5dcd9ff47db804eadf47c8708f5.mp3,audio/jazz/d52a38a5-dfaa-420b-a381-b8eb1d4544cc_1.mp3,audio/jazz/d52a38a5-dfaa-420b-a381-b8eb1d4544cc_2.mp3,jazz,2026-05-25T21:37:43.685521+00:00,2026-05-25T21:39:54.670392+00:00,
d09d89e4-7de8-4cfd-9233-f0fe0ac24811,jazz,bebop,"bebop jazz, relaxed atmosphere, featuring double bass and brushed drums","jazz, saxophone, piano",chirp-v4-5+,done,d252dccd-7561-4e59-8294-2b899d4a8c7a,1e41b6a5-cb12-4ae2-b3f1-e02dc3966003,3c3f8eb6-4f9c-4fff-a156-7e920d310dae,https://cdn.ttapi.io/suno/20260525/93db480834d34810bc98ace0676b9653.mp3,https://cdn.ttapi.io/suno/20260525/067d253b67db4dd7a913a525c2809bf7.mp3,audio/jazz/d09d89e4-7de8-4cfd-9233-f0fe0ac24811_1.mp3,audio/jazz/d09d89e4-7de8-4cfd-9233-f0fe0ac24811_2.mp3,jazz,2026-05-25T21:37:45.027164+00:00,2026-05-25T21:39:14.579318+00:00,
c232ae5b-737e-41c0-888f-c48ecdc223c9,jazz,cool jazz,"cool jazz, relaxed atmosphere, featuring double bass and brushed drums","jazz, trumpet, swing",chirp-v4-5+,done,2b446277-9813-4165-9bd3-9c0964ff9dcb,266d4bd4-74dc-4d96-86f4-e5170953fa54,78dc6164-e641-4225-87bd-54759752cffd,https://cdn.ttapi.io/suno/20260525/b99261f354ca498294041fea36e6bdcb.mp3,https://cdn.ttapi.io/suno/20260525/0e6f8623281142e8afd8e38389e46189.mp3,audio/jazz/c232ae5b-737e-41c0-888f-c48ecdc223c9_1.mp3,audio/jazz/c232ae5b-737e-41c0-888f-c48ecdc223c9_2.mp3,jazz,2026-05-25T21:37:46.314361+00:00,2026-05-25T21:40:15.589178+00:00,
577815cc-8ab3-46f1-b03f-b4c591e52ba0,jazz,fusion,"fusion jazz, relaxed atmosphere, featuring double bass and brushed drums","jazz, bass, drums",chirp-v4-5+,done,5478451f-303c-4125-be6e-c304aaf2a9e1,3a8492bc-b8d4-471d-bcb3-de8071a13cc1,1d0b52f8-d2dc-4b1c-bd4c-22773ce95391,https://cdn.ttapi.io/suno/20260525/a8ae37aa03b1495c820b43519ebaaf59.mp3,https://cdn.ttapi.io/suno/20260525/374c287f688844afac9c41f66538c3f2.mp3,audio/jazz/577815cc-8ab3-46f1-b03f-b4c591e52ba0_1.mp3,audio/jazz/577815cc-8ab3-46f1-b03f-b4c591e52ba0_2.mp3,jazz,2026-05-25T21:37:47.590461+00:00,2026-05-25T21:39:39.739229+00:00,
3fcf2157-a13e-41c3-8aaa-82c7890227cb,jazz,smooth jazz,"smooth jazz, relaxed atmosphere, featuring double bass and brushed drums","jazz, guitar, bossa nova",chirp-v4-5+,done,81c43f47-a95e-4fe2-b650-07bb011930ca,534f9c4e-13da-43e1-bdbd-2bd8bdad8286,ade306e7-88f2-4ca5-b24a-272638c0e430,https://cdn.ttapi.io/suno/20260525/5f505aa6c9db407d831da60d077000e8.mp3,https://cdn.ttapi.io/suno/20260525/5ce3212803e94a3f86d2fc3201b1e934.mp3,audio/jazz/3fcf2157-a13e-41c3-8aaa-82c7890227cb_1.mp3,audio/jazz/3fcf2157-a13e-41c3-8aaa-82c7890227cb_2.mp3,jazz,2026-05-25T21:39:17.945188+00:00,2026-05-25T21:41:37.942511+00:00,
5fed18d3-b719-40b3-885c-a9d8c7977ccc,jazz,hard bop,"hard bop jazz, relaxed atmosphere, featuring double bass and brushed drums","jazz, fusion, electric",chirp-v4-5+,done,055b792b-5de1-4c79-a375-202475bd407a,1161b3ab-b7ee-47ad-ad8e-f98f327743c2,766ed9b3-b655-4eb5-88c3-42acf0997293,https://cdn.ttapi.io/suno/20260525/f824827e379d4fdaa37d88bad1d8575f.mp3,https://cdn.ttapi.io/suno/20260525/7241bbdd54954501a3df574543b65c29.mp3,audio/jazz/5fed18d3-b719-40b3-885c-a9d8c7977ccc_1.mp3,audio/jazz/5fed18d3-b719-40b3-885c-a9d8c7977ccc_2.mp3,jazz,2026-05-25T21:39:37.421707+00:00,2026-05-25T21:41:49.754444+00:00,
827c5a20-429f-4335-9f61-7b35b35bdf32,jazz,free jazz,"free jazz, relaxed atmosphere, featuring double bass and brushed drums","jazz, saxophone, piano",chirp-v4-5+,done,345e0576-f8f4-4f96-a09a-891adbd26ae9,3d534014-e557-4c3e-9c16-fb08d89d01f1,65c1f561-54f4-423c-a3c6-e087b991b8d0,https://cdn.ttapi.io/suno/20260525/1ca8972c3a434e9cafc6a8155fe4fcae.mp3,https://cdn.ttapi.io/suno/20260525/0f0c9583cbb44e2fb9a4e4173711eacf.mp3,audio/jazz/827c5a20-429f-4335-9f61-7b35b35bdf32_1.mp3,audio/jazz/827c5a20-429f-4335-9f61-7b35b35bdf32_2.mp3,jazz,2026-05-25T21:39:50.043339+00:00,2026-05-25T21:42:07.015533+00:00,
867885da-a12c-48f0-8c97-f03abab5ad3a,jazz,latin jazz,"latin jazz, relaxed atmosphere, featuring double bass and brushed drums","jazz, trumpet, swing",chirp-v4-5+,done,ef1629d7-0a20-4fb7-9926-3ba4f66458b3,765ac8e9-b54c-43d3-9349-48d144bbb733,4f1321dc-6fac-438c-8da7-808d76333a75,https://cdn.ttapi.io/suno/20260525/a381583848cc4ea6b4539173e3ed826a.mp3,https://cdn.ttapi.io/suno/20260525/e020f00a2d524362a2b170d04027c23d.mp3,audio/jazz/867885da-a12c-48f0-8c97-f03abab5ad3a_1.mp3,audio/jazz/867885da-a12c-48f0-8c97-f03abab5ad3a_2.mp3,jazz,2026-05-25T21:39:51.301055+00:00,2026-05-25T21:41:59.870143+00:00,
3a7e5bf5-deb8-423e-b47f-55e72c7481a3,jazz,swing,"swing jazz, relaxed atmosphere, featuring double bass and brushed drums","jazz, bass, drums",chirp-v4-5+,done,45e63540-42d7-476f-b373-b1c5ec407e80,beaba035-562d-4494-8572-36b33da48a94,900f1f2d-b709-4622-b009-a7868e9bc56c,https://cdn.ttapi.io/suno/20260525/011491d4518445889584c21f709383a9.mp3,https://cdn.ttapi.io/suno/20260525/8921f34352344bceafe40a6bc672a198.mp3,audio/jazz/3a7e5bf5-deb8-423e-b47f-55e72c7481a3_1.mp3,audio/jazz/3a7e5bf5-deb8-423e-b47f-55e72c7481a3_2.mp3,jazz,2026-05-25T21:39:52.608077+00:00,2026-05-25T21:41:50.127754+00:00,
679eed33-f09f-4325-abb7-c130b487d72b,jazz,modal jazz,"modal jazz, relaxed atmosphere, featuring double bass and brushed drums","jazz, guitar, bossa nova",chirp-v4-5+,done,1f0b06b6-098c-4fba-aef9-7191c3b720bc,0c8469b2-4091-4157-ac54-e20d06ec564b,945e9ac8-ca30-4edc-af78-3e2f48a1f12d,https://cdn.ttapi.io/suno/20260525/578082297f244e9db73a4ac59e75149c.mp3,https://cdn.ttapi.io/suno/20260525/d9401579ccca4ff78b3988062f97460b.mp3,audio/jazz/679eed33-f09f-4325-abb7-c130b487d72b_1.mp3,audio/jazz/679eed33-f09f-4325-abb7-c130b487d72b_2.mp3,jazz,2026-05-25T21:40:03.751601+00:00,2026-05-25T21:42:07.192212+00:00,
5cb60e0c-2531-4842-a0bf-10777b32eda0,jazz,post-bop,"post-bop jazz, relaxed atmosphere, featuring double bass and brushed drums","jazz, fusion, electric",chirp-v4-5+,done,cec4119e-afb3-47ac-93ba-2f43e1fb1957,b2658dad-dd6e-42c9-b229-108104e379b9,a7362ec5-6ea7-42c6-a64f-62ea6ba837f0,https://cdn.ttapi.io/suno/20260525/52309cab62684d2faeb99a40a3feba9a.mp3,https://cdn.ttapi.io/suno/20260525/ec2a02dd11484e989cd56448241d0127.mp3,audio/jazz/5cb60e0c-2531-4842-a0bf-10777b32eda0_1.mp3,audio/jazz/5cb60e0c-2531-4842-a0bf-10777b32eda0_2.mp3,jazz,2026-05-25T21:40:05.129770+00:00,2026-05-25T21:41:50.362036+00:00,
b3a6b2c1-3dae-47d7-8be7-ca234f76b3bd,jazz,bebop,"bebop jazz, energetic atmosphere, featuring double bass and brushed drums","jazz, saxophone, piano",chirp-v4-5+,done,c502e5ae-f6e3-4cdf-a242-72a2e2ef9128,9f3f88f7-5e73-4d37-9273-6c6fe98c7448,e4b7389a-8446-4187-85fc-0e22118744c6,https://cdn.ttapi.io/suno/20260525/2db1bde9b85e4d2a8e0374f575a85afa.mp3,https://cdn.ttapi.io/suno/20260525/bcad3e68b2604bbc8898dcf5eb86376a.mp3,audio/jazz/b3a6b2c1-3dae-47d7-8be7-ca234f76b3bd_1.mp3,audio/jazz/b3a6b2c1-3dae-47d7-8be7-ca234f76b3bd_2.mp3,jazz,2026-05-25T21:40:06.382934+00:00,2026-05-25T21:42:23.650450+00:00,
f1eae4fe-3119-4e96-a822-a09eef93665a,jazz,cool jazz,"cool jazz, energetic atmosphere, featuring double bass and brushed drums","jazz, trumpet, swing",chirp-v4-5+,done,ae66d8e6-194e-4069-86cd-70dbc6512a60,c9b27c7a-7e69-4f0e-833f-bd2279275d55,366e12c4-2ca4-422d-9c2f-57e5077385d8,https://cdn.ttapi.io/suno/20260525/35e4d7cba4e6458a80546b4e7846e6ed.mp3,https://cdn.ttapi.io/suno/20260525/37184738cc35442b90e60200cd61eba8.mp3,audio/jazz/f1eae4fe-3119-4e96-a822-a09eef93665a_1.mp3,audio/jazz/f1eae4fe-3119-4e96-a822-a09eef93665a_2.mp3,jazz,2026-05-25T21:40:07.689941+00:00,2026-05-25T21:41:50.550726+00:00,
855093c1-3662-43e8-a710-f98eba312922,jazz,fusion,"fusion jazz, energetic atmosphere, featuring double bass and brushed drums","jazz, bass, drums",chirp-v4-5+,done,7af52632-c3e3-4d35-9ae4-c1c9e03c682f,ac3ed5d7-cfd6-40f6-b6bb-af1bdd13a7d7,9ad6a791-a81b-4e21-a148-c380b892f19b,https://cdn.ttapi.io/suno/20260525/03d91bcf0dbe431b871aa4ac7ddeccc7.mp3,https://cdn.ttapi.io/suno/20260525/3d5f117fd08641d9b683208242884219.mp3,audio/jazz/855093c1-3662-43e8-a710-f98eba312922_1.mp3,audio/jazz/855093c1-3662-43e8-a710-f98eba312922_2.mp3,jazz,2026-05-25T21:40:08.979532+00:00,2026-05-25T21:42:07.387191+00:00,
02d906e6-fe53-4170-ba7b-93acf2ce29e0,jazz,smooth jazz,"smooth jazz, energetic atmosphere, featuring double bass and brushed drums","jazz, guitar, bossa nova",chirp-v4-5+,done,29497af1-2a07-42f1-928c-f39d04f0d184,bc4a9d8c-8762-46b6-9e38-329f6760222b,ffba21bf-38b5-4905-a1f9-34e6c623e9f2,https://cdn.ttapi.io/suno/20260525/dedc4fce7fd240acb55fdeaab3f96270.mp3,https://cdn.ttapi.io/suno/20260525/a0ca6064bbfc41228f13eb50dea496c7.mp3,audio/jazz/02d906e6-fe53-4170-ba7b-93acf2ce29e0_1.mp3,audio/jazz/02d906e6-fe53-4170-ba7b-93acf2ce29e0_2.mp3,jazz,2026-05-25T21:40:10.277683+00:00,2026-05-25T21:42:23.821040+00:00,
381cb10d-fa83-42fd-ba12-aa1fdc6f52a3,jazz,hard bop,"hard bop jazz, energetic atmosphere, featuring double bass and brushed drums","jazz, fusion, electric",chirp-v4-5+,done,3d631876-5675-44e9-9f6f-bc116646a399,088b0119-0845-4783-8091-e992657d0485,25a37b69-b727-42b4-b027-ee3d6bf59bf1,https://cdn.ttapi.io/suno/20260525/94648c470347421c9c40b36e2f5b1f1a.mp3,https://cdn.ttapi.io/suno/20260525/883ebe7e23854fcf8962ad0eff051553.mp3,audio/jazz/381cb10d-fa83-42fd-ba12-aa1fdc6f52a3_1.mp3,audio/jazz/381cb10d-fa83-42fd-ba12-aa1fdc6f52a3_2.mp3,jazz,2026-05-25T21:40:11.601989+00:00,2026-05-25T21:42:07.569787+00:00,
5972e5a4-6aca-41dc-80c6-daf51ff225d6,jazz,free jazz,"free jazz, energetic atmosphere, featuring double bass and brushed drums","jazz, saxophone, piano",chirp-v4-5+,done,3dba2d42-922d-4612-8eb1-3bfff8d2355d,733503cb-3742-4174-a383-0317ac90bc81,32fdf8e1-d956-4ba1-b2ea-af1f0ea2404d,https://cdn.ttapi.io/suno/20260525/a930832809d3433591a081655b254b5a.mp3,https://cdn.ttapi.io/suno/20260525/95d773d8fbbb4fc2bbf4c6c80d055b32.mp3,audio/jazz/5972e5a4-6aca-41dc-80c6-daf51ff225d6_1.mp3,audio/jazz/5972e5a4-6aca-41dc-80c6-daf51ff225d6_2.mp3,jazz,2026-05-25T21:40:12.979189+00:00,2026-05-25T21:42:07.673559+00:00,
cfb67d67-76e3-41d1-b675-9f085076f8cb,jazz,latin jazz,"latin jazz, energetic atmosphere, featuring double bass and brushed drums","jazz, trumpet, swing",chirp-v4-5+,done,d5eea98a-0212-4248-820b-900942e47be7,eac96385-9ac1-4eeb-8f4a-ea6a76635671,428779d8-d0d9-47f1-a07e-01d140b1ba5c,https://cdn.ttapi.io/suno/20260525/7fc0696b52ac42ebb0022fe65ee586e0.mp3,https://cdn.ttapi.io/suno/20260525/aec8482e0db64ea4bac537a9e9c598a8.mp3,audio/jazz/cfb67d67-76e3-41d1-b675-9f085076f8cb_1.mp3,audio/jazz/cfb67d67-76e3-41d1-b675-9f085076f8cb_2.mp3,jazz,2026-05-25T21:40:14.299809+00:00,2026-05-25T21:42:07.772497+00:00,
fc11d8a7-d271-4eb1-8ed0-e474e5b99387,jazz,swing,"swing jazz, energetic atmosphere, featuring double bass and brushed drums","jazz, bass, drums",chirp-v4-5+,done,e2e8aed1-044e-4d53-8d84-4e2fa740c80c,ccd5ef9f-be99-4e99-ba27-fdec2426f914,5002bc91-597a-44dd-8265-2fee4b0584e4,https://cdn.ttapi.io/suno/20260525/fca74531b118490bb9c4ecf3f4e1dcb2.mp3,https://cdn.ttapi.io/suno/20260525/45df3b9c72ec40c99d093bf0032fe861.mp3,audio/jazz/fc11d8a7-d271-4eb1-8ed0-e474e5b99387_1.mp3,audio/jazz/fc11d8a7-d271-4eb1-8ed0-e474e5b99387_2.mp3,jazz,2026-05-25T21:40:22.985953+00:00,2026-05-25T21:41:45.123441+00:00,
d8d89496-af40-488f-831e-b02ce5267d93,jazz,modal jazz,"modal jazz, energetic atmosphere, featuring double bass and brushed drums","jazz, guitar, bossa nova",chirp-v4-5+,done,6f16ebdc-8e13-4d98-b417-ef5b26700b1a,6bed09bc-f506-4039-bcbd-66ec8cdd7310,c3dd7d73-cffb-470d-aede-f02a1a842909,https://cdn.ttapi.io/suno/20260525/b81585041ba64be0ba312b8b3870e4e2.mp3,https://cdn.ttapi.io/suno/20260525/6edc5523be734e9ba6f741cfb756a70c.mp3,audio/jazz/d8d89496-af40-488f-831e-b02ce5267d93_1.mp3,audio/jazz/d8d89496-af40-488f-831e-b02ce5267d93_2.mp3,jazz,2026-05-25T21:40:24.311969+00:00,2026-05-25T21:42:07.875032+00:00,
79c0969b-5f43-4e12-8f0f-bc406919fd5a,jazz,post-bop,"post-bop jazz, energetic atmosphere, featuring double bass and brushed drums","jazz, fusion, electric",chirp-v4-5+,done,4f54aafa-5725-4aae-b65e-2c7d821ade2d,3419be62-230b-4094-ad7a-a9934be59eb8,d557f68c-4306-43bf-8ae2-eed6be0024e0,https://cdn.ttapi.io/suno/20260525/1f47667ec09f4674a0173e03b9c7bf4b.mp3,https://cdn.ttapi.io/suno/20260525/c268e7df66994fcd9f25df11b23e466e.mp3,audio/jazz/79c0969b-5f43-4e12-8f0f-bc406919fd5a_1.mp3,audio/jazz/79c0969b-5f43-4e12-8f0f-bc406919fd5a_2.mp3,jazz,2026-05-25T21:40:25.606532+00:00,2026-05-25T21:42:23.938305+00:00,
13ebe4df-ff23-4af4-be66-5195fa724233,jazz,bebop,"bebop jazz, nostalgic atmosphere, featuring double bass and brushed drums","jazz, saxophone, piano",chirp-v4-5+,done,179f988e-fa93-4146-b3a5-e3f984637644,53738b8e-46f9-4032-b98f-4809a909b448,b60bfb7a-867a-43af-af2d-c1a441a0bea6,https://cdn.ttapi.io/suno/20260525/4ebdd19dba214f81b51fd882c65fd986.mp3,https://cdn.ttapi.io/suno/20260525/8cf702f8f7fa4619bc0848f17e099ea5.mp3,audio/jazz/13ebe4df-ff23-4af4-be66-5195fa724233_1.mp3,audio/jazz/13ebe4df-ff23-4af4-be66-5195fa724233_2.mp3,jazz,2026-05-25T21:40:26.859625+00:00,2026-05-25T21:42:00.850410+00:00,
d54b7fbe-ef89-493e-bc30-7eba27f5ae97,jazz,cool jazz,"cool jazz, nostalgic atmosphere, featuring double bass and brushed drums","jazz, trumpet, swing",chirp-v4-5+,done,6d420cbc-6b07-491a-8a9e-0a7187bb418b,99118867-850b-43fd-8b2b-6f516138b4e8,fd6d8ee3-d87f-47f4-ba75-4ddbc30d665c,https://cdn.ttapi.io/suno/20260525/8d8d43a64c604feca112d9c9ce524114.mp3,https://cdn.ttapi.io/suno/20260525/582ca70810cb48e69e3e7b0390280f3a.mp3,audio/jazz/d54b7fbe-ef89-493e-bc30-7eba27f5ae97_1.mp3,audio/jazz/d54b7fbe-ef89-493e-bc30-7eba27f5ae97_2.mp3,jazz,2026-05-25T21:40:28.128352+00:00,2026-05-25T21:42:24.039923+00:00,
421549ac-af67-4d11-87af-9f0490c1377f,jazz,fusion,"fusion jazz, nostalgic atmosphere, featuring double bass and brushed drums","jazz, bass, drums",chirp-v4-5+,done,0a39cb1f-2a37-41f7-9e24-c82b2758cf06,6838c1ce-1439-4598-92fe-47e0263ca754,fb22575c-b082-4671-8605-554a63d51ce5,https://cdn.ttapi.io/suno/20260525/178181f22a304ce6bde156f70ecad58f.mp3,https://cdn.ttapi.io/suno/20260525/26754d736066458aa33b872a8e194416.mp3,audio/jazz/421549ac-af67-4d11-87af-9f0490c1377f_1.mp3,audio/jazz/421549ac-af67-4d11-87af-9f0490c1377f_2.mp3,jazz,2026-05-25T21:41:11.708209+00:00,2026-05-25T21:42:38.682346+00:00,
6911327c-c26f-4fbc-9f38-a400bcca8dca,jazz,smooth jazz,"smooth jazz, nostalgic atmosphere, featuring double bass and brushed drums","jazz, guitar, bossa nova",chirp-v4-5+,done,50f79423-1ab9-4789-993a-ebabc5d9973e,9901b5d7-aa09-4592-993f-d6e6ecb93a2f,0d81b7b5-55a8-41a9-a8a4-4431604d482d,https://cdn.ttapi.io/suno/20260525/f20767d9fa66429f956d9017c806e9c4.mp3,https://cdn.ttapi.io/suno/20260525/071293a6073b47d28d02b97b68e712f3.mp3,audio/jazz/6911327c-c26f-4fbc-9f38-a400bcca8dca_1.mp3,audio/jazz/6911327c-c26f-4fbc-9f38-a400bcca8dca_2.mp3,jazz,2026-05-25T21:41:43.137410+00:00,2026-05-25T21:43:17.707533+00:00,
e0f28ab8-8ff2-482c-93f9-36c0b6bd1430,jazz,hard bop,"hard bop jazz, nostalgic atmosphere, featuring double bass and brushed drums","jazz, fusion, electric",chirp-v4-5+,done,0960472c-b8f3-4805-b18b-cfa0ab76bfe7,3bb94558-861c-4940-9643-2ac77cef4ea0,96bfb146-6375-4091-941d-aabc29067907,https://cdn.ttapi.io/suno/20260525/8f3f173d79164b2d93212d3567614f37.mp3,https://cdn.ttapi.io/suno/20260525/0d25825d94734199bb5e62f9176ad738.mp3,audio/jazz/e0f28ab8-8ff2-482c-93f9-36c0b6bd1430_1.mp3,audio/jazz/e0f28ab8-8ff2-482c-93f9-36c0b6bd1430_2.mp3,jazz,2026-05-25T21:41:49.066329+00:00,2026-05-25T21:43:10.283830+00:00,
3df8d79a-8e21-4e12-8cb9-83a4ed77fea3,jazz,free jazz,"free jazz, nostalgic atmosphere, featuring double bass and brushed drums","jazz, saxophone, piano",chirp-v4-5+,done,58a975b8-6006-439d-bd4c-653d97badd01,d9b421f6-b379-414e-8874-27e18dd493d7,50b2a270-62eb-451a-8f37-ed8fa279cb76,https://cdn.ttapi.io/suno/20260525/0f5b15d77c2346bd8546592856eae342.mp3,https://cdn.ttapi.io/suno/20260525/7f2550d0f8174a199ad38e2c4c2ac31e.mp3,audio/jazz/3df8d79a-8e21-4e12-8cb9-83a4ed77fea3_1.mp3,audio/jazz/3df8d79a-8e21-4e12-8cb9-83a4ed77fea3_2.mp3,jazz,2026-05-25T21:41:55.154135+00:00,2026-05-25T21:43:26.181051+00:00,
3bd49d94-65b1-4bc9-a063-944695f47d79,jazz,latin jazz,"latin jazz, nostalgic atmosphere, featuring double bass and brushed drums","jazz, trumpet, swing",chirp-v4-5+,done,2ff8ee57-f515-4fef-94e5-ae96b9101da1,9e5ed73a-2d1b-4f40-a49f-83100ae8aa9f,caccd777-6e42-4c40-8bf5-a029e826d3e9,https://cdn.ttapi.io/suno/20260525/acc6cb253f5e4fe0b9fa07ae2cd51f9f.mp3,https://cdn.ttapi.io/suno/20260525/5533a1d63fe4446e95f4e3d8f72d4a39.mp3,audio/jazz/3bd49d94-65b1-4bc9-a063-944695f47d79_1.mp3,audio/jazz/3bd49d94-65b1-4bc9-a063-944695f47d79_2.mp3,jazz,2026-05-25T21:41:56.442512+00:00,2026-05-25T21:43:26.355018+00:00,
bc74c750-fa7c-4e9d-ab78-2eccac61b9ed,jazz,swing,"swing jazz, nostalgic atmosphere, featuring double bass and brushed drums","jazz, bass, drums",chirp-v4-5+,done,2d612012-c1aa-4620-8689-e40fa259214d,88676120-8163-4cd2-9dcc-8cfcfb4f2f22,a159e46b-3fcf-47b4-af14-5dfc1ee687b4,https://cdn.ttapi.io/suno/20260525/734add5b6e0744b8ae70ba994e828bb6.mp3,https://cdn.ttapi.io/suno/20260525/8cd62d8493174418a02475a8c18acd15.mp3,audio/jazz/bc74c750-fa7c-4e9d-ab78-2eccac61b9ed_1.mp3,audio/jazz/bc74c750-fa7c-4e9d-ab78-2eccac61b9ed_2.mp3,jazz,2026-05-25T21:41:57.724279+00:00,2026-05-25T21:43:10.703896+00:00,
8c4f188f-6677-4de3-9f20-fc52b89f0e61,jazz,modal jazz,"modal jazz, nostalgic atmosphere, featuring double bass and brushed drums","jazz, guitar, bossa nova",chirp-v4-5+,done,6b8d1457-b915-4312-b8cf-8893708c3289,d12c3479-7bef-468b-a0bd-4bad5451ad22,da2756ea-c080-4c82-a46f-856e1ce616aa,https://cdn.ttapi.io/suno/20260525/017e474eefd343dc819a247dca6fb3db.mp3,https://cdn.ttapi.io/suno/20260525/f18819f5bdff41d098b542e815134fe5.mp3,audio/jazz/8c4f188f-6677-4de3-9f20-fc52b89f0e61_1.mp3,audio/jazz/8c4f188f-6677-4de3-9f20-fc52b89f0e61_2.mp3,jazz,2026-05-25T21:41:59.043863+00:00,2026-05-25T21:43:18.071276+00:00,
e0e62f69-8d51-4e40-bf59-c44d238baf87,jazz,post-bop,"post-bop jazz, nostalgic atmosphere, featuring double bass and brushed drums","jazz, fusion, electric",chirp-v4-5+,done,d53b1be2-a568-4e57-8584-168003cf8c3d,5c1d7a4a-d0cb-46df-9f61-7c32c52da571,0fba0758-940e-4eed-bfed-b4226a469020,https://cdn.ttapi.io/suno/20260525/762129f10d384f598beaf70fdd07eb7b.mp3,https://cdn.ttapi.io/suno/20260525/cf17c27530814c199730005493e03cb2.mp3,audio/jazz/e0e62f69-8d51-4e40-bf59-c44d238baf87_1.mp3,audio/jazz/e0e62f69-8d51-4e40-bf59-c44d238baf87_2.mp3,jazz,2026-05-25T21:42:05.057885+00:00,2026-05-25T21:43:40.198892+00:00,
45565a75-c22b-4fdc-9c82-d251438d0b5d,jazz,bebop,"bebop jazz, romantic atmosphere, featuring double bass and brushed drums","jazz, saxophone, piano",chirp-v4-5+,done,5a8f2b9e-47a1-4e6f-a017-ea5cb611e9e8,22bfc455-8f8a-4601-a91a-fd02b0cb7409,22048fef-793e-496d-9ed8-4237b927489b,https://cdn.ttapi.io/suno/20260525/1d9a676074dd4617b2bde5b21951b3bf.mp3,https://cdn.ttapi.io/suno/20260525/4c40e1af2f82462da4f68ec218659552.mp3,audio/jazz/45565a75-c22b-4fdc-9c82-d251438d0b5d_1.mp3,audio/jazz/45565a75-c22b-4fdc-9c82-d251438d0b5d_2.mp3,jazz,2026-05-25T21:42:06.303204+00:00,2026-05-25T21:43:18.256419+00:00,
0d78f578-db49-4322-bda4-469fac6fa71b,jazz,cool jazz,"cool jazz, romantic atmosphere, featuring double bass and brushed drums","jazz, trumpet, swing",chirp-v4-5+,done,c71870d6-c0f1-4445-948c-9bd7bde46d22,159d7a06-f2bf-49ad-813e-e8a2d29e0276,87171628-39e9-4296-8c4b-f411042a12a8,https://cdn.ttapi.io/suno/20260525/ada5b237fbc14230bfcb0628372b2e08.mp3,https://cdn.ttapi.io/suno/20260525/3e0e3c84999645d9947f08d73412adb6.mp3,audio/jazz/0d78f578-db49-4322-bda4-469fac6fa71b_1.mp3,audio/jazz/0d78f578-db49-4322-bda4-469fac6fa71b_2.mp3,jazz,2026-05-25T21:42:15.261776+00:00,2026-05-25T21:43:26.554138+00:00,
d8db3424-c7ad-4b6d-95a6-544b35ad9b5f,jazz,fusion,"fusion jazz, romantic atmosphere, featuring double bass and brushed drums","jazz, bass, drums",chirp-v4-5+,done,e5acaf25-6d61-4e81-9065-7ef488cc9761,33f86701-9d2f-43e8-9971-b885b649ee83,a985c009-b23e-4f06-a65b-99c8ac936dd6,https://cdn.ttapi.io/suno/20260525/fc7315e4076c448a97aa1ad3ef4b33a5.mp3,https://cdn.ttapi.io/suno/20260525/faac3691dfd6497fa273597769e5489d.mp3,audio/jazz/d8db3424-c7ad-4b6d-95a6-544b35ad9b5f_1.mp3,audio/jazz/d8db3424-c7ad-4b6d-95a6-544b35ad9b5f_2.mp3,jazz,2026-05-25T21:42:16.600885+00:00,2026-05-25T21:43:26.656716+00:00,
8a613bdb-fbcc-48ba-aed6-d70777db3686,jazz,smooth jazz,"smooth jazz, romantic atmosphere, featuring double bass and brushed drums","jazz, guitar, bossa nova",chirp-v4-5+,done,04065864-e7a5-47c8-956b-f364698c605b,c61e083d-afcb-4ec7-a23e-794c8c474d65,432c8f37-2a34-4d18-8d57-cab8aff9d5c6,https://cdn.ttapi.io/suno/20260525/8ddabe90a2454879a54fee6307b97007.mp3,https://cdn.ttapi.io/suno/20260525/241fc0a3197b43f3afa5367511ca6d5c.mp3,audio/jazz/8a613bdb-fbcc-48ba-aed6-d70777db3686_1.mp3,audio/jazz/8a613bdb-fbcc-48ba-aed6-d70777db3686_2.mp3,jazz,2026-05-25T21:42:17.889378+00:00,2026-05-25T21:43:26.757531+00:00,
bc9c6e71-7e09-4d2e-bc5c-1feffec38f06,jazz,hard bop,"hard bop jazz, romantic atmosphere, featuring double bass and brushed drums","jazz, fusion, electric",chirp-v4-5+,done,fbd83574-e340-4f69-81d0-47e9068fddf0,74a1e76f-5c17-47b0-9eef-2fceed3eb253,a461e254-682f-4a60-95e7-132eb8103349,https://cdn.ttapi.io/suno/20260525/be4affe9eb3242d4b352a0a0a40b4455.mp3,https://cdn.ttapi.io/suno/20260525/225a58d1b0cc4c648a6c85730a75fbe0.mp3,audio/jazz/bc9c6e71-7e09-4d2e-bc5c-1feffec38f06_1.mp3,audio/jazz/bc9c6e71-7e09-4d2e-bc5c-1feffec38f06_2.mp3,jazz,2026-05-25T21:42:19.174733+00:00,2026-05-25T21:43:40.380723+00:00,
2dada4fa-0eb1-4ca4-a3b0-da5b79b2af05,jazz,free jazz,"free jazz, romantic atmosphere, featuring double bass and brushed drums","jazz, saxophone, piano",chirp-v4-5+,done,4588c7a0-0a70-430f-ba93-e059bf12f5d7,065c9e4f-f390-4847-beab-ffb44eb5a344,b714098c-dfc9-412d-9c88-415296f635e1,https://cdn.ttapi.io/suno/20260525/ba42b4bfbb9b42dbb88a62c13231e5e4.mp3,https://cdn.ttapi.io/suno/20260525/282a885bdbf341818a4845ccde9af17c.mp3,audio/jazz/2dada4fa-0eb1-4ca4-a3b0-da5b79b2af05_1.mp3,audio/jazz/2dada4fa-0eb1-4ca4-a3b0-da5b79b2af05_2.mp3,jazz,2026-05-25T21:42:20.391391+00:00,2026-05-25T21:44:05.629305+00:00,
7fee554b-51f8-49be-a2e9-4b73ac73d7f9,jazz,latin jazz,"latin jazz, romantic atmosphere, featuring double bass and brushed drums","jazz, trumpet, swing",chirp-v4-5+,done,4e0d88a1-f5a8-470d-be29-d7ef8bf528c7,5280cebc-fece-423c-9143-575dd4703e40,61283bfd-8210-4f2d-bd66-a6dd17cb264a,https://cdn.ttapi.io/suno/20260525/c6ec57d391f84a17907853bd3eafcdc3.mp3,https://cdn.ttapi.io/suno/20260525/1c4c64c5ad4b4216b906f83b113ed635.mp3,audio/jazz/7fee554b-51f8-49be-a2e9-4b73ac73d7f9_1.mp3,audio/jazz/7fee554b-51f8-49be-a2e9-4b73ac73d7f9_2.mp3,jazz,2026-05-25T21:42:21.656078+00:00,2026-05-25T21:43:50.269550+00:00,
5bb65be5-1305-4400-a2cc-fa22b1e7fc6c,jazz,swing,"swing jazz, romantic atmosphere, featuring double bass and brushed drums","jazz, bass, drums",chirp-v4-5+,done,9a75903f-cb6c-4832-aa72-3479c7f4e343,913404d0-e86e-425d-8689-6c1f45a08f52,9b734d80-9144-410d-a6a4-50c85bbfded6,https://cdn.ttapi.io/suno/20260525/fb6351fce1494a3289dacd2f8dd2f2b2.mp3,https://cdn.ttapi.io/suno/20260525/c3ffc1bd1c554aa7a174cf0a3c552c14.mp3,audio/jazz/5bb65be5-1305-4400-a2cc-fa22b1e7fc6c_1.mp3,audio/jazz/5bb65be5-1305-4400-a2cc-fa22b1e7fc6c_2.mp3,jazz,2026-05-25T21:42:22.946566+00:00,2026-05-25T21:43:40.671693+00:00,
9aa9efbb-f036-4194-a18b-35c739f9c76a,jazz,modal jazz,"modal jazz, romantic atmosphere, featuring double bass and brushed drums","jazz, guitar, bossa nova",chirp-v4-5+,done,a24211e4-610c-4db4-956d-0b2cdc99ebcc,5245b9b6-7ee8-414f-b72a-c41596fed60c,3e4825c0-4d4b-4852-8ad2-35c3e7c2e990,https://cdn.ttapi.io/suno/20260525/bf7c450158c0413696c5c2452e7539e8.mp3,https://cdn.ttapi.io/suno/20260525/1968157b794c4e7b93b4ced3443ea243.mp3,audio/jazz/9aa9efbb-f036-4194-a18b-35c739f9c76a_1.mp3,audio/jazz/9aa9efbb-f036-4194-a18b-35c739f9c76a_2.mp3,jazz,2026-05-25T21:42:34.160556+00:00,2026-05-25T21:44:25.207033+00:00,
c962bbd8-f903-46d5-901b-b23809353e3a,jazz,post-bop,"post-bop jazz, romantic atmosphere, featuring double bass and brushed drums","jazz, fusion, electric",chirp-v4-5+,done,8d506019-ed11-45ed-8f3c-1f07a8ef468d,8b415a26-c7bf-4110-ba99-6b2b5a3c6901,afbad39e-4927-4d33-89b5-5ff485a82b88,https://cdn.ttapi.io/suno/20260525/f6e99846362b4fb5b9ff2432b995ec02.mp3,https://cdn.ttapi.io/suno/20260525/563d8bfe462e4085af399a0bfa829d58.mp3,audio/jazz/c962bbd8-f903-46d5-901b-b23809353e3a_1.mp3,audio/jazz/c962bbd8-f903-46d5-901b-b23809353e3a_2.mp3,jazz,2026-05-25T21:42:35.451459+00:00,2026-05-25T21:43:56.590064+00:00,
c61e0bd0-1b36-4573-8fd7-13a2d4641926,jazz,bebop,"bebop jazz, brooding atmosphere, featuring double bass and brushed drums","jazz, saxophone, piano",chirp-v4-5+,done,9c139ea7-9dc7-4e41-8dee-202db0e1862a,280df61a-9a09-4211-b08d-87a4fc88e6c6,5715e424-1f98-4683-a02c-b9274a529c40,https://cdn.ttapi.io/suno/20260525/4b54cf30432e40b9b4d3886158e1ed9b.mp3,https://cdn.ttapi.io/suno/20260525/8ae7b439e39e48d69148a478c9427398.mp3,audio/jazz/c61e0bd0-1b36-4573-8fd7-13a2d4641926_1.mp3,audio/jazz/c61e0bd0-1b36-4573-8fd7-13a2d4641926_2.mp3,jazz,2026-05-25T21:42:36.672656+00:00,2026-05-25T21:43:40.999739+00:00,
973c7de0-76b2-4831-8df2-b98072b88929,jazz,cool jazz,"cool jazz, brooding atmosphere, featuring double bass and brushed drums","jazz, trumpet, swing",chirp-v4-5+,done,d67fc9c9-2dff-446e-92b1-9be6c4c44c0c,d3daff89-921b-4d85-814e-b7fd62607a27,f6f21911-0157-41c7-bf74-5eb7a1b80fbd,https://cdn.ttapi.io/suno/20260525/26204865a2364de7b4ad36135dd58f60.mp3,https://cdn.ttapi.io/suno/20260525/106ad996030c468c846c4f8d10c0313b.mp3,audio/jazz/973c7de0-76b2-4831-8df2-b98072b88929_1.mp3,audio/jazz/973c7de0-76b2-4831-8df2-b98072b88929_2.mp3,jazz,2026-05-25T21:42:37.968770+00:00,2026-05-25T21:43:56.748653+00:00,
cb68e90d-78ce-4b72-868a-3592ba338f4f,jazz,fusion,"fusion jazz, brooding atmosphere, featuring double bass and brushed drums","jazz, bass, drums",chirp-v4-5+,done,8d7e8e60-266a-4fc6-9c6b-886e7f635f07,ef74c239-2180-46b3-a4bd-658877b15c8b,adfdb6d6-5284-4598-b11d-f59ae365407a,https://cdn.ttapi.io/suno/20260525/15614d88f309421e8add050bf438a42f.mp3,https://cdn.ttapi.io/suno/20260525/c9c772f3775a40198aa3f8704028cb5b.mp3,audio/jazz/cb68e90d-78ce-4b72-868a-3592ba338f4f_1.mp3,audio/jazz/cb68e90d-78ce-4b72-868a-3592ba338f4f_2.mp3,jazz,2026-05-25T21:42:44.043376+00:00,2026-05-25T21:44:25.396029+00:00,
f063ad95-2c4f-4a9c-a91f-a4412b2eb891,jazz,smooth jazz,"smooth jazz, brooding atmosphere, featuring double bass and brushed drums","jazz, guitar, bossa nova",chirp-v4-5+,done,bb379593-efc3-4321-bc8c-4cc2ae1ce1e1,e01b452c-3455-49f2-8c8e-4f1f44b7fa9b,d54e96cb-07b0-4622-8ad3-9244b9ffeb07,https://cdn.ttapi.io/suno/20260525/2a94125b9d0548d699c107869119546c.mp3,https://cdn.ttapi.io/suno/20260525/59068d447d554407b640c07d5d7ab2df.mp3,audio/jazz/f063ad95-2c4f-4a9c-a91f-a4412b2eb891_1.mp3,audio/jazz/f063ad95-2c4f-4a9c-a91f-a4412b2eb891_2.mp3,jazz,2026-05-25T21:43:15.708134+00:00,2026-05-25T21:44:59.565649+00:00,
5b88fd5f-1610-4c0a-b174-f829bfca0421,jazz,hard bop,"hard bop jazz, brooding atmosphere, featuring double bass and brushed drums","jazz, fusion, electric",chirp-v4-5+,done,d9257b19-f94e-42ee-9a65-45623a37dcdf,b25d3f48-5662-4f76-903b-11f8b849119a,393b6920-dfbe-4fe7-b17a-0f21bbbab6d6,https://cdn.ttapi.io/suno/20260525/230c7124e21044debb15a75d1f43923d.mp3,https://cdn.ttapi.io/suno/20260525/575ce383851c4ee6a6c40cb69dc0d7a5.mp3,audio/jazz/5b88fd5f-1610-4c0a-b174-f829bfca0421_1.mp3,audio/jazz/5b88fd5f-1610-4c0a-b174-f829bfca0421_2.mp3,jazz,2026-05-25T21:43:16.999384+00:00,2026-05-25T21:44:38.742307+00:00,
4a0bdb9f-c97b-4f0e-8c6c-ceae0b75cc30,jazz,free jazz,"free jazz, brooding atmosphere, featuring double bass and brushed drums","jazz, saxophone, piano",chirp-v4-5+,done,67368e18-275f-4ceb-a741-36b8237704ce,cebd6f95-2763-4abd-ab9c-ef8b30cbe182,ea25cedc-3978-4575-a967-07aae17bc558,https://cdn.ttapi.io/suno/20260525/eb9702da2f9742c9a521207524276adc.mp3,https://cdn.ttapi.io/suno/20260525/328c0b51f86e4462bc79ef10707ed3d5.mp3,audio/jazz/4a0bdb9f-c97b-4f0e-8c6c-ceae0b75cc30_1.mp3,audio/jazz/4a0bdb9f-c97b-4f0e-8c6c-ceae0b75cc30_2.mp3,jazz,2026-05-25T21:43:22.908227+00:00,2026-05-25T21:44:59.751362+00:00,
0222414f-07f2-4b72-8f11-dcea64bdc084,jazz,latin jazz,"latin jazz, brooding atmosphere, featuring double bass and brushed drums","jazz, trumpet, swing",chirp-v4-5+,done,3809c538-ffbd-4360-9044-24bc9f39298a,c3bb2c4e-f850-4f5f-b8ef-a73537150203,40fcb059-dee4-464a-879e-11158b7d5881,https://cdn.ttapi.io/suno/20260525/566b682793d1463dacb938a7b78c0ac0.mp3,https://cdn.ttapi.io/suno/20260525/2e0f9a84a313480eac62c4e8b6bf7b00.mp3,audio/jazz/0222414f-07f2-4b72-8f11-dcea64bdc084_1.mp3,audio/jazz/0222414f-07f2-4b72-8f11-dcea64bdc084_2.mp3,jazz,2026-05-25T21:43:24.168419+00:00,2026-05-25T21:44:32.923380+00:00,
1354b01c-fd23-4145-8ecc-fa399173541b,jazz,swing,"swing jazz, brooding atmosphere, featuring double bass and brushed drums","jazz, bass, drums",chirp-v4-5+,done,ea84efd5-4cc7-4dbf-b6f3-ae131d35f078,02da4043-8d1f-443c-a6b7-fd9e42e6210f,7139fc23-b0b6-4345-80e5-e7f1b2df0f99,https://cdn.ttapi.io/suno/20260525/b93e54da754b4a50b0ae0fa4b119baef.mp3,https://cdn.ttapi.io/suno/20260525/604504d70e994d5c8c2b86d04365d021.mp3,audio/jazz/1354b01c-fd23-4145-8ecc-fa399173541b_1.mp3,audio/jazz/1354b01c-fd23-4145-8ecc-fa399173541b_2.mp3,jazz,2026-05-25T21:43:25.475341+00:00,2026-05-25T21:44:39.068513+00:00,
85c7f2da-d67d-4e4b-9cab-662ffe50cdc6,jazz,modal jazz,"modal jazz, brooding atmosphere, featuring double bass and brushed drums","jazz, guitar, bossa nova",chirp-v4-5+,done,e49b4d27-4d81-4bf4-a511-1860f32d3f1e,490f06aa-3d5c-48c9-92d5-82f8d78acbb8,866690d3-8ed3-4ead-8cd9-56d2dc69efd3,https://cdn.ttapi.io/suno/20260525/9839842a054c4676803dcc8df9d9e28c.mp3,https://cdn.ttapi.io/suno/20260525/d2e941c26e924729ba9c899f4d7b7644.mp3,audio/jazz/85c7f2da-d67d-4e4b-9cab-662ffe50cdc6_1.mp3,audio/jazz/85c7f2da-d67d-4e4b-9cab-662ffe50cdc6_2.mp3,jazz,2026-05-25T21:43:34.277520+00:00,2026-05-25T21:45:15.796171+00:00,
c9a5ad56-8dce-4a02-8517-d231f7a5d9ec,jazz,post-bop,"post-bop jazz, brooding atmosphere, featuring double bass and brushed drums","jazz, fusion, electric",chirp-v4-5+,done,8d761a8b-1612-4169-a877-9e97903027b3,3f66a91f-4585-4d7e-845b-2549ceacd242,1bc6cbdc-a2cc-4d3e-b6f2-1cde660fdb4f,https://cdn.ttapi.io/suno/20260525/27e7c5561cf34ac494f3660fecbbea5c.mp3,https://cdn.ttapi.io/suno/20260525/8347138ca8914bcca4e3d632d8575664.mp3,audio/jazz/c9a5ad56-8dce-4a02-8517-d231f7a5d9ec_1.mp3,audio/jazz/c9a5ad56-8dce-4a02-8517-d231f7a5d9ec_2.mp3,jazz,2026-05-25T21:43:35.529799+00:00,2026-05-25T21:45:15.966168+00:00,
b4bc8a1d-7535-4cca-8a4c-1dba0b1a4c3e,jazz,bebop,"bebop jazz, meditative atmosphere, featuring double bass and brushed drums","jazz, saxophone, piano",chirp-v4-5+,done,61fd1744-e918-4ff2-853b-a72c17cfa0dc,ceb737ac-31d5-4501-882a-6f9c5f87033e,cc4cfe71-acdf-4e0b-9b40-c0465c41b8cd,https://cdn.ttapi.io/suno/20260525/da42aaa2890849f18a416caafab54f95.mp3,https://cdn.ttapi.io/suno/20260525/9e2dd25c07494fe0b1595ffa9390be77.mp3,audio/jazz/b4bc8a1d-7535-4cca-8a4c-1dba0b1a4c3e_1.mp3,audio/jazz/b4bc8a1d-7535-4cca-8a4c-1dba0b1a4c3e_2.mp3,jazz,2026-05-25T21:43:36.817954+00:00,2026-05-25T21:45:00.062951+00:00,
c7153e7a-ba2f-4148-8a76-0f31ffed4366,jazz,cool jazz,"cool jazz, meditative atmosphere, featuring double bass and brushed drums","jazz, trumpet, swing",chirp-v4-5+,done,46a74fee-a52a-46aa-a3b1-9077bc8e4a63,000c84d4-fa15-4572-8f97-127ff9cff5be,4b032439-1201-42c4-86c6-876aea80cfa8,https://cdn.ttapi.io/suno/20260525/9cfed01d80294e9f9c4f9691a807dd0a.mp3,https://cdn.ttapi.io/suno/20260525/d06448b9546a4361a29024f491b4990c.mp3,audio/jazz/c7153e7a-ba2f-4148-8a76-0f31ffed4366_1.mp3,audio/jazz/c7153e7a-ba2f-4148-8a76-0f31ffed4366_2.mp3,jazz,2026-05-25T21:43:38.176690+00:00,2026-05-25T21:45:38.587577+00:00,
dddd3b99-e00c-48a0-840a-182d1f6c82e2,jazz,fusion,"fusion jazz, meditative atmosphere, featuring double bass and brushed drums","jazz, bass, drums",chirp-v4-5+,done,9aa36f76-c9a9-4c37-a4d5-bec543bd3f46,80e89ba2-f9ae-4a49-9b93-c1331ba9a303,3d34e546-e116-4f7d-8c06-6e447e7916eb,https://cdn.ttapi.io/suno/20260525/7006ab7b9c7645788ea1ed022124ad8b.mp3,https://cdn.ttapi.io/suno/20260525/7b041990d58042acbd1b0d158b0a35c5.mp3,audio/jazz/dddd3b99-e00c-48a0-840a-182d1f6c82e2_1.mp3,audio/jazz/dddd3b99-e00c-48a0-840a-182d1f6c82e2_2.mp3,jazz,2026-05-25T21:43:39.482852+00:00,2026-05-25T21:45:10.059203+00:00,
901079c9-2ba9-4ddc-a1d2-c153ae3502a0,jazz,smooth jazz,"smooth jazz, meditative atmosphere, featuring double bass and brushed drums","jazz, guitar, bossa nova",chirp-v4-5+,done,241038e2-b18f-49ba-9fcf-cd525f2534ab,e275eda3-a9e2-4b71-8cf2-3ce07a1872da,7027ba1b-5f10-4957-842e-4bb5e98a55d8,https://cdn.ttapi.io/suno/20260525/c20ae65304ed4c2e9aece67e42271745.mp3,https://cdn.ttapi.io/suno/20260525/65c03e77f5fa4ab28105532fffdc4727.mp3,audio/jazz/901079c9-2ba9-4ddc-a1d2-c153ae3502a0_1.mp3,audio/jazz/901079c9-2ba9-4ddc-a1d2-c153ae3502a0_2.mp3,jazz,2026-05-25T21:43:45.612383+00:00,2026-05-25T21:45:00.443779+00:00,
f0f7c9d5-ba7b-48e2-9560-4ba3153613ce,jazz,hard bop,"hard bop jazz, meditative atmosphere, featuring double bass and brushed drums","jazz, fusion, electric",chirp-v4-5+,done,055592ab-f3b6-4a59-8888-22f16eebe609,9d1227dc-34a8-4f6f-a992-f3bb16f06c44,b3e485c4-8268-4d43-b6c7-e6cc66f42645,https://cdn.ttapi.io/suno/20260525/d355dc27c9c646b7a4bd37bdab4ae6af.mp3,https://cdn.ttapi.io/suno/20260525/ac64bb97956442e5a61837740740b619.mp3,audio/jazz/f0f7c9d5-ba7b-48e2-9560-4ba3153613ce_1.mp3,audio/jazz/f0f7c9d5-ba7b-48e2-9560-4ba3153613ce_2.mp3,jazz,2026-05-25T21:43:46.874781+00:00,2026-05-25T21:45:25.117277+00:00,
39ebc639-c69b-45ec-a0c3-2934279a67e7,jazz,free jazz,"free jazz, meditative atmosphere, featuring double bass and brushed drums","jazz, saxophone, piano",chirp-v4-5+,done,28bc7031-a220-4907-a0d6-696375524a9f,cb2a74eb-71ac-4ec6-9ba4-552eb50245fd,c46ee780-a5d6-49a0-9997-e71a6bd24052,https://cdn.ttapi.io/suno/20260525/43b3daaf07f247bbaac195695ae12e54.mp3,https://cdn.ttapi.io/suno/20260525/4c9f88e33dfa4f148a841ecf8bd855d3.mp3,audio/jazz/39ebc639-c69b-45ec-a0c3-2934279a67e7_1.mp3,audio/jazz/39ebc639-c69b-45ec-a0c3-2934279a67e7_2.mp3,jazz,2026-05-25T21:43:48.152776+00:00,2026-05-25T21:45:52.718182+00:00,
fe6e8e2a-9a2c-49d1-8e1f-4f05d6db2ebb,jazz,latin jazz,"latin jazz, meditative atmosphere, featuring double bass and brushed drums","jazz, trumpet, swing",chirp-v4-5+,done,6e7a4aba-553b-4539-a084-73804441671f,b5e06997-9a35-4145-b4da-81595cc2bd19,98dd245c-d7aa-42e8-9120-4adae0713450,https://cdn.ttapi.io/suno/20260525/cdd36017a81c482b8c0b0b3ea17eb56f.mp3,https://cdn.ttapi.io/suno/20260525/075575235c084279b303d95106396c2d.mp3,audio/jazz/fe6e8e2a-9a2c-49d1-8e1f-4f05d6db2ebb_1.mp3,audio/jazz/fe6e8e2a-9a2c-49d1-8e1f-4f05d6db2ebb_2.mp3,jazz,2026-05-25T21:43:49.439603+00:00,2026-05-25T21:45:25.380635+00:00,
bfc54482-c373-4abb-94ed-863122de49cc,jazz,swing,"swing jazz, meditative atmosphere, featuring double bass and brushed drums","jazz, bass, drums",chirp-v4-5+,done,f399f7ae-299b-4c60-bee9-ca1e66863d7b,ff72db15-9d3e-463c-b36e-dc633c16f154,7fd1de32-a98f-43a3-a41c-46bd9a7ac0f9,https://cdn.ttapi.io/suno/20260525/716c9a0fae6c4bb6ba3c4ba4cac002ca.mp3,https://cdn.ttapi.io/suno/20260525/c04bcf39e14b48c58ede5a26e83ad73e.mp3,audio/jazz/bfc54482-c373-4abb-94ed-863122de49cc_1.mp3,audio/jazz/bfc54482-c373-4abb-94ed-863122de49cc_2.mp3,jazz,2026-05-25T21:43:55.694381+00:00,2026-05-25T21:45:32.611825+00:00,
691de533-9a84-4641-836e-a72442910116,jazz,modal jazz,"modal jazz, meditative atmosphere, featuring double bass and brushed drums","jazz, guitar, bossa nova",chirp-v4-5+,done,38bbf2ca-36f8-4d5d-85b1-1aa3ac622745,99da77d6-0ea1-4478-952e-5ed160e110dd,cd0bc6e2-e973-4035-864a-6e01ab71fe7b,https://cdn.ttapi.io/suno/20260525/56a8579b216a478c93329058f3ac2c1b.mp3,https://cdn.ttapi.io/suno/20260525/19e33d8cb0a546bb97c63f6809ae693a.mp3,audio/jazz/691de533-9a84-4641-836e-a72442910116_1.mp3,audio/jazz/691de533-9a84-4641-836e-a72442910116_2.mp3,jazz,2026-05-25T21:44:01.755141+00:00,2026-05-25T21:45:38.869364+00:00,
1e4ecaf0-2018-466a-8d85-3df57e4146bc,jazz,post-bop,"post-bop jazz, meditative atmosphere, featuring double bass and brushed drums","jazz, fusion, electric",chirp-v4-5+,done,348cbc83-c46d-4188-9afd-f4e2007c77e1,e8e2275d-a867-4503-98ef-a5e060b956a2,ae5fc600-d851-4be4-833e-0d7f77a280c7,https://cdn.ttapi.io/suno/20260525/1295ddc0ac304d20bc23a226a57fad2f.mp3,https://cdn.ttapi.io/suno/20260525/4cd86cda56ea454da972752fda3cc00d.mp3,audio/jazz/1e4ecaf0-2018-466a-8d85-3df57e4146bc_1.mp3,audio/jazz/1e4ecaf0-2018-466a-8d85-3df57e4146bc_2.mp3,jazz,2026-05-25T21:44:03.078908+00:00,2026-05-25T21:45:38.982431+00:00,
239b3353-fa31-4c29-a964-902b1c93603b,jazz,bebop,"bebop jazz, playful atmosphere, featuring double bass and brushed drums","jazz, saxophone, piano",chirp-v4-5+,done,eceab9f5-b603-4b7c-a35f-3bf70806cd37,400b2a35-ca62-44ff-9dd0-bb2015cea4b9,4b97d037-66ca-4173-b391-0e9e82a901b1,https://cdn.ttapi.io/suno/20260525/1f9a9d9deea7449f86b73323c559e50b.mp3,https://cdn.ttapi.io/suno/20260525/38d60e3765bd4132a48f2b06e3ad4b5f.mp3,audio/jazz/239b3353-fa31-4c29-a964-902b1c93603b_1.mp3,audio/jazz/239b3353-fa31-4c29-a964-902b1c93603b_2.mp3,jazz,2026-05-25T21:44:10.913914+00:00,2026-05-25T21:45:39.088208+00:00,
be2fa915-7954-4609-8028-02492c4ae196,jazz,cool jazz,"cool jazz, playful atmosphere, featuring double bass and brushed drums","jazz, trumpet, swing",chirp-v4-5+,done,6e4c4d31-8637-4531-9e35-824ce95e095a,3cdd0eaf-3464-447a-9565-a0d79e2715bb,125258ac-8822-4b9b-966b-03dca27332e1,https://cdn.ttapi.io/suno/20260525/6bb65b7ce6d940f3a5419840495becd5.mp3,https://cdn.ttapi.io/suno/20260525/9aa1d489428345db837eadb7c325d9ff.mp3,audio/jazz/be2fa915-7954-4609-8028-02492c4ae196_1.mp3,audio/jazz/be2fa915-7954-4609-8028-02492c4ae196_2.mp3,jazz,2026-05-25T21:44:30.618374+00:00,2026-05-25T21:45:52.884585+00:00,
d377fd9d-79cd-42a7-b4e0-9b2491ce4c7e,jazz,fusion,"fusion jazz, playful atmosphere, featuring double bass and brushed drums","jazz, bass, drums",chirp-v4-5+,done,750355ff-36b0-4be1-be89-3e4c616b3d9a,3f909354-f5c9-432f-9baa-21cf1c023da8,a7cfb0c7-492b-45fb-b525-279e89579c44,https://cdn.ttapi.io/suno/20260525/0380f3c8e5e84594b2351e0074c4e164.mp3,https://cdn.ttapi.io/suno/20260525/7e3204c43889415cbc9ca305ae1fa7ec.mp3,audio/jazz/d377fd9d-79cd-42a7-b4e0-9b2491ce4c7e_1.mp3,audio/jazz/d377fd9d-79cd-42a7-b4e0-9b2491ce4c7e_2.mp3,jazz,2026-05-25T21:44:31.903182+00:00,2026-05-25T21:45:39.265670+00:00,
6ac98cae-c097-426d-b681-c87ae1c4f6fa,jazz,smooth jazz,"smooth jazz, playful atmosphere, featuring double bass and brushed drums","jazz, guitar, bossa nova",chirp-v4-5+,done,70afe41e-d63e-479e-89e3-69b36fdbcb31,a86c70c4-dc09-4e9e-8db5-f3091a89d524,23d1fb96-02de-4bf4-a932-5c27e67d5e30,https://cdn.ttapi.io/suno/20260525/5d07bebe295d49128eda0efeac5c8c52.mp3,https://cdn.ttapi.io/suno/20260525/f834d83335af4fcca714d755ecfbb2c9.mp3,audio/jazz/6ac98cae-c097-426d-b681-c87ae1c4f6fa_1.mp3,audio/jazz/6ac98cae-c097-426d-b681-c87ae1c4f6fa_2.mp3,jazz,2026-05-25T21:44:37.933215+00:00,2026-05-25T21:46:23.456866+00:00,
936cf3e2-603c-4e88-8596-de238fed6dba,jazz,hard bop,"hard bop jazz, playful atmosphere, featuring double bass and brushed drums","jazz, fusion, electric",chirp-v4-5+,done,963bd05f-311e-45a3-bd40-98563ae9c69f,17d535d1-3f26-46cf-94ef-9c6affeb99e3,b1934b42-dce6-40c9-b19c-4c6c59471722,https://cdn.ttapi.io/suno/20260525/c7c0b30e93224563aaa22cb2f790173e.mp3,https://cdn.ttapi.io/suno/20260525/7e10121707ba4934a2f2c40126c9775f.mp3,audio/jazz/936cf3e2-603c-4e88-8596-de238fed6dba_1.mp3,audio/jazz/936cf3e2-603c-4e88-8596-de238fed6dba_2.mp3,jazz,2026-05-25T21:44:43.970018+00:00,2026-05-25T21:46:00.448683+00:00,
39a7ad48-c431-4fa4-bbb5-fd5ed696d7c6,jazz,free jazz,"free jazz, playful atmosphere, featuring double bass and brushed drums","jazz, saxophone, piano",chirp-v4-5+,done,5a8e0e6b-7a7f-4934-a372-e82442d95db8,88174602-93db-4841-9b62-db0ed3e785c9,3dc50875-506d-4896-871f-0ce3682e947c,https://cdn.ttapi.io/suno/20260525/b412e23f1d3346e3b7b937c1b7cd963f.mp3,https://cdn.ttapi.io/suno/20260525/67e72d4f7b804d20b4a6c6277677dda6.mp3,audio/jazz/39a7ad48-c431-4fa4-bbb5-fd5ed696d7c6_1.mp3,audio/jazz/39a7ad48-c431-4fa4-bbb5-fd5ed696d7c6_2.mp3,jazz,2026-05-25T21:44:45.255755+00:00,2026-05-25T21:46:00.613836+00:00,
7d338232-c9f7-4046-839b-be6e0a8952e8,jazz,latin jazz,"latin jazz, playful atmosphere, featuring double bass and brushed drums","jazz, trumpet, swing",chirp-v4-5+,done,7b4c97d1-1366-48f6-b4be-408d0c1e0bf3,9e116f85-7747-4184-a330-e8286273234e,0a844f0f-894a-44d2-ac02-342f83351dde,https://cdn.ttapi.io/suno/20260525/6013812944794e37aec0960124d5ed2a.mp3,https://cdn.ttapi.io/suno/20260525/d74bd437dcfd421381e4871d824ff8c6.mp3,audio/jazz/7d338232-c9f7-4046-839b-be6e0a8952e8_1.mp3,audio/jazz/7d338232-c9f7-4046-839b-be6e0a8952e8_2.mp3,jazz,2026-05-25T21:45:05.273766+00:00,2026-05-25T21:46:07.818691+00:00,
cd73a2b2-bf89-4d5c-96c9-16e9db955055,jazz,swing,"swing jazz, playful atmosphere, featuring double bass and brushed drums","jazz, bass, drums",chirp-v4-5+,done,e4dd2605-81f1-4b5a-a646-5970d8dbaa21,4bdb308f-f337-40c0-b5e1-b56e341cf08b,4c136634-bfc4-4c09-9a7e-3d6d90da75b9,https://cdn.ttapi.io/suno/20260525/2781e0fec7014ea28817810b1426533e.mp3,https://cdn.ttapi.io/suno/20260525/ff66c0a5c9c64325b6e92f4d720007aa.mp3,audio/jazz/cd73a2b2-bf89-4d5c-96c9-16e9db955055_1.mp3,audio/jazz/cd73a2b2-bf89-4d5c-96c9-16e9db955055_2.mp3,jazz,2026-05-25T21:45:06.560952+00:00,2026-05-25T21:46:07.971889+00:00,
e662c369-dcab-426a-812d-7a4e1213eef8,jazz,modal jazz,"modal jazz, playful atmosphere, featuring double bass and brushed drums","jazz, guitar, bossa nova",chirp-v4-5+,done,c2f81d20-e5e8-486a-92e6-8b2376893b85,c49e85bc-9167-4531-af48-1fa06a6419f5,7dfb1a4b-3d7d-49e7-a738-adf1c757e5a4,https://cdn.ttapi.io/suno/20260525/48fd5a2bbc574bab91862543ee94d321.mp3,https://cdn.ttapi.io/suno/20260525/8080312615524bf6ac7f6ddb7a5f9242.mp3,audio/jazz/e662c369-dcab-426a-812d-7a4e1213eef8_1.mp3,audio/jazz/e662c369-dcab-426a-812d-7a4e1213eef8_2.mp3,jazz,2026-05-25T21:45:07.813130+00:00,2026-05-25T21:46:08.082641+00:00,
187a3679-09b4-4c97-accc-e05d3f5168de,jazz,post-bop,"post-bop jazz, playful atmosphere, featuring double bass and brushed drums","jazz, fusion, electric",chirp-v4-5+,done,40c93e5b-a334-4508-8834-d2dba2270504,d4ba5863-f73a-4b6e-ab31-393acaedf32c,255df3ff-bc62-4831-9fc4-dd5eef7b073b,https://cdn.ttapi.io/suno/20260525/bc682a8e7c654c719ec50c67444e0874.mp3,https://cdn.ttapi.io/suno/20260525/14dfa1bbcb7d46a4b1289b41f1e4654f.mp3,audio/jazz/187a3679-09b4-4c97-accc-e05d3f5168de_1.mp3,audio/jazz/187a3679-09b4-4c97-accc-e05d3f5168de_2.mp3,jazz,2026-05-25T21:45:09.094290+00:00,2026-05-25T21:46:44.234412+00:00,
26f54063-2dcf-41e4-a01e-6ad0cadfb58c,jazz,bebop,"bebop jazz, late-night atmosphere, featuring muted trumpet quartet","jazz, saxophone, piano",chirp-v4-5+,done,09d553c4-5b33-4d4e-a1e3-63b697fc1778,2f48009d-7b28-4e6e-98d8-6e2e7a2f0fea,7856b2c0-eadb-4d18-a1a3-7c22fa7036a6,https://cdn.ttapi.io/suno/20260525/253ee1e4569e46a38e97d5a1f2757302.mp3,https://cdn.ttapi.io/suno/20260525/d0b2d476716840b9be1929925f881dc4.mp3,audio/jazz/26f54063-2dcf-41e4-a01e-6ad0cadfb58c_1.mp3,audio/jazz/26f54063-2dcf-41e4-a01e-6ad0cadfb58c_2.mp3,jazz,2026-05-25T21:45:15.099758+00:00,2026-05-25T21:46:23.723336+00:00,
881c9c45-b28c-487d-a075-fc0b0b5396d6,jazz,cool jazz,"cool jazz, late-night atmosphere, featuring muted trumpet quartet","jazz, trumpet, swing",chirp-v4-5+,done,33935bbb-4899-4fba-83e5-488372327e2d,22841134-3c04-4330-8db7-abc74aacdfab,bb7c6c54-9e01-4d2e-a32f-7bb9a1feba8e,https://cdn.ttapi.io/suno/20260525/6e97d5305a224c12b6183b1e76f9f800.mp3,https://cdn.ttapi.io/suno/20260525/3ecacc9cea4c451cb0f2a9c2d1183eb0.mp3,audio/jazz/881c9c45-b28c-487d-a075-fc0b0b5396d6_1.mp3,audio/jazz/881c9c45-b28c-487d-a075-fc0b0b5396d6_2.mp3,jazz,2026-05-25T21:45:21.191046+00:00,2026-05-25T21:46:44.427874+00:00,
76f05240-ade7-4a82-8123-f3388e9a10f6,jazz,fusion,"fusion jazz, late-night atmosphere, featuring muted trumpet quartet","jazz, bass, drums",chirp-v4-5+,done,525a3265-4609-4b78-9166-96ed197ba6b3,599a8870-24e8-4349-ae18-63acb539e912,4e96b4c3-10c0-4684-963b-762e1a00872f,https://cdn.ttapi.io/suno/20260525/8693a10d0d154e1c87dc84264dae8929.mp3,https://cdn.ttapi.io/suno/20260525/9f8d091f803549ceb1281b990dbabdce.mp3,audio/jazz/76f05240-ade7-4a82-8123-f3388e9a10f6_1.mp3,audio/jazz/76f05240-ade7-4a82-8123-f3388e9a10f6_2.mp3,jazz,2026-05-25T21:45:22.455412+00:00,2026-05-25T21:47:00.242898+00:00,
92527c16-5b73-49bc-aca3-b3d004034822,jazz,smooth jazz,"smooth jazz, late-night atmosphere, featuring muted trumpet quartet","jazz, guitar, bossa nova",chirp-v4-5+,done,01e82150-ed68-4691-8379-602fff74bf71,a48c977a-5482-4ab3-a496-4b4c9f8f3c72,1ceb6da0-1bc0-4a3d-a1c1-735f0c8dd3a0,https://cdn.ttapi.io/suno/20260525/baf1a216dd7044b6b3d84874e3dc02a8.mp3,https://cdn.ttapi.io/suno/20260525/b2ab3c4fb17a4a8ab39768055d51ce78.mp3,audio/jazz/92527c16-5b73-49bc-aca3-b3d004034822_1.mp3,audio/jazz/92527c16-5b73-49bc-aca3-b3d004034822_2.mp3,jazz,2026-05-25T21:45:30.411892+00:00,2026-05-25T21:46:51.680714+00:00,
302766b6-d16e-4945-ae44-b98c9525a3fe,jazz,hard bop,"hard bop jazz, late-night atmosphere, featuring muted trumpet quartet","jazz, fusion, electric",chirp-v4-5+,done,789bd829-7b8a-4b4f-b33d-02a728852cf9,e2b66bab-4b04-4b87-a2d3-43dfb11f39c7,09922b9f-785b-45bb-ae1f-10a087a64913,https://cdn.ttapi.io/suno/20260525/300791280eca411c943a65ab5c6dc5dd.mp3,https://cdn.ttapi.io/suno/20260525/f111f5a0d50d4c8fbe77a551d4990b85.mp3,audio/jazz/302766b6-d16e-4945-ae44-b98c9525a3fe_1.mp3,audio/jazz/302766b6-d16e-4945-ae44-b98c9525a3fe_2.mp3,jazz,2026-05-25T21:45:31.691620+00:00,2026-05-25T21:46:51.845486+00:00,
e817e786-03de-4658-adb3-ae555b4b40d5,jazz,free jazz,"free jazz, late-night atmosphere, featuring muted trumpet quartet","jazz, saxophone, piano",chirp-v4-5+,done,a8b44e67-d0ba-4f74-9761-926e2d2cd75c,10d3811b-4742-476f-a83c-b6584ae851f5,94ecc744-99c8-4253-8307-7d7f67670a2e,https://cdn.ttapi.io/suno/20260525/7d6ecf4844e1499aae75af6457d29083.mp3,https://cdn.ttapi.io/suno/20260525/c889d4c522534b539e7f726b0aee6f1e.mp3,audio/jazz/e817e786-03de-4658-adb3-ae555b4b40d5_1.mp3,audio/jazz/e817e786-03de-4658-adb3-ae555b4b40d5_2.mp3,jazz,2026-05-25T21:45:37.881407+00:00,2026-05-25T21:47:00.424584+00:00,
ab5d3ec8-a853-44f6-9f9a-14599baf2fab,jazz,latin jazz,"latin jazz, late-night atmosphere, featuring muted trumpet quartet","jazz, trumpet, swing",chirp-v4-5+,done,499279a9-fa78-457f-91ec-19a1abcfcddc,4db5271b-f07b-4e39-a15e-730905127623,0611f89d-1b51-4291-a098-54d6e7af4530,https://cdn.ttapi.io/suno/20260525/8113618d1ba3494bb081f7726f456f88.mp3,https://cdn.ttapi.io/suno/20260525/bbaaa967c5c743a197616b4f178cd3e3.mp3,audio/jazz/ab5d3ec8-a853-44f6-9f9a-14599baf2fab_1.mp3,audio/jazz/ab5d3ec8-a853-44f6-9f9a-14599baf2fab_2.mp3,jazz,2026-05-25T21:45:46.862074+00:00,2026-05-25T21:47:28.379989+00:00,
26c241a4-abc5-4109-a22d-0b2626274371,jazz,swing,"swing jazz, late-night atmosphere, featuring muted trumpet quartet","jazz, bass, drums",chirp-v4-5+,done,5f73d77a-f791-4884-b68a-04a3ac2c517b,ded44c17-c327-48a1-88ba-5ce6e67b09f5,579737e6-6b83-4735-8fb8-b3fc2146251b,https://cdn.ttapi.io/suno/20260525/fd85b6d7ec0d48f39bbf79a6bae68a10.mp3,https://cdn.ttapi.io/suno/20260525/cc18666ba5c545dfbea4ad8e17eeb9d1.mp3,audio/jazz/26c241a4-abc5-4109-a22d-0b2626274371_1.mp3,audio/jazz/26c241a4-abc5-4109-a22d-0b2626274371_2.mp3,jazz,2026-05-25T21:45:48.150234+00:00,2026-05-25T21:47:00.622932+00:00,
4f026d64-75a9-4709-a07f-04d15ab8747a,jazz,modal jazz,"modal jazz, late-night atmosphere, featuring muted trumpet quartet","jazz, guitar, bossa nova",chirp-v4-5+,done,d32f9a30-0aa1-4bbc-bf8f-a869ec8f30b2,03686872-0190-4ea7-9228-a971d1d88283,b83c5f9a-be75-4710-92f4-76954d6c065a,https://cdn.ttapi.io/suno/20260525/8f5337d06fc44df3a04ee78628079e0e.mp3,https://cdn.ttapi.io/suno/20260525/eb4116dc82e64935bb39324d3581b12f.mp3,audio/jazz/4f026d64-75a9-4709-a07f-04d15ab8747a_1.mp3,audio/jazz/4f026d64-75a9-4709-a07f-04d15ab8747a_2.mp3,jazz,2026-05-25T21:45:49.510830+00:00,2026-05-25T21:47:54.729366+00:00,
3164198b-0f48-4a81-9a11-ffcb930cd9b2,jazz,post-bop,"post-bop jazz, late-night atmosphere, featuring muted trumpet quartet","jazz, fusion, electric",chirp-v4-5+,done,1a751323-c9f8-4363-a94e-5e2897431ec1,829ed67b-1bc2-44e4-8738-cbc0841ee89d,d930b784-274a-4481-b6b9-5bce4dad9366,https://cdn.ttapi.io/suno/20260525/49bcdab807da45b0ad3168cb90027159.mp3,https://cdn.ttapi.io/suno/20260525/f49d84d64ae647089404139d59550676.mp3,audio/jazz/3164198b-0f48-4a81-9a11-ffcb930cd9b2_1.mp3,audio/jazz/3164198b-0f48-4a81-9a11-ffcb930cd9b2_2.mp3,jazz,2026-05-25T21:45:50.752529+00:00,2026-05-25T21:47:09.002968+00:00,
8a2d6fa1-ad48-4244-975a-b3ad46877f8e,jazz,bebop,"bebop jazz, melancholic atmosphere, featuring muted trumpet quartet","jazz, saxophone, piano",chirp-v4-5+,done,37c60674-d1f6-43ca-83ac-db91acf2b84a,888ece32-69d0-4aed-9727-97aa2c9138b9,c91cd2d4-d699-4a21-bb98-7d8dc60f3480,https://cdn.ttapi.io/suno/20260525/d4acb37839c144988ef17aed0af964f7.mp3,https://cdn.ttapi.io/suno/20260525/9c45065ecb114753bdbd97170e032198.mp3,audio/jazz/8a2d6fa1-ad48-4244-975a-b3ad46877f8e_1.mp3,audio/jazz/8a2d6fa1-ad48-4244-975a-b3ad46877f8e_2.mp3,jazz,2026-05-25T21:45:52.009374+00:00,2026-05-25T21:46:52.413028+00:00,
d36f9ec5-6e34-4ee0-ac84-df1a405b39d6,jazz,cool jazz,"cool jazz, melancholic atmosphere, featuring muted trumpet quartet","jazz, trumpet, swing",chirp-v4-5+,done,f5c1b3d6-66f4-45fe-8278-9104aba7ef90,7a48f2b8-f113-494e-b83f-241dc0277dd4,a6561a55-011a-45a6-9fa8-e6dfe8dc7e62,https://cdn.ttapi.io/suno/20260525/b0e4bd56b8994418ab3cbae5a9bf3425.mp3,https://cdn.ttapi.io/suno/20260525/50ec0414d73f4368bb2a1d3cf73f474c.mp3,audio/jazz/d36f9ec5-6e34-4ee0-ac84-df1a405b39d6_1.mp3,audio/jazz/d36f9ec5-6e34-4ee0-ac84-df1a405b39d6_2.mp3,jazz,2026-05-25T21:45:58.333122+00:00,2026-05-25T21:47:28.669582+00:00,
3f6ed73a-d2b1-4317-b166-86a9c6c7570f,jazz,fusion,"fusion jazz, melancholic atmosphere, featuring muted trumpet quartet","jazz, bass, drums",chirp-v4-5+,done,7b2b15cd-7843-4179-a2bd-87a5f1510a71,8d55e151-38f7-47b3-a12f-d9394463b0a1,13784558-ae1f-4370-829d-f2c407ab4d84,https://cdn.ttapi.io/suno/20260525/e4dba26c50ad41dc9700ffd0ae09e778.mp3,https://cdn.ttapi.io/suno/20260525/bc20a9a612b24b1b867d66621305df83.mp3,audio/jazz/3f6ed73a-d2b1-4317-b166-86a9c6c7570f_1.mp3,audio/jazz/3f6ed73a-d2b1-4317-b166-86a9c6c7570f_2.mp3,jazz,2026-05-25T21:45:59.627417+00:00,2026-05-25T21:47:54.908540+00:00,
80e7188c-8be8-4802-a17f-a15514c735a2,jazz,smooth jazz,"smooth jazz, melancholic atmosphere, featuring muted trumpet quartet","jazz, guitar, bossa nova",chirp-v4-5+,done,95cf4a51-f1e0-4fab-aade-07a88284f1b8,3ed63486-104c-4535-be9a-401e1af70b6b,befa77e5-b958-49f4-877a-d48b7ec7c1b2,https://cdn.ttapi.io/suno/20260525/76d3a94aaafe407eacf411d303f495db.mp3,https://cdn.ttapi.io/suno/20260525/1acd9125dc824256a833257514f0adcd.mp3,audio/jazz/80e7188c-8be8-4802-a17f-a15514c735a2_1.mp3,audio/jazz/80e7188c-8be8-4802-a17f-a15514c735a2_2.mp3,jazz,2026-05-25T21:46:05.791477+00:00,2026-05-25T21:47:35.950826+00:00,
80705ee8-dd4f-41d8-9b7b-bca702bb9ea1,jazz,hard bop,"hard bop jazz, melancholic atmosphere, featuring muted trumpet quartet","jazz, fusion, electric",chirp-v4-5+,done,9e5d8176-b800-4969-9312-7514804b0659,66102db8-6ed6-4d67-b327-00648a8ec021,84859258-81fe-444f-970e-07de047283d4,https://cdn.ttapi.io/suno/20260525/8edcc33855e84b8f8fd72d49260ed9bf.mp3,https://cdn.ttapi.io/suno/20260525/ae2b900e933b488595436152a104f863.mp3,audio/jazz/80705ee8-dd4f-41d8-9b7b-bca702bb9ea1_1.mp3,audio/jazz/80705ee8-dd4f-41d8-9b7b-bca702bb9ea1_2.mp3,jazz,2026-05-25T21:46:07.055959+00:00,2026-05-25T21:47:45.014213+00:00,
be3a0ca0-5c63-48eb-8426-5c978d6a1ba2,jazz,free jazz,"free jazz, melancholic atmosphere, featuring muted trumpet quartet","jazz, saxophone, piano",chirp-v4-5+,done,a20fa8be-e647-488e-ac29-f7471f9cbc19,92b66a8e-109f-4534-a506-4ca7c6dd94be,d7864ff2-971e-4f8a-8586-a6072ba2f9a0,https://cdn.ttapi.io/suno/20260525/09002449fb424fafbc47a96937c7e279.mp3,https://cdn.ttapi.io/suno/20260525/1d786a1497a14deb8d6db92f418febc5.mp3,audio/jazz/be3a0ca0-5c63-48eb-8426-5c978d6a1ba2_1.mp3,audio/jazz/be3a0ca0-5c63-48eb-8426-5c978d6a1ba2_2.mp3,jazz,2026-05-25T21:46:20.179483+00:00,2026-05-25T21:47:55.020855+00:00,
250bfaba-0e21-4b90-b2bd-e8d4ecc18cfe,jazz,latin jazz,"latin jazz, melancholic atmosphere, featuring muted trumpet quartet","jazz, trumpet, swing",chirp-v4-5+,done,9ed4e3c6-15a8-4277-b694-f0b597f227f7,5c4f3e5e-9f1c-4358-bbf3-3f542f6141a0,6f9fc1f4-106e-44ef-9566-2bf3a10870ad,https://cdn.ttapi.io/suno/20260525/c7d9b9371e2a41aaa85d94f0178a0da5.mp3,https://cdn.ttapi.io/suno/20260525/274201c58b0c45da8a3146413dd86278.mp3,audio/jazz/250bfaba-0e21-4b90-b2bd-e8d4ecc18cfe_1.mp3,audio/jazz/250bfaba-0e21-4b90-b2bd-e8d4ecc18cfe_2.mp3,jazz,2026-05-25T21:46:21.411349+00:00,2026-05-25T21:48:04.814972+00:00,
c4ca3e75-c63a-4aa9-b6c8-fada085d2dc6,jazz,swing,"swing jazz, melancholic atmosphere, featuring muted trumpet quartet","jazz, bass, drums",chirp-v4-5+,done,82ecfcf1-a919-4344-8e74-a9365fcf8b5e,8f117c51-e4b0-40d5-a7d0-921bf544e2c2,fc0959f8-4e4d-4c51-ae7f-0e93005d3fd5,https://cdn.ttapi.io/suno/20260525/e86a5ff0a8ee4bbd9f58b08379398292.mp3,https://cdn.ttapi.io/suno/20260525/63e022dc0875467488804dc217f72cfd.mp3,audio/jazz/c4ca3e75-c63a-4aa9-b6c8-fada085d2dc6_1.mp3,audio/jazz/c4ca3e75-c63a-4aa9-b6c8-fada085d2dc6_2.mp3,jazz,2026-05-25T21:46:22.745391+00:00,2026-05-25T21:47:36.387206+00:00,
4e9344f0-dbde-49f7-aae5-7b08dc86544e,jazz,modal jazz,"modal jazz, melancholic atmosphere, featuring muted trumpet quartet","jazz, guitar, bossa nova",chirp-v4-5+,done,af60aeda-0251-40fd-861f-db02d38400ab,7733b455-180b-4e05-8ea2-b6446923c846,b2ab5ece-dba5-46d0-ac3b-9d67a7682d29,https://cdn.ttapi.io/suno/20260525/8b6ac896a5a14a9d93301a430a417b85.mp3,https://cdn.ttapi.io/suno/20260525/1e430d2e0c4a4698b89dcc484cdc7ae2.mp3,audio/jazz/4e9344f0-dbde-49f7-aae5-7b08dc86544e_1.mp3,audio/jazz/4e9344f0-dbde-49f7-aae5-7b08dc86544e_2.mp3,jazz,2026-05-25T21:46:28.666385+00:00,2026-05-25T21:47:45.356687+00:00,
0bb66763-34bc-45d7-aede-451b2577dbd7,jazz,post-bop,"post-bop jazz, melancholic atmosphere, featuring muted trumpet quartet","jazz, fusion, electric",chirp-v4-5+,done,f955b7a4-1a01-4315-b3bf-398deaceb1a4,1a49c3eb-7962-4fae-8071-b0789f7e48c3,d3352003-8b21-4fd3-baaf-a8a8f6cf140e,https://cdn.ttapi.io/suno/20260525/146d5f2283944c549f63d8d82f25674b.mp3,https://cdn.ttapi.io/suno/20260525/140397d0731d4513be557bc3bfbf32ea.mp3,audio/jazz/0bb66763-34bc-45d7-aede-451b2577dbd7_1.mp3,audio/jazz/0bb66763-34bc-45d7-aede-451b2577dbd7_2.mp3,jazz,2026-05-25T21:46:29.909720+00:00,2026-05-25T21:47:55.220326+00:00,
a13e80c2-b545-48c4-b56f-8dd90682c367,jazz,bebop,"bebop jazz, uplifting atmosphere, featuring muted trumpet quartet","jazz, saxophone, piano",chirp-v4-5+,done,bbddec45-a87d-4cef-89b1-bb39f27e9a0d,fa541b99-016b-4ff8-9dda-0d52d8bf0fc2,0f0d9035-b893-44f5-9542-380b8e646e88,https://cdn.ttapi.io/suno/20260525/2c119ffbf8954c219fc79df6b8134a59.mp3,https://cdn.ttapi.io/suno/20260525/ab402537af75483ca769c1163573ed78.mp3,audio/jazz/a13e80c2-b545-48c4-b56f-8dd90682c367_1.mp3,audio/jazz/a13e80c2-b545-48c4-b56f-8dd90682c367_2.mp3,jazz,2026-05-25T21:46:49.599917+00:00,2026-05-25T21:47:45.547782+00:00,
db83b62a-2a1e-4213-9332-2c105931866b,jazz,cool jazz,"cool jazz, uplifting atmosphere, featuring muted trumpet quartet","jazz, trumpet, swing",chirp-v4-5+,done,112c4923-c955-4a01-8d45-a74dcead62da,51016885-dd5b-4171-8927-777f9ff314b6,af2939da-7942-4c8e-8c90-f99fd489df93,https://cdn.ttapi.io/suno/20260525/9a9b7fcd1a60488ea436d5c345e75e54.mp3,https://cdn.ttapi.io/suno/20260525/e9407c0d6fc14d01966a34a4325fdbd2.mp3,audio/jazz/db83b62a-2a1e-4213-9332-2c105931866b_1.mp3,audio/jazz/db83b62a-2a1e-4213-9332-2c105931866b_2.mp3,jazz,2026-05-25T21:46:50.873603+00:00,2026-05-25T21:47:45.648182+00:00,
02c27ad5-cc99-4a54-99c7-0861cc203a4e,jazz,fusion,"fusion jazz, uplifting atmosphere, featuring muted trumpet quartet","jazz, bass, drums",chirp-v4-5+,done,43cb5bda-a0b7-4286-8b99-04bd6bb8684e,8de65913-fa73-4327-bbef-c67ac920cf9b,c3ce28cd-0828-4824-a869-f023635291fb,https://cdn.ttapi.io/suno/20260525/3f23766ee84c467d8ed42d58fee85b2a.mp3,https://cdn.ttapi.io/suno/20260525/4cfcc652e4b04d8ea3f63d4a71d61978.mp3,audio/jazz/02c27ad5-cc99-4a54-99c7-0861cc203a4e_1.mp3,audio/jazz/02c27ad5-cc99-4a54-99c7-0861cc203a4e_2.mp3,jazz,2026-05-25T21:46:56.970584+00:00,2026-05-25T21:48:24.735798+00:00,
ea763270-3b3e-4311-a307-193da1c659d2,jazz,smooth jazz,"smooth jazz, uplifting atmosphere, featuring muted trumpet quartet","jazz, guitar, bossa nova",chirp-v4-5+,done,00295b45-14a4-4607-8e31-ad7e80d31997,f793b4ae-a3cd-4d6c-9f5d-2498e339928c,5dc32396-9230-475b-960f-65dbfcec394f,https://cdn.ttapi.io/suno/20260525/e2678ba2a9c540ef8a7946ed6a8e31f9.mp3,https://cdn.ttapi.io/suno/20260525/d6007b32ca9f4a568ee3753c8e69beb2.mp3,audio/jazz/ea763270-3b3e-4311-a307-193da1c659d2_1.mp3,audio/jazz/ea763270-3b3e-4311-a307-193da1c659d2_2.mp3,jazz,2026-05-25T21:46:58.274290+00:00,2026-05-25T21:48:24.939243+00:00,
9e6c41e4-cfc3-47dc-8ec3-92c801df72fe,jazz,hard bop,"hard bop jazz, uplifting atmosphere, featuring muted trumpet quartet","jazz, fusion, electric",chirp-v4-5+,done,b044fc70-4337-4e7e-935f-9453fac1b795,ea7b0582-e97f-4afb-a5f8-9ed1131d1f7d,6f2edc97-1bd9-47c5-92b2-06bbfd2b59bc,https://cdn.ttapi.io/suno/20260525/77b7d109b6174c1787e35ff16a8ea622.mp3,https://cdn.ttapi.io/suno/20260525/3fcb18d97cac42a4a04d7840be13bc8c.mp3,audio/jazz/9e6c41e4-cfc3-47dc-8ec3-92c801df72fe_1.mp3,audio/jazz/9e6c41e4-cfc3-47dc-8ec3-92c801df72fe_2.mp3,jazz,2026-05-25T21:46:59.579289+00:00,2026-05-25T21:48:25.052890+00:00,
4aca7b0b-811e-4876-8c7f-4a7f71429f2c,jazz,free jazz,"free jazz, uplifting atmosphere, featuring muted trumpet quartet","jazz, saxophone, piano",chirp-v4-5+,done,0ceea3ff-776e-4176-b406-052af11c8ae4,54ff30eb-0571-49af-a2b3-15c4bdc7e6bf,659a760b-1a79-4f74-a96b-4a7aa12b372c,https://cdn.ttapi.io/suno/20260525/90ac9f09c934415fb23b1d846110704a.mp3,https://cdn.ttapi.io/suno/20260525/a4cfa59d3b974d42b3845987fc362d12.mp3,audio/jazz/4aca7b0b-811e-4876-8c7f-4a7f71429f2c_1.mp3,audio/jazz/4aca7b0b-811e-4876-8c7f-4a7f71429f2c_2.mp3,jazz,2026-05-25T21:47:05.509594+00:00,2026-05-25T21:48:25.179864+00:00,
a30fac49-80de-4334-8b85-3f6264dc0b00,jazz,latin jazz,"latin jazz, uplifting atmosphere, featuring muted trumpet quartet","jazz, trumpet, swing",chirp-v4-5+,done,549f7c48-c98a-43aa-9ec0-d5a7297fc0f4,6c1e68dd-9f7d-46e2-9c77-e421adcf545a,341efbc0-3d9c-4ca0-aea3-aaaf58c36cdf,https://cdn.ttapi.io/suno/20260525/fd55478db1bd4f499f136faec03f4fda.mp3,https://cdn.ttapi.io/suno/20260525/4e2643eabbc64c3490655be94d0d9c7b.mp3,audio/jazz/a30fac49-80de-4334-8b85-3f6264dc0b00_1.mp3,audio/jazz/a30fac49-80de-4334-8b85-3f6264dc0b00_2.mp3,jazz,2026-05-25T21:47:06.798128+00:00,2026-05-25T21:48:25.289773+00:00,
4f270439-f832-4a9f-ab10-95098a6f4b1e,jazz,swing,"swing jazz, uplifting atmosphere, featuring muted trumpet quartet","jazz, bass, drums",chirp-v4-5+,done,1ad1b98d-6afc-4b76-8e61-d581bbf4abd4,a75685f1-92d5-4165-b2cc-1d0a7ef1950f,32bae103-0d3e-4882-9616-0569e619ddea,https://cdn.ttapi.io/suno/20260525/13519349ebea49a8a1c88469feff2c4a.mp3,https://cdn.ttapi.io/suno/20260525/5011ecaf779946c78e1aee9f5c18f15b.mp3,audio/jazz/4f270439-f832-4a9f-ab10-95098a6f4b1e_1.mp3,audio/jazz/4f270439-f832-4a9f-ab10-95098a6f4b1e_2.mp3,jazz,2026-05-25T21:47:08.093445+00:00,2026-05-25T21:48:25.388781+00:00,
3bdad674-5824-4d0f-9595-c1735295b33e,jazz,modal jazz,"modal jazz, uplifting atmosphere, featuring muted trumpet quartet","jazz, guitar, bossa nova",chirp-v4-5+,done,d287d4df-f73a-41bb-bd45-a531085d10aa,d42b5d56-4301-4591-963c-fbec0fd0e3a5,086c7623-ea88-46c7-9561-6a5414fd35d0,https://cdn.ttapi.io/suno/20260525/78496b12fd024e0a841a29a98a5ec8e2.mp3,https://cdn.ttapi.io/suno/20260525/1051a4511e504242a8fa9e56810850b9.mp3,audio/jazz/3bdad674-5824-4d0f-9595-c1735295b33e_1.mp3,audio/jazz/3bdad674-5824-4d0f-9595-c1735295b33e_2.mp3,jazz,2026-05-25T21:47:14.088546+00:00,2026-05-25T21:48:40.041383+00:00,
1325b709-a107-489f-96a8-239c3457ab8b,jazz,post-bop,"post-bop jazz, uplifting atmosphere, featuring muted trumpet quartet","jazz, fusion, electric",chirp-v4-5+,done,86665722-d443-4fdc-8d46-c2512205ebd0,f2916c3c-71cb-4014-88f6-079c6f16d497,d9b9d16f-2f50-4097-91e1-709c435d717c,https://cdn.ttapi.io/suno/20260525/b5678467a2e04406910ad604f8f07e05.mp3,https://cdn.ttapi.io/suno/20260525/2cd0955d2751475994ccf314ce231958.mp3,audio/jazz/1325b709-a107-489f-96a8-239c3457ab8b_1.mp3,audio/jazz/1325b709-a107-489f-96a8-239c3457ab8b_2.mp3,jazz,2026-05-25T21:47:33.722155+00:00,2026-05-25T21:48:59.695998+00:00,
da4d1717-6177-44ea-add8-cbc9d90f9567,jazz,bebop,"bebop jazz, relaxed atmosphere, featuring muted trumpet quartet","jazz, saxophone, piano",chirp-v4-5+,done,6ade25ba-6b0e-4e57-8600-64418c5bf769,41293239-79d8-4d62-b0ed-9d010aa4b74e,20590b87-c75b-4f62-8c60-f2e4dd159d76,https://cdn.ttapi.io/suno/20260525/df80d2bb88a147cca8ebf2a780d26101.mp3,https://cdn.ttapi.io/suno/20260525/bc33ff2d95064d05a97c697b674bb481.mp3,audio/jazz/da4d1717-6177-44ea-add8-cbc9d90f9567_1.mp3,audio/jazz/da4d1717-6177-44ea-add8-cbc9d90f9567_2.mp3,jazz,2026-05-25T21:47:35.036721+00:00,2026-05-25T21:49:08.264610+00:00,
51fd725d-65dc-4479-952c-4653cb509513,jazz,cool jazz,"cool jazz, relaxed atmosphere, featuring muted trumpet quartet","jazz, trumpet, swing",chirp-v4-5+,done,4962e1c1-c480-4a6c-a3fd-6f1759a5431d,989d855b-801b-4284-97a0-59161dde8cc5,97679290-c347-4c25-83e7-b4288ea84232,https://cdn.ttapi.io/suno/20260525/630114fa107c47bdbe80a581555fcb65.mp3,https://cdn.ttapi.io/suno/20260525/e722274e6f7e456dbf5350257defbc5b.mp3,audio/jazz/51fd725d-65dc-4479-952c-4653cb509513_1.mp3,audio/jazz/51fd725d-65dc-4479-952c-4653cb509513_2.mp3,jazz,2026-05-25T21:47:40.954214+00:00,2026-05-25T21:48:59.955783+00:00,
58153eb4-257f-4a6e-bba6-918edda5cf43,jazz,fusion,"fusion jazz, relaxed atmosphere, featuring muted trumpet quartet","jazz, bass, drums",chirp-v4-5+,done,4336648e-ff2a-4766-9794-26a119907198,74ddcb30-c773-4954-9947-2539dfa58519,c2679f72-3b37-4ef9-a6dc-828045813605,https://cdn.ttapi.io/suno/20260525/80903196fd4e4e069afcf8b1fc6b1e4d.mp3,https://cdn.ttapi.io/suno/20260525/94b948c0fbb743208c441ff0d9c5222e.mp3,audio/jazz/58153eb4-257f-4a6e-bba6-918edda5cf43_1.mp3,audio/jazz/58153eb4-257f-4a6e-bba6-918edda5cf43_2.mp3,jazz,2026-05-25T21:47:42.255375+00:00,2026-05-25T21:49:00.069419+00:00,
49524497-d544-41a7-91ab-f1a7c139f7ec,jazz,smooth jazz,"smooth jazz, relaxed atmosphere, featuring muted trumpet quartet","jazz, guitar, bossa nova",chirp-v4-5+,done,2bfb4d23-b8be-4d95-abc2-3b270313efa1,62a312b1-2057-4263-8361-bf98208761ad,3d1115a2-07f2-4d2a-87bc-f54a3fad4dd8,https://cdn.ttapi.io/suno/20260525/1786f8014d3641849449c79c93de2325.mp3,https://cdn.ttapi.io/suno/20260525/7fece638d08a4916ad4681ab4a7bbcc6.mp3,audio/jazz/49524497-d544-41a7-91ab-f1a7c139f7ec_1.mp3,audio/jazz/49524497-d544-41a7-91ab-f1a7c139f7ec_2.mp3,jazz,2026-05-25T21:47:50.159730+00:00,2026-05-25T21:49:15.496942+00:00,
c4dc9c89-0b31-42e4-b86e-1446d31c3e66,jazz,hard bop,"hard bop jazz, relaxed atmosphere, featuring muted trumpet quartet","jazz, fusion, electric",chirp-v4-5+,done,4b005fc9-0669-4f5f-a940-c7755d7fff68,85a9cb26-cdcb-4013-86eb-1b3240932039,59e8d7a6-9917-4cb4-845a-f14e7fa47ca8,https://cdn.ttapi.io/suno/20260525/0dc519d91cca4e27a62960a96faf8597.mp3,https://cdn.ttapi.io/suno/20260525/a010e42b37764edda7ae7e660b63e05b.mp3,audio/jazz/c4dc9c89-0b31-42e4-b86e-1446d31c3e66_1.mp3,audio/jazz/c4dc9c89-0b31-42e4-b86e-1446d31c3e66_2.mp3,jazz,2026-05-25T21:47:51.393941+00:00,2026-05-25T21:49:15.670331+00:00,
5e76770b-0ac3-4f40-b991-a19012419395,jazz,free jazz,"free jazz, relaxed atmosphere, featuring muted trumpet quartet","jazz, saxophone, piano",chirp-v4-5+,done,37c5485e-e48d-4002-a280-29e73b3f65b0,99c3e40b-7ff4-4b9a-994b-84f0ecf05df1,11444c6c-4d74-48f7-8943-0998f7a66e7a,https://cdn.ttapi.io/suno/20260525/6843f362a9c24720b7d4a32940e652c8.mp3,https://cdn.ttapi.io/suno/20260525/8d3aee00e1e7493294cd9cd3a21f3e3c.mp3,audio/jazz/5e76770b-0ac3-4f40-b991-a19012419395_1.mp3,audio/jazz/5e76770b-0ac3-4f40-b991-a19012419395_2.mp3,jazz,2026-05-25T21:47:52.684845+00:00,2026-05-25T21:49:24.664944+00:00,
ed7d56a8-e87e-47ea-9f00-d948979edb13,jazz,latin jazz,"latin jazz, relaxed atmosphere, featuring muted trumpet quartet","jazz, trumpet, swing",chirp-v4-5+,done,44d0399f-f42b-4005-8cfa-7613e412f9e4,9deb35bb-057a-4903-9a20-1674bc2ee545,290edb1a-57c8-427c-b00e-66cc2a9d75f1,https://cdn.ttapi.io/suno/20260525/4ef81b8d8d9d4f35aeabe019f627ac46.mp3,https://cdn.ttapi.io/suno/20260525/899d4cddfba047a5b8205cf45823e74c.mp3,audio/jazz/ed7d56a8-e87e-47ea-9f00-d948979edb13_1.mp3,audio/jazz/ed7d56a8-e87e-47ea-9f00-d948979edb13_2.mp3,jazz,2026-05-25T21:47:54.009376+00:00,2026-05-25T21:49:24.828028+00:00,
0c83d434-b2df-47db-8b88-92706eae3872,jazz,swing,"swing jazz, relaxed atmosphere, featuring muted trumpet quartet","jazz, bass, drums",chirp-v4-5+,done,2c14490b-f1cb-4a70-8e25-377ef4de1052,2bd6dffd-7e17-40dc-95ab-3c3f5d9c0811,60b7566a-8803-4e68-a223-7e26f87c3ed3,https://cdn.ttapi.io/suno/20260525/2a85efe8b46b493e87acf903a419c4f0.mp3,https://cdn.ttapi.io/suno/20260525/70d3b3b0b40c43e1b0f2d6b781ade723.mp3,audio/jazz/0c83d434-b2df-47db-8b88-92706eae3872_1.mp3,audio/jazz/0c83d434-b2df-47db-8b88-92706eae3872_2.mp3,jazz,2026-05-25T21:48:00.259290+00:00,2026-05-25T21:49:08.797539+00:00,
326d754f-8876-4267-b3bf-4d9a9167f854,jazz,modal jazz,"modal jazz, relaxed atmosphere, featuring muted trumpet quartet","jazz, guitar, bossa nova",chirp-v4-5+,done,72c02275-445a-4ee6-befd-3b21c399d263,c6ef02f2-be59-4565-9dcb-9f950e11c7d8,6f83b260-043f-49df-84d2-d3b910f84915,https://cdn.ttapi.io/suno/20260525/a9a01ae6c69448c9ad819379db7dc6d6.mp3,https://cdn.ttapi.io/suno/20260525/9cbfa63912774aa08fc4758a7ee14019.mp3,audio/jazz/326d754f-8876-4267-b3bf-4d9a9167f854_1.mp3,audio/jazz/326d754f-8876-4267-b3bf-4d9a9167f854_2.mp3,jazz,2026-05-25T21:48:01.522510+00:00,2026-05-25T21:49:34.717841+00:00,
58278e9a-6496-4a62-8e8a-b0f211263e42,jazz,post-bop,"post-bop jazz, relaxed atmosphere, featuring muted trumpet quartet","jazz, fusion, electric",chirp-v4-5+,done,71255e18-ce98-472a-94ac-6751975da8d0,23b68b59-24fe-43fd-9b9e-4413f12e7f03,a25ff83e-3626-4084-a46f-e26e1b089fc7,https://cdn.ttapi.io/suno/20260525/86fde9cbc54a4a4aa3814d49a549e82d.mp3,https://cdn.ttapi.io/suno/20260525/576ecc8d755e415ba2c6c52cb6e18379.mp3,audio/jazz/58278e9a-6496-4a62-8e8a-b0f211263e42_1.mp3,audio/jazz/58278e9a-6496-4a62-8e8a-b0f211263e42_2.mp3,jazz,2026-05-25T21:48:02.826865+00:00,2026-05-25T21:49:25.048683+00:00,
008121b4-ff79-4027-bbc5-9f6c18312b0d,jazz,bebop,"bebop jazz, energetic atmosphere, featuring muted trumpet quartet","jazz, saxophone, piano",chirp-v4-5+,done,0727bfbf-b33d-4b10-9984-a3280e49b40b,067490a3-5b9c-41aa-9d60-de6589738594,ac8b19f4-eef1-4ffd-8e7d-49565546999b,https://cdn.ttapi.io/suno/20260525/5aaf7c2d23444a119f1515cd434f9ade.mp3,https://cdn.ttapi.io/suno/20260525/56dced528e0344d4bde2da2cf82a6b01.mp3,audio/jazz/008121b4-ff79-4027-bbc5-9f6c18312b0d_1.mp3,audio/jazz/008121b4-ff79-4027-bbc5-9f6c18312b0d_2.mp3,jazz,2026-05-25T21:48:04.123694+00:00,2026-05-25T21:49:25.151626+00:00,
252ae33d-49c9-4d5b-a774-9a3f94870574,jazz,cool jazz,"cool jazz, energetic atmosphere, featuring muted trumpet quartet","jazz, trumpet, swing",chirp-v4-5+,done,71ddfdc4-a299-4059-b113-bf47f98bbcd3,2d05be0f-0d72-4a46-aa4a-0cba51550d88,a2eaa4da-c45c-42ca-8567-3a8975ea66d3,https://cdn.ttapi.io/suno/20260525/56ff34b078164afe94472bff72605a1a.mp3,https://cdn.ttapi.io/suno/20260525/0b513906d7b7412a92943d7dc15afe3e.mp3,audio/jazz/252ae33d-49c9-4d5b-a774-9a3f94870574_1.mp3,audio/jazz/252ae33d-49c9-4d5b-a774-9a3f94870574_2.mp3,jazz,2026-05-25T21:48:10.261723+00:00,2026-05-25T21:49:34.887268+00:00,
0bc2dc4e-433d-4f36-a61d-6fd4cd7ff84c,jazz,fusion,"fusion jazz, energetic atmosphere, featuring muted trumpet quartet","jazz, bass, drums",chirp-v4-5+,done,7db8e743-ffbc-4590-a7b2-6308612e015c,d0bf43c6-12ab-4f86-8790-f2a8724ea08c,2d2cfa3e-53f5-4798-a747-49cf0f4ffbe3,https://cdn.ttapi.io/suno/20260525/f39be3ab0a0a44f789425b11318e1d1e.mp3,https://cdn.ttapi.io/suno/20260525/93f47dc8f70b4368b769857c31a93ca8.mp3,audio/jazz/0bc2dc4e-433d-4f36-a61d-6fd4cd7ff84c_1.mp3,audio/jazz/0bc2dc4e-433d-4f36-a61d-6fd4cd7ff84c_2.mp3,jazz,2026-05-25T21:48:32.909511+00:00,2026-05-25T21:50:17.556426+00:00,
f17cfa58-ad6a-49a1-8754-a0f46ca34e4b,jazz,smooth jazz,"smooth jazz, energetic atmosphere, featuring muted trumpet quartet","jazz, guitar, bossa nova",chirp-v4-5+,done,b11420de-3875-4a39-87e4-513510c8b053,594c6e5e-005a-4340-87f0-e677fc77c0d8,b7c54bfc-f607-4352-8cf8-70a762c9c1cf,https://cdn.ttapi.io/suno/20260525/76148c14ff0149848f832742dab30499.mp3,https://cdn.ttapi.io/suno/20260525/8d0de53679ca466eb6a2833cab3596a0.mp3,audio/jazz/f17cfa58-ad6a-49a1-8754-a0f46ca34e4b_1.mp3,audio/jazz/f17cfa58-ad6a-49a1-8754-a0f46ca34e4b_2.mp3,jazz,2026-05-25T21:48:34.176716+00:00,2026-05-25T21:49:55.662846+00:00,
06c13039-c3b6-4184-8923-ec37e904a4a0,jazz,hard bop,"hard bop jazz, energetic atmosphere, featuring muted trumpet quartet","jazz, fusion, electric",chirp-v4-5+,done,31715a37-ddde-42f3-ae56-89aa54dddd0d,e4bdfc32-3d4c-4b0d-baad-72ca045a8dbe,aaf4ee82-a665-4a8a-a152-68da674a5152,https://cdn.ttapi.io/suno/20260525/d257cf3f90b845e481f1bca098cab214.mp3,https://cdn.ttapi.io/suno/20260525/441e8c21c47240c1a6699e6ee125ca49.mp3,audio/jazz/06c13039-c3b6-4184-8923-ec37e904a4a0_1.mp3,audio/jazz/06c13039-c3b6-4184-8923-ec37e904a4a0_2.mp3,jazz,2026-05-25T21:48:35.472826+00:00,2026-05-25T21:49:55.843158+00:00,
b43f9a54-7f08-4085-a474-2dc87e4d9dd3,jazz,free jazz,"free jazz, energetic atmosphere, featuring muted trumpet quartet","jazz, saxophone, piano",chirp-v4-5+,done,fedaa745-3f9c-4f30-8aa8-905137de63ed,57e2df4b-689b-4cbb-8fa3-d379e6035c51,f9819891-7dbd-4114-947a-5db99f89f06b,https://cdn.ttapi.io/suno/20260525/847577902344481e8f4581f09a933e42.mp3,https://cdn.ttapi.io/suno/20260525/016589f61b414114a95e1f80596623db.mp3,audio/jazz/b43f9a54-7f08-4085-a474-2dc87e4d9dd3_1.mp3,audio/jazz/b43f9a54-7f08-4085-a474-2dc87e4d9dd3_2.mp3,jazz,2026-05-25T21:48:36.810128+00:00,2026-05-25T21:50:11.675911+00:00,
8880bf7f-dad0-4184-925c-717d9ac68d26,jazz,latin jazz,"latin jazz, energetic atmosphere, featuring muted trumpet quartet","jazz, trumpet, swing",chirp-v4-5+,done,48649a13-66f7-463e-b202-91a33cf3fb9a,66732ade-4b94-4d7d-b1b0-33a0ef5d73ba,12c8a68a-b945-4a83-a0f0-e77418b98300,https://cdn.ttapi.io/suno/20260525/495551856819477d961742d9fd7151ee.mp3,https://cdn.ttapi.io/suno/20260525/c4bec2c8df5742da8c5527a6beb16ad5.mp3,audio/jazz/8880bf7f-dad0-4184-925c-717d9ac68d26_1.mp3,audio/jazz/8880bf7f-dad0-4184-925c-717d9ac68d26_2.mp3,jazz,2026-05-25T21:48:38.098098+00:00,2026-05-25T21:50:05.865459+00:00,
c03170ec-2a64-4603-a44f-2c77dc633d69,jazz,swing,"swing jazz, energetic atmosphere, featuring muted trumpet quartet","jazz, bass, drums",chirp-v4-5+,done,596a1684-d370-48da-a198-3a1b2b04ff68,9dbe8f5a-001b-4373-abbb-49b4b6c37319,ba52b0fd-1077-4145-9e3b-1ae75ff10938,https://cdn.ttapi.io/suno/20260525/cc4d1f4f6bc7444e8503e973537806bf.mp3,https://cdn.ttapi.io/suno/20260525/9663b843ac3340ba80561091057b54f9.mp3,audio/jazz/c03170ec-2a64-4603-a44f-2c77dc633d69_1.mp3,audio/jazz/c03170ec-2a64-4603-a44f-2c77dc633d69_2.mp3,jazz,2026-05-25T21:48:39.378948+00:00,2026-05-25T21:49:56.151812+00:00,
7540fd91-cb3c-4595-8be7-30e4f20f9c37,jazz,modal jazz,"modal jazz, energetic atmosphere, featuring muted trumpet quartet","jazz, guitar, bossa nova",chirp-v4-5+,done,f4fa0bb9-f876-49be-a4de-2b02a9fc5de7,adbf3e43-8cde-4c85-a573-df73aee93ade,d0aedfbd-ebea-4039-9669-99b3412f94e1,https://cdn.ttapi.io/suno/20260525/1892eb0438644f8aa8faace35ac4e754.mp3,https://cdn.ttapi.io/suno/20260525/54b7a68ffd91482b89cf7f933b2f9aff.mp3,audio/jazz/7540fd91-cb3c-4595-8be7-30e4f20f9c37_1.mp3,audio/jazz/7540fd91-cb3c-4595-8be7-30e4f20f9c37_2.mp3,jazz,2026-05-25T21:48:45.339533+00:00,2026-05-25T21:49:56.323637+00:00,
1277b349-a749-4752-9c93-cd0cf37a9972,jazz,post-bop,"post-bop jazz, energetic atmosphere, featuring muted trumpet quartet","jazz, fusion, electric",chirp-v4-5+,done,2b4f05b2-513a-44cf-a0cd-3ecabd04f5f1,aabc57d2-4ed0-4396-ab4f-85db2ed2d0ed,cbd29c46-ec63-40eb-9513-0131a4c70079,https://cdn.ttapi.io/suno/20260525/5e5558b732564687ac7864821f14ca22.mp3,https://cdn.ttapi.io/suno/20260525/1386580df662470484a41b2055c17bb0.mp3,audio/jazz/1277b349-a749-4752-9c93-cd0cf37a9972_1.mp3,audio/jazz/1277b349-a749-4752-9c93-cd0cf37a9972_2.mp3,jazz,2026-05-25T21:49:05.014074+00:00,2026-05-25T21:50:55.787466+00:00,
2e822018-25ec-46c6-8549-e664b9daa660,jazz,bebop,"bebop jazz, nostalgic atmosphere, featuring muted trumpet quartet","jazz, saxophone, piano",chirp-v4-5+,done,7ad4c077-b9d6-4ac9-b597-d89961d71017,c24a585c-8500-427d-a323-2107207e2223,46466ce3-5e0e-4ae8-a7f6-71b17c50e142,https://cdn.ttapi.io/suno/20260525/764c8e3d7f0f4d4db67c574c013f5347.mp3,https://cdn.ttapi.io/suno/20260525/8f52e89b4a794bcfb902cae9f8c8e35e.mp3,audio/jazz/2e822018-25ec-46c6-8549-e664b9daa660_1.mp3,audio/jazz/2e822018-25ec-46c6-8549-e664b9daa660_2.mp3,jazz,2026-05-25T21:49:06.273618+00:00,2026-05-25T21:50:25.651692+00:00,
f8aa9716-bfb6-4dfd-ac9b-4ee465cc2f7f,jazz,cool jazz,"cool jazz, nostalgic atmosphere, featuring muted trumpet quartet","jazz, trumpet, swing",chirp-v4-5+,done,665d11ba-eb19-4127-ab95-2ae4ac1af2b6,196fe53d-2287-4e7a-9053-1fa9a7b74ed6,6007a167-2d93-4e8c-863e-7c45b3cd7a7e,https://cdn.ttapi.io/suno/20260525/137767eeaba44b418ecc0e868bc10dde.mp3,https://cdn.ttapi.io/suno/20260525/3b63e629a3194c4e8ff110d00786841e.mp3,audio/jazz/f8aa9716-bfb6-4dfd-ac9b-4ee465cc2f7f_1.mp3,audio/jazz/f8aa9716-bfb6-4dfd-ac9b-4ee465cc2f7f_2.mp3,jazz,2026-05-25T21:49:07.565393+00:00,2026-05-25T21:50:25.812140+00:00,
c7cd3bc6-b91b-40ae-9b29-f45bfc59e5ef,jazz,fusion,"fusion jazz, nostalgic atmosphere, featuring muted trumpet quartet","jazz, bass, drums",chirp-v4-5+,done,5ec5dcda-60ec-4aa4-94c8-8cb48163b0a5,c24dea7d-0672-4691-94b7-88502803cf03,637ab7cd-f205-4fa6-8569-df1bf79947c4,https://cdn.ttapi.io/suno/20260525/e5cfbd035f6b497e9394470283626e21.mp3,https://cdn.ttapi.io/suno/20260525/b982d825fcf947668b9e6569f96005b2.mp3,audio/jazz/c7cd3bc6-b91b-40ae-9b29-f45bfc59e5ef_1.mp3,audio/jazz/c7cd3bc6-b91b-40ae-9b29-f45bfc59e5ef_2.mp3,jazz,2026-05-25T21:49:13.519333+00:00,2026-05-25T21:51:04.528990+00:00,
f9dc646b-4a97-4bab-a090-2ddce154a08a,jazz,smooth jazz,"smooth jazz, nostalgic atmosphere, featuring muted trumpet quartet","jazz, guitar, bossa nova",chirp-v4-5+,done,260d7fd9-f4a5-4616-b61a-063eeca26f8f,5b6479ea-a8f4-46c2-a0ce-bb06b191a461,970ca199-62a8-4f18-9399-cf43b0932ae0,https://cdn.ttapi.io/suno/20260525/2e6968a273984157a245dde896427447.mp3,https://cdn.ttapi.io/suno/20260525/83c2081e766d4f09a15dd16e2d2bf4b0.mp3,audio/jazz/f9dc646b-4a97-4bab-a090-2ddce154a08a_1.mp3,audio/jazz/f9dc646b-4a97-4bab-a090-2ddce154a08a_2.mp3,jazz,2026-05-25T21:49:14.809343+00:00,2026-05-25T21:50:40.137330+00:00,
a3e03285-f40d-48ed-a6eb-9ed8da18812a,jazz,hard bop,"hard bop jazz, nostalgic atmosphere, featuring muted trumpet quartet","jazz, fusion, electric",chirp-v4-5+,done,cc305851-d637-4804-919a-62412c7f5aeb,3e91fc9d-07d0-4930-a64e-9300112fcd7d,d206181b-6f7a-4b80-8766-38a37d551775,https://cdn.ttapi.io/suno/20260525/b9dab6bd62bc42dc9a32d2e9f558bb01.mp3,https://cdn.ttapi.io/suno/20260525/eec909c8cd4f4227b1b7f1e0f8353a4c.mp3,audio/jazz/a3e03285-f40d-48ed-a6eb-9ed8da18812a_1.mp3,audio/jazz/a3e03285-f40d-48ed-a6eb-9ed8da18812a_2.mp3,jazz,2026-05-25T21:49:22.660822+00:00,2026-05-25T21:51:25.561802+00:00,
85427b98-301c-4cdb-95c3-6d633e53758a,jazz,free jazz,"free jazz, nostalgic atmosphere, featuring muted trumpet quartet","jazz, saxophone, piano",chirp-v4-5+,done,f4e9c870-3b29-407e-b429-0e4f67a28750,109eaaf1-abf7-4ead-8c0c-5f61fffc6777,66c40bf4-96f9-4367-92ea-9db816bb4555,https://cdn.ttapi.io/suno/20260525/44ddd33cd221494a95ddb9e81117ab36.mp3,https://cdn.ttapi.io/suno/20260525/39029d5e66eb4d06a215a8ea7e90bdc8.mp3,audio/jazz/85427b98-301c-4cdb-95c3-6d633e53758a_1.mp3,audio/jazz/85427b98-301c-4cdb-95c3-6d633e53758a_2.mp3,jazz,2026-05-25T21:49:23.961636+00:00,2026-05-25T21:50:48.733436+00:00,
7f07eea8-5970-4779-94a6-8288a279289c,jazz,latin jazz,"latin jazz, nostalgic atmosphere, featuring muted trumpet quartet","jazz, trumpet, swing",chirp-v4-5+,done,116cb719-3d66-4211-8e99-78bf4dd3c90e,71a0dc7f-b40f-44ef-91cc-1b362d1fb533,4f2a2e68-2d6a-408f-8b8f-faf8bb094211,https://cdn.ttapi.io/suno/20260525/c666fc6eda0b44eda1e2c4abf15fcd83.mp3,https://cdn.ttapi.io/suno/20260525/e289febf1f8c454ebac47a83de1d2f81.mp3,audio/jazz/7f07eea8-5970-4779-94a6-8288a279289c_1.mp3,audio/jazz/7f07eea8-5970-4779-94a6-8288a279289c_2.mp3,jazz,2026-05-25T21:49:30.130224+00:00,2026-05-25T21:50:40.418488+00:00,
1d7c2808-9082-46e3-b5b0-b2a60ff66dc0,jazz,swing,"swing jazz, nostalgic atmosphere, featuring muted trumpet quartet","jazz, bass, drums",chirp-v4-5+,done,89580419-7f08-4712-8b7e-8afe47ec12a9,3aa2a7d3-fdfa-4ba5-b8b8-47600e817096,4c30d92e-5bdf-41f4-bb69-11db99bfc6bc,https://cdn.ttapi.io/suno/20260525/abaca5dc324e4f4db35b64d047b3cace.mp3,https://cdn.ttapi.io/suno/20260525/72dd6c5705504d8b86ef4860a19ba593.mp3,audio/jazz/1d7c2808-9082-46e3-b5b0-b2a60ff66dc0_1.mp3,audio/jazz/1d7c2808-9082-46e3-b5b0-b2a60ff66dc0_2.mp3,jazz,2026-05-25T21:49:31.413117+00:00,2026-05-25T21:50:34.862527+00:00,
b5845766-d803-4b15-b9f8-100b07ac9304,jazz,modal jazz,"modal jazz, nostalgic atmosphere, featuring muted trumpet quartet","jazz, guitar, bossa nova",chirp-v4-5+,done,59337a0f-0321-4095-baf4-8d25ef9b2e25,855a7283-38c5-4c93-8672-1e7673a929eb,bd4f5e79-916b-476c-93af-7cb029efeb49,https://cdn.ttapi.io/suno/20260525/3252d69dffd548d18c4b1cbfc9fef550.mp3,https://cdn.ttapi.io/suno/20260525/91db8b7ff41942fc8520c3342e039a4f.mp3,audio/jazz/b5845766-d803-4b15-b9f8-100b07ac9304_1.mp3,audio/jazz/b5845766-d803-4b15-b9f8-100b07ac9304_2.mp3,jazz,2026-05-25T21:49:32.712630+00:00,2026-05-25T21:50:56.175815+00:00,
27ada6d5-45da-409b-8a44-c86649b94f9a,jazz,post-bop,"post-bop jazz, nostalgic atmosphere, featuring muted trumpet quartet","jazz, fusion, electric",chirp-v4-5+,done,5106de93-dc03-4675-b2f9-0176ea25e7fa,9d27c6bd-f762-4279-9efa-469efc31d200,738dd6f3-afe3-412e-b667-60615c33e1e8,https://cdn.ttapi.io/suno/20260525/ab126a25fb834d15a62312eed688ce9f.mp3,https://cdn.ttapi.io/suno/20260525/4a16aa9fad7c4f26aaa604e4735426a1.mp3,audio/jazz/27ada6d5-45da-409b-8a44-c86649b94f9a_1.mp3,audio/jazz/27ada6d5-45da-409b-8a44-c86649b94f9a_2.mp3,jazz,2026-05-25T21:49:34.021573+00:00,2026-05-25T21:50:48.973455+00:00,
dd8d56c0-6e56-47eb-a402-b4b617c0d3a5,jazz,bebop,"bebop jazz, romantic atmosphere, featuring muted trumpet quartet","jazz, saxophone, piano",chirp-v4-5+,done,efdbc965-befa-496c-a221-c9f89cd34a9a,3a490143-8438-4d89-ae7a-094489b43583,a3a6ef79-cff3-43a2-9eff-6cbd9a3bc3b9,https://cdn.ttapi.io/suno/20260525/9ca04c5bbccf4005a686f7adf03e75a4.mp3,https://cdn.ttapi.io/suno/20260525/6b408a66fb1e47a8b88bd7893ca0c3a1.mp3,audio/jazz/dd8d56c0-6e56-47eb-a402-b4b617c0d3a5_1.mp3,audio/jazz/dd8d56c0-6e56-47eb-a402-b4b617c0d3a5_2.mp3,jazz,2026-05-25T21:49:39.934129+00:00,2026-05-25T21:51:04.817004+00:00,
5e110b25-7ffc-46f2-bcfa-1b019d0cbbb7,jazz,cool jazz,"cool jazz, romantic atmosphere, featuring muted trumpet quartet","jazz, trumpet, swing",chirp-v4-5+,done,5ba5ed41-1146-406b-aafa-75556a4d4b54,5499e93a-ea76-49bd-b5cd-e710dd9988bd,ed8a8987-1ba5-4bfb-9355-d9722db40454,https://cdn.ttapi.io/suno/20260525/731509be286b4430aeea6b6522791b13.mp3,https://cdn.ttapi.io/suno/20260525/acd7c4d71dc3448cbd866f0d150766d5.mp3,audio/jazz/5e110b25-7ffc-46f2-bcfa-1b019d0cbbb7_1.mp3,audio/jazz/5e110b25-7ffc-46f2-bcfa-1b019d0cbbb7_2.mp3,jazz,2026-05-25T21:49:41.209160+00:00,2026-05-25T21:50:56.374830+00:00,
5588e9dd-5874-4366-a890-dd0871076a71,jazz,fusion,"fusion jazz, romantic atmosphere, featuring muted trumpet quartet","jazz, bass, drums",chirp-v4-5+,done,21fe0e59-f207-4d09-86d8-197c323eeb70,ccb35d6d-6f1a-47c7-b23c-6663a5ea9116,b2f7c30c-a8db-4eb5-843e-6f19544300b3,https://cdn.ttapi.io/suno/20260525/33cae31a83e2495190c78bf2d063870e.mp3,https://cdn.ttapi.io/suno/20260525/5728eeb709304ec4aea05e16d6480e33.mp3,audio/jazz/5588e9dd-5874-4366-a890-dd0871076a71_1.mp3,audio/jazz/5588e9dd-5874-4366-a890-dd0871076a71_2.mp3,jazz,2026-05-25T21:50:00.935174+00:00,2026-05-25T21:51:55.202419+00:00,
9a279699-3b3f-4088-8b8b-367e2604038e,jazz,smooth jazz,"smooth jazz, romantic atmosphere, featuring muted trumpet quartet","jazz, guitar, bossa nova",chirp-v4-5+,done,4135f409-bf9f-49df-894c-2e001f671778,3c322210-c882-4266-b35e-8674a770db7c,c3a53eb8-78c3-479e-b3c4-2d6a14769ac9,https://cdn.ttapi.io/suno/20260525/57fa1bd0775c4c4f90e826457dff45e3.mp3,https://cdn.ttapi.io/suno/20260525/6522fc4c9acd49168bc5d02451e80bee.mp3,audio/jazz/9a279699-3b3f-4088-8b8b-367e2604038e_1.mp3,audio/jazz/9a279699-3b3f-4088-8b8b-367e2604038e_2.mp3,jazz,2026-05-25T21:50:02.244317+00:00,2026-05-25T21:51:25.859672+00:00,
bde62f3d-c13c-4b0d-b323-362b933375da,jazz,hard bop,"hard bop jazz, romantic atmosphere, featuring muted trumpet quartet","jazz, fusion, electric",chirp-v4-5+,done,2b6e14e0-1046-476a-94dd-b0e52a6b443a,8f05560d-74de-42b4-a35b-11f40c529171,5f8bc49d-b635-4b53-806d-59cad037087b,https://cdn.ttapi.io/suno/20260525/fb5d9bd1095e4d83b814af62a7c19a1e.mp3,https://cdn.ttapi.io/suno/20260525/40fb6946c85b48c2aefd49689f126020.mp3,audio/jazz/bde62f3d-c13c-4b0d-b323-362b933375da_1.mp3,audio/jazz/bde62f3d-c13c-4b0d-b323-362b933375da_2.mp3,jazz,2026-05-25T21:50:03.644928+00:00,2026-05-25T21:51:25.969890+00:00,
870aed01-c3f4-4183-be4d-7eaf5160eaff,jazz,free jazz,"free jazz, romantic atmosphere, featuring muted trumpet quartet","jazz, saxophone, piano",chirp-v4-5+,done,dd703c69-c26c-4665-8b8e-645f9cc24579,49749784-ce49-481f-b3c3-79fe153ff213,6dc82ade-78f8-430e-b4ea-ddbe9bb44d6b,https://cdn.ttapi.io/suno/20260525/dc3c735465d842c1bc628f173899ad93.mp3,https://cdn.ttapi.io/suno/20260525/9b2dedfff29f44d8978e43e55ce3a0a6.mp3,audio/jazz/870aed01-c3f4-4183-be4d-7eaf5160eaff_1.mp3,audio/jazz/870aed01-c3f4-4183-be4d-7eaf5160eaff_2.mp3,jazz,2026-05-25T21:50:04.933066+00:00,2026-05-25T21:51:55.380081+00:00,
30733d65-f03b-4523-9a73-2bcd313c6b4b,jazz,latin jazz,"latin jazz, romantic atmosphere, featuring muted trumpet quartet","jazz, trumpet, swing",chirp-v4-5+,done,2fa75c22-cba9-4cf8-9040-6ea9e4aa7e41,0720239e-1345-4368-b1c0-67a9a0a7b59a,badcc1fb-6c3f-41df-b880-a086d9d7719b,https://cdn.ttapi.io/suno/20260525/da8757fd55a444f780c1fd10cbce3bb2.mp3,https://cdn.ttapi.io/suno/20260525/b06fb8c359dd4bee9f02013add46db5f.mp3,audio/jazz/30733d65-f03b-4523-9a73-2bcd313c6b4b_1.mp3,audio/jazz/30733d65-f03b-4523-9a73-2bcd313c6b4b_2.mp3,jazz,2026-05-25T21:50:10.865089+00:00,2026-05-25T21:51:35.927732+00:00,
ae36fce9-a756-44ab-ab77-ff9d5b425394,jazz,swing,"swing jazz, romantic atmosphere, featuring muted trumpet quartet","jazz, bass, drums",chirp-v4-5+,done,8ef2c02a-6370-46e6-9b19-f1a15049f898,d584ac84-5c11-4947-bf6a-778357963e65,39c971f2-6e02-49a9-b307-9aae67207ac6,https://cdn.ttapi.io/suno/20260525/0a6561f25e2c4de8b3e474886db89759.mp3,https://cdn.ttapi.io/suno/20260525/6e2959e591b7475aa82d7071aabf7e23.mp3,audio/jazz/ae36fce9-a756-44ab-ab77-ff9d5b425394_1.mp3,audio/jazz/ae36fce9-a756-44ab-ab77-ff9d5b425394_2.mp3,jazz,2026-05-25T21:50:16.854186+00:00,2026-05-25T21:51:26.277548+00:00,
92976b89-5975-4464-8b4d-8adc36af0dc9,jazz,modal jazz,"modal jazz, romantic atmosphere, featuring muted trumpet quartet","jazz, guitar, bossa nova",chirp-v4-5+,done,eedb5970-059a-4bfa-ae07-8855a7eb3be5,8ffaf749-3059-4d2e-8bfa-4fc4e7657a7f,1055df46-05a0-4747-a368-15ca4a3a6728,https://cdn.ttapi.io/suno/20260525/d73bfe98893b4f508b54c3a711cbab9e.mp3,https://cdn.ttapi.io/suno/20260525/907d351d09bb4474acda1b9d8c48b5f6.mp3,audio/jazz/92976b89-5975-4464-8b4d-8adc36af0dc9_1.mp3,audio/jazz/92976b89-5975-4464-8b4d-8adc36af0dc9_2.mp3,jazz,2026-05-25T21:50:23.060374+00:00,2026-05-25T21:51:55.495594+00:00,
4a25d209-ccdb-47fa-b953-1fde79a42a2a,jazz,post-bop,"post-bop jazz, romantic atmosphere, featuring muted trumpet quartet","jazz, fusion, electric",chirp-v4-5+,done,4a63c571-2307-4f76-a413-e2f9e449e8ca,6f6299a6-adf0-4f1e-b1f6-1968d0fb8f1a,9402f463-7606-41d4-9c02-390f2d396efb,https://cdn.ttapi.io/suno/20260525/d86ac315c3564711a36e25e399c01e99.mp3,https://cdn.ttapi.io/suno/20260525/b7e65f37c60b4486a99c92d82e0c348c.mp3,audio/jazz/4a25d209-ccdb-47fa-b953-1fde79a42a2a_1.mp3,audio/jazz/4a25d209-ccdb-47fa-b953-1fde79a42a2a_2.mp3,jazz,2026-05-25T21:50:30.541691+00:00,2026-05-25T21:52:31.156314+00:00,
16d6ba78-b661-4429-b055-a8601be7c721,jazz,bebop,"bebop jazz, brooding atmosphere, featuring muted trumpet quartet","jazz, saxophone, piano",chirp-v4-5+,done,a159e62a-1215-4a16-b610-16d02aba0203,4b89a39c-51f9-4f2a-8626-275779a6971b,8693930f-d0af-472d-a0cb-a5f2ad079fad,https://cdn.ttapi.io/suno/20260525/13c0757673494b10a2eae2b398ff729b.mp3,https://cdn.ttapi.io/suno/20260525/9be782e8e2294baba324d0e2a86cff37.mp3,audio/jazz/16d6ba78-b661-4429-b055-a8601be7c721_1.mp3,audio/jazz/16d6ba78-b661-4429-b055-a8601be7c721_2.mp3,jazz,2026-05-25T21:50:31.807540+00:00,2026-05-25T21:52:21.245415+00:00,
14e1f8b2-33d8-46b4-8fab-a0d7cb369324,jazz,cool jazz,"cool jazz, brooding atmosphere, featuring muted trumpet quartet","jazz, trumpet, swing",chirp-v4-5+,done,dfe81400-51f7-40e6-98c8-c2c9da551850,ec160f05-4993-4319-8510-2eecdbe3fa90,78ab3ba9-c3b7-4a34-b747-8a4072be9429,https://cdn.ttapi.io/suno/20260525/3c552ee9a956475bb634311c4c18e149.mp3,https://cdn.ttapi.io/suno/20260525/7d68aed898544539a67069c761ea3777.mp3,audio/jazz/14e1f8b2-33d8-46b4-8fab-a0d7cb369324_1.mp3,audio/jazz/14e1f8b2-33d8-46b4-8fab-a0d7cb369324_2.mp3,jazz,2026-05-25T21:50:39.232522+00:00,2026-05-25T21:52:21.424960+00:00,
0d8d3aac-0ce3-42e4-85da-cf22634458bf,jazz,fusion,"fusion jazz, brooding atmosphere, featuring muted trumpet quartet","jazz, bass, drums",chirp-v4-5+,done,56f9aeeb-358b-488d-bbd4-02429ac5fc35,e0c4ed92-eaf6-471b-b8e6-94cad9b7a908,b38a7a2d-8354-41e3-8450-f25a929a71c8,https://cdn.ttapi.io/suno/20260525/fa803836192a49ee8d5bdbc2b417d6c7.mp3,https://cdn.ttapi.io/suno/20260525/a66707b6599e4271b924171336ba47a0.mp3,audio/jazz/0d8d3aac-0ce3-42e4-85da-cf22634458bf_1.mp3,audio/jazz/0d8d3aac-0ce3-42e4-85da-cf22634458bf_2.mp3,jazz,2026-05-25T21:50:46.416732+00:00,2026-05-25T21:52:41.202286+00:00,
e7e727e0-5cd6-4190-987a-80afc0cde3e1,jazz,smooth jazz,"smooth jazz, brooding atmosphere, featuring muted trumpet quartet","jazz, guitar, bossa nova",chirp-v4-5+,done,13ddc828-7686-4cb1-89f6-8377a349ea38,86347e78-1b6d-4a8e-8201-9f4f43d07a2e,f292c6b2-fb84-43c1-a6ff-115f6631d946,https://cdn.ttapi.io/suno/20260525/c7b07568d89d44c5b9f412e02336334b.mp3,https://cdn.ttapi.io/suno/20260525/a301a2080d634c18808a787330d57252.mp3,audio/jazz/e7e727e0-5cd6-4190-987a-80afc0cde3e1_1.mp3,audio/jazz/e7e727e0-5cd6-4190-987a-80afc0cde3e1_2.mp3,jazz,2026-05-25T21:50:47.710651+00:00,2026-05-25T21:52:31.427702+00:00,
2e7b19df-27c9-4e19-9cd2-87d997866a8f,jazz,hard bop,"hard bop jazz, brooding atmosphere, featuring muted trumpet quartet","jazz, fusion, electric",chirp-v4-5+,done,cd01deb4-09ec-453c-a6d0-41ab906144e1,391af2a6-4769-47f1-84fa-590822f22627,6ca32e2f-4a8b-42d4-a83e-afde48e138cd,https://cdn.ttapi.io/suno/20260525/d14f5496275a473786b70a4b7750ac13.mp3,https://cdn.ttapi.io/suno/20260525/7e31c767fa53467ebb342e00c47275b0.mp3,audio/jazz/2e7b19df-27c9-4e19-9cd2-87d997866a8f_1.mp3,audio/jazz/2e7b19df-27c9-4e19-9cd2-87d997866a8f_2.mp3,jazz,2026-05-25T21:50:53.811546+00:00,2026-05-25T21:52:21.721491+00:00,
bb535835-55a8-4d1e-9ad6-8fa90cbc7ee3,jazz,free jazz,"free jazz, brooding atmosphere, featuring muted trumpet quartet","jazz, saxophone, piano",chirp-v4-5+,done,8996def5-1abb-47cd-b218-c58c4dd16da9,a7954a56-4bee-4fec-b0db-ef55ad1c0d22,07e6c6bb-d7f6-4605-b501-75123903f566,https://cdn.ttapi.io/suno/20260525/2a4d7b97d27c4e34bfbd17316888c91d.mp3,https://cdn.ttapi.io/suno/20260525/35ba0726cb9349d18510d87341cf4e7c.mp3,audio/jazz/bb535835-55a8-4d1e-9ad6-8fa90cbc7ee3_1.mp3,audio/jazz/bb535835-55a8-4d1e-9ad6-8fa90cbc7ee3_2.mp3,jazz,2026-05-25T21:50:55.074522+00:00,2026-05-25T21:53:27.902992+00:00,
097f88de-ea85-444e-b562-d9f3a9e6eb37,jazz,latin jazz,"latin jazz, brooding atmosphere, featuring muted trumpet quartet","jazz, trumpet, swing",chirp-v4-5+,done,8c2a63c9-be7c-4f18-b7a1-123bd458b93d,91dca0a0-1932-4040-bcdd-3e8e5cc4a908,e48efed7-e001-4775-98b0-72799c87dd04,https://cdn.ttapi.io/suno/20260525/a1e58e47a5ae4001bfe867df5743c678.mp3,https://cdn.ttapi.io/suno/20260525/a0991ad667a54709aafb0239b841b0a7.mp3,audio/jazz/097f88de-ea85-444e-b562-d9f3a9e6eb37_1.mp3,audio/jazz/097f88de-ea85-444e-b562-d9f3a9e6eb37_2.mp3,jazz,2026-05-25T21:51:01.238612+00:00,2026-05-25T21:52:21.947098+00:00,
084ccc0c-ee90-41de-8ae4-024e7da6cc3c,jazz,swing,"swing jazz, brooding atmosphere, featuring muted trumpet quartet","jazz, bass, drums",chirp-v4-5+,done,5c9b5c81-5754-4eae-9876-607362c8ada4,592cb327-6783-435e-876f-ef50e9752263,3c14d626-443a-4279-8557-5684ebf2c6b1,https://cdn.ttapi.io/suno/20260525/2be8d1ffbe914941892abe28aecd6f20.mp3,https://cdn.ttapi.io/suno/20260525/f51ef347bb414c61b448ff49c57afe2a.mp3,audio/jazz/084ccc0c-ee90-41de-8ae4-024e7da6cc3c_1.mp3,audio/jazz/084ccc0c-ee90-41de-8ae4-024e7da6cc3c_2.mp3,jazz,2026-05-25T21:51:02.534481+00:00,2026-05-25T21:52:31.618749+00:00,
86a0264b-a629-492b-92f6-6243a5762394,jazz,modal jazz,"modal jazz, brooding atmosphere, featuring muted trumpet quartet","jazz, guitar, bossa nova",chirp-v4-5+,done,07d05196-a669-42a5-92ed-6eaaa7475632,7c73040b-ea18-4b9d-87b6-1a7809f99a15,7cc44a90-6717-4ecb-8fa4-76f65198f975,https://cdn.ttapi.io/suno/20260525/5942f2af99874ee6b1f7cc1724f7d207.mp3,https://cdn.ttapi.io/suno/20260525/687d5784646a4ec5857a9f5f56c85a5f.mp3,audio/jazz/86a0264b-a629-492b-92f6-6243a5762394_1.mp3,audio/jazz/86a0264b-a629-492b-92f6-6243a5762394_2.mp3,jazz,2026-05-25T21:51:03.817071+00:00,2026-05-25T21:53:22.051980+00:00,
bafb2830-cf82-4c6f-a830-03a54a0a188f,jazz,post-bop,"post-bop jazz, brooding atmosphere, featuring muted trumpet quartet","jazz, fusion, electric",chirp-v4-5+,done,4b1ca96b-ef39-447d-b8a0-f19a80b5cc3a,fdb3def3-5a03-450a-b63b-37d013df4a57,cc8b8674-bda1-409a-92ee-e9a08e8c7884,https://cdn.ttapi.io/suno/20260525/6bb10157102949f29cf81c5cf63dea9b.mp3,https://cdn.ttapi.io/suno/20260525/6598396af97544a1babdebcd572cc882.mp3,audio/jazz/bafb2830-cf82-4c6f-a830-03a54a0a188f_1.mp3,audio/jazz/bafb2830-cf82-4c6f-a830-03a54a0a188f_2.mp3,jazz,2026-05-25T21:51:09.925929+00:00,2026-05-25T21:52:47.514474+00:00,
72385d5d-c466-4702-a2a8-be018cf74a4e,jazz,bebop,"bebop jazz, meditative atmosphere, featuring muted trumpet quartet","jazz, saxophone, piano",chirp-v4-5+,done,5bb9c0db-0663-4f8f-b49b-08394f707a3e,e0eee365-7d9f-441d-8ce6-48cb3e783fa3,c8a5955c-f101-48d7-8b3c-9b884ee59369,https://cdn.ttapi.io/suno/20260525/b4f65f6191e443299f3bbe0bceb569c3.mp3,https://cdn.ttapi.io/suno/20260525/a60b3cf2dab14edbbcfc0f650e743a7d.mp3,audio/jazz/72385d5d-c466-4702-a2a8-be018cf74a4e_1.mp3,audio/jazz/72385d5d-c466-4702-a2a8-be018cf74a4e_2.mp3,jazz,2026-05-25T21:51:11.185093+00:00,2026-05-25T21:52:31.907059+00:00,
8f3bfc43-3a02-4871-bb6c-43b095469abb,jazz,cool jazz,"cool jazz, meditative atmosphere, featuring muted trumpet quartet","jazz, trumpet, swing",chirp-v4-5+,done,44955a2a-663d-46d6-bfe5-cf9fd203965a,d11032b4-a104-4bbe-9ef3-c6bffe055919,790943fb-db04-4563-8370-6d233f994144,https://cdn.ttapi.io/suno/20260525/ff0922d6831f42ac8c1de6b943f7c037.mp3,https://cdn.ttapi.io/suno/20260525/a40264a9c0624be1a16e610aaed8a103.mp3,audio/jazz/8f3bfc43-3a02-4871-bb6c-43b095469abb_1.mp3,audio/jazz/8f3bfc43-3a02-4871-bb6c-43b095469abb_2.mp3,jazz,2026-05-25T21:51:31.154271+00:00,2026-05-25T21:53:14.760378+00:00,
2a3ef8a4-541a-432c-8045-8a0dd315eee2,jazz,fusion,"fusion jazz, meditative atmosphere, featuring muted trumpet quartet","jazz, bass, drums",chirp-v4-5+,done,938187dc-c45a-4d9e-866a-62cefd5a2f08,a09932e2-342f-4017-8ec6-6bf3930778b9,0d09b472-3dc2-4323-9026-deecd7f43b66,https://cdn.ttapi.io/suno/20260525/a00205369da84838b641f17c47c15c24.mp3,https://cdn.ttapi.io/suno/20260525/4da508b4411940cd83d528557ddd1a92.mp3,audio/jazz/2a3ef8a4-541a-432c-8045-8a0dd315eee2_1.mp3,audio/jazz/2a3ef8a4-541a-432c-8045-8a0dd315eee2_2.mp3,jazz,2026-05-25T21:51:32.392241+00:00,2026-05-25T21:53:28.106531+00:00,
db489f04-770f-44b4-9bd1-936a9d3e7bed,jazz,smooth jazz,"smooth jazz, meditative atmosphere, featuring muted trumpet quartet","jazz, guitar, bossa nova",chirp-v4-5+,done,6a1e6516-bec7-4d15-bb2e-c8c3d76f1b32,8d80ed5b-4918-4de4-aa42-ed4816755f2d,a4bc7473-ba41-437b-8ddd-b2f138390de5,https://cdn.ttapi.io/suno/20260525/c0638ee8a1a3473db9ddb5307f1b4298.mp3,https://cdn.ttapi.io/suno/20260525/18f5e59e23d24853a13f8528aefd30c2.mp3,audio/jazz/db489f04-770f-44b4-9bd1-936a9d3e7bed_1.mp3,audio/jazz/db489f04-770f-44b4-9bd1-936a9d3e7bed_2.mp3,jazz,2026-05-25T21:51:33.755173+00:00,2026-05-25T21:53:07.412705+00:00,
b7f83388-bef1-4f99-9a89-4d0d3ea311ad,jazz,hard bop,"hard bop jazz, meditative atmosphere, featuring muted trumpet quartet","jazz, fusion, electric",chirp-v4-5+,done,a5844070-6fb9-462d-83d7-90ed8206ad57,b51e2a09-10c7-418c-9b9a-04eebf1a36e9,944593a2-2ccd-4519-8583-d368bf11121a,https://cdn.ttapi.io/suno/20260525/de4609ff2dbd4590bd3bfba43a843ef2.mp3,https://cdn.ttapi.io/suno/20260525/a7c856c5988346798f74bc724488c397.mp3,audio/jazz/b7f83388-bef1-4f99-9a89-4d0d3ea311ad_1.mp3,audio/jazz/b7f83388-bef1-4f99-9a89-4d0d3ea311ad_2.mp3,jazz,2026-05-25T21:51:35.067875+00:00,2026-05-25T21:53:15.044050+00:00,
21ece04f-cf04-447e-8680-2e7817e02e10,jazz,free jazz,"free jazz, meditative atmosphere, featuring muted trumpet quartet","jazz, saxophone, piano",chirp-v4-5+,done,5b2a2f76-f93c-40e7-9876-5ea2cfd00d10,6f75649e-d61f-425a-934e-5cc232b91b5b,72ab8ac9-df06-4485-b6c4-b80282ad98d0,https://cdn.ttapi.io/suno/20260525/d50097fa84934aa593c9e3042b5cd841.mp3,https://cdn.ttapi.io/suno/20260525/77321c446d254dfeb701aef9749bb30a.mp3,audio/jazz/21ece04f-cf04-447e-8680-2e7817e02e10_1.mp3,audio/jazz/21ece04f-cf04-447e-8680-2e7817e02e10_2.mp3,jazz,2026-05-25T21:51:40.850981+00:00,2026-05-25T21:53:36.903402+00:00,
e87a20b1-6b6a-4183-beba-a0d3d7ffbe45,jazz,latin jazz,"latin jazz, meditative atmosphere, featuring muted trumpet quartet","jazz, trumpet, swing",chirp-v4-5+,done,8ab76438-faf2-43fc-ad4d-e88ef1ce4f2b,05609057-170c-403f-9699-f1ade278a9b0,21b4268d-979e-4e95-b7e9-50fb8fa301f7,https://cdn.ttapi.io/suno/20260525/1116608aed044e549fc2617eb6d3cce5.mp3,https://cdn.ttapi.io/suno/20260525/746ba72d91ed48b5a39dde26f20f7466.mp3,audio/jazz/e87a20b1-6b6a-4183-beba-a0d3d7ffbe45_1.mp3,audio/jazz/e87a20b1-6b6a-4183-beba-a0d3d7ffbe45_2.mp3,jazz,2026-05-25T21:52:04.189662+00:00,2026-05-25T21:53:45.998495+00:00,
c66ea045-26e2-45b3-b7bc-cb9d2e52669f,jazz,swing,"swing jazz, meditative atmosphere, featuring muted trumpet quartet","jazz, bass, drums",chirp-v4-5+,done,500ff4b7-c117-4058-951e-ee13f1ba2dc2,f8c82e68-39f2-4d0e-be66-f198b78ee624,4265da0c-5742-44e0-90e9-82a2896de78a,https://cdn.ttapi.io/suno/20260525/aa6579c498324a2cb4b42deb0b967beb.mp3,https://cdn.ttapi.io/suno/20260525/b26b1c7ee7d94464b2998c458915bfe6.mp3,audio/jazz/c66ea045-26e2-45b3-b7bc-cb9d2e52669f_1.mp3,audio/jazz/c66ea045-26e2-45b3-b7bc-cb9d2e52669f_2.mp3,jazz,2026-05-25T21:52:05.456094+00:00,2026-05-25T21:53:28.401544+00:00,
7d5596b6-d80b-4bf9-be39-2d833bade748,jazz,modal jazz,"modal jazz, meditative atmosphere, featuring muted trumpet quartet","jazz, guitar, bossa nova",chirp-v4-5+,done,32a33062-3b2d-4144-8b6e-233c17b77fb6,ef7ca594-eaf7-4f7c-ad3a-8678716fc58d,24f4eb67-94c0-47eb-a329-712c884ed8a2,https://cdn.ttapi.io/suno/20260525/c0987c0073a94897be180887e1324a2a.mp3,https://cdn.ttapi.io/suno/20260525/8dc1ae0a7392461d9c9c8ded165758bf.mp3,audio/jazz/7d5596b6-d80b-4bf9-be39-2d833bade748_1.mp3,audio/jazz/7d5596b6-d80b-4bf9-be39-2d833bade748_2.mp3,jazz,2026-05-25T21:52:06.759298+00:00,2026-05-25T21:53:37.175049+00:00,
e2a74270-eef9-4eed-8f11-787ebe18b251,jazz,post-bop,"post-bop jazz, meditative atmosphere, featuring muted trumpet quartet","jazz, fusion, electric",chirp-v4-5+,done,b497d99f-0a0d-4cc9-9a5c-fb0aac363bbe,c37bdb58-ce34-476b-a1e6-5c7f517a624f,414b5618-cf3d-4508-8f7c-e7a911715e6d,https://cdn.ttapi.io/suno/20260525/176d982e612b46a5ad70aef17a5ddfc0.mp3,https://cdn.ttapi.io/suno/20260525/6ebd90aa4caf48f6b3ecd4e6f9f82632.mp3,audio/jazz/e2a74270-eef9-4eed-8f11-787ebe18b251_1.mp3,audio/jazz/e2a74270-eef9-4eed-8f11-787ebe18b251_2.mp3,jazz,2026-05-25T21:52:26.613426+00:00,2026-05-25T21:53:46.153547+00:00,
e5bef102-9fb0-41a8-8a44-1f53d6837562,jazz,bebop,"bebop jazz, playful atmosphere, featuring muted trumpet quartet","jazz, saxophone, piano",chirp-v4-5+,done,9bdd4376-1ab1-425a-b372-339b462ade98,364d4548-afd7-4717-9546-03de515641d1,7a6d5c57-4021-405b-bff2-b9b900304f2b,https://cdn.ttapi.io/suno/20260525/9436c61decb84b299b8df041b843f4a1.mp3,https://cdn.ttapi.io/suno/20260525/73582d679a6e45bf93f8a67777683f29.mp3,audio/jazz/e5bef102-9fb0-41a8-8a44-1f53d6837562_1.mp3,audio/jazz/e5bef102-9fb0-41a8-8a44-1f53d6837562_2.mp3,jazz,2026-05-25T21:52:27.906941+00:00,2026-05-25T21:53:46.261304+00:00,
cd246f73-87a1-4e73-a9ed-40ceac3a556d,jazz,cool jazz,"cool jazz, playful atmosphere, featuring muted trumpet quartet","jazz, trumpet, swing",chirp-v4-5+,done,2a22acd3-212f-4f74-907d-08a90ca7ebfe,06880644-a8bb-4fe7-97df-2ae27e336207,2448878d-8b83-4f76-a528-e480baefc2e9,https://cdn.ttapi.io/suno/20260525/5821748d89414a1db363eb1cb63621b0.mp3,https://cdn.ttapi.io/suno/20260525/d1a05c9f50824942ab74fd924705b8ff.mp3,audio/jazz/cd246f73-87a1-4e73-a9ed-40ceac3a556d_1.mp3,audio/jazz/cd246f73-87a1-4e73-a9ed-40ceac3a556d_2.mp3,jazz,2026-05-25T21:52:29.157748+00:00,2026-05-25T21:53:46.360321+00:00,
f69319a8-4ec9-430e-b9f0-94800dcb1eed,jazz,fusion,"fusion jazz, playful atmosphere, featuring muted trumpet quartet","jazz, bass, drums",chirp-v4-5+,done,52e2e379-0b3e-455a-98cf-073899f9efa4,f33608b6-e84c-4e00-9727-9b6b7a070473,ba2597b2-e727-48d4-954c-8e378638086c,https://cdn.ttapi.io/suno/20260525/834a095aa3bc4b079ffc5e7fbe67fb65.mp3,https://cdn.ttapi.io/suno/20260525/556abc55cf3343429e8e1218e1546260.mp3,audio/jazz/f69319a8-4ec9-430e-b9f0-94800dcb1eed_1.mp3,audio/jazz/f69319a8-4ec9-430e-b9f0-94800dcb1eed_2.mp3,jazz,2026-05-25T21:52:30.445024+00:00,2026-05-25T21:53:59.574270+00:00,
1057e210-07e6-46a0-9196-f9daf7a568e2,jazz,smooth jazz,"smooth jazz, playful atmosphere, featuring muted trumpet quartet","jazz, guitar, bossa nova",chirp-v4-5+,done,f081136c-7dd0-4629-ad1e-8604e5d1a57d,d691fcc5-1cc9-43f4-89b7-9526f4330f7b,1a351e77-6441-4392-a4ee-70d4b86437bd,https://cdn.ttapi.io/suno/20260525/c1e678e6ee954c47b6efb718352f19d4.mp3,https://cdn.ttapi.io/suno/20260525/28f71a677fa44e4e85158dbcbc632073.mp3,audio/jazz/1057e210-07e6-46a0-9196-f9daf7a568e2_1.mp3,audio/jazz/1057e210-07e6-46a0-9196-f9daf7a568e2_2.mp3,jazz,2026-05-25T21:52:36.661205+00:00,2026-05-25T21:54:07.020139+00:00,
1504db06-4e3f-4459-9982-6de81f0a36e4,jazz,hard bop,"hard bop jazz, playful atmosphere, featuring muted trumpet quartet","jazz, fusion, electric",chirp-v4-5+,done,46f7d93a-1343-44e1-bf89-f485ebfe692a,31c091bf-f241-43f1-80ae-9851bd883d00,26c91a53-a37e-4087-8634-d26cf767df3f,https://cdn.ttapi.io/suno/20260525/bd88daf622b64bf1a1b004926b068df1.mp3,https://cdn.ttapi.io/suno/20260525/f2a158808da64185b9e4781bf16ef673.mp3,audio/jazz/1504db06-4e3f-4459-9982-6de81f0a36e4_1.mp3,audio/jazz/1504db06-4e3f-4459-9982-6de81f0a36e4_2.mp3,jazz,2026-05-25T21:52:37.933734+00:00,2026-05-25T21:53:59.855482+00:00,
81d77ff9-654d-4f9e-ad64-8dac631d996a,jazz,free jazz,"free jazz, playful atmosphere, featuring muted trumpet quartet","jazz, saxophone, piano",chirp-v4-5+,done,26eee4a6-0cc4-49c9-a91b-75382af06d7d,8c267c52-aaa5-4dad-9eb0-ead0957ba5a6,97c2c313-7078-455d-b0e8-8c5d400e1065,https://cdn.ttapi.io/suno/20260525/865fed63cc27499bb13b50b6eb67728b.mp3,https://cdn.ttapi.io/suno/20260525/93a0cd04acd5446ead685b2fbab332c1.mp3,audio/jazz/81d77ff9-654d-4f9e-ad64-8dac631d996a_1.mp3,audio/jazz/81d77ff9-654d-4f9e-ad64-8dac631d996a_2.mp3,jazz,2026-05-25T21:52:39.211566+00:00,2026-05-25T21:53:46.719383+00:00,
a1da6ec4-b01e-409e-a358-6cb3a688e5cb,jazz,latin jazz,"latin jazz, playful atmosphere, featuring muted trumpet quartet","jazz, trumpet, swing",chirp-v4-5+,done,e5ee3546-69aa-4626-b03d-69ea7750eb33,0bc3df5a-c1bd-4016-981f-740ce1ce64af,95190c80-75ef-4740-99aa-575a85396d54,https://cdn.ttapi.io/suno/20260525/823a51311d53431aaac8762f79984cf2.mp3,https://cdn.ttapi.io/suno/20260525/4c08da1ee7464321ae1d5345bff94bd7.mp3,audio/jazz/a1da6ec4-b01e-409e-a358-6cb3a688e5cb_1.mp3,audio/jazz/a1da6ec4-b01e-409e-a358-6cb3a688e5cb_2.mp3,jazz,2026-05-25T21:52:40.494900+00:00,2026-05-25T21:54:07.179707+00:00,
1da79a04-2cc3-43d2-9d82-dd38b5dd5291,jazz,swing,"swing jazz, playful atmosphere, featuring muted trumpet quartet","jazz, bass, drums",chirp-v4-5+,done,bba97138-cd1b-42b9-a43f-06a50530ba26,6d2c0b7a-6c1e-4bc2-94c3-fb5a76af97c9,3ed1ad41-d8e2-4967-8bd2-a986c2ddfb6f,https://cdn.ttapi.io/suno/20260525/114d76fc86fb4581ae9a17499cc2e74d.mp3,https://cdn.ttapi.io/suno/20260525/e7d62d46f9964ffc9fdf6e9ef1f8530a.mp3,audio/jazz/1da79a04-2cc3-43d2-9d82-dd38b5dd5291_1.mp3,audio/jazz/1da79a04-2cc3-43d2-9d82-dd38b5dd5291_2.mp3,jazz,2026-05-25T21:52:46.628996+00:00,2026-05-25T21:54:21.376974+00:00,
7655ec75-4b1b-4e51-ba9b-e3a44361f5ff,jazz,modal jazz,"modal jazz, playful atmosphere, featuring muted trumpet quartet","jazz, guitar, bossa nova",chirp-v4-5+,done,5a5067d0-2f63-401c-ba6d-638a7d8e27ff,cf886eee-d05b-470f-8ef6-916a8060cb63,0ff29d88-a4f4-4f23-9940-648d08f572b6,https://cdn.ttapi.io/suno/20260525/d2609efc34404924abdb3818f1411bcc.mp3,https://cdn.ttapi.io/suno/20260525/858000e3d4724d7995f2449d0642c320.mp3,audio/jazz/7655ec75-4b1b-4e51-ba9b-e3a44361f5ff_1.mp3,audio/jazz/7655ec75-4b1b-4e51-ba9b-e3a44361f5ff_2.mp3,jazz,2026-05-25T21:52:52.637830+00:00,2026-05-25T21:54:34.835944+00:00,
abda582b-28d1-422d-9bb8-19f08bb94e1b,jazz,post-bop,"post-bop jazz, playful atmosphere, featuring muted trumpet quartet","jazz, fusion, electric",chirp-v4-5+,done,a27d44fc-5905-43bd-84fb-c726e8b470b1,ad3c8fe5-6c0e-43e0-9705-0a6c39436cb8,c277bedd-ffbc-44e2-95fa-75ba94c468c5,https://cdn.ttapi.io/suno/20260525/6b5e29274b6249b393d44269b845a112.mp3,https://cdn.ttapi.io/suno/20260525/231713a138cc4766ac507ad5f545f82f.mp3,audio/jazz/abda582b-28d1-422d-9bb8-19f08bb94e1b_1.mp3,audio/jazz/abda582b-28d1-422d-9bb8-19f08bb94e1b_2.mp3,jazz,2026-05-25T21:53:12.050521+00:00,2026-05-25T21:54:34.998643+00:00,
fee02e0c-6e0a-421e-8a54-1d5f3ee1b830,jazz,bebop,"bebop jazz, late-night atmosphere, featuring solo piano with walking bass","jazz, saxophone, piano",chirp-v4-5+,done,2bf99891-3e62-4ae9-9296-92116a0d1358,3cbbd48a-c4fe-4df9-a04d-15f19e19e3c8,8d37ecff-dd39-4c2b-a373-5b6f141e842c,https://cdn.ttapi.io/suno/20260525/8d0caf453ada49728a082e4788f7100e.mp3,https://cdn.ttapi.io/suno/20260525/85560272a50548109bd0e6d1bbdf3152.mp3,audio/jazz/fee02e0c-6e0a-421e-8a54-1d5f3ee1b830_1.mp3,audio/jazz/fee02e0c-6e0a-421e-8a54-1d5f3ee1b830_2.mp3,jazz,2026-05-25T21:53:19.889568+00:00,2026-05-25T21:54:27.327685+00:00,
a209fe53-69a2-481a-bd19-8321a4af893e,jazz,cool jazz,"cool jazz, late-night atmosphere, featuring solo piano with walking bass","jazz, trumpet, swing",chirp-v4-5+,done,15070e5f-9e3b-4ee1-8636-6d70c8115093,e5ca1ea8-c823-4534-9164-24dca2cd7ad2,6f102b8e-300f-4e64-a2f6-95f4adeebafd,https://cdn.ttapi.io/suno/20260525/df8d7f7545e04e23b8aae65abb6058dd.mp3,https://cdn.ttapi.io/suno/20260525/28d4f0c6261249eabebab84c24403db5.mp3,audio/jazz/a209fe53-69a2-481a-bd19-8321a4af893e_1.mp3,audio/jazz/a209fe53-69a2-481a-bd19-8321a4af893e_2.mp3,jazz,2026-05-25T21:53:21.244460+00:00,2026-05-25T21:54:16.378886+00:00,
bba08616-6379-4dc6-9dbc-9c7cc714c479,jazz,fusion,"fusion jazz, late-night atmosphere, featuring solo piano with walking bass","jazz, bass, drums",chirp-v4-5+,done,b1927e80-8c96-464a-b4cd-f5603e54e619,b453d0dc-7023-4869-9b34-fbc1a58ce883,b7792c3d-7e21-4408-8cb1-b5c9f23d1b17,https://cdn.ttapi.io/suno/20260525/246371c1f5f14bd1aaf4f931059d6475.mp3,https://cdn.ttapi.io/suno/20260525/131e37e1209b45ceba6e202f83746de4.mp3,audio/jazz/bba08616-6379-4dc6-9dbc-9c7cc714c479_1.mp3,audio/jazz/bba08616-6379-4dc6-9dbc-9c7cc714c479_2.mp3,jazz,2026-05-25T21:53:27.192581+00:00,2026-05-25T21:55:01.962821+00:00,
a29cdf19-3384-4cce-ac4c-44f73b80825f,jazz,smooth jazz,"smooth jazz, late-night atmosphere, featuring solo piano with walking bass","jazz, guitar, bossa nova",chirp-v4-5+,done,675e4ea8-5b11-46a8-8781-588e8721f7a6,9b005703-aea5-40df-a648-1ab81405d0b0,8aa34cf9-5526-4f08-b35b-68993cb748bf,https://cdn.ttapi.io/suno/20260525/98bb544fca9c48d98ecf7a2904fdc89c.mp3,https://cdn.ttapi.io/suno/20260525/aa2c2c86d02c4e3593ffd2269593d74f.mp3,audio/jazz/a29cdf19-3384-4cce-ac4c-44f73b80825f_1.mp3,audio/jazz/a29cdf19-3384-4cce-ac4c-44f73b80825f_2.mp3,jazz,2026-05-25T21:53:33.675420+00:00,2026-05-25T21:55:02.149218+00:00,
14235db9-3505-4115-b1f4-84d6001542cd,jazz,hard bop,"hard bop jazz, late-night atmosphere, featuring solo piano with walking bass","jazz, fusion, electric",chirp-v4-5+,done,b0885e8b-87d3-4ec6-8334-67b17a2f2351,39fc5bde-72f4-4f3c-a51d-e1ba0ba620d5,6d199155-4d3c-4355-a6c7-5125131919ff,https://cdn.ttapi.io/suno/20260525/b23af50657694ec68cc6ad10204ab798.mp3,https://cdn.ttapi.io/suno/20260525/9f560287a6d84ec58739632e8b9c8488.mp3,audio/jazz/14235db9-3505-4115-b1f4-84d6001542cd_1.mp3,audio/jazz/14235db9-3505-4115-b1f4-84d6001542cd_2.mp3,jazz,2026-05-25T21:53:34.921894+00:00,2026-05-25T21:55:37.891934+00:00,
1acef4c3-0cbf-4c17-a679-60560d4174be,jazz,free jazz,"free jazz, late-night atmosphere, featuring solo piano with walking bass","jazz, saxophone, piano",chirp-v4-5+,done,101f681b-6b92-416d-b99c-affa007744ab,71674beb-58fe-4382-95c7-52c537d6cfd1,713c7642-7883-4286-8cb6-b3d5968b8668,https://cdn.ttapi.io/suno/20260525/440b2603a8a3487f84ea23d05f461633.mp3,https://cdn.ttapi.io/suno/20260525/b8ac49b5404649b8afff486f0a2a652f.mp3,audio/jazz/1acef4c3-0cbf-4c17-a679-60560d4174be_1.mp3,audio/jazz/1acef4c3-0cbf-4c17-a679-60560d4174be_2.mp3,jazz,2026-05-25T21:53:36.210542+00:00,2026-05-25T21:55:02.364321+00:00,
447efcd6-44a8-4af9-9e55-5e3bc4386837,jazz,latin jazz,"latin jazz, late-night atmosphere, featuring solo piano with walking bass","jazz, trumpet, swing",chirp-v4-5+,done,75e3c0df-0202-4865-90c0-fd130c696f57,3952b6fe-ceab-4262-8955-7cbdd20b5fec,1d4e039f-f6d6-4b4f-9141-b75335b9a119,https://cdn.ttapi.io/suno/20260525/1fa00c9227234b0db15d61d2583b8238.mp3,https://cdn.ttapi.io/suno/20260525/bd45ec6e4c1e4ec7adc07931d765eb39.mp3,audio/jazz/447efcd6-44a8-4af9-9e55-5e3bc4386837_1.mp3,audio/jazz/447efcd6-44a8-4af9-9e55-5e3bc4386837_2.mp3,jazz,2026-05-25T21:53:42.140715+00:00,2026-05-25T21:55:02.470346+00:00,
eef7efd1-bcb7-4113-9226-26935044c1cc,jazz,swing,"swing jazz, late-night atmosphere, featuring solo piano with walking bass","jazz, bass, drums",chirp-v4-5+,done,68f020c2-0949-45dd-be0f-f68d98f949d5,19f390e1-9bca-4528-b24e-2f3d242e11c5,f33625a2-f5c1-4380-b568-1572abc3570b,https://cdn.ttapi.io/suno/20260525/41641e13925443a9befc753227e133bd.mp3,https://cdn.ttapi.io/suno/20260525/9ad83aaf31bc4a48910ce45deeac2dad.mp3,audio/jazz/eef7efd1-bcb7-4113-9226-26935044c1cc_1.mp3,audio/jazz/eef7efd1-bcb7-4113-9226-26935044c1cc_2.mp3,jazz,2026-05-25T21:53:43.452321+00:00,2026-05-25T21:55:12.079855+00:00,
63e6df7e-3abe-49d2-b464-548aa8226e6f,jazz,modal jazz,"modal jazz, late-night atmosphere, featuring solo piano with walking bass","jazz, guitar, bossa nova",chirp-v4-5+,done,1d570e0c-6e5b-429b-83ae-96a9b2d1e05d,951c1677-2e8e-4ada-af2f-c993a975430a,3528cae3-6a84-4626-958d-bb7d86952290,https://cdn.ttapi.io/suno/20260525/e67d5c22fe344474894928f1b6d4cf14.mp3,https://cdn.ttapi.io/suno/20260525/1b1be659eace45199de52cb2e2c08f4d.mp3,audio/jazz/63e6df7e-3abe-49d2-b464-548aa8226e6f_1.mp3,audio/jazz/63e6df7e-3abe-49d2-b464-548aa8226e6f_2.mp3,jazz,2026-05-25T21:53:53.675897+00:00,2026-05-25T21:55:19.403826+00:00,
be3d3d0f-ef52-47b6-b959-2e6e631c3c85,jazz,post-bop,"post-bop jazz, late-night atmosphere, featuring solo piano with walking bass","jazz, fusion, electric",chirp-v4-5+,done,1b77b4e6-a096-4d92-8600-2d9f3e6acb9a,fc277d04-a383-41a7-9e55-27cf6c66aff1,91b1b8c5-eb1d-46fc-83ee-619ae8672a1f,https://cdn.ttapi.io/suno/20260525/66c80e1bbc3041b39d814bc4846d1f3a.mp3,https://cdn.ttapi.io/suno/20260525/7c4a0374b6fd4311a82c20e51eafba84.mp3,audio/jazz/be3d3d0f-ef52-47b6-b959-2e6e631c3c85_1.mp3,audio/jazz/be3d3d0f-ef52-47b6-b959-2e6e631c3c85_2.mp3,jazz,2026-05-25T21:53:54.951108+00:00,2026-05-25T21:55:19.566251+00:00,
61186d3f-6838-499d-9e54-2ccdab89f0b0,jazz,bebop,"bebop jazz, melancholic atmosphere, featuring solo piano with walking bass","jazz, saxophone, piano",chirp-v4-5+,done,55f48c17-ce84-4bad-9412-9a45552b440b,e13a68b5-1ab2-4788-bab7-370aa6b91bcd,90ed0e73-8989-4a04-ad2d-483d7a1a5eb0,https://cdn.ttapi.io/suno/20260525/2680f45d745e46c8bf2072ed62f100e5.mp3,https://cdn.ttapi.io/suno/20260525/d0e1fc9a2f1546cca0f50a45144f0c79.mp3,audio/jazz/61186d3f-6838-499d-9e54-2ccdab89f0b0_1.mp3,audio/jazz/61186d3f-6838-499d-9e54-2ccdab89f0b0_2.mp3,jazz,2026-05-25T21:53:56.245458+00:00,2026-05-25T21:55:19.690556+00:00,
5415b0c4-8926-4362-8d7c-b629b4dda43b,jazz,cool jazz,"cool jazz, melancholic atmosphere, featuring solo piano with walking bass","jazz, trumpet, swing",chirp-v4-5+,done,1bb36460-cda0-40b0-b901-0ab0c6279bf8,fac00c25-60bb-4708-bd93-54e8cafd141d,50fe30f4-26b2-4101-922b-59081f3c35f7,https://cdn.ttapi.io/suno/20260525/939cb418af5d4ad897409d5b3ab1866a.mp3,https://cdn.ttapi.io/suno/20260525/7aa6b109e504421d86f7842f374b077d.mp3,audio/jazz/5415b0c4-8926-4362-8d7c-b629b4dda43b_1.mp3,audio/jazz/5415b0c4-8926-4362-8d7c-b629b4dda43b_2.mp3,jazz,2026-05-25T21:53:57.564528+00:00,2026-05-25T21:55:12.525221+00:00,
0a9fc43a-d2db-45a0-b04d-6f7a9f369acb,jazz,fusion,"fusion jazz, melancholic atmosphere, featuring solo piano with walking bass","jazz, bass, drums",chirp-v4-5+,done,d99dad4f-2500-4119-b3d1-709b1de7fa78,81fd4647-4203-4315-8fc9-970cc5772ac2,f688da38-e4ab-42cf-85cc-a8ad017b86f5,https://cdn.ttapi.io/suno/20260525/dc2b5c8e0e524930bdfe152da12f0477.mp3,https://cdn.ttapi.io/suno/20260525/99e42996549c41dd8394e34ea5ba3ffd.mp3,audio/jazz/0a9fc43a-d2db-45a0-b04d-6f7a9f369acb_1.mp3,audio/jazz/0a9fc43a-d2db-45a0-b04d-6f7a9f369acb_2.mp3,jazz,2026-05-25T21:53:58.857041+00:00,2026-05-25T21:55:29.393399+00:00,
2309585b-6854-4409-b6a3-4ec5c550dbd7,jazz,smooth jazz,"smooth jazz, melancholic atmosphere, featuring solo piano with walking bass","jazz, guitar, bossa nova",chirp-v4-5+,done,69a1fe3d-d8d5-49e5-b36f-08e19773517d,cb0fecbe-7e6a-41b4-a63d-0610fb17c57e,bde77c6a-5b09-430f-83e1-78355d7d7af0,https://cdn.ttapi.io/suno/20260525/cad40ff498b44774b6364b795c4b5f17.mp3,https://cdn.ttapi.io/suno/20260525/6ef5c486ba3a40b58aca98466b0d6a39.mp3,audio/jazz/2309585b-6854-4409-b6a3-4ec5c550dbd7_1.mp3,audio/jazz/2309585b-6854-4409-b6a3-4ec5c550dbd7_2.mp3,jazz,2026-05-25T21:54:05.033212+00:00,2026-05-25T21:55:19.880329+00:00,
633932c9-d8fd-4d3f-8010-d25b3439d397,jazz,hard bop,"hard bop jazz, melancholic atmosphere, featuring solo piano with walking bass","jazz, fusion, electric",chirp-v4-5+,done,b2751162-38b6-4979-b11a-afb99f751c18,ce6ab39f-dc8e-491a-912c-1b06a85ac800,1ab109a5-59b3-4fae-baab-ee22c93b154d,https://cdn.ttapi.io/suno/20260525/f73266ccb64442b788afc74303a8a722.mp3,https://cdn.ttapi.io/suno/20260525/56419d02c3864ca1be82aade02e8b47c.mp3,audio/jazz/633932c9-d8fd-4d3f-8010-d25b3439d397_1.mp3,audio/jazz/633932c9-d8fd-4d3f-8010-d25b3439d397_2.mp3,jazz,2026-05-25T21:54:06.310685+00:00,2026-05-25T21:55:38.062965+00:00,
a2ef11ef-a54d-4622-a406-762186c75607,jazz,free jazz,"free jazz, melancholic atmosphere, featuring solo piano with walking bass","jazz, saxophone, piano",chirp-v4-5+,done,6d3bd26f-4b08-4062-b948-e09e033e2662,9e3b3cfe-22d9-444e-9887-ec9df04050df,b2c9fbd4-adb7-4697-a9d0-e6f70d3e7536,https://cdn.ttapi.io/suno/20260525/487a56d94eaa4e398ea92ca4b5fdf38b.mp3,https://cdn.ttapi.io/suno/20260525/3761744b8c7c42f1ae3fce718f7d4c0c.mp3,audio/jazz/a2ef11ef-a54d-4622-a406-762186c75607_1.mp3,audio/jazz/a2ef11ef-a54d-4622-a406-762186c75607_2.mp3,jazz,2026-05-25T21:54:12.106949+00:00,2026-05-25T21:55:45.302102+00:00,
773b0ad6-fdcb-4b41-aa9d-7479c2da5d71,jazz,latin jazz,"latin jazz, melancholic atmosphere, featuring solo piano with walking bass","jazz, trumpet, swing",chirp-v4-5+,done,c880f867-30af-4b22-a3d8-82c1432deae2,672abfba-b70a-49db-a784-5511ff74cb23,31f8a9d9-3859-47e6-bed8-234691926239,https://cdn.ttapi.io/suno/20260525/13b4033d9c1b46e09713ff20810aa99b.mp3,https://cdn.ttapi.io/suno/20260525/4ff6384cb8a14d468139de6c2eea4f86.mp3,audio/jazz/773b0ad6-fdcb-4b41-aa9d-7479c2da5d71_1.mp3,audio/jazz/773b0ad6-fdcb-4b41-aa9d-7479c2da5d71_2.mp3,jazz,2026-05-25T21:54:13.492208+00:00,2026-05-25T21:55:29.739081+00:00,
e503ff55-1e4c-445c-b11a-26ad53d9e4f3,jazz,swing,"swing jazz, melancholic atmosphere, featuring solo piano with walking bass","jazz, bass, drums",chirp-v4-5+,done,5dae2e65-4733-4b42-8862-f036f3d6d2fc,2c124420-0ca2-4c03-94c2-77ced31e4f3e,9c5423ed-4439-4f12-afb9-30af27b8b902,https://cdn.ttapi.io/suno/20260525/851a36fb556d48b39a0b35c977bf4675.mp3,https://cdn.ttapi.io/suno/20260525/00f49b193d014d52854b703c53bf4e54.mp3,audio/jazz/e503ff55-1e4c-445c-b11a-26ad53d9e4f3_1.mp3,audio/jazz/e503ff55-1e4c-445c-b11a-26ad53d9e4f3_2.mp3,jazz,2026-05-25T21:54:20.690688+00:00,2026-05-25T21:55:45.482244+00:00,
f8b6eeda-4014-4510-b036-2d83eaacfb0a,jazz,modal jazz,"modal jazz, melancholic atmosphere, featuring solo piano with walking bass","jazz, guitar, bossa nova",chirp-v4-5+,done,940373fb-bec7-482e-88e1-abb28f1d43c5,2f90818b-a19e-467e-b0dd-6e4e6ecd5cce,7189cead-5566-418b-a967-506989bf941a,https://cdn.ttapi.io/suno/20260525/41aa318e523d46f997e227652b73b33d.mp3,https://cdn.ttapi.io/suno/20260525/c8b844d7941448768e12590272539691.mp3,audio/jazz/f8b6eeda-4014-4510-b036-2d83eaacfb0a_1.mp3,audio/jazz/f8b6eeda-4014-4510-b036-2d83eaacfb0a_2.mp3,jazz,2026-05-25T21:54:26.419619+00:00,2026-05-25T21:55:29.934188+00:00,
3495ae10-e415-43a7-b8b6-82c46544d3ba,jazz,post-bop,"post-bop jazz, melancholic atmosphere, featuring solo piano with walking bass","jazz, fusion, electric",chirp-v4-5+,done,2df222d6-d790-44f3-a7a1-2302dcb371e0,24382053-048e-4880-bc68-cc4ab8ed61f6,0a597ed7-c1e2-49d6-bf86-a40c21f91076,https://cdn.ttapi.io/suno/20260525/739c6eaf779340cea25fac1615ed576d.mp3,https://cdn.ttapi.io/suno/20260525/16597c5042d74bb281658a03a28c8414.mp3,audio/jazz/3495ae10-e415-43a7-b8b6-82c46544d3ba_1.mp3,audio/jazz/3495ae10-e415-43a7-b8b6-82c46544d3ba_2.mp3,jazz,2026-05-25T21:54:32.405326+00:00,2026-05-25T21:56:39.887649+00:00,
ed72e77a-7c66-41de-93c4-f0fe7f736a45,jazz,bebop,"bebop jazz, uplifting atmosphere, featuring solo piano with walking bass","jazz, saxophone, piano",chirp-v4-5+,done,282ea7d7-e5a7-44d1-8214-17625148b764,48261753-668e-4ec5-8623-bc91f087d0ac,2ff09294-9254-4ebb-9225-d545319ae621,https://cdn.ttapi.io/suno/20260525/e43f435a9cde469db8f08031e4f12583.mp3,https://cdn.ttapi.io/suno/20260525/084152ae5b1b4accbacb2eebdf5ecfbf.mp3,audio/jazz/ed72e77a-7c66-41de-93c4-f0fe7f736a45_1.mp3,audio/jazz/ed72e77a-7c66-41de-93c4-f0fe7f736a45_2.mp3,jazz,2026-05-25T21:54:59.932855+00:00,2026-05-25T21:56:18.313149+00:00,
274e22ba-8e66-4c70-863b-ff543b55eb27,jazz,cool jazz,"cool jazz, uplifting atmosphere, featuring solo piano with walking bass","jazz, trumpet, swing",chirp-v4-5+,done,5d092197-37d7-402d-b893-54c2c66b79cc,5d9abcba-b4c2-4764-8c48-0d30ca292065,101ae1ac-4688-4770-9924-222603d047c0,https://cdn.ttapi.io/suno/20260525/90306ff3847e4c2d8564dbe381079124.mp3,https://cdn.ttapi.io/suno/20260525/b63161af538f42aa9bb7b1218e9eaa28.mp3,audio/jazz/274e22ba-8e66-4c70-863b-ff543b55eb27_1.mp3,audio/jazz/274e22ba-8e66-4c70-863b-ff543b55eb27_2.mp3,jazz,2026-05-25T21:55:01.239894+00:00,2026-05-25T21:56:18.496069+00:00,
276cfd59-2af7-4805-a4b6-8eecc6a6f019,jazz,fusion,"fusion jazz, uplifting atmosphere, featuring solo piano with walking bass","jazz, bass, drums",chirp-v4-5+,done,20b63ad9-f9b9-4bea-a408-c3bffd173967,be7bbb6b-b6d7-4250-a834-99b4ca76cd81,89e73e26-75d7-4b15-8e6c-b20681f19b67,https://cdn.ttapi.io/suno/20260525/9d239c7c283140559a6d19d172921ebd.mp3,https://cdn.ttapi.io/suno/20260525/0baa62c465614e3883839ce93d86dcc4.mp3,audio/jazz/276cfd59-2af7-4805-a4b6-8eecc6a6f019_1.mp3,audio/jazz/276cfd59-2af7-4805-a4b6-8eecc6a6f019_2.mp3,jazz,2026-05-25T21:55:07.380811+00:00,2026-05-25T21:56:18.611573+00:00,
7d351630-ed74-44ee-8545-e990136645e5,jazz,smooth jazz,"smooth jazz, uplifting atmosphere, featuring solo piano with walking bass","jazz, guitar, bossa nova",chirp-v4-5+,done,6896020f-bcc4-4026-92a4-72189398f9dc,d1bacf7d-f7b2-46a8-9c44-7a6175eadafa,c06b4801-7264-40e7-b286-be4c0daeb7f1,https://cdn.ttapi.io/suno/20260525/5163754913cf4c0cab610c2840aff91f.mp3,https://cdn.ttapi.io/suno/20260525/7045f25a90b8413f86470a379802517b.mp3,audio/jazz/7d351630-ed74-44ee-8545-e990136645e5_1.mp3,audio/jazz/7d351630-ed74-44ee-8545-e990136645e5_2.mp3,jazz,2026-05-25T21:55:08.663159+00:00,2026-05-25T21:56:40.004965+00:00,
64f024bb-6e33-4186-8f6c-1418f677a752,jazz,hard bop,"hard bop jazz, uplifting atmosphere, featuring solo piano with walking bass","jazz, fusion, electric",chirp-v4-5+,done,531c782e-246a-408a-844e-fb43cf56ea3d,dad38985-2d2c-45c5-829f-3f70cdd17d64,30d781ef-ddda-4ebf-98b6-eb3e5e5d51cb,https://cdn.ttapi.io/suno/20260525/6e1bd0ef54104fc5bba39bddb20c154a.mp3,https://cdn.ttapi.io/suno/20260525/f4457dfc40944d149230dfded2164c65.mp3,audio/jazz/64f024bb-6e33-4186-8f6c-1418f677a752_1.mp3,audio/jazz/64f024bb-6e33-4186-8f6c-1418f677a752_2.mp3,jazz,2026-05-25T21:55:09.952358+00:00,2026-05-25T21:56:27.078916+00:00,
15ec20d0-8a92-47ae-a931-c4dc07fb5fba,jazz,free jazz,"free jazz, uplifting atmosphere, featuring solo piano with walking bass","jazz, saxophone, piano",chirp-v4-5+,done,5260779d-c792-4a25-8fdf-32282526d1f7,b9a27526-dc26-44b5-bc7e-50746da4423e,19c9d065-3498-4cef-aa95-660a6b41f2e3,https://cdn.ttapi.io/suno/20260525/474b5164fa9642edb1de32e5dede6b4e.mp3,https://cdn.ttapi.io/suno/20260525/a135ad44fa6b41f9b044dfb80845926f.mp3,audio/jazz/15ec20d0-8a92-47ae-a931-c4dc07fb5fba_1.mp3,audio/jazz/15ec20d0-8a92-47ae-a931-c4dc07fb5fba_2.mp3,jazz,2026-05-25T21:55:11.259130+00:00,2026-05-25T21:57:08.153576+00:00,
7fd52136-ee7c-4ce3-b667-7fd5430300e9,jazz,latin jazz,"latin jazz, uplifting atmosphere, featuring solo piano with walking bass","jazz, trumpet, swing",chirp-v4-5+,done,bd21a140-05ed-4849-8af6-b58cc12594cd,2e486570-4623-4f2c-b1c9-f6af2c6cdb4a,0ea07f4f-bf14-45a0-a739-a2db4dc7d8e5,https://cdn.ttapi.io/suno/20260525/41f116a61e7044c78c173289dc3c850a.mp3,https://cdn.ttapi.io/suno/20260525/ed5aea12c62b4300b02f03958e14d838.mp3,audio/jazz/7fd52136-ee7c-4ce3-b667-7fd5430300e9_1.mp3,audio/jazz/7fd52136-ee7c-4ce3-b667-7fd5430300e9_2.mp3,jazz,2026-05-25T21:55:17.294113+00:00,2026-05-25T21:56:40.197750+00:00,
c051e292-a25c-4ea8-a1a4-d3737555e9f8,jazz,swing,"swing jazz, uplifting atmosphere, featuring solo piano with walking bass","jazz, bass, drums",chirp-v4-5+,done,e0ab23ff-303d-48ac-b439-1e998c0da063,3fb1a790-80d3-465e-b5d6-db4309910a23,db119a3a-acee-4324-b874-0b6806ae4de3,https://cdn.ttapi.io/suno/20260525/a1797f3677dd4c86905d069bb8666db7.mp3,https://cdn.ttapi.io/suno/20260525/34a47061855c4bd58b6431b6712f6273.mp3,audio/jazz/c051e292-a25c-4ea8-a1a4-d3737555e9f8_1.mp3,audio/jazz/c051e292-a25c-4ea8-a1a4-d3737555e9f8_2.mp3,jazz,2026-05-25T21:55:18.583626+00:00,2026-05-25T21:56:48.585279+00:00,
583832d8-9f75-48fb-b2e6-62d81f6c6ddb,jazz,modal jazz,"modal jazz, uplifting atmosphere, featuring solo piano with walking bass","jazz, guitar, bossa nova",chirp-v4-5+,done,419c0917-74ba-4d75-854d-43e93dc3f9c1,bda07a0d-28ff-4b44-a000-d5d365f15608,6aef1178-ce6a-4e9b-afb9-fb7322c73423,https://cdn.ttapi.io/suno/20260525/29472f47d3a149698ccd676a0decaf63.mp3,https://cdn.ttapi.io/suno/20260525/07ed538e013944ca80de2c3ba254edba.mp3,audio/jazz/583832d8-9f75-48fb-b2e6-62d81f6c6ddb_1.mp3,audio/jazz/583832d8-9f75-48fb-b2e6-62d81f6c6ddb_2.mp3,jazz,2026-05-25T21:55:24.747576+00:00,2026-05-25T21:57:16.963131+00:00,
ef25fec2-e395-4828-a2af-b69934da41df,jazz,post-bop,"post-bop jazz, uplifting atmosphere, featuring solo piano with walking bass","jazz, fusion, electric",chirp-v4-5+,done,2c889c7f-037e-4a85-96d5-cfdec3168831,214365b2-2d8a-4f39-a0c6-cd3dcd6a0538,3c95e27c-8866-43fa-bd2b-7df1413bf7ca,https://cdn.ttapi.io/suno/20260525/b7db0e363947403d8bf9dc8f40df9e06.mp3,https://cdn.ttapi.io/suno/20260525/38fbabf46b5440d8a2dde405c6ab347c.mp3,audio/jazz/ef25fec2-e395-4828-a2af-b69934da41df_1.mp3,audio/jazz/ef25fec2-e395-4828-a2af-b69934da41df_2.mp3,jazz,2026-05-25T21:55:26.020745+00:00,2026-05-25T21:56:27.617485+00:00,
b494a0a3-8c7e-4b32-bea7-de793080ef94,jazz,bebop,"bebop jazz, relaxed atmosphere, featuring solo piano with walking bass","jazz, saxophone, piano",chirp-v4-5+,done,3e2e6996-42ce-42de-8418-5c8b3684f2c8,7dfa9575-5bb1-42ef-a6b8-acd9500699f4,0a83db21-05fe-4fa9-bb4a-67fd40ad81b5,https://cdn.ttapi.io/suno/20260525/7e3b9c04b971402080ad6104298909b7.mp3,https://cdn.ttapi.io/suno/20260525/7b6e59f6ec9e4fefb0d7ee45a45f4d7a.mp3,audio/jazz/b494a0a3-8c7e-4b32-bea7-de793080ef94_1.mp3,audio/jazz/b494a0a3-8c7e-4b32-bea7-de793080ef94_2.mp3,jazz,2026-05-25T21:55:27.327792+00:00,2026-05-25T21:56:34.575587+00:00,
bc4b11db-b453-4216-be72-78d5a9b79c94,jazz,cool jazz,"cool jazz, relaxed atmosphere, featuring solo piano with walking bass","jazz, trumpet, swing",chirp-v4-5+,done,d22fc217-9f13-4a67-a294-f4463bb0b373,c4c88715-bd07-4ac9-b471-65dd9cddad15,82f6b9aa-175e-47eb-969b-7d15c57c4d25,https://cdn.ttapi.io/suno/20260525/efa8123b771d4c508b559a1d7353541f.mp3,https://cdn.ttapi.io/suno/20260525/46a362e19ad54fb689c12648b285f07e.mp3,audio/jazz/bc4b11db-b453-4216-be72-78d5a9b79c94_1.mp3,audio/jazz/bc4b11db-b453-4216-be72-78d5a9b79c94_2.mp3,jazz,2026-05-25T21:55:28.618749+00:00,2026-05-25T21:56:48.837464+00:00,
a2fd4b96-7a6b-47e1-ba63-7c8787a935d2,jazz,fusion,"fusion jazz, relaxed atmosphere, featuring solo piano with walking bass","jazz, bass, drums",chirp-v4-5+,done,29ab5b11-8587-48b0-bd55-e256adf41865,04767733-d6bf-4a84-8eba-83a022c49869,e0dce4fe-7a03-4482-82d0-36971f4d5ab3,https://cdn.ttapi.io/suno/20260525/48c56272e5054648ad9c9a3ea3046652.mp3,https://cdn.ttapi.io/suno/20260525/0379af929aff4ab28ee6000d73c7ca7a.mp3,audio/jazz/a2fd4b96-7a6b-47e1-ba63-7c8787a935d2_1.mp3,audio/jazz/a2fd4b96-7a6b-47e1-ba63-7c8787a935d2_2.mp3,jazz,2026-05-25T21:55:34.599511+00:00,2026-05-25T21:56:48.949640+00:00,
9ea0a3b0-aab8-471d-a0d7-999ac35f3fcb,jazz,smooth jazz,"smooth jazz, relaxed atmosphere, featuring solo piano with walking bass","jazz, guitar, bossa nova",chirp-v4-5+,done,4358fc45-08c7-48f0-9aa8-f67bfd1a5efe,1c138469-e509-44f5-917f-43510c211b3a,67456c46-c41e-4197-aa7e-3242be7412e4,https://cdn.ttapi.io/suno/20260525/7ecf0e619cdf4781920a5e45560e9e3d.mp3,https://cdn.ttapi.io/suno/20260525/563cab9c4e194e96b217210d10e74282.mp3,audio/jazz/9ea0a3b0-aab8-471d-a0d7-999ac35f3fcb_1.mp3,audio/jazz/9ea0a3b0-aab8-471d-a0d7-999ac35f3fcb_2.mp3,jazz,2026-05-25T21:55:35.934852+00:00,2026-05-25T21:57:08.452806+00:00,
256dcf1e-3714-49db-98d5-e270876e1f4a,jazz,hard bop,"hard bop jazz, relaxed atmosphere, featuring solo piano with walking bass","jazz, fusion, electric",chirp-v4-5+,done,bd88fe99-8352-478b-9ef9-79d8edba8cc5,540df13e-78c2-48ee-8dd8-9ed3c73f71e5,c2b2d1e7-02e7-4867-82e0-05bfd09eb04a,https://cdn.ttapi.io/suno/20260525/bcdf653032db4656aa7593b692e35c7b.mp3,https://cdn.ttapi.io/suno/20260525/3c0020c850014022bc51ff5241cc1a70.mp3,audio/jazz/256dcf1e-3714-49db-98d5-e270876e1f4a_1.mp3,audio/jazz/256dcf1e-3714-49db-98d5-e270876e1f4a_2.mp3,jazz,2026-05-25T21:55:37.171222+00:00,2026-05-25T21:56:49.136969+00:00,
19e629c5-cafc-4629-8122-0a81b38decfc,jazz,free jazz,"free jazz, relaxed atmosphere, featuring solo piano with walking bass","jazz, saxophone, piano",chirp-v4-5+,done,b3e2ad2b-af9b-483a-9059-2e1e5fea6540,ffec2fc0-6c8a-41a0-b8ea-5338969f53e0,2ee0cf02-d0fb-4766-9876-56491ee43e69,https://cdn.ttapi.io/suno/20260525/ae03aca019fa44abae9c36b13f3683e6.mp3,https://cdn.ttapi.io/suno/20260525/836220f489164b39bef692eb93cdde56.mp3,audio/jazz/19e629c5-cafc-4629-8122-0a81b38decfc_1.mp3,audio/jazz/19e629c5-cafc-4629-8122-0a81b38decfc_2.mp3,jazz,2026-05-25T21:55:43.310488+00:00,2026-05-25T21:56:49.239746+00:00,
81c8b760-4bf2-4797-892f-23f898dcedcf,jazz,latin jazz,"latin jazz, relaxed atmosphere, featuring solo piano with walking bass","jazz, trumpet, swing",chirp-v4-5+,done,77de07bb-ecc3-4c67-a817-821088f5e313,9e0b1455-257a-4c69-ba4a-13938c8d657b,8eaae1d3-3d1c-460a-bf5f-d5f977fbdf90,https://cdn.ttapi.io/suno/20260525/006593b0074b45369d84fe35f1802c3c.mp3,https://cdn.ttapi.io/suno/20260525/f430d1907bdc4f8f95ca6f48ca42eab1.mp3,audio/jazz/81c8b760-4bf2-4797-892f-23f898dcedcf_1.mp3,audio/jazz/81c8b760-4bf2-4797-892f-23f898dcedcf_2.mp3,jazz,2026-05-25T21:55:44.587039+00:00,2026-05-25T21:57:08.640120+00:00,
7a0403a9-f0eb-4627-8c40-1631a08435d3,jazz,swing,"swing jazz, relaxed atmosphere, featuring solo piano with walking bass","jazz, bass, drums",chirp-v4-5+,done,cb896728-50e5-486b-9bb6-66daa74499e9,d8cdd10c-57c6-479b-818d-2474f93b4608,1fbf7ec0-bd00-42fe-a0a4-c1cf55757086,https://cdn.ttapi.io/suno/20260525/1e11dd4598e941de8b7589086177fdfa.mp3,https://cdn.ttapi.io/suno/20260525/df9fdbddd77a4cc8b4950406f537cbfe.mp3,audio/jazz/7a0403a9-f0eb-4627-8c40-1631a08435d3_1.mp3,audio/jazz/7a0403a9-f0eb-4627-8c40-1631a08435d3_2.mp3,jazz,2026-05-25T21:55:50.673147+00:00,2026-05-25T21:57:02.596073+00:00,
da6b31b5-ec76-4e68-a67c-47cc7b5130f0,jazz,modal jazz,"modal jazz, relaxed atmosphere, featuring solo piano with walking bass","jazz, guitar, bossa nova",chirp-v4-5+,done,da86ae33-f805-4d83-a7b0-e1084e0f16d2,ad097af0-9679-4052-a251-7cf57f6f851d,d2c39120-1cf6-4317-a47f-b62fad996b34,https://cdn.ttapi.io/suno/20260525/63e7d84e5b324ea6957ff798b75c28f5.mp3,https://cdn.ttapi.io/suno/20260525/506ab4d9ec45424aa3dce3dda2a0aef5.mp3,audio/jazz/da6b31b5-ec76-4e68-a67c-47cc7b5130f0_1.mp3,audio/jazz/da6b31b5-ec76-4e68-a67c-47cc7b5130f0_2.mp3,jazz,2026-05-25T21:55:51.915291+00:00,2026-05-25T21:57:17.169698+00:00,
c1182bf3-cc9d-45f1-9399-569201ed8646,jazz,post-bop,"post-bop jazz, relaxed atmosphere, featuring solo piano with walking bass","jazz, fusion, electric",chirp-v4-5+,done,4b7e36b2-c36f-432d-8f6c-7394292ba637,34d16239-496a-477c-934f-2a60dd89a89a,041c96ee-653b-48bf-a09f-bca11ae0b45d,https://cdn.ttapi.io/suno/20260525/e0c3f04aa037444b834148722b72c927.mp3,https://cdn.ttapi.io/suno/20260525/9a812045b35643d395cd299f0beb0abf.mp3,audio/jazz/c1182bf3-cc9d-45f1-9399-569201ed8646_1.mp3,audio/jazz/c1182bf3-cc9d-45f1-9399-569201ed8646_2.mp3,jazz,2026-05-25T21:56:23.572557+00:00,2026-05-25T21:58:39.110112+00:00,
e8379db9-96ae-4cbd-b1a2-e46ce2078ced,jazz,bebop,"bebop jazz, energetic atmosphere, featuring solo piano with walking bass","jazz, saxophone, piano",chirp-v4-5+,done,d592d0cb-24e1-4ebe-be77-616d0f003cb3,d38cfad9-639e-435f-b500-a1b6007fcab7,f24ea153-3417-4faa-a30d-2405afdce795,https://cdn.ttapi.io/suno/20260525/172d38a30f0f469b8e32f9e5936d15ea.mp3,https://cdn.ttapi.io/suno/20260525/449f1e46969c40b5aa31a4e385adbb0d.mp3,audio/jazz/e8379db9-96ae-4cbd-b1a2-e46ce2078ced_1.mp3,audio/jazz/e8379db9-96ae-4cbd-b1a2-e46ce2078ced_2.mp3,jazz,2026-05-25T21:56:24.850415+00:00,2026-05-25T21:57:26.379933+00:00,
537b78df-cd1d-494c-9e94-d2abc82c0c43,jazz,cool jazz,"cool jazz, energetic atmosphere, featuring solo piano with walking bass","jazz, trumpet, swing",chirp-v4-5+,done,49867239-eeee-4081-b344-712d33b84dfa,7d062c96-c74f-46f6-a701-d5eadac2b0c9,6de29ff2-7b95-4a33-ac82-101c010d5d2c,https://cdn.ttapi.io/suno/20260525/97239bb17d4249d08ddd8bc0442bebab.mp3,https://cdn.ttapi.io/suno/20260525/adaf8a76616144ccad620e856ae9da1b.mp3,audio/jazz/537b78df-cd1d-494c-9e94-d2abc82c0c43_1.mp3,audio/jazz/537b78df-cd1d-494c-9e94-d2abc82c0c43_2.mp3,jazz,2026-05-25T21:56:26.161443+00:00,2026-05-25T21:57:55.070853+00:00,
a192ab2e-2c90-4007-9573-9d0b5c747d7d,jazz,fusion,"fusion jazz, energetic atmosphere, featuring solo piano with walking bass","jazz, bass, drums",chirp-v4-5+,done,34daa402-65ad-4348-b16a-5178dd9a84c0,8c0314cb-e669-4f14-88ae-70052fcd0a36,2fb1d960-cbb0-4631-b4d5-b765cb21ef13,https://cdn.ttapi.io/suno/20260525/7138fa098a7549dcba39a6e74f1db164.mp3,https://cdn.ttapi.io/suno/20260525/db5673e929e54c30adbbe6d528ec0ad0.mp3,audio/jazz/a192ab2e-2c90-4007-9573-9d0b5c747d7d_1.mp3,audio/jazz/a192ab2e-2c90-4007-9573-9d0b5c747d7d_2.mp3,jazz,2026-05-25T21:56:31.855425+00:00,2026-05-25T21:57:26.635283+00:00,
ffa46638-b14c-492f-b04e-b6931d45417f,jazz,smooth jazz,"smooth jazz, energetic atmosphere, featuring solo piano with walking bass","jazz, guitar, bossa nova",chirp-v4-5+,done,b7f1ea56-9b86-4806-8b6a-cabc944b5602,0ff11b1f-0a40-418f-8ef9-d10474062867,751a32b1-8a3d-4b41-b711-e89256b2d940,https://cdn.ttapi.io/suno/20260525/e97eb147aca649beab49787fc0aea59e.mp3,https://cdn.ttapi.io/suno/20260525/be6c914849044a049b4d2e354522b10f.mp3,audio/jazz/ffa46638-b14c-492f-b04e-b6931d45417f_1.mp3,audio/jazz/ffa46638-b14c-492f-b04e-b6931d45417f_2.mp3,jazz,2026-05-25T21:56:33.268810+00:00,2026-05-25T21:57:35.540866+00:00,
bb12425d-d3b4-4348-b7f8-040d5ad57da0,jazz,hard bop,"hard bop jazz, energetic atmosphere, featuring solo piano with walking bass","jazz, fusion, electric",chirp-v4-5+,done,2c704716-98e1-4a8d-9d95-537668cc9180,0e977e85-abcf-45cd-b475-03ce32518b71,fd8381dc-2d42-4442-a4ff-c39dad8e7473,https://cdn.ttapi.io/suno/20260525/7626b7fabf5b4eb787f0af7333799150.mp3,https://cdn.ttapi.io/suno/20260525/4648308cffc24cb2bf1eb112849e7799.mp3,audio/jazz/bb12425d-d3b4-4348-b7f8-040d5ad57da0_1.mp3,audio/jazz/bb12425d-d3b4-4348-b7f8-040d5ad57da0_2.mp3,jazz,2026-05-25T21:56:39.182279+00:00,2026-05-25T21:57:55.260278+00:00,
689dc07a-735e-4ef8-a6a4-a3f67c08d58f,jazz,free jazz,"free jazz, energetic atmosphere, featuring solo piano with walking bass","jazz, saxophone, piano",chirp-v4-5+,done,75777b3b-b7a7-4b3c-887a-d3584368e022,9d250a55-ad0c-4783-9a11-ee16ef38a21c,74863fdf-8b69-4448-a4e6-be58ee3a7f55,https://cdn.ttapi.io/suno/20260525/5b663fcd34b24fbab84414304b3efad8.mp3,https://cdn.ttapi.io/suno/20260525/ee315ec6706c4c02990a851f3186cd50.mp3,audio/jazz/689dc07a-735e-4ef8-a6a4-a3f67c08d58f_1.mp3,audio/jazz/689dc07a-735e-4ef8-a6a4-a3f67c08d58f_2.mp3,jazz,2026-05-25T21:56:45.204997+00:00,2026-05-25T21:58:09.452491+00:00,
e7cb5c82-74f3-4f7b-bfd0-3cd50b36e441,jazz,latin jazz,"latin jazz, energetic atmosphere, featuring solo piano with walking bass","jazz, trumpet, swing",chirp-v4-5+,done,51698257-22a8-418b-81ed-5381d2dbddba,37bccc97-f2f2-4dbc-beaf-a30dd69b1720,6e6a21d3-8d01-4507-a725-e47abd56fbab,https://cdn.ttapi.io/suno/20260525/4de6332eeb5b4de5b26c5fdb1fd1a8a1.mp3,https://cdn.ttapi.io/suno/20260525/94bd3d37b4df49ba9cefe8c5fc6988cd.mp3,audio/jazz/e7cb5c82-74f3-4f7b-bfd0-3cd50b36e441_1.mp3,audio/jazz/e7cb5c82-74f3-4f7b-bfd0-3cd50b36e441_2.mp3,jazz,2026-05-25T21:56:46.474364+00:00,2026-05-25T21:58:09.615878+00:00,
161c523a-e24e-4a19-a85d-e856d52cf1ec,jazz,swing,"swing jazz, energetic atmosphere, featuring solo piano with walking bass","jazz, bass, drums",chirp-v4-5+,done,e8053f15-67c8-4a99-93c2-e37e16bc31ee,cb3fb688-1a2b-48a4-b7a4-a31f8d627317,76168839-61e6-4ce8-bf00-60d4289a91be,https://cdn.ttapi.io/suno/20260525/9d3af1d25956470d8fa7066651571e76.mp3,https://cdn.ttapi.io/suno/20260525/4ecaa11c6d074733adb12df66c63c050.mp3,audio/jazz/161c523a-e24e-4a19-a85d-e856d52cf1ec_1.mp3,audio/jazz/161c523a-e24e-4a19-a85d-e856d52cf1ec_2.mp3,jazz,2026-05-25T21:56:47.762141+00:00,2026-05-25T21:57:55.619593+00:00,
56f2c282-ed83-4462-9c9e-1533464bc699,jazz,modal jazz,"modal jazz, energetic atmosphere, featuring solo piano with walking bass","jazz, guitar, bossa nova",chirp-v4-5+,done,42f87088-015c-47f6-a302-b1a61dbf4770,72186fdd-b8bf-4527-8645-3192874b19bd,4320f1f7-bf78-4141-8294-7397f2a01ce5,https://cdn.ttapi.io/suno/20260525/cef375b713624e75a43dbc4aab056fe4.mp3,https://cdn.ttapi.io/suno/20260525/df4c37081ea74bcbbc8b775ca1127c56.mp3,audio/jazz/56f2c282-ed83-4462-9c9e-1533464bc699_1.mp3,audio/jazz/56f2c282-ed83-4462-9c9e-1533464bc699_2.mp3,jazz,2026-05-25T21:56:56.287519+00:00,2026-05-25T21:58:03.837248+00:00,
1ba2de17-1251-41b6-977d-24b67baef74d,jazz,post-bop,"post-bop jazz, energetic atmosphere, featuring solo piano with walking bass","jazz, fusion, electric",chirp-v4-5+,done,c6595eee-f510-4766-b260-8529f6bc4cd0,c03c1d4d-bcb1-443d-9c68-ba01a3b310bc,25809580-33b7-4857-8267-7d9e48283d01,https://cdn.ttapi.io/suno/20260525/c87d6b13f0e64c5cbbe2c30daa3d2b3f.mp3,https://cdn.ttapi.io/suno/20260525/97e3242770f2455ca0ff644a78224d08.mp3,audio/jazz/1ba2de17-1251-41b6-977d-24b67baef74d_1.mp3,audio/jazz/1ba2de17-1251-41b6-977d-24b67baef74d_2.mp3,jazz,2026-05-25T21:56:57.580896+00:00,2026-05-25T21:58:09.724225+00:00,
aea4ac6c-dd08-4d40-8663-7024dbc0d36f,jazz,bebop,"bebop jazz, nostalgic atmosphere, featuring solo piano with walking bass","jazz, saxophone, piano",chirp-v4-5+,done,04968c6c-f700-49e7-97a9-e82da9e1131b,aba05800-f7b8-4bdc-b5b9-5353e978bd06,089378da-bc0d-4465-a9a5-2bd3a45dbfb3,https://cdn.ttapi.io/suno/20260525/1b157bb2c43e4b4ab4b9a7f3b7dfbe58.mp3,https://cdn.ttapi.io/suno/20260525/81ce38bfe41e40ddbd79f2a3100075a8.mp3,audio/jazz/aea4ac6c-dd08-4d40-8663-7024dbc0d36f_1.mp3,audio/jazz/aea4ac6c-dd08-4d40-8663-7024dbc0d36f_2.mp3,jazz,2026-05-25T21:56:58.869184+00:00,2026-05-25T21:58:18.039463+00:00,
a9fed2c1-b3de-42fe-b90e-62b7bd322e34,jazz,cool jazz,"cool jazz, nostalgic atmosphere, featuring solo piano with walking bass","jazz, trumpet, swing",chirp-v4-5+,done,f289bbdb-abbf-4053-b633-02027f7e0944,e33a6a44-3ecd-4038-b109-6dc839fc4a5f,426cf0f7-1ba6-4801-b81d-d5ff5db154bc,https://cdn.ttapi.io/suno/20260525/ccc6178e636e44d48c016f4c8933af9f.mp3,https://cdn.ttapi.io/suno/20260525/26e60fab0b2a453e988935e1d508d1e1.mp3,audio/jazz/a9fed2c1-b3de-42fe-b90e-62b7bd322e34_1.mp3,audio/jazz/a9fed2c1-b3de-42fe-b90e-62b7bd322e34_2.mp3,jazz,2026-05-25T21:57:00.168319+00:00,2026-05-25T21:58:18.212479+00:00,
4970cedb-3ab7-410f-bb1d-17b7d663300c,jazz,fusion,"fusion jazz, nostalgic atmosphere, featuring solo piano with walking bass","jazz, bass, drums",chirp-v4-5+,done,e70d4356-6daf-4cb2-873f-13f8001883fc,65daa1d1-7e8c-4a5d-8292-01f931e44a38,710b64bd-3074-44b6-85af-2ce27906e9d5,https://cdn.ttapi.io/suno/20260525/3787ecd869524b9f9019660b8b09ac38.mp3,https://cdn.ttapi.io/suno/20260525/66cd4a1327894374842b97b331e8dba9.mp3,audio/jazz/4970cedb-3ab7-410f-bb1d-17b7d663300c_1.mp3,audio/jazz/4970cedb-3ab7-410f-bb1d-17b7d663300c_2.mp3,jazz,2026-05-25T21:57:01.482490+00:00,2026-05-25T21:58:25.324255+00:00,
be69a9a5-684d-41dc-a12c-5b545476be86,jazz,smooth jazz,"smooth jazz, nostalgic atmosphere, featuring solo piano with walking bass","jazz, guitar, bossa nova",chirp-v4-5+,done,950c95d6-5b0f-40ad-85dd-74fef9089d1e,5a9f30e2-0878-47b4-adae-2396b4264757,fc014343-2d8e-4b41-a2e3-1f588f6bc130,https://cdn.ttapi.io/suno/20260525/1a227e3e5e14488488a4ec611ab6c418.mp3,https://cdn.ttapi.io/suno/20260525/3f69eb942bd9445eba52d62c4f3a9b4f.mp3,audio/jazz/be69a9a5-684d-41dc-a12c-5b545476be86_1.mp3,audio/jazz/be69a9a5-684d-41dc-a12c-5b545476be86_2.mp3,jazz,2026-05-25T21:57:07.503390+00:00,2026-05-25T21:58:25.498017+00:00,
6dda294a-e065-4845-aa7f-c2f5671f2aff,jazz,hard bop,"hard bop jazz, nostalgic atmosphere, featuring solo piano with walking bass","jazz, fusion, electric",chirp-v4-5+,done,4a309ec2-7c76-4f59-85b3-8b7e71f548e7,e379eca8-b739-43b6-a1b2-97c07d382e97,5bfc1e48-9dcf-4049-8caf-48aace77783a,https://cdn.ttapi.io/suno/20260525/ed31e75378004f22a02f7afc7f6b1314.mp3,https://cdn.ttapi.io/suno/20260525/655b27667ba04dbdb11e81b3562a5660.mp3,audio/jazz/6dda294a-e065-4845-aa7f-c2f5671f2aff_1.mp3,audio/jazz/6dda294a-e065-4845-aa7f-c2f5671f2aff_2.mp3,jazz,2026-05-25T21:57:13.721370+00:00,2026-05-25T21:58:25.607726+00:00,
7015b607-2738-4031-99dd-6bd5346fd0aa,jazz,free jazz,"free jazz, nostalgic atmosphere, featuring solo piano with walking bass","jazz, saxophone, piano",chirp-v4-5+,done,1d6b099b-67ec-4477-8679-96532337f702,9414d49a-57d5-45d4-9061-ef7d1a7c19e0,015a7c78-a4d4-4a1b-b27b-a947ae7f6d64,https://cdn.ttapi.io/suno/20260525/5f1acde660b64b0cb449bc8e5cb3deb3.mp3,https://cdn.ttapi.io/suno/20260525/6ee18cf945574e7cbec375878692d034.mp3,audio/jazz/7015b607-2738-4031-99dd-6bd5346fd0aa_1.mp3,audio/jazz/7015b607-2738-4031-99dd-6bd5346fd0aa_2.mp3,jazz,2026-05-25T21:57:14.990002+00:00,2026-05-25T21:58:39.278802+00:00,
c09c1787-742e-4f8c-8ab7-f0ca14bfd438,jazz,latin jazz,"latin jazz, nostalgic atmosphere, featuring solo piano with walking bass","jazz, trumpet, swing",chirp-v4-5+,done,eb24513f-e127-4826-9200-7aaf0b419243,e8a15ba1-e10d-4217-a37f-e8732dfbe4b4,601ee4ff-6bb8-45af-b6c7-bb936964974f,https://cdn.ttapi.io/suno/20260525/ec8a9f91aa884da4a4ffcfdd7d99a060.mp3,https://cdn.ttapi.io/suno/20260525/f5fed7d16d504354aae15f534d161fbd.mp3,audio/jazz/c09c1787-742e-4f8c-8ab7-f0ca14bfd438_1.mp3,audio/jazz/c09c1787-742e-4f8c-8ab7-f0ca14bfd438_2.mp3,jazz,2026-05-25T21:57:16.298858+00:00,2026-05-25T21:58:39.388554+00:00,
073d7ca6-8735-489f-9c22-f7f7f6aaa749,jazz,swing,"swing jazz, nostalgic atmosphere, featuring solo piano with walking bass","jazz, bass, drums",chirp-v4-5+,done,b67d980d-e153-4b14-9781-ae4b42cb7941,b4534894-a28c-4c62-9a77-64d7f5ac414b,69ae8bb0-1199-4067-9724-8701e8fc28a6,https://cdn.ttapi.io/suno/20260525/f3400aec6a0b48febcfa08e4925fb6fe.mp3,https://cdn.ttapi.io/suno/20260525/ad925ac6c4f449338dbd8b687c0ed597.mp3,audio/jazz/073d7ca6-8735-489f-9c22-f7f7f6aaa749_1.mp3,audio/jazz/073d7ca6-8735-489f-9c22-f7f7f6aaa749_2.mp3,jazz,2026-05-25T21:57:22.324364+00:00,2026-05-25T21:58:25.885283+00:00,
bc50a726-ed98-4982-8cbc-9c329f26bc9b,jazz,modal jazz,"modal jazz, nostalgic atmosphere, featuring solo piano with walking bass","jazz, guitar, bossa nova",chirp-v4-5+,done,3efc260c-d9ba-4f55-adf5-5cf4695df7b9,6a51bbe3-220f-42ec-b64c-10081a018758,54c3f1ef-d146-4601-8c0b-77ad863eba79,https://cdn.ttapi.io/suno/20260525/4a6c65bb929f4f6fb2c4bb63c366516b.mp3,https://cdn.ttapi.io/suno/20260525/6fecb3c7d9ef40929c589a60f3efab4f.mp3,audio/jazz/bc50a726-ed98-4982-8cbc-9c329f26bc9b_1.mp3,audio/jazz/bc50a726-ed98-4982-8cbc-9c329f26bc9b_2.mp3,jazz,2026-05-25T21:57:23.712044+00:00,2026-05-25T21:58:39.493380+00:00,
4be3eefe-9ac6-42f6-9e2c-16366007a6b5,jazz,post-bop,"post-bop jazz, nostalgic atmosphere, featuring solo piano with walking bass","jazz, fusion, electric",chirp-v4-5+,done,f214cc8f-5b5a-4da2-a0cc-14c2924ccd95,2730aa7d-6725-47ec-84c5-8c9f21526b3e,a2c8224e-f6ef-41fe-b808-2302acd65de2,https://cdn.ttapi.io/suno/20260525/09263ea143c04a63b1245a5e2057a31a.mp3,https://cdn.ttapi.io/suno/20260525/4210c17ab6494e0ca605d3d837b558e7.mp3,audio/jazz/4be3eefe-9ac6-42f6-9e2c-16366007a6b5_1.mp3,audio/jazz/4be3eefe-9ac6-42f6-9e2c-16366007a6b5_2.mp3,jazz,2026-05-25T21:57:31.496920+00:00,2026-05-25T21:58:26.118446+00:00,
f8a34c89-4515-4d7c-a525-04eceded4947,jazz,bebop,"bebop jazz, romantic atmosphere, featuring solo piano with walking bass","jazz, saxophone, piano",chirp-v4-5+,done,7eb9670f-6e14-47db-bd55-f51295f682f5,616d2bb4-3de9-49da-a8a5-0b6c0dd487c1,54350dcb-bd59-4d81-82a9-661a3084f412,https://cdn.ttapi.io/suno/20260525/4447c7c1e1204e42ac58cb7031cd0c2d.mp3,https://cdn.ttapi.io/suno/20260525/31e2f15d42d3428ca48dde8647ab1eb2.mp3,audio/jazz/f8a34c89-4515-4d7c-a525-04eceded4947_1.mp3,audio/jazz/f8a34c89-4515-4d7c-a525-04eceded4947_2.mp3,jazz,2026-05-25T21:57:32.783972+00:00,2026-05-25T21:58:39.602060+00:00,
fe348698-91fd-498d-a82e-0d0fcd8d26f3,jazz,cool jazz,"cool jazz, romantic atmosphere, featuring solo piano with walking bass","jazz, trumpet, swing",chirp-v4-5+,done,0aa3aac3-6ede-4d1b-be28-e56a1d0a6e00,df18abc6-4094-4e77-866b-d741c6a6448e,4d14903e-3fac-4d49-9d7d-e5db3a378b33,https://cdn.ttapi.io/suno/20260525/cb65021bafd541fe89fa8472cf752dad.mp3,https://cdn.ttapi.io/suno/20260525/1bc485d92ef2437297c9b7f98d4de331.mp3,audio/jazz/fe348698-91fd-498d-a82e-0d0fcd8d26f3_1.mp3,audio/jazz/fe348698-91fd-498d-a82e-0d0fcd8d26f3_2.mp3,jazz,2026-05-25T21:57:40.568208+00:00,2026-05-25T21:58:52.810636+00:00,
af961818-4390-43f1-9255-0ed0193c5594,jazz,fusion,"fusion jazz, romantic atmosphere, featuring solo piano with walking bass","jazz, bass, drums",chirp-v4-5+,done,c5de0aaa-b9bf-4d68-a4db-b7432de2aa48,b8020185-20f6-4d26-9fb2-9a2364a51fea,175092cf-45e9-40ee-b103-58d1ed956ae1,https://cdn.ttapi.io/suno/20260525/67c6bb1a37e442f59dfc64a8ffa3ee58.mp3,https://cdn.ttapi.io/suno/20260525/1fd9620d26394a4d832aeffb1259a95d.mp3,audio/jazz/af961818-4390-43f1-9255-0ed0193c5594_1.mp3,audio/jazz/af961818-4390-43f1-9255-0ed0193c5594_2.mp3,jazz,2026-05-25T21:58:00.292723+00:00,2026-05-25T21:59:18.292980+00:00,
3dd7eb5c-8b9f-4ea4-a1d3-b1c920e3e5c4,jazz,smooth jazz,"smooth jazz, romantic atmosphere, featuring solo piano with walking bass","jazz, guitar, bossa nova",chirp-v4-5+,done,43ada8a8-1de5-41e4-9180-5f4804dcaf2d,a3da4c21-8019-4e39-a81f-1634c6c9c443,c0569792-c665-4d6a-b771-f0a159023f9b,https://cdn.ttapi.io/suno/20260525/65fcb0cf8eb84f67969e89bca9cc454c.mp3,https://cdn.ttapi.io/suno/20260525/5bd639f0cc2843f59e3fdbf5c35f11dd.mp3,audio/jazz/3dd7eb5c-8b9f-4ea4-a1d3-b1c920e3e5c4_1.mp3,audio/jazz/3dd7eb5c-8b9f-4ea4-a1d3-b1c920e3e5c4_2.mp3,jazz,2026-05-25T21:58:01.551744+00:00,2026-05-25T21:59:18.421834+00:00,
ada5ca31-4759-45a0-b7bb-42c24e6deccc,jazz,hard bop,"hard bop jazz, romantic atmosphere, featuring solo piano with walking bass","jazz, fusion, electric",chirp-v4-5+,done,fb4aecfc-1c42-4709-b058-e7aed6a2e86c,e521b3cb-537f-4e1c-8200-9e9261abf2ca,c1343f08-9b37-42da-8f96-e17eb9e6d493,https://cdn.ttapi.io/suno/20260525/bf2bdf7a10f5400dbef9d4de7ef6dc56.mp3,https://cdn.ttapi.io/suno/20260525/1feecc68660d429cad3e1c041d8cb468.mp3,audio/jazz/ada5ca31-4759-45a0-b7bb-42c24e6deccc_1.mp3,audio/jazz/ada5ca31-4759-45a0-b7bb-42c24e6deccc_2.mp3,jazz,2026-05-25T21:58:02.830355+00:00,2026-05-25T21:59:18.527394+00:00,
55cb3045-8fe6-4b0d-981f-a36b30130715,jazz,free jazz,"free jazz, romantic atmosphere, featuring solo piano with walking bass","jazz, saxophone, piano",chirp-v4-5+,done,41eccd8b-01c7-4e49-81bd-09172e778917,3e697a47-28be-4517-a0bd-8f00db60ef43,e657f224-1371-4eca-9f0e-c40eb9c40693,https://cdn.ttapi.io/suno/20260525/04e87de3b5c54cb9bf8f75659f243489.mp3,https://cdn.ttapi.io/suno/20260525/9691d8092e1446cc9bfdc5a9d52b8570.mp3,audio/jazz/55cb3045-8fe6-4b0d-981f-a36b30130715_1.mp3,audio/jazz/55cb3045-8fe6-4b0d-981f-a36b30130715_2.mp3,jazz,2026-05-25T21:58:08.637118+00:00,2026-05-25T22:00:42.279498+00:00,
fb4ee223-0686-4214-8c71-f3583c756d17,jazz,latin jazz,"latin jazz, romantic atmosphere, featuring solo piano with walking bass","jazz, trumpet, swing",chirp-v4-5+,done,251df1ca-3477-4d4c-a96d-7decfa698eb1,ca0f0355-3bef-40e8-bb31-90b4a73495d8,2ee22bf8-3c1e-4bb6-85bb-f2f15b10635b,https://cdn.ttapi.io/suno/20260525/250c65205bf9486a9dc832a84202228b.mp3,https://cdn.ttapi.io/suno/20260525/08d191529d734240ac5f3eef71450bce.mp3,audio/jazz/fb4ee223-0686-4214-8c71-f3583c756d17_1.mp3,audio/jazz/fb4ee223-0686-4214-8c71-f3583c756d17_2.mp3,jazz,2026-05-25T21:58:14.681978+00:00,2026-05-25T21:59:18.716567+00:00,
f5c0b801-70c0-4e84-b752-dfefd6673855,jazz,swing,"swing jazz, romantic atmosphere, featuring solo piano with walking bass","jazz, bass, drums",chirp-v4-5+,done,fde66d79-8ecc-48b5-bbce-41e90219bb71,73af1d54-5355-4711-a53f-b05f7d228aaf,a5b1f214-8ab5-4f42-a740-8d185ac7cd47,https://cdn.ttapi.io/suno/20260525/5c889257771247fc850ccf1d1c594534.mp3,https://cdn.ttapi.io/suno/20260525/764cc841f5fe457aa2f60b53db68d1e7.mp3,audio/jazz/f5c0b801-70c0-4e84-b752-dfefd6673855_1.mp3,audio/jazz/f5c0b801-70c0-4e84-b752-dfefd6673855_2.mp3,jazz,2026-05-25T21:58:15.938622+00:00,2026-05-25T21:59:13.034298+00:00,
88888d7b-fe06-4765-9324-fb3ec8c3033e,jazz,modal jazz,"modal jazz, romantic atmosphere, featuring solo piano with walking bass","jazz, guitar, bossa nova",chirp-v4-5+,done,f07afcbf-d91c-44df-9025-8fe895e82d51,761cca24-4cd0-4ea3-9f9b-9ef074b8eac4,321c43db-a9ed-4900-aa9f-d30aecdf5254,https://cdn.ttapi.io/suno/20260525/8139e5e745a749f4946f008704533533.mp3,https://cdn.ttapi.io/suno/20260525/52530e74b70944398fd0f5e8767cd63a.mp3,audio/jazz/88888d7b-fe06-4765-9324-fb3ec8c3033e_1.mp3,audio/jazz/88888d7b-fe06-4765-9324-fb3ec8c3033e_2.mp3,jazz,2026-05-25T21:58:17.225066+00:00,2026-05-25T21:59:18.816508+00:00,
cd984c8d-b254-46f0-a2e3-3795f4e4fedd,jazz,post-bop,"post-bop jazz, romantic atmosphere, featuring solo piano with walking bass","jazz, fusion, electric",chirp-v4-5+,done,5d02723f-bb8e-4290-a982-f315e0ed4584,4f920ba2-0424-471d-9b18-5076fe736099,2ce56748-c8b9-49cf-ab06-3f05ca415a45,https://cdn.ttapi.io/suno/20260525/a5f21f5155dd4f29b763390fbf9d9859.mp3,https://cdn.ttapi.io/suno/20260525/ae5e220176894aa2a54c8736e4543b85.mp3,audio/jazz/cd984c8d-b254-46f0-a2e3-3795f4e4fedd_1.mp3,audio/jazz/cd984c8d-b254-46f0-a2e3-3795f4e4fedd_2.mp3,jazz,2026-05-25T21:58:23.216457+00:00,2026-05-25T21:59:45.919520+00:00,
8c55b581-a894-441f-9230-e05d8bc5446c,jazz,bebop,"bebop jazz, brooding atmosphere, featuring solo piano with walking bass","jazz, saxophone, piano",chirp-v4-5+,done,74f9988a-78c0-4588-9eb1-f4eb377178ac,9bf987df-35a4-4464-a2d3-d59cb39964bc,8fe55ac1-62b2-46be-a9e8-3d9b70ab333a,https://cdn.ttapi.io/suno/20260525/e7f190d7a8c44daeb0547f57f2861a44.mp3,https://cdn.ttapi.io/suno/20260525/e5d7775484354df19f4535466641c58a.mp3,audio/jazz/8c55b581-a894-441f-9230-e05d8bc5446c_1.mp3,audio/jazz/8c55b581-a894-441f-9230-e05d8bc5446c_2.mp3,jazz,2026-05-25T21:58:24.501387+00:00,2026-05-25T21:59:46.092478+00:00,
a53e315b-c903-4173-9723-7cfd697ca11b,jazz,cool jazz,"cool jazz, brooding atmosphere, featuring solo piano with walking bass","jazz, trumpet, swing",chirp-v4-5+,done,90edf9fe-b1cf-41fa-8614-786830ade569,c72d4aef-ded5-4cae-9959-e4095088ab16,5ee2947f-88a0-4f2c-91be-c51380a4d6bc,https://cdn.ttapi.io/suno/20260525/71776214d8ff42f79bf96b196678ddd0.mp3,https://cdn.ttapi.io/suno/20260525/c1ef7602efdb4065bd3f5a148e85a50f.mp3,audio/jazz/a53e315b-c903-4173-9723-7cfd697ca11b_1.mp3,audio/jazz/a53e315b-c903-4173-9723-7cfd697ca11b_2.mp3,jazz,2026-05-25T21:58:33.198616+00:00,2026-05-25T21:59:55.959589+00:00,
16849681-0920-4663-803a-e5d89efda977,jazz,fusion,"fusion jazz, brooding atmosphere, featuring solo piano with walking bass","jazz, bass, drums",chirp-v4-5+,done,5d4a17b8-9f0c-4efa-b80d-0cc653659d23,b34fdb91-1da2-4e57-a016-0c3e233c197c,c6eb9ea2-98dc-404d-a6e6-47f98a9dc6be,https://cdn.ttapi.io/suno/20260525/a94593641ffe420fbd8cf678edbafeab.mp3,https://cdn.ttapi.io/suno/20260525/472d5aa7c5254e9c90d438d05f99c3c4.mp3,audio/jazz/16849681-0920-4663-803a-e5d89efda977_1.mp3,audio/jazz/16849681-0920-4663-803a-e5d89efda977_2.mp3,jazz,2026-05-25T21:58:34.489217+00:00,2026-05-25T22:00:06.437686+00:00,
bb180ea7-a2fb-458b-862c-2d4bbde34f16,jazz,smooth jazz,"smooth jazz, brooding atmosphere, featuring solo piano with walking bass","jazz, guitar, bossa nova",chirp-v4-5+,done,58522740-f126-44d4-840c-b49ceb0616a8,d36580cd-8487-4c01-88a4-68c3234e1e26,60df110a-2eec-4449-b1c3-9039a1af5c49,https://cdn.ttapi.io/suno/20260525/052a0509432f4d118f318ea17cd9c761.mp3,https://cdn.ttapi.io/suno/20260525/12d261920c294e4a9fdfaab20cf6e384.mp3,audio/jazz/bb180ea7-a2fb-458b-862c-2d4bbde34f16_1.mp3,audio/jazz/bb180ea7-a2fb-458b-862c-2d4bbde34f16_2.mp3,jazz,2026-05-25T21:58:35.795948+00:00,2026-05-25T21:59:46.418617+00:00,
18268aed-7223-43fc-8477-114963a4a846,jazz,hard bop,"hard bop jazz, brooding atmosphere, featuring solo piano with walking bass","jazz, fusion, electric",chirp-v4-5+,done,3b44b999-41af-43fc-9d1a-ded412e171ba,7b47edb2-e8d0-4f33-a820-e8d6eb27b992,19a4885d-0214-4b1d-9b9a-659dce4e5f5f,https://cdn.ttapi.io/suno/20260525/8ba538d6029347788b1e3f1834611076.mp3,https://cdn.ttapi.io/suno/20260525/bc2cfc07fe3444f5ae6e05b3c94f153b.mp3,audio/jazz/18268aed-7223-43fc-8477-114963a4a846_1.mp3,audio/jazz/18268aed-7223-43fc-8477-114963a4a846_2.mp3,jazz,2026-05-25T21:58:37.121690+00:00,2026-05-25T21:59:56.168087+00:00,
55521f46-21d3-46c8-b54a-dcc3488c3828,jazz,free jazz,"free jazz, brooding atmosphere, featuring solo piano with walking bass","jazz, saxophone, piano",chirp-v4-5+,done,43c0d534-3bd4-4620-b0f4-6e35f91c46fa,d46683f8-8a8f-464c-a0b8-cc41fbcc940e,223ae326-a39d-4386-a7c0-4f1a3c87788e,https://cdn.ttapi.io/suno/20260525/6957296316734f0a9497bc39f17ef6d3.mp3,https://cdn.ttapi.io/suno/20260525/1c16abc71b4842f7927a4f7be0560750.mp3,audio/jazz/55521f46-21d3-46c8-b54a-dcc3488c3828_1.mp3,audio/jazz/55521f46-21d3-46c8-b54a-dcc3488c3828_2.mp3,jazz,2026-05-25T21:58:38.403931+00:00,2026-05-25T21:59:46.612109+00:00,
3b84e25a-7c4a-487b-9442-aeb812f30228,jazz,latin jazz,"latin jazz, brooding atmosphere, featuring solo piano with walking bass","jazz, trumpet, swing",chirp-v4-5+,done,18326c8c-4fc7-4ddd-8d31-3a0bd46b6c67,7cb5f69e-c727-415b-a508-d8083394dacb,054c3a5d-f5eb-4a8a-8f10-7e240e46ddd7,https://cdn.ttapi.io/suno/20260525/1fefa4b37be04a28ba25fcbcc5f3ca79.mp3,https://cdn.ttapi.io/suno/20260525/e599d981ec314d688f205fea9ddf1402.mp3,audio/jazz/3b84e25a-7c4a-487b-9442-aeb812f30228_1.mp3,audio/jazz/3b84e25a-7c4a-487b-9442-aeb812f30228_2.mp3,jazz,2026-05-25T21:58:47.020697+00:00,2026-05-25T22:00:06.543592+00:00,
aa455375-6a0a-4aba-9510-0eac8254685c,jazz,swing,"swing jazz, brooding atmosphere, featuring solo piano with walking bass","jazz, bass, drums",chirp-v4-5+,done,582d4ebc-a554-4113-8cb5-faa23528de06,7a334f63-c47e-45c1-a239-7fe57c83008d,a0202c20-1f36-4761-a813-7b74b0bfc818,https://cdn.ttapi.io/suno/20260525/f6aab93068ae4602bbb88dd14f4d2d05.mp3,https://cdn.ttapi.io/suno/20260525/6fafa6e8a5324b6983402fb7734036b6.mp3,audio/jazz/aa455375-6a0a-4aba-9510-0eac8254685c_1.mp3,audio/jazz/aa455375-6a0a-4aba-9510-0eac8254685c_2.mp3,jazz,2026-05-25T21:58:48.283859+00:00,2026-05-25T21:59:56.370050+00:00,
068cbecd-bbdf-42b7-977a-d1b779897431,jazz,modal jazz,"modal jazz, brooding atmosphere, featuring solo piano with walking bass","jazz, guitar, bossa nova",chirp-v4-5+,done,ba9d68aa-2fab-4f10-af56-0376970ace53,46b57d13-b146-466b-be59-8545d4dc720f,cad9e519-9435-4cae-b650-45c9acf84759,https://cdn.ttapi.io/suno/20260525/8b1600cc25f04262a1846b2c06e67ea2.mp3,https://cdn.ttapi.io/suno/20260525/6f4c64275cfa49b5a600c3efc1912bf6.mp3,audio/jazz/068cbecd-bbdf-42b7-977a-d1b779897431_1.mp3,audio/jazz/068cbecd-bbdf-42b7-977a-d1b779897431_2.mp3,jazz,2026-05-25T21:58:49.568929+00:00,2026-05-25T22:00:42.453166+00:00,
ec1d66c9-71da-406c-beda-febe6de7985e,jazz,post-bop,"post-bop jazz, brooding atmosphere, featuring solo piano with walking bass","jazz, fusion, electric",chirp-v4-5+,done,8ab30268-cb3d-4e13-bf3e-2d6aed30117f,376aaf17-4bf6-49d2-9b5c-193b0b397471,e958abc7-76ee-4d3d-a253-60ddbb6e2b6f,https://cdn.ttapi.io/suno/20260525/1233cde45e7f448fa5f8aa52a0b33f67.mp3,https://cdn.ttapi.io/suno/20260525/fa98d38557814a43bd1590a1630298e4.mp3,audio/jazz/ec1d66c9-71da-406c-beda-febe6de7985e_1.mp3,audio/jazz/ec1d66c9-71da-406c-beda-febe6de7985e_2.mp3,jazz,2026-05-25T21:58:50.864086+00:00,2026-05-25T22:00:35.051769+00:00,
9c01346f-30ab-4aed-a935-7560ffd64a71,jazz,bebop,"bebop jazz, meditative atmosphere, featuring solo piano with walking bass","jazz, saxophone, piano",chirp-v4-5+,done,e629e50c-b195-47b8-b88f-daa1342f5d85,a6517e14-eb65-476b-b4eb-3e6b9031c4df,83cb913c-dc0b-4f33-b1e5-2bf08026f762,https://cdn.ttapi.io/suno/20260525/8784886a0de44293b4197cb825ab08c8.mp3,https://cdn.ttapi.io/suno/20260525/71889d42bafb4465b042b42e52aec016.mp3,audio/jazz/9c01346f-30ab-4aed-a935-7560ffd64a71_1.mp3,audio/jazz/9c01346f-30ab-4aed-a935-7560ffd64a71_2.mp3,jazz,2026-05-25T21:58:52.088464+00:00,2026-05-25T22:00:27.588546+00:00,
8d93aad6-7ca5-401a-96b8-bc58641223d4,jazz,cool jazz,"cool jazz, meditative atmosphere, featuring solo piano with walking bass","jazz, trumpet, swing",chirp-v4-5+,done,0bbc91b2-4122-4a99-8b56-9f1ec8334776,0a8b2c5c-be39-4010-8698-19d7e0ee492a,7ca74d08-c076-4bae-ae7b-16e36a0b8c20,https://cdn.ttapi.io/suno/20260525/93516011460847f7bdde3701f4162b80.mp3,https://cdn.ttapi.io/suno/20260525/fe2f5317360c4e9892e27de4f185d8c6.mp3,audio/jazz/8d93aad6-7ca5-401a-96b8-bc58641223d4_1.mp3,audio/jazz/8d93aad6-7ca5-401a-96b8-bc58641223d4_2.mp3,jazz,2026-05-25T21:58:58.142683+00:00,2026-05-25T22:01:19.391777+00:00,
aac1821a-87fe-423c-a1dd-67309ec147eb,jazz,fusion,"fusion jazz, meditative atmosphere, featuring solo piano with walking bass","jazz, bass, drums",chirp-v4-5+,done,23ed16c4-ff04-4ef7-b9e3-79c670962e94,e55ee86e-b404-412d-964d-30fce86802ae,d7b8c054-85db-4456-9e36-54180305e1d4,https://cdn.ttapi.io/suno/20260525/05d34ba3a5824762b37588789968d02e.mp3,https://cdn.ttapi.io/suno/20260525/ea945e8867f34285903821510293945b.mp3,audio/jazz/aac1821a-87fe-423c-a1dd-67309ec147eb_1.mp3,audio/jazz/aac1821a-87fe-423c-a1dd-67309ec147eb_2.mp3,jazz,2026-05-25T21:59:17.509780+00:00,2026-05-25T22:01:40.785755+00:00,
30925bcd-bf3a-4874-8786-116a966a5d53,jazz,smooth jazz,"smooth jazz, meditative atmosphere, featuring solo piano with walking bass","jazz, guitar, bossa nova",chirp-v4-5+,done,fecc1f59-8d1f-44fd-ad21-a7a25c3d1cc5,49fc11c7-7918-47f4-891f-2d8cbdbfac86,750104a0-2f2b-4abc-b014-dfb1ec07acd8,https://cdn.ttapi.io/suno/20260525/fa75e146df064ccaa410cef6285dcc9d.mp3,https://cdn.ttapi.io/suno/20260525/e485d259c6dc4b3fb40340471c715942.mp3,audio/jazz/30925bcd-bf3a-4874-8786-116a966a5d53_1.mp3,audio/jazz/30925bcd-bf3a-4874-8786-116a966a5d53_2.mp3,jazz,2026-05-25T21:59:26.234413+00:00,2026-05-25T22:01:04.832321+00:00,
d71c7ee4-7ad9-4aba-85cc-20e5560d3dde,jazz,hard bop,"hard bop jazz, meditative atmosphere, featuring solo piano with walking bass","jazz, fusion, electric",chirp-v4-5+,done,0681508c-e950-43ca-a302-80f6ab99f92d,3a831cdb-c08e-4145-a0ca-a29503aa18b8,251e21ad-a66a-4b59-85d0-3452ddbd1e89,https://cdn.ttapi.io/suno/20260525/40ad8dd2320845918c021fffe14fdb8b.mp3,https://cdn.ttapi.io/suno/20260525/a21d65e93d904fb990a381d609e2349f.mp3,audio/jazz/d71c7ee4-7ad9-4aba-85cc-20e5560d3dde_1.mp3,audio/jazz/d71c7ee4-7ad9-4aba-85cc-20e5560d3dde_2.mp3,jazz,2026-05-25T21:59:27.511328+00:00,2026-05-25T22:01:12.286044+00:00,
56bc0c64-5802-40da-874c-71a0a78bed81,jazz,free jazz,"free jazz, meditative atmosphere, featuring solo piano with walking bass","jazz, saxophone, piano",chirp-v4-5+,done,e5d6651c-eafe-4f5e-9e30-af14574b7ac2,30824de2-e8dd-4974-8261-46cf1e3b4681,341d18d6-b4b3-4ee0-b987-0d931f55f172,https://cdn.ttapi.io/suno/20260525/a15912f8457f40a08717beb3c5e48682.mp3,https://cdn.ttapi.io/suno/20260525/d1c8477e674f4b8bb5cb40abe08c9f2f.mp3,audio/jazz/56bc0c64-5802-40da-874c-71a0a78bed81_1.mp3,audio/jazz/56bc0c64-5802-40da-874c-71a0a78bed81_2.mp3,jazz,2026-05-25T21:59:28.846635+00:00,2026-05-25T22:01:19.672346+00:00,
4ea2e2e2-b7df-405a-af5d-932fedae886b,jazz,latin jazz,"latin jazz, meditative atmosphere, featuring solo piano with walking bass","jazz, trumpet, swing",chirp-v4-5+,done,c7f5116f-4fa5-4baa-9ef6-5d814cd64c03,66c554b0-c70c-4a4f-a340-0032eeeda4b5,90fa4435-a010-412b-abb7-91ad30552424,https://cdn.ttapi.io/suno/20260525/19a4a918d65e4548bbcb95a5b6d7b000.mp3,https://cdn.ttapi.io/suno/20260525/c1e8da3de04d42798569a4f9faf89ae0.mp3,audio/jazz/4ea2e2e2-b7df-405a-af5d-932fedae886b_1.mp3,audio/jazz/4ea2e2e2-b7df-405a-af5d-932fedae886b_2.mp3,jazz,2026-05-25T21:59:30.071156+00:00,2026-05-25T22:00:35.712012+00:00,
e85c6bc5-d40d-4018-8d25-9ab65829a09c,jazz,swing,"swing jazz, meditative atmosphere, featuring solo piano with walking bass","jazz, bass, drums",chirp-v4-5+,done,3972fca7-ff82-4229-95f6-a27c8cb00f4a,add01c9a-235a-4643-b0be-a17833e99a3c,35473486-5309-4d4c-a127-7be521440a82,https://cdn.ttapi.io/suno/20260525/d429cad5628b44faa98a39d55ca50938.mp3,https://cdn.ttapi.io/suno/20260525/d0e30d7727a1404b8f1a52937b3933e8.mp3,audio/jazz/e85c6bc5-d40d-4018-8d25-9ab65829a09c_1.mp3,audio/jazz/e85c6bc5-d40d-4018-8d25-9ab65829a09c_2.mp3,jazz,2026-05-25T21:59:31.355593+00:00,2026-05-25T22:00:43.029163+00:00,
c74da804-067b-4915-8990-f64d3605105b,jazz,modal jazz,"modal jazz, meditative atmosphere, featuring solo piano with walking bass","jazz, guitar, bossa nova",chirp-v4-5+,done,5bd7d2f4-4053-4701-9615-cf149fadea28,4644068c-16e5-4b98-938d-d6d910941def,be644343-5bdd-4108-b62f-cc3e0b3291af,https://cdn.ttapi.io/suno/20260525/9704a59bf98c4a38b5a247acd3dc3250.mp3,https://cdn.ttapi.io/suno/20260525/a2a323e705354187b3492fdf9a90f3e7.mp3,audio/jazz/c74da804-067b-4915-8990-f64d3605105b_1.mp3,audio/jazz/c74da804-067b-4915-8990-f64d3605105b_2.mp3,jazz,2026-05-25T21:59:51.379843+00:00,2026-05-25T22:01:12.543884+00:00,
85aafb76-67ac-4e84-a343-8ec7737bf1eb,jazz,post-bop,"post-bop jazz, meditative atmosphere, featuring solo piano with walking bass","jazz, fusion, electric",chirp-v4-5+,done,e7bd1afb-7021-4325-aa90-1b29ee5ed198,3e715bf3-3ee3-458a-a284-3c482750a590,906fd87e-1665-4b0d-a7b8-73fd37336601,https://cdn.ttapi.io/suno/20260525/60f6da2259204e1cb6794d3d1b6638a3.mp3,https://cdn.ttapi.io/suno/20260525/1bfc83edd6634b118a63c03975f47ecb.mp3,audio/jazz/85aafb76-67ac-4e84-a343-8ec7737bf1eb_1.mp3,audio/jazz/85aafb76-67ac-4e84-a343-8ec7737bf1eb_2.mp3,jazz,2026-05-25T21:59:52.624807+00:00,2026-05-25T22:01:19.786203+00:00,
53be0bd7-76d6-46c0-8d71-abb9a34865e2,jazz,bebop,"bebop jazz, playful atmosphere, featuring solo piano with walking bass","jazz, saxophone, piano",chirp-v4-5+,done,7f43c8ed-8ba9-4af1-b453-c3d627d80939,43ce5651-bbaf-41c4-b39b-bc68c8000a42,df5b4a4f-9e17-433d-8d4e-e408c680d170,https://cdn.ttapi.io/suno/20260525/fcf9d9c98d784e0bb5d054f457207268.mp3,https://cdn.ttapi.io/suno/20260525/88d3fd80402f4a81a675c391c390a087.mp3,audio/jazz/53be0bd7-76d6-46c0-8d71-abb9a34865e2_1.mp3,audio/jazz/53be0bd7-76d6-46c0-8d71-abb9a34865e2_2.mp3,jazz,2026-05-25T21:59:53.915482+00:00,2026-05-25T22:01:40.951814+00:00,
5333edb1-dfe7-46ae-a35f-e004a2ebac2e,jazz,cool jazz,"cool jazz, playful atmosphere, featuring solo piano with walking bass","jazz, trumpet, swing",chirp-v4-5+,done,8ad87fb1-7952-4544-a06b-35914c5bfa12,62ca918e-3b71-4b0f-9ce3-1e1d1592fa99,2caf7159-9589-4a8c-8cee-0b12fe9cc59c,https://cdn.ttapi.io/suno/20260525/c4a83b08a42249389b408dfe9668c229.mp3,https://cdn.ttapi.io/suno/20260525/6a019d5e66884a40ac1fe44bbe4bae0a.mp3,audio/jazz/5333edb1-dfe7-46ae-a35f-e004a2ebac2e_1.mp3,audio/jazz/5333edb1-dfe7-46ae-a35f-e004a2ebac2e_2.mp3,jazz,2026-05-25T21:59:55.186975+00:00,2026-05-25T22:01:05.483672+00:00,
dbb22ad7-e07d-439a-b9de-0a8d0a3e4e44,jazz,fusion,"fusion jazz, playful atmosphere, featuring solo piano with walking bass","jazz, bass, drums",chirp-v4-5+,done,f3c5dc71-c2f5-481b-9521-942d6d480897,e0e2a84d-1552-4f28-8356-c0232e63906f,c672d860-1207-43f1-89eb-f71d01a920d8,https://cdn.ttapi.io/suno/20260525/edd1056c62b4491cad2f262d1dbabd53.mp3,https://cdn.ttapi.io/suno/20260525/d2b93679f86849bfb4b9c762619c1b0e.mp3,audio/jazz/dbb22ad7-e07d-439a-b9de-0a8d0a3e4e44_1.mp3,audio/jazz/dbb22ad7-e07d-439a-b9de-0a8d0a3e4e44_2.mp3,jazz,2026-05-25T22:00:01.087683+00:00,2026-05-25T22:01:41.061406+00:00,
e536e5a0-ebc6-4708-b3ea-1928ec4b51b8,jazz,smooth jazz,"smooth jazz, playful atmosphere, featuring solo piano with walking bass","jazz, guitar, bossa nova",chirp-v4-5+,done,1afca626-f525-4e95-b3c3-c25c992f14cc,d1a928d1-9ad3-44ae-9cc6-9064071434b4,f668d214-cb5b-4ee8-aa16-649a26ef8637,https://cdn.ttapi.io/suno/20260525/ba3a9158352f4451b5386d3eb52267c3.mp3,https://cdn.ttapi.io/suno/20260525/757244958976416d81febd86a38dc986.mp3,audio/jazz/e536e5a0-ebc6-4708-b3ea-1928ec4b51b8_1.mp3,audio/jazz/e536e5a0-ebc6-4708-b3ea-1928ec4b51b8_2.mp3,jazz,2026-05-25T22:00:02.441141+00:00,2026-05-25T22:01:20.073814+00:00,
0f82e519-ea85-43e1-8c3b-7cd32c34e797,jazz,hard bop,"hard bop jazz, playful atmosphere, featuring solo piano with walking bass","jazz, fusion, electric",chirp-v4-5+,done,bf56bac1-a673-468b-a623-d216b770d2ec,d9c918ad-e1ad-4027-aaed-5175d8dcfba6,70fdf2da-e9a5-43fb-a3c9-9896974ae5b0,https://cdn.ttapi.io/suno/20260525/9692fa7a79d9411ea44378436f4233cf.mp3,https://cdn.ttapi.io/suno/20260525/9381401626384582bac2f3b654fc200f.mp3,audio/jazz/0f82e519-ea85-43e1-8c3b-7cd32c34e797_1.mp3,audio/jazz/0f82e519-ea85-43e1-8c3b-7cd32c34e797_2.mp3,jazz,2026-05-25T22:00:03.817969+00:00,2026-05-25T22:01:41.164325+00:00,
f512cf12-a5cb-40f0-ae94-de7b669b2c0f,jazz,free jazz,"free jazz, playful atmosphere, featuring solo piano with walking bass","jazz, saxophone, piano",chirp-v4-5+,done,b056f3f6-93d4-4a07-826a-f885b3b9971f,03326750-a06c-40e8-bbb3-eb06457965f9,fb765007-fb1d-4be3-adca-7c81282ec384,https://cdn.ttapi.io/suno/20260525/db0f555b813647e48f7cd408c3254bfb.mp3,https://cdn.ttapi.io/suno/20260525/68852bb2135e4c7ea4862e972adb05dc.mp3,audio/jazz/f512cf12-a5cb-40f0-ae94-de7b669b2c0f_1.mp3,audio/jazz/f512cf12-a5cb-40f0-ae94-de7b669b2c0f_2.mp3,jazz,2026-05-25T22:00:11.498110+00:00,2026-05-25T22:01:41.267625+00:00,
a8db233e-2557-4f34-a369-ef6cbc9d53d3,jazz,latin jazz,"latin jazz, playful atmosphere, featuring solo piano with walking bass","jazz, trumpet, swing",chirp-v4-5+,done,25295649-72ab-470e-b90c-8a3d44cbeb02,4d7a4ed6-bfb8-47d6-8d7f-516bb27a111f,f21166b5-f9ce-4a32-9bd3-623e540c9cdf,https://cdn.ttapi.io/suno/20260525/1c6137d592f94f1cb9d7b7f85b14e3d2.mp3,https://cdn.ttapi.io/suno/20260525/17f45dc287b148b1a561b64147934b2a.mp3,audio/jazz/a8db233e-2557-4f34-a369-ef6cbc9d53d3_1.mp3,audio/jazz/a8db233e-2557-4f34-a369-ef6cbc9d53d3_2.mp3,jazz,2026-05-25T22:00:12.841126+00:00,2026-05-25T22:01:41.377846+00:00,
83d6285a-ba66-4f7f-8e2e-1f519051368a,jazz,swing,"swing jazz, playful atmosphere, featuring solo piano with walking bass","jazz, bass, drums",chirp-v4-5+,done,af9a6ce5-b14d-4f41-961a-4a728a8b4aa1,a2fd3395-5949-4a2d-bc31-280e7f17623c,1accd107-145f-492b-9274-6bbcdacfc828,https://cdn.ttapi.io/suno/20260525/07145ead36e84ab5906cc4f42fea85cc.mp3,https://cdn.ttapi.io/suno/20260525/d5a2260ad0444258b83b7ed8add6167d.mp3,audio/jazz/83d6285a-ba66-4f7f-8e2e-1f519051368a_1.mp3,audio/jazz/83d6285a-ba66-4f7f-8e2e-1f519051368a_2.mp3,jazz,2026-05-25T22:00:32.348390+00:00,2026-05-25T22:01:41.477310+00:00,
35bb57c4-b57c-4d36-b600-6e18b66621e7,jazz,modal jazz,"modal jazz, playful atmosphere, featuring solo piano with walking bass","jazz, guitar, bossa nova",chirp-v4-5+,done,96d656a3-0800-4a9a-b18f-063181663fa3,14da04f4-4c54-4e20-a029-6b55e83d3e41,d644cbfe-6936-4a3e-bbcd-b30e8bf88fae,https://cdn.ttapi.io/suno/20260525/c52851cdb0fd41babb27be410ac08df7.mp3,https://cdn.ttapi.io/suno/20260525/000f71a84bf142508e051cb1e483abaa.mp3,audio/jazz/35bb57c4-b57c-4d36-b600-6e18b66621e7_1.mp3,audio/jazz/35bb57c4-b57c-4d36-b600-6e18b66621e7_2.mp3,jazz,2026-05-25T22:00:40.304076+00:00,2026-05-25T22:01:57.442625+00:00,
074a256f-40fa-44b6-9839-5185a34a5c14,jazz,post-bop,"post-bop jazz, playful atmosphere, featuring solo piano with walking bass","jazz, fusion, electric",chirp-v4-5+,done,42691187-5d51-434f-ba15-fcb6706a0dda,c67bfef2-6015-4d39-8bb9-f18c4034c13e,287379dc-dc16-4241-a409-f0835a07cd2b,https://cdn.ttapi.io/suno/20260525/37fae69716534caa8a9a854ae30a5592.mp3,https://cdn.ttapi.io/suno/20260525/4b5c70a1124f418eb1d4628169bed9fa.mp3,audio/jazz/074a256f-40fa-44b6-9839-5185a34a5c14_1.mp3,audio/jazz/074a256f-40fa-44b6-9839-5185a34a5c14_2.mp3,jazz,2026-05-25T22:00:41.566113+00:00,2026-05-25T22:01:57.619618+00:00,
43fb6f8f-4bcc-416a-b9a5-a13bfd9a67d9,jazz,bebop,"bebop jazz, late-night atmosphere, featuring flute and rhythm section","jazz, saxophone, piano",chirp-v4-5+,done,50202cc2-ca18-4bea-bb3d-b7f18f531d6b,610a8c93-ecf7-45c0-bdbd-f108e43bc2ab,440f0efe-1aaf-4047-bafe-3acd29fb0ffc,https://cdn.ttapi.io/suno/20260525/acb0192fada74762a2bd7453559b869b.mp3,https://cdn.ttapi.io/suno/20260525/8e0dbbfce0cf4463903b6b0b045535d0.mp3,audio/jazz/43fb6f8f-4bcc-416a-b9a5-a13bfd9a67d9_1.mp3,audio/jazz/43fb6f8f-4bcc-416a-b9a5-a13bfd9a67d9_2.mp3,jazz,2026-05-25T22:00:47.645501+00:00,2026-05-25T22:02:08.044637+00:00,
f044fb08-5b23-448f-b439-070175f9798a,jazz,cool jazz,"cool jazz, late-night atmosphere, featuring flute and rhythm section","jazz, trumpet, swing",chirp-v4-5+,done,f319f0ab-285e-4e61-89b5-3d173a9e742e,691bfb5c-25af-4b84-a55d-e14415bfc011,6f6ca9c1-5d0b-49b3-9ba3-0a93128e8b74,https://cdn.ttapi.io/suno/20260525/abfef8a2c6904a39b5b26e3409afb5ce.mp3,https://cdn.ttapi.io/suno/20260525/c90931acb21546e58e5ad6fb2a6c5af8.mp3,audio/jazz/f044fb08-5b23-448f-b439-070175f9798a_1.mp3,audio/jazz/f044fb08-5b23-448f-b439-070175f9798a_2.mp3,jazz,2026-05-25T22:00:48.908483+00:00,2026-05-25T22:02:15.933816+00:00,
92a853c1-a3da-4011-b872-e81b39a7c4f6,jazz,fusion,"fusion jazz, late-night atmosphere, featuring flute and rhythm section","jazz, bass, drums",chirp-v4-5+,done,66ff207d-4ad3-403f-ad3d-3e3b7e1841e2,1807a460-3f08-48ee-a374-2e11288feb00,c57a51c3-a56e-4c0a-a417-512939288d54,https://cdn.ttapi.io/suno/20260525/f62800de4a5b41dfb36e045829b2a95c.mp3,https://cdn.ttapi.io/suno/20260525/d4fcaf8277cc4ba3a961ac1d1077fef0.mp3,audio/jazz/92a853c1-a3da-4011-b872-e81b39a7c4f6_1.mp3,audio/jazz/92a853c1-a3da-4011-b872-e81b39a7c4f6_2.mp3,jazz,2026-05-25T22:00:50.195787+00:00,2026-05-25T22:02:47.704958+00:00,
77868995-a3f0-4b21-9327-ba868b654114,jazz,smooth jazz,"smooth jazz, late-night atmosphere, featuring flute and rhythm section","jazz, guitar, bossa nova",chirp-v4-5+,done,f178ae17-21fe-453d-9228-aa2749e2c5ff,0c9b3f5c-0297-44ff-b77d-3e5f8665daf1,e03a216d-ec5b-4462-a0cd-6757dfa8aa70,https://cdn.ttapi.io/suno/20260525/6ff8ba143df8435884cb3ab13c022aaf.mp3,https://cdn.ttapi.io/suno/20260525/5b605b47445543fd909bc318442def12.mp3,audio/jazz/77868995-a3f0-4b21-9327-ba868b654114_1.mp3,audio/jazz/77868995-a3f0-4b21-9327-ba868b654114_2.mp3,jazz,2026-05-25T22:01:10.097106+00:00,2026-05-25T22:02:47.890386+00:00,
cce5c352-e758-47ae-92e2-af5c9c7259da,jazz,hard bop,"hard bop jazz, late-night atmosphere, featuring flute and rhythm section","jazz, fusion, electric",chirp-v4-5+,done,585f895f-7d8a-4c5b-9a73-fd4aa88759aa,ac1e70a0-6a2d-4ee2-ae98-ab61de0303c1,774cd79b-0433-44df-acf6-c31470e7a78c,https://cdn.ttapi.io/suno/20260525/05ce1a2ace55458abdc8f0e24d7e1fe3.mp3,https://cdn.ttapi.io/suno/20260525/2d743733efbc40b3b391bb56159a3718.mp3,audio/jazz/cce5c352-e758-47ae-92e2-af5c9c7259da_1.mp3,audio/jazz/cce5c352-e758-47ae-92e2-af5c9c7259da_2.mp3,jazz,2026-05-25T22:01:11.350274+00:00,2026-05-25T22:02:48.036709+00:00,
9bfb00d2-c16c-4bb7-897f-2a87c545da33,jazz,free jazz,"free jazz, late-night atmosphere, featuring flute and rhythm section","jazz, saxophone, piano",chirp-v4-5+,done,174b9d46-d4fd-47cd-ba5d-b1ad6f540c31,242ae171-7418-4704-b071-6ebc668133e9,c18d1389-b36e-42f0-a6f1-80c0013b8fa0,https://cdn.ttapi.io/suno/20260525/032f5f4375f14b27b7ad387b56fe2903.mp3,https://cdn.ttapi.io/suno/20260525/503a0bd3317d443fb233e305a238090a.mp3,audio/jazz/9bfb00d2-c16c-4bb7-897f-2a87c545da33_1.mp3,audio/jazz/9bfb00d2-c16c-4bb7-897f-2a87c545da33_2.mp3,jazz,2026-05-25T22:01:17.369410+00:00,2026-05-25T22:02:58.289014+00:00,
1cd73174-bd03-4341-9eb4-3f1bca8774b8,jazz,latin jazz,"latin jazz, late-night atmosphere, featuring flute and rhythm section","jazz, trumpet, swing",chirp-v4-5+,done,fd2fd3e1-5e21-4c50-b0d4-ffe1e79d637d,e751e212-35e0-487a-aeac-936689f3ac0b,daa9f8f5-68cc-4336-8449-9a213f9a9709,https://cdn.ttapi.io/suno/20260525/d477b617fd6848a586c368919e1d9a60.mp3,https://cdn.ttapi.io/suno/20260525/65211fd47296418c9fc5db0807f24de3.mp3,audio/jazz/1cd73174-bd03-4341-9eb4-3f1bca8774b8_1.mp3,audio/jazz/1cd73174-bd03-4341-9eb4-3f1bca8774b8_2.mp3,jazz,2026-05-25T22:01:18.670973+00:00,2026-05-25T22:02:58.462807+00:00,
c745bd86-1d7d-4f43-8e61-58621130831c,jazz,swing,"swing jazz, late-night atmosphere, featuring flute and rhythm section","jazz, bass, drums",chirp-v4-5+,done,d8204190-db51-4923-9281-fb3f99570826,1b57d401-65ee-4460-bfaa-073f2301cb96,cb8bffb5-2f3c-4e94-9132-01a3140fa2dc,https://cdn.ttapi.io/suno/20260525/96e1adddd7d54c95b8c9be86c584da78.mp3,https://cdn.ttapi.io/suno/20260525/fc1a5d4723c84e7e9d592d9accacf489.mp3,audio/jazz/c745bd86-1d7d-4f43-8e61-58621130831c_1.mp3,audio/jazz/c745bd86-1d7d-4f43-8e61-58621130831c_2.mp3,jazz,2026-05-25T22:31:19.102921+00:00,2026-05-25T22:34:02.675055+00:00,
81b0838c-e45f-4acc-bc08-02b3a1ae63c2,jazz,modal jazz,"modal jazz, late-night atmosphere, featuring flute and rhythm section","jazz, guitar, bossa nova",chirp-v4-5+,done,45a2baa5-3e4a-42fd-8815-50eaa11610c0,c1e2bf58-b760-42c9-b202-9c22b36b5d15,b087c90c-77ab-4c83-be58-e009a033b2de,https://cdn.ttapi.io/suno/20260525/e88c19ff3c90476483aa7104cdedfebb.mp3,https://cdn.ttapi.io/suno/20260525/a463cde6a27749d0a8a9d618bda11467.mp3,audio/jazz/81b0838c-e45f-4acc-bc08-02b3a1ae63c2_1.mp3,audio/jazz/81b0838c-e45f-4acc-bc08-02b3a1ae63c2_2.mp3,jazz,2026-05-25T22:01:37.507097+00:00,2026-05-25T22:03:30.045251+00:00,
a0a2594f-8c0b-40ee-b682-fb6b2a7363e2,jazz,post-bop,"post-bop jazz, late-night atmosphere, featuring flute and rhythm section","jazz, fusion, electric",chirp-v4-5+,done,cda5e1f4-e995-4e6c-adc8-7a08df5cf2e4,199fe253-d75b-47c4-aeba-15cacefbaad0,48779b13-0d92-473b-8c27-abf93435f484,https://cdn.ttapi.io/suno/20260525/cde8969b76e64e67b1062c1f1a9e52e6.mp3,https://cdn.ttapi.io/suno/20260525/ae39da08ea33491891012abcb01039d2.mp3,audio/jazz/a0a2594f-8c0b-40ee-b682-fb6b2a7363e2_1.mp3,audio/jazz/a0a2594f-8c0b-40ee-b682-fb6b2a7363e2_2.mp3,jazz,2026-05-25T22:01:38.820215+00:00,2026-05-25T22:03:05.995430+00:00,
aeff74b4-a8ce-4af2-8ecc-a3212a2d1024,jazz,bebop,"bebop jazz, melancholic atmosphere, featuring flute and rhythm section","jazz, saxophone, piano",chirp-v4-5+,done,d0fcbac8-f03b-4a89-9cec-b8cd51598dd7,4b0158e3-9b9c-4dfa-b6ef-493c5bda6ddd,4b08b3e2-ccfb-49ad-bcea-3b8dff821cd1,https://cdn.ttapi.io/suno/20260525/f5c793d4951242798ce09b11b4a449f2.mp3,https://cdn.ttapi.io/suno/20260525/7e0844ab132242e7b4f5a72981c36e33.mp3,audio/jazz/aeff74b4-a8ce-4af2-8ecc-a3212a2d1024_1.mp3,audio/jazz/aeff74b4-a8ce-4af2-8ecc-a3212a2d1024_2.mp3,jazz,2026-05-25T22:01:40.117689+00:00,2026-05-25T22:02:48.540376+00:00,
e892d695-f27b-4142-9772-7bc30655f8f7,jazz,cool jazz,"cool jazz, melancholic atmosphere, featuring flute and rhythm section","jazz, trumpet, swing",chirp-v4-5+,done,2029fc7d-2895-492c-b57a-bb5eac286e26,622b0a1c-25e8-4ec7-a35c-5ff27f7be943,ea79809b-4f85-45a5-9c29-992268e7263b,https://cdn.ttapi.io/suno/20260525/2732d4cfa16643c0a979dd08e0f74052.mp3,https://cdn.ttapi.io/suno/20260525/2c048fec2d654f03a8f9e6870ec2387e.mp3,audio/jazz/e892d695-f27b-4142-9772-7bc30655f8f7_1.mp3,audio/jazz/e892d695-f27b-4142-9772-7bc30655f8f7_2.mp3,jazz,2026-05-25T22:01:48.889011+00:00,2026-05-25T22:03:15.231554+00:00,
a467289e-3ed5-4e05-abe1-76dfe49f29b5,jazz,fusion,"fusion jazz, melancholic atmosphere, featuring flute and rhythm section","jazz, bass, drums",chirp-v4-5+,done,ef827344-cc9f-49b6-8a01-c7507175e762,ab138aa0-2262-41cc-abfa-b7154a688395,e91abf69-c8de-4b71-a0e9-f02bd9b24b99,https://cdn.ttapi.io/suno/20260525/56720a81d9664b1eb31638c17462bb74.mp3,https://cdn.ttapi.io/suno/20260525/ae9ec5d40e4344ca9d6784df15295d0b.mp3,audio/jazz/a467289e-3ed5-4e05-abe1-76dfe49f29b5_1.mp3,audio/jazz/a467289e-3ed5-4e05-abe1-76dfe49f29b5_2.mp3,jazz,2026-05-25T22:01:50.148944+00:00,2026-05-25T22:03:40.274320+00:00,
f616f7bc-85a1-4d54-8e05-cc892dc65e42,jazz,smooth jazz,"smooth jazz, melancholic atmosphere, featuring flute and rhythm section","jazz, guitar, bossa nova",chirp-v4-5+,done,72e9adf1-5c84-4f53-a646-8dc3e49467de,0886812f-7786-44a0-a89c-358532e2466b,c1a06f1a-baa8-4cd3-b35a-5ffcbfb1984d,https://cdn.ttapi.io/suno/20260525/c0754b70a02d40d58606838e55a1a90b.mp3,https://cdn.ttapi.io/suno/20260525/72901c9bbea940fc84c951f0fdc597fa.mp3,audio/jazz/f616f7bc-85a1-4d54-8e05-cc892dc65e42_1.mp3,audio/jazz/f616f7bc-85a1-4d54-8e05-cc892dc65e42_2.mp3,jazz,2026-05-25T22:01:51.427378+00:00,2026-05-25T22:03:15.485418+00:00,
a5d5b2d7-7df2-4f65-ae2a-1f0a6f6d95e3,jazz,hard bop,"hard bop jazz, melancholic atmosphere, featuring flute and rhythm section","jazz, fusion, electric",chirp-v4-5+,done,4fc50290-883c-40b9-b971-0a81436bb900,6821b491-362a-4c40-8d3f-3a0d0f0beded,7169ef0b-875c-41c4-93d2-91a9710ded42,https://cdn.ttapi.io/suno/20260525/b4c68ec5967a4c59bd0170530476a879.mp3,https://cdn.ttapi.io/suno/20260525/a2806e4152204a008a815b3b204d6c7c.mp3,audio/jazz/a5d5b2d7-7df2-4f65-ae2a-1f0a6f6d95e3_1.mp3,audio/jazz/a5d5b2d7-7df2-4f65-ae2a-1f0a6f6d95e3_2.mp3,jazz,2026-05-25T22:01:52.739235+00:00,2026-05-25T22:03:30.319486+00:00,
f0db5c17-2c76-4069-8539-1a6bdac5ae09,jazz,free jazz,"free jazz, melancholic atmosphere, featuring flute and rhythm section","jazz, saxophone, piano",chirp-v4-5+,done,87cbd6bd-a1a0-490c-8dce-43de13f1e9c7,edeccf54-2e0c-4ab1-9290-4a8c8b29c140,c1c7c49b-a17e-4bda-86e5-89bd878da767,https://cdn.ttapi.io/suno/20260525/e92f7fd8ee264428b10740194919b205.mp3,https://cdn.ttapi.io/suno/20260525/0a62ef9a278f4640bb233c5d7c9b5d8a.mp3,audio/jazz/f0db5c17-2c76-4069-8539-1a6bdac5ae09_1.mp3,audio/jazz/f0db5c17-2c76-4069-8539-1a6bdac5ae09_2.mp3,jazz,2026-05-25T22:01:54.090641+00:00,2026-05-25T22:03:30.430000+00:00,
af4e1b57-5dad-4b40-b234-2df70559afd6,jazz,latin jazz,"latin jazz, melancholic atmosphere, featuring flute and rhythm section","jazz, trumpet, swing",chirp-v4-5+,done,9c6b99d6-ec88-426f-9f25-d72384b21f4f,2608a257-29a4-4367-aeba-7df26ced80c5,0a787a8e-d629-4c3b-a913-da76efcea0c2,https://cdn.ttapi.io/suno/20260525/ee3b2fc1cbd94538bf318ac3f19c0551.mp3,https://cdn.ttapi.io/suno/20260525/e43d8eba34744f61a7dccef6273425a2.mp3,audio/jazz/af4e1b57-5dad-4b40-b234-2df70559afd6_1.mp3,audio/jazz/af4e1b57-5dad-4b40-b234-2df70559afd6_2.mp3,jazz,2026-05-25T22:01:55.425720+00:00,2026-05-25T22:03:46.125214+00:00,
43f817e0-bb45-420f-bda2-a3e1791c1e5f,jazz,swing,"swing jazz, melancholic atmosphere, featuring flute and rhythm section","jazz, bass, drums",chirp-v4-5+,done,07d5b80c-6597-44fc-a664-f60064d77bf7,907c6510-8361-4473-a9d3-4ae3736128c9,64dfab62-c80c-4d1f-934f-cdadd0e7ef2c,https://cdn.ttapi.io/suno/20260525/af7de3ae54884f8298ca649050e20345.mp3,https://cdn.ttapi.io/suno/20260525/b6984285538b4fcd96f0665a2f930d26.mp3,audio/jazz/43f817e0-bb45-420f-bda2-a3e1791c1e5f_1.mp3,audio/jazz/43f817e0-bb45-420f-bda2-a3e1791c1e5f_2.mp3,jazz,2026-05-25T22:01:56.694710+00:00,2026-05-25T22:03:06.719196+00:00,
1ca6fd0a-df35-4f0e-9db2-bf3f2dca90ae,jazz,modal jazz,"modal jazz, melancholic atmosphere, featuring flute and rhythm section","jazz, guitar, bossa nova",chirp-v4-5+,done,d4f4214f-dfa3-4d72-99bf-560484753235,0ebafeab-d580-426d-b016-32a85115075e,ec893b67-bb53-4728-ace5-dddcce97c0c4,https://cdn.ttapi.io/suno/20260525/9293410c7cec42f79daf19c542d73786.mp3,https://cdn.ttapi.io/suno/20260525/71f5d188746e4505be037910a53dc117.mp3,audio/jazz/1ca6fd0a-df35-4f0e-9db2-bf3f2dca90ae_1.mp3,audio/jazz/1ca6fd0a-df35-4f0e-9db2-bf3f2dca90ae_2.mp3,jazz,2026-05-25T22:02:02.747098+00:00,2026-05-25T22:04:05.703487+00:00,
11b648b1-86d1-4d70-992d-5274ea359e40,jazz,post-bop,"post-bop jazz, melancholic atmosphere, featuring flute and rhythm section","jazz, fusion, electric",chirp-v4-5+,done,6b72e69a-2640-48c4-a48d-db48aef37c99,37254046-321f-4c4f-b676-95d0843f0923,4e46b1d7-88aa-4747-b026-2cedc761967c,https://cdn.ttapi.io/suno/20260525/32dc2c8f5aad4abe9180c481b0ccbf7d.mp3,https://cdn.ttapi.io/suno/20260525/5ba73e762b224c558c8d0d00507c47b2.mp3,audio/jazz/11b648b1-86d1-4d70-992d-5274ea359e40_1.mp3,audio/jazz/11b648b1-86d1-4d70-992d-5274ea359e40_2.mp3,jazz,2026-05-25T22:02:04.065885+00:00,2026-05-25T22:03:24.786939+00:00,
48fcfc0b-7c88-497f-898c-3c223ee6e160,jazz,bebop,"bebop jazz, uplifting atmosphere, featuring flute and rhythm section","jazz, saxophone, piano",chirp-v4-5+,done,45455a6f-a2e1-4d7c-8c53-d10fa9bd3f1f,adace458-29ce-40ea-97fd-10fb0ac9945e,a15c4e95-fd29-42e0-9b41-ecf34fe1dd29,https://cdn.ttapi.io/suno/20260525/8bc26eca15f840398031d08cc38280da.mp3,https://cdn.ttapi.io/suno/20260525/9ea98d4fe50d4dd68bb18d2c18075070.mp3,audio/jazz/48fcfc0b-7c88-497f-898c-3c223ee6e160_1.mp3,audio/jazz/48fcfc0b-7c88-497f-898c-3c223ee6e160_2.mp3,jazz,2026-05-25T22:02:05.403139+00:00,2026-05-25T22:04:34.469294+00:00,
fc8ee58d-9163-497b-92cf-2f71afb0699f,jazz,cool jazz,"cool jazz, uplifting atmosphere, featuring flute and rhythm section","jazz, trumpet, swing",chirp-v4-5+,done,55429006-fee4-4a06-81e8-6f8c847ec25f,7f7b3ae1-742b-46ad-8fcd-2a81494db067,10b7988e-e0b4-4253-aff5-36fbc6908e44,https://cdn.ttapi.io/suno/20260525/339425e8497e472c97136374a0086545.mp3,https://cdn.ttapi.io/suno/20260525/ee75985005de46dd83ac569cb40cb2cc.mp3,audio/jazz/fc8ee58d-9163-497b-92cf-2f71afb0699f_1.mp3,audio/jazz/fc8ee58d-9163-497b-92cf-2f71afb0699f_2.mp3,jazz,2026-05-25T22:02:13.290920+00:00,2026-05-25T22:03:30.801637+00:00,
186da8a0-e499-426e-8682-5a6c63467899,jazz,fusion,"fusion jazz, uplifting atmosphere, featuring flute and rhythm section","jazz, bass, drums",chirp-v4-5+,done,ef673965-8e13-4fe4-b5ad-874e72d0f406,4c964014-e699-44dc-9b2d-7d82c75ba9e7,dd552c87-d607-4422-957b-53901cf76ec8,https://cdn.ttapi.io/suno/20260525/e5408f8105de47a584d32d1c930e964a.mp3,https://cdn.ttapi.io/suno/20260525/01cbc255009c445eb0f7dbf4dbb3c565.mp3,audio/jazz/186da8a0-e499-426e-8682-5a6c63467899_1.mp3,audio/jazz/186da8a0-e499-426e-8682-5a6c63467899_2.mp3,jazz,2026-05-25T22:02:21.274691+00:00,2026-05-25T22:04:34.671677+00:00,
9079b05b-b2d5-421d-bbf2-d8bb06c050eb,jazz,smooth jazz,"smooth jazz, uplifting atmosphere, featuring flute and rhythm section","jazz, guitar, bossa nova",chirp-v4-5+,done,9866aca2-fd36-4846-84b0-edc58491f5e7,0f29be62-50c1-46a9-ab9c-d9dfb4a3486c,f06bf105-c29e-4dfc-8a2b-6936df1f2462,https://cdn.ttapi.io/suno/20260525/bd9e2ef910fd4ce89d22ebdf7ef04cde.mp3,https://cdn.ttapi.io/suno/20260525/fbfaa7d9eb3b4cadb12a3846d4cf0160.mp3,audio/jazz/9079b05b-b2d5-421d-bbf2-d8bb06c050eb_1.mp3,audio/jazz/9079b05b-b2d5-421d-bbf2-d8bb06c050eb_2.mp3,jazz,2026-05-25T22:02:53.439643+00:00,2026-05-25T22:04:45.283542+00:00,
8ca791b0-4e04-48c1-8bbe-eae6841de06b,jazz,hard bop,"hard bop jazz, uplifting atmosphere, featuring flute and rhythm section","jazz, fusion, electric",chirp-v4-5+,done,83669168-98f2-4805-aef3-18e258620d93,c60acd27-7d70-4b06-8b3f-9910316c264c,d3df13d4-5bf9-474a-b8cc-c9c210d79541,https://cdn.ttapi.io/suno/20260525/44968e3b7d3e4b73a5f06a5bedfe57d0.mp3,https://cdn.ttapi.io/suno/20260525/8e8af9f6250443e18e5f962e800ef63a.mp3,audio/jazz/8ca791b0-4e04-48c1-8bbe-eae6841de06b_1.mp3,audio/jazz/8ca791b0-4e04-48c1-8bbe-eae6841de06b_2.mp3,jazz,2026-05-25T22:02:54.748081+00:00,2026-05-25T22:04:14.904731+00:00,
f1ad2b32-7d94-468d-8557-6d13d7d4ed2b,jazz,free jazz,"free jazz, uplifting atmosphere, featuring flute and rhythm section","jazz, saxophone, piano",chirp-v4-5+,done,c3e4918c-ec76-409e-af89-a48f9b2374ca,9e82de1b-5990-4808-be6d-17797a4d6876,78a09430-e5e3-4910-930f-8403582b1595,https://cdn.ttapi.io/suno/20260525/002d546fb4454bb197632ed464695265.mp3,https://cdn.ttapi.io/suno/20260525/0ea7775067874547a4ce24b3349eb1b1.mp3,audio/jazz/f1ad2b32-7d94-468d-8557-6d13d7d4ed2b_1.mp3,audio/jazz/f1ad2b32-7d94-468d-8557-6d13d7d4ed2b_2.mp3,jazz,2026-05-25T22:02:56.057073+00:00,2026-05-25T22:04:06.263358+00:00,
0099434b-2e6a-43ca-be92-36a777aa985d,jazz,latin jazz,"latin jazz, uplifting atmosphere, featuring flute and rhythm section","jazz, trumpet, swing",chirp-v4-5+,done,02c25dc4-b342-4c9a-b944-2a6f6aec18e2,1721a893-784f-4cc8-be7e-73b2e7e90b95,da1e2c29-7468-4c76-ba4e-2c0be5282587,https://cdn.ttapi.io/suno/20260525/95bbaa919cd24f839535505d25f4742f.mp3,https://cdn.ttapi.io/suno/20260525/e84ae7f8748d4d119f3b6649e4599bc5.mp3,audio/jazz/0099434b-2e6a-43ca-be92-36a777aa985d_1.mp3,audio/jazz/0099434b-2e6a-43ca-be92-36a777aa985d_2.mp3,jazz,2026-05-25T22:02:57.555798+00:00,2026-05-25T22:04:45.444121+00:00,
de5d6f2b-d173-4b1c-8fe8-b82c3ade35b2,jazz,swing,"swing jazz, uplifting atmosphere, featuring flute and rhythm section","jazz, bass, drums",chirp-v4-5+,done,45d5aa00-9ff6-44cb-9eb1-d2dc7f543737,21371ffe-0ab9-4a57-ad07-71cd00461f11,2bc01a47-b5f1-410e-a164-ee0a1a136a27,https://cdn.ttapi.io/suno/20260525/9bc0cf63309347ceacf6dc041c71e6b2.mp3,https://cdn.ttapi.io/suno/20260525/34ae2c6d6b844ba19ef6e73856ea6252.mp3,audio/jazz/de5d6f2b-d173-4b1c-8fe8-b82c3ade35b2_1.mp3,audio/jazz/de5d6f2b-d173-4b1c-8fe8-b82c3ade35b2_2.mp3,jazz,2026-05-25T22:03:03.865963+00:00,2026-05-25T22:04:06.514648+00:00,
ed10bb5a-e98f-4fab-a25b-abd934eca3fb,jazz,modal jazz,"modal jazz, uplifting atmosphere, featuring flute and rhythm section","jazz, guitar, bossa nova",chirp-v4-5+,done,e909a49e-4fb1-480f-a873-9a449b21e74a,356d7242-cb3c-461a-849d-2b7664abc63f,f3b4ab2d-ecd9-431c-947a-d6a7aaad986d,https://cdn.ttapi.io/suno/20260525/6950a917964246db916077ba8de574f6.mp3,https://cdn.ttapi.io/suno/20260525/1c190348a2e84cf09a5fa2ced60f040d.mp3,audio/jazz/ed10bb5a-e98f-4fab-a25b-abd934eca3fb_1.mp3,audio/jazz/ed10bb5a-e98f-4fab-a25b-abd934eca3fb_2.mp3,jazz,2026-05-25T22:03:05.164587+00:00,2026-05-25T22:04:35.016533+00:00,
c24a7214-63dc-4238-ac6c-6d56aded4cbd,jazz,post-bop,"post-bop jazz, uplifting atmosphere, featuring flute and rhythm section","jazz, fusion, electric",chirp-v4-5+,done,e02fd97d-0f22-4ec3-8fa6-1de24eb000b4,ede294b1-8d89-40d7-98c3-6f3178f72745,1efe383b-a69e-43e6-8384-886ad9495923,https://cdn.ttapi.io/suno/20260525/8514057cc7f7446ca8db92ab86fa9f6f.mp3,https://cdn.ttapi.io/suno/20260525/92b085be0120497384aa2cf0f3196bd7.mp3,audio/jazz/c24a7214-63dc-4238-ac6c-6d56aded4cbd_1.mp3,audio/jazz/c24a7214-63dc-4238-ac6c-6d56aded4cbd_2.mp3,jazz,2026-05-25T22:03:13.117907+00:00,2026-05-25T22:04:45.552229+00:00,
8575d51a-f4be-4dcd-bf6d-21879198d8dd,jazz,bebop,"bebop jazz, relaxed atmosphere, featuring flute and rhythm section","jazz, saxophone, piano",chirp-v4-5+,done,629b390d-e3d1-49a1-8bff-b8a7f01cf361,2e5a5462-a57e-4409-a0a6-8b23616b9ff5,5d021d1a-fb96-433c-aeba-13dec7bb1c8e,https://cdn.ttapi.io/suno/20260525/a8ff1fbeee4940f68bd2445999d3eab6.mp3,https://cdn.ttapi.io/suno/20260525/f80bdc0b0c88412a856d73511c23ab5a.mp3,audio/jazz/8575d51a-f4be-4dcd-bf6d-21879198d8dd_1.mp3,audio/jazz/8575d51a-f4be-4dcd-bf6d-21879198d8dd_2.mp3,jazz,2026-05-25T22:03:14.402983+00:00,2026-05-25T22:04:45.657556+00:00,
ab4f4e9f-8fc9-4a64-b57e-cea13d73a12c,jazz,cool jazz,"cool jazz, relaxed atmosphere, featuring flute and rhythm section","jazz, trumpet, swing",chirp-v4-5+,done,6eb99927-4427-4bb8-9a3a-14abc671df6e,612f0d38-7309-4576-a9a3-05c8d9e38183,92908bc9-fed5-4178-b3ad-8b6da262d694,https://cdn.ttapi.io/suno/20260525/bb2176a8e82d4ef6acb1ac3eb083c6eb.mp3,https://cdn.ttapi.io/suno/20260525/0b687de0a3c643e4bda8b835dac51452.mp3,audio/jazz/ab4f4e9f-8fc9-4a64-b57e-cea13d73a12c_1.mp3,audio/jazz/ab4f4e9f-8fc9-4a64-b57e-cea13d73a12c_2.mp3,jazz,2026-05-25T22:03:20.392547+00:00,2026-05-25T22:04:45.760268+00:00,
512b5b3f-dcb9-4851-b400-a9145fc0d08c,jazz,fusion,"fusion jazz, relaxed atmosphere, featuring flute and rhythm section","jazz, bass, drums",chirp-v4-5+,done,9fc1d7d0-c816-4148-be6e-c1c10d1c664f,ecd1ba92-6b64-4f87-b023-a1cf5228530e,3efb894e-42d2-4286-810d-78c2e78e2d00,https://cdn.ttapi.io/suno/20260525/94b48c33ca8e492aa1e5941d1744281d.mp3,https://cdn.ttapi.io/suno/20260525/7f8426b11da94c1b91a103bb81075790.mp3,audio/jazz/512b5b3f-dcb9-4851-b400-a9145fc0d08c_1.mp3,audio/jazz/512b5b3f-dcb9-4851-b400-a9145fc0d08c_2.mp3,jazz,2026-05-25T22:03:21.621735+00:00,2026-05-25T22:04:59.403939+00:00,
df27b256-e883-4ec7-b2ae-9c5fc98c5eed,jazz,smooth jazz,"smooth jazz, relaxed atmosphere, featuring flute and rhythm section","jazz, guitar, bossa nova",chirp-v4-5+,done,279988a3-21a6-4606-99ae-2daafc5333a3,304dd49f-3f95-4bb4-ab08-f588f9b77df7,522b2ac3-8518-467d-88b7-19f63dfd06ae,https://cdn.ttapi.io/suno/20260525/565eb4bbb9fc44359417df3c6191b354.mp3,https://cdn.ttapi.io/suno/20260525/a8cc8659a7ca490f9fb4c977a22098bd.mp3,audio/jazz/df27b256-e883-4ec7-b2ae-9c5fc98c5eed_1.mp3,audio/jazz/df27b256-e883-4ec7-b2ae-9c5fc98c5eed_2.mp3,jazz,2026-05-25T22:03:29.339222+00:00,2026-05-25T22:04:59.581357+00:00,
f2f46366-a48d-41e6-970d-b6c3d81106e3,jazz,hard bop,"hard bop jazz, relaxed atmosphere, featuring flute and rhythm section","jazz, fusion, electric",chirp-v4-5+,done,4e11e3c4-55ed-49e0-9140-647736f2b8fe,a4ace1cc-df96-4c4d-b551-4e24503c8bdd,b00d4684-91f6-4d00-9891-2e6a2f77c618,https://cdn.ttapi.io/suno/20260525/f089166b9395448194cc5bf4d78c4221.mp3,https://cdn.ttapi.io/suno/20260525/dd883618354d4e6a9cf61b09276d7fbe.mp3,audio/jazz/f2f46366-a48d-41e6-970d-b6c3d81106e3_1.mp3,audio/jazz/f2f46366-a48d-41e6-970d-b6c3d81106e3_2.mp3,jazz,2026-05-25T22:03:35.707397+00:00,2026-05-25T22:05:16.986363+00:00,
fa465172-b9fa-4aa2-8244-77d088f257c3,jazz,free jazz,"free jazz, relaxed atmosphere, featuring flute and rhythm section","jazz, saxophone, piano",chirp-v4-5+,done,2500d54b-f935-4400-9ffe-228d74cf82a5,b465fdf1-a448-4d3e-9fc8-61fa475e6997,aed470a1-8046-49fb-b62a-4dcd7eb7ea2e,https://cdn.ttapi.io/suno/20260525/344be652184a4c00b4c5154f6f553f01.mp3,https://cdn.ttapi.io/suno/20260525/282ca5af992d4adabb38a8874888b930.mp3,audio/jazz/fa465172-b9fa-4aa2-8244-77d088f257c3_1.mp3,audio/jazz/fa465172-b9fa-4aa2-8244-77d088f257c3_2.mp3,jazz,2026-05-25T22:03:36.953259+00:00,2026-05-25T22:04:59.824048+00:00,
b05d1606-f008-4789-afd1-bd889533fc90,jazz,latin jazz,"latin jazz, relaxed atmosphere, featuring flute and rhythm section","jazz, trumpet, swing",chirp-v4-5+,done,a675a210-2388-4dc5-b19c-14f8e9a531a7,f107e5e2-5e34-41c0-b747-55166c187b7a,ca4c7d4f-a8d2-42b6-afda-bb05e8de2e56,https://cdn.ttapi.io/suno/20260525/f136c2cf73aa49e7b5bd63470d9905fb.mp3,https://cdn.ttapi.io/suno/20260525/b7c8c0d21931457d97fae0e399bfe3c2.mp3,audio/jazz/b05d1606-f008-4789-afd1-bd889533fc90_1.mp3,audio/jazz/b05d1606-f008-4789-afd1-bd889533fc90_2.mp3,jazz,2026-05-25T22:03:38.269197+00:00,2026-05-25T22:05:09.692685+00:00,
2fed30f1-3e36-4d63-9200-0fb3fdce2c10,jazz,swing,"swing jazz, relaxed atmosphere, featuring flute and rhythm section","jazz, bass, drums",chirp-v4-5+,done,a3864075-6c87-413c-b0ba-785b7008aa12,06d19e25-e94f-4729-89ca-10e0e4b43ff8,4ad2523a-d523-4465-8a47-c913b913cfbe,https://cdn.ttapi.io/suno/20260525/3bcfc91717b3444ba4fa6f6a60b82241.mp3,https://cdn.ttapi.io/suno/20260525/5520127d68334347b091f0652904ae14.mp3,audio/jazz/2fed30f1-3e36-4d63-9200-0fb3fdce2c10_1.mp3,audio/jazz/2fed30f1-3e36-4d63-9200-0fb3fdce2c10_2.mp3,jazz,2026-05-25T22:03:39.552933+00:00,2026-05-25T22:05:00.044812+00:00,
12faf70f-f910-48b1-8167-0d8fd5158ab3,jazz,modal jazz,"modal jazz, relaxed atmosphere, featuring flute and rhythm section","jazz, guitar, bossa nova",chirp-v4-5+,done,8198c508-8fb1-4a32-a262-a711e0398b5a,01e44f2e-870d-4622-8d6d-dfa9a40af778,5f0ec0d5-0769-4606-83ed-4cbd9d3215c8,https://cdn.ttapi.io/suno/20260525/38624def14444160aa1816b3bac7dded.mp3,https://cdn.ttapi.io/suno/20260525/04e854ef998a4a3ab7f35c9f6c6f1cdf.mp3,audio/jazz/12faf70f-f910-48b1-8167-0d8fd5158ab3_1.mp3,audio/jazz/12faf70f-f910-48b1-8167-0d8fd5158ab3_2.mp3,jazz,2026-05-25T22:03:45.409351+00:00,2026-05-25T22:05:09.858318+00:00,
8a73b166-bad5-4af7-9439-7c04b30756c1,jazz,post-bop,"post-bop jazz, relaxed atmosphere, featuring flute and rhythm section","jazz, fusion, electric",chirp-v4-5+,done,bbfde03a-7945-4ef9-9c10-7baf9a275d9d,e6e4f7d7-351b-4ee0-bf02-d2fc68645f26,166b8ac7-f0c9-4a38-a3da-b2081a0fb7b1,https://cdn.ttapi.io/suno/20260525/878b869db00e43f5b117571662c2d6b2.mp3,https://cdn.ttapi.io/suno/20260525/5ce30182845a48ea9829b1a6461e3e88.mp3,audio/jazz/8a73b166-bad5-4af7-9439-7c04b30756c1_1.mp3,audio/jazz/8a73b166-bad5-4af7-9439-7c04b30756c1_2.mp3,jazz,2026-05-25T22:03:51.351576+00:00,2026-05-25T22:05:17.173536+00:00,
4f021af0-0063-443c-b2bf-5952cfe2e0d3,jazz,bebop,"bebop jazz, energetic atmosphere, featuring flute and rhythm section","jazz, saxophone, piano",chirp-v4-5+,done,f850f889-f3d8-446f-926d-488ca24e1f61,e20c35e7-cfc7-4649-8319-2ee2d15adfc4,5b37bec2-6100-4844-a426-a53d608125c4,https://cdn.ttapi.io/suno/20260525/1a8409f6d4704f98a3bda33c3f620c25.mp3,https://cdn.ttapi.io/suno/20260525/e93c8f20e25e4e82a3d3fb8b5585e8ae.mp3,audio/jazz/4f021af0-0063-443c-b2bf-5952cfe2e0d3_1.mp3,audio/jazz/4f021af0-0063-443c-b2bf-5952cfe2e0d3_2.mp3,jazz,2026-05-25T22:04:11.271231+00:00,2026-05-25T22:05:28.487381+00:00,
c348cedf-1a31-46d3-8f14-c51998d7f6b9,jazz,cool jazz,"cool jazz, energetic atmosphere, featuring flute and rhythm section","jazz, trumpet, swing",chirp-v4-5+,done,10e9970f-5011-4610-a8e3-e8a75dedf6e5,cab3943e-1aae-4ed5-82df-a51a779d946d,000d0ea7-d928-4319-ad56-5364b8349c29,https://cdn.ttapi.io/suno/20260525/102af983fb2d40a68c3b68757d7d4b37.mp3,https://cdn.ttapi.io/suno/20260525/d6e007a346ee445ea8ee891f1c8f7c7a.mp3,audio/jazz/c348cedf-1a31-46d3-8f14-c51998d7f6b9_1.mp3,audio/jazz/c348cedf-1a31-46d3-8f14-c51998d7f6b9_2.mp3,jazz,2026-05-25T22:04:12.539684+00:00,2026-05-25T22:05:28.655575+00:00,
8f56def3-545f-4fb9-830b-d5479e62fd1c,jazz,fusion,"fusion jazz, energetic atmosphere, featuring flute and rhythm section","jazz, bass, drums",chirp-v4-5+,done,9c63a69e-3413-4149-96e5-c960e91fb6e8,932253c9-69cb-4f70-bbd4-c88b5a891a8a,3235aabb-0c22-42d0-b87e-97aba02223f0,https://cdn.ttapi.io/suno/20260525/015626b2cdd349ed939f8c32813ad137.mp3,https://cdn.ttapi.io/suno/20260525/44638c54bbd3475ab15ea2c9c69e50de.mp3,audio/jazz/8f56def3-545f-4fb9-830b-d5479e62fd1c_1.mp3,audio/jazz/8f56def3-545f-4fb9-830b-d5479e62fd1c_2.mp3,jazz,2026-05-25T22:04:13.891585+00:00,2026-05-25T22:05:28.773991+00:00,
c25fb6b6-d908-4fc9-9879-dd1fc3291bb8,jazz,smooth jazz,"smooth jazz, energetic atmosphere, featuring flute and rhythm section","jazz, guitar, bossa nova",chirp-v4-5+,done,551e062e-6264-4ac2-b52c-c638dedbcea2,6310e952-23ff-4099-b8f8-c46c4f05cf3d,ee56ed47-42d4-4709-b48c-86428b924f8d,https://cdn.ttapi.io/suno/20260525/1855ef67329c40cb83857fd81ba1689c.mp3,https://cdn.ttapi.io/suno/20260525/b21a9ce4fc004f06bd0b2c3d7bcf4642.mp3,audio/jazz/c25fb6b6-d908-4fc9-9879-dd1fc3291bb8_1.mp3,audio/jazz/c25fb6b6-d908-4fc9-9879-dd1fc3291bb8_2.mp3,jazz,2026-05-25T22:04:20.001069+00:00,2026-05-25T22:06:56.937121+00:00,
f5657395-ae1f-49fb-85b7-d1bf1799240d,jazz,hard bop,"hard bop jazz, energetic atmosphere, featuring flute and rhythm section","jazz, fusion, electric",chirp-v4-5+,done,5a547ec5-f695-4096-aefb-006cb08b39c0,b250fcc3-22e9-435f-a296-9dc636ae92fc,ef8ed70d-7130-40c5-86da-ef6b15404dfa,https://cdn.ttapi.io/suno/20260525/0c55d554a7ec42909e491f716e350d91.mp3,https://cdn.ttapi.io/suno/20260525/751999047f6440b7bd56f21c4308be67.mp3,audio/jazz/f5657395-ae1f-49fb-85b7-d1bf1799240d_1.mp3,audio/jazz/f5657395-ae1f-49fb-85b7-d1bf1799240d_2.mp3,jazz,2026-05-25T22:04:40.135436+00:00,2026-05-25T22:06:19.594906+00:00,
40f8d886-ec5f-46bb-8d17-69571962e8d5,jazz,free jazz,"free jazz, energetic atmosphere, featuring flute and rhythm section","jazz, saxophone, piano",chirp-v4-5+,done,2161e751-95e7-4a04-a708-751b317ccd6c,eac082ae-3668-4369-b9b7-6abcb6bcf317,2938ab69-cd71-4519-8f0e-603e923cd44e,https://cdn.ttapi.io/suno/20260525/9f55e25821314f6f83e05c15a132e500.mp3,https://cdn.ttapi.io/suno/20260525/fdcc3b45f02d49dcad82eb2d3bef257c.mp3,audio/jazz/40f8d886-ec5f-46bb-8d17-69571962e8d5_1.mp3,audio/jazz/40f8d886-ec5f-46bb-8d17-69571962e8d5_2.mp3,jazz,2026-05-25T22:04:41.421359+00:00,2026-05-25T22:05:51.208249+00:00,
3173e430-8d65-4458-a21b-866a01b82ec3,jazz,latin jazz,"latin jazz, energetic atmosphere, featuring flute and rhythm section","jazz, trumpet, swing",chirp-v4-5+,done,31d89b9a-cdec-4253-b2ed-f868ba71dbf3,fc1e39c7-442a-4c78-beba-22a60674f30f,1e317d22-5bfd-4003-bca4-f71f7e5980b5,https://cdn.ttapi.io/suno/20260525/97f2ce29c5ad4f7eaa0cae5679216675.mp3,https://cdn.ttapi.io/suno/20260525/da4f48ae061d4c88967039e6507ddb58.mp3,audio/jazz/3173e430-8d65-4458-a21b-866a01b82ec3_1.mp3,audio/jazz/3173e430-8d65-4458-a21b-866a01b82ec3_2.mp3,jazz,2026-05-25T22:04:42.754236+00:00,2026-05-25T22:06:33.745415+00:00,
9ee69820-529a-44a1-8743-11de1c1a78e4,jazz,swing,"swing jazz, energetic atmosphere, featuring flute and rhythm section","jazz, bass, drums",chirp-v4-5+,done,cd2d1cb4-026d-497b-9afd-fd46b88b57d2,c43e63d6-d366-4f85-bc70-7bb9e7a6c6de,694f40fe-ad1a-441f-8056-139bc2bd7fc4,https://cdn.ttapi.io/suno/20260525/825cd1cc2e054a89a73f9b555dec31d3.mp3,https://cdn.ttapi.io/suno/20260525/2869eb19ea764e87953714d9a22281d6.mp3,audio/jazz/9ee69820-529a-44a1-8743-11de1c1a78e4_1.mp3,audio/jazz/9ee69820-529a-44a1-8743-11de1c1a78e4_2.mp3,jazz,2026-05-25T22:04:53.553589+00:00,2026-05-25T22:06:10.800701+00:00,
2d48a101-b243-48ef-b5f3-24ff9c3b06b2,jazz,modal jazz,"modal jazz, energetic atmosphere, featuring flute and rhythm section","jazz, guitar, bossa nova",chirp-v4-5+,done,ccef5b4c-fc62-41cc-9493-6f6dbdc83e29,e8105790-faf6-4fec-80a7-8420db6ea3f9,149a8e5e-ffb5-4c84-843c-c58f020b1b85,https://cdn.ttapi.io/suno/20260525/533abc28ac2642d6a724a70c37619df2.mp3,https://cdn.ttapi.io/suno/20260525/4626dad563d84083a1e369ea1ea4d924.mp3,audio/jazz/2d48a101-b243-48ef-b5f3-24ff9c3b06b2_1.mp3,audio/jazz/2d48a101-b243-48ef-b5f3-24ff9c3b06b2_2.mp3,jazz,2026-05-25T22:04:54.848249+00:00,2026-05-25T22:06:19.854897+00:00,
698c9f17-a77d-44a9-93f3-cff4ccecc7da,jazz,post-bop,"post-bop jazz, energetic atmosphere, featuring flute and rhythm section","jazz, fusion, electric",chirp-v4-5+,done,a471cdf1-65eb-4718-97a9-a3f14e603846,f6b091f5-9d5a-45e2-9cdf-c7be0e3a0dba,2adedbb5-9cd1-4cb8-8f79-b1c2b6ae217d,https://cdn.ttapi.io/suno/20260525/5f9894409f454891a78008541b35a01c.mp3,https://cdn.ttapi.io/suno/20260525/752edb3a8e17403995fd056f72d671e9.mp3,audio/jazz/698c9f17-a77d-44a9-93f3-cff4ccecc7da_1.mp3,audio/jazz/698c9f17-a77d-44a9-93f3-cff4ccecc7da_2.mp3,jazz,2026-05-25T22:04:56.122427+00:00,2026-05-25T22:06:11.051333+00:00,
5d7e4e7d-9e96-495b-b9bb-548e33789380,jazz,bebop,"bebop jazz, nostalgic atmosphere, featuring flute and rhythm section","jazz, saxophone, piano",chirp-v4-5+,done,b60be700-9cb1-4f00-aedb-cb18983f8e35,de1885fc-1cbb-4cc4-b292-df71c3ccba50,d7be9a76-72f0-43a2-8483-8993468b54d4,https://cdn.ttapi.io/suno/20260525/d304c25cbc34405aa561b4c516a2775b.mp3,https://cdn.ttapi.io/suno/20260525/c1ac1dcef7bb434788069544b7b9e271.mp3,audio/jazz/5d7e4e7d-9e96-495b-b9bb-548e33789380_1.mp3,audio/jazz/5d7e4e7d-9e96-495b-b9bb-548e33789380_2.mp3,jazz,2026-05-25T22:04:57.461757+00:00,2026-05-25T22:06:33.921075+00:00,
49c8abfe-9413-43b4-af39-aaa0c9adb444,jazz,cool jazz,"cool jazz, nostalgic atmosphere, featuring flute and rhythm section","jazz, trumpet, swing",chirp-v4-5+,done,206fb80c-d3d9-4c81-9711-6946dc1b9d38,a2e326ac-1893-4200-9375-3267df647dee,abba4d9d-34db-430d-8ec3-f3787e775087,https://cdn.ttapi.io/suno/20260525/00da8ee3a08b40c18e06d853e4c91fad.mp3,https://cdn.ttapi.io/suno/20260525/f3111aa234cb4600a6b27c1d43bc0a5e.mp3,audio/jazz/49c8abfe-9413-43b4-af39-aaa0c9adb444_1.mp3,audio/jazz/49c8abfe-9413-43b4-af39-aaa0c9adb444_2.mp3,jazz,2026-05-25T22:04:58.694644+00:00,2026-05-25T22:06:20.053793+00:00,
1d71963e-22a5-4c4d-a7bd-55f40ba37a81,jazz,fusion,"fusion jazz, nostalgic atmosphere, featuring flute and rhythm section","jazz, bass, drums",chirp-v4-5+,done,7530474c-d951-4363-a6ae-5bb6d56959b5,65c99aad-0061-4541-93c7-fb1854e5898c,e19219e8-1075-4b44-9949-815002972d08,https://cdn.ttapi.io/suno/20260525/a3439642cb4c4c8f874a252153f7fc8d.mp3,https://cdn.ttapi.io/suno/20260525/49702f2e33dc42d8a9fc7dbabb364e6b.mp3,audio/jazz/1d71963e-22a5-4c4d-a7bd-55f40ba37a81_1.mp3,audio/jazz/1d71963e-22a5-4c4d-a7bd-55f40ba37a81_2.mp3,jazz,2026-05-25T22:05:04.984470+00:00,2026-05-25T22:07:35.077223+00:00,
a3a3b1d1-a4d3-40d0-8a26-6b314b5deef9,jazz,smooth jazz,"smooth jazz, nostalgic atmosphere, featuring flute and rhythm section","jazz, guitar, bossa nova",chirp-v4-5+,done,9be6d126-6211-4d52-a675-a5b6405f871a,e6a320dc-9ddd-4a7a-8b90-204f6397e83f,a49acf34-c47b-4090-a379-d85938770d45,https://cdn.ttapi.io/suno/20260525/37c1ee8f4ec14bbabe66c0e82890616c.mp3,https://cdn.ttapi.io/suno/20260525/26b4bd18f3bc4f618e56198ae7ee8b6d.mp3,audio/jazz/a3a3b1d1-a4d3-40d0-8a26-6b314b5deef9_1.mp3,audio/jazz/a3a3b1d1-a4d3-40d0-8a26-6b314b5deef9_2.mp3,jazz,2026-05-25T22:05:06.266627+00:00,2026-05-25T22:06:42.554601+00:00,
e880d3d7-d3bf-4423-990f-43ba2d281d1f,jazz,hard bop,"hard bop jazz, nostalgic atmosphere, featuring flute and rhythm section","jazz, fusion, electric",chirp-v4-5+,done,de62a81f-2ef5-4747-8367-6098b173f85a,4f24e000-4020-44f9-a918-917fab9158c5,6c7a35fd-4815-46a9-98b5-167ed1cd4c58,https://cdn.ttapi.io/suno/20260525/359d9f82beec4ca692600b1339957390.mp3,https://cdn.ttapi.io/suno/20260525/693b4f4393db4df0b68d28219acb3ca2.mp3,audio/jazz/e880d3d7-d3bf-4423-990f-43ba2d281d1f_1.mp3,audio/jazz/e880d3d7-d3bf-4423-990f-43ba2d281d1f_2.mp3,jazz,2026-05-25T22:05:07.565066+00:00,2026-05-25T22:06:11.538413+00:00,
9c03d3b5-772e-48e2-872b-1151660a06a2,jazz,free jazz,"free jazz, nostalgic atmosphere, featuring flute and rhythm section","jazz, saxophone, piano",chirp-v4-5+,done,56489a23-a97a-41ee-95ee-89899b48c02a,0517f1d5-a2ab-4d13-af6d-5b193f592691,91cdd0c5-eca4-4f4b-a416-4718727a2d1d,https://cdn.ttapi.io/suno/20260525/2c948ed67c1944dcac633fff75c1da42.mp3,https://cdn.ttapi.io/suno/20260525/2136b0ed913a45a79ac0bc2f6e197867.mp3,audio/jazz/9c03d3b5-772e-48e2-872b-1151660a06a2_1.mp3,audio/jazz/9c03d3b5-772e-48e2-872b-1151660a06a2_2.mp3,jazz,2026-05-25T22:05:08.876512+00:00,2026-05-25T22:06:48.420528+00:00,
86f24e98-79d6-448d-bfe6-5cc08a4b33cf,jazz,latin jazz,"latin jazz, nostalgic atmosphere, featuring flute and rhythm section","jazz, trumpet, swing",chirp-v4-5+,done,29d48f63-89a4-49de-9a26-9ee5dee518c7,71d77623-4986-4d32-ac5a-d758d483919e,2d11f9fb-ab82-4646-ae28-d6a7bc977aea,https://cdn.ttapi.io/suno/20260525/d1d8039177b24a368b6542c983d68dc6.mp3,https://cdn.ttapi.io/suno/20260525/2ad15a11b13443639e2e3a517d9d1965.mp3,audio/jazz/86f24e98-79d6-448d-bfe6-5cc08a4b33cf_1.mp3,audio/jazz/86f24e98-79d6-448d-bfe6-5cc08a4b33cf_2.mp3,jazz,2026-05-25T22:05:14.953700+00:00,2026-05-25T22:06:48.576970+00:00,
8694478b-48a2-46b1-9521-ad314c7c94c7,jazz,swing,"swing jazz, nostalgic atmosphere, featuring flute and rhythm section","jazz, bass, drums",chirp-v4-5+,done,c9e84863-5e80-426e-bbe4-802260c3a8cb,a7d4cf22-eccb-454b-98e1-58e61562aa14,cb0c826b-9844-466e-8188-f96e520ec6c1,https://cdn.ttapi.io/suno/20260525/a38aa20090184954bbc36af0a59ea4b7.mp3,https://cdn.ttapi.io/suno/20260525/46739cd1b3b44a74b3d9df566697a692.mp3,audio/jazz/8694478b-48a2-46b1-9521-ad314c7c94c7_1.mp3,audio/jazz/8694478b-48a2-46b1-9521-ad314c7c94c7_2.mp3,jazz,2026-05-25T22:05:16.266461+00:00,2026-05-25T22:06:34.436550+00:00,
c983589e-3395-40fb-bd95-a0685b0240bc,jazz,modal jazz,"modal jazz, nostalgic atmosphere, featuring flute and rhythm section","jazz, guitar, bossa nova",chirp-v4-5+,done,d8f9f9d4-5632-4828-a62b-fb3699e3072e,ef20375a-4425-46b5-9973-29672d99fc24,84f6731b-bf84-4949-b5c8-8db2be3d2dff,https://cdn.ttapi.io/suno/20260525/8dd72b7c3a1345dbb4fb6a3727894070.mp3,https://cdn.ttapi.io/suno/20260525/fe2d17c940d84cf68600b2c79feb17fa.mp3,audio/jazz/c983589e-3395-40fb-bd95-a0685b0240bc_1.mp3,audio/jazz/c983589e-3395-40fb-bd95-a0685b0240bc_2.mp3,jazz,2026-05-25T22:05:26.499376+00:00,2026-05-25T22:07:15.529508+00:00,
95f15074-f41c-432a-9908-28dd383c838c,jazz,post-bop,"post-bop jazz, nostalgic atmosphere, featuring flute and rhythm section","jazz, fusion, electric",chirp-v4-5+,done,4f4b5979-470a-4661-9c0e-772798d1eba4,f70705df-507f-4789-9ce3-f9a893d73bf8,f0aaffb4-76c6-4225-8b1a-fe23b71f7cf7,https://cdn.ttapi.io/suno/20260525/23b42dc66ffb4c278de751d68bf8ddc6.mp3,https://cdn.ttapi.io/suno/20260525/3078e236ddc5468a8383aaf8231eea85.mp3,audio/jazz/95f15074-f41c-432a-9908-28dd383c838c_1.mp3,audio/jazz/95f15074-f41c-432a-9908-28dd383c838c_2.mp3,jazz,2026-05-25T22:05:27.776157+00:00,2026-05-25T22:06:57.296275+00:00,
1dcdb6c8-7325-4e51-a402-4ae5bc44027a,jazz,bebop,"bebop jazz, romantic atmosphere, featuring flute and rhythm section","jazz, saxophone, piano",chirp-v4-5+,done,0199c0fa-1735-44c4-9cf6-f527ffe73f46,9126b2f1-b99e-4df5-837b-1549093b59ad,498aaf3e-a576-4fa4-9eb2-510d932451f6,https://cdn.ttapi.io/suno/20260525/4f4429b7e0f7448ea4bd4c79ab0db1fe.mp3,https://cdn.ttapi.io/suno/20260525/4cfd271db7404b0b8445210b5013b077.mp3,audio/jazz/1dcdb6c8-7325-4e51-a402-4ae5bc44027a_1.mp3,audio/jazz/1dcdb6c8-7325-4e51-a402-4ae5bc44027a_2.mp3,jazz,2026-05-25T22:05:33.991076+00:00,2026-05-25T22:06:48.867697+00:00,
501e6470-a789-4db1-b5f6-6538c06943e6,jazz,cool jazz,"cool jazz, romantic atmosphere, featuring flute and rhythm section","jazz, trumpet, swing",chirp-v4-5+,done,02b35d0a-5c98-4172-b0e0-f0fdabd8c1e6,520ae62c-fb0b-4aba-a3de-b7f74074482c,6ab693a5-7e6a-4e8e-9703-d5fdf72ff8ad,https://cdn.ttapi.io/suno/20260525/454d45076f2143ff9b32cb8e8c0e46b0.mp3,https://cdn.ttapi.io/suno/20260525/e805d8c26dd54f12bf630f1dc7adf4b8.mp3,audio/jazz/501e6470-a789-4db1-b5f6-6538c06943e6_1.mp3,audio/jazz/501e6470-a789-4db1-b5f6-6538c06943e6_2.mp3,jazz,2026-05-25T22:05:35.280494+00:00,2026-05-25T22:06:57.405391+00:00,
d709d0ed-17a0-4975-9658-405b6aeb4e91,jazz,fusion,"fusion jazz, romantic atmosphere, featuring flute and rhythm section","jazz, bass, drums",chirp-v4-5+,done,b8a39dc4-4c71-49fd-86c1-baf41895540d,e3148da7-f43f-4fa7-a3fd-f368bd0b82d8,ee500430-4f99-4be7-8f7d-caa4c82cdbd8,https://cdn.ttapi.io/suno/20260525/4307bc2538204658b773b0dea7946af5.mp3,https://cdn.ttapi.io/suno/20260525/94d38fc8fec140cba563eae72666ee64.mp3,audio/jazz/d709d0ed-17a0-4975-9658-405b6aeb4e91_1.mp3,audio/jazz/d709d0ed-17a0-4975-9658-405b6aeb4e91_2.mp3,jazz,2026-05-25T22:05:36.571304+00:00,2026-05-25T22:07:35.266765+00:00,
b170429a-8fbe-4725-a05f-1e6eec74f219,jazz,smooth jazz,"smooth jazz, romantic atmosphere, featuring flute and rhythm section","jazz, guitar, bossa nova",chirp-v4-5+,done,69446679-79a4-4275-bcfd-b0b37780d6fc,df4ddd4a-d7a1-4750-aaf9-59c3ab0af8ff,10d1f6ac-1693-40dc-ae81-b5791aed31ba,https://cdn.ttapi.io/suno/20260525/5cf9f75e12984e2fbf9d56eabc7d7807.mp3,https://cdn.ttapi.io/suno/20260525/47bf99f0e6fe403daffec70b04957084.mp3,audio/jazz/b170429a-8fbe-4725-a05f-1e6eec74f219_1.mp3,audio/jazz/b170429a-8fbe-4725-a05f-1e6eec74f219_2.mp3,jazz,2026-05-25T22:05:56.109004+00:00,2026-05-25T22:07:56.256558+00:00,
5d9bfdef-9f7e-4d76-a67b-29215f080c1e,jazz,hard bop,"hard bop jazz, romantic atmosphere, featuring flute and rhythm section","jazz, fusion, electric",chirp-v4-5+,done,a1440832-55fc-43a3-b471-49bac20197f9,411dbbb9-0092-464b-95ee-9eeb49e50f4c,4bf4787d-f6de-4b17-8e50-fdf5124d02be,https://cdn.ttapi.io/suno/20260525/795f6850615b44a4bc4876535e2b192e.mp3,https://cdn.ttapi.io/suno/20260525/f4d01e71b2da400da8978fcd9ecddfe5.mp3,audio/jazz/5d9bfdef-9f7e-4d76-a67b-29215f080c1e_1.mp3,audio/jazz/5d9bfdef-9f7e-4d76-a67b-29215f080c1e_2.mp3,jazz,2026-05-25T22:06:16.244167+00:00,2026-05-25T22:07:56.440445+00:00,
66215d38-69e3-478f-ab4b-71994cdf6530,jazz,free jazz,"free jazz, romantic atmosphere, featuring flute and rhythm section","jazz, saxophone, piano",chirp-v4-5+,done,b7ad9a03-6bad-4b00-9d54-f6b3d4420c20,fb9322f8-a847-43c6-b73b-732f202356ea,91b7a5e1-d2ee-4a83-bab6-0399b7352b88,https://cdn.ttapi.io/suno/20260525/314897f3e92048cda2ffbefdccd1e975.mp3,https://cdn.ttapi.io/suno/20260525/b6a8876e35614e4a9e1aab2aa20c871a.mp3,audio/jazz/66215d38-69e3-478f-ab4b-71994cdf6530_1.mp3,audio/jazz/66215d38-69e3-478f-ab4b-71994cdf6530_2.mp3,jazz,2026-05-25T22:06:17.443543+00:00,2026-05-25T22:07:56.559448+00:00,
59722a9b-2a67-467c-8535-7eea7b9d0a83,jazz,latin jazz,"latin jazz, romantic atmosphere, featuring flute and rhythm section","jazz, trumpet, swing",chirp-v4-5+,done,24099ac6-a657-41e9-a6eb-26bc0c4912f3,95db9ab4-7935-4bb6-8be4-2ee0314e9879,204e7c89-63ae-40cc-88ef-247b694d0491,https://cdn.ttapi.io/suno/20260525/8f555dee7d2a42d18e7030fa5f70b477.mp3,https://cdn.ttapi.io/suno/20260525/b6c916e69ad44c5db1c3eee044d49864.mp3,audio/jazz/59722a9b-2a67-467c-8535-7eea7b9d0a83_1.mp3,audio/jazz/59722a9b-2a67-467c-8535-7eea7b9d0a83_2.mp3,jazz,2026-05-25T22:06:18.761061+00:00,2026-05-25T22:07:56.700768+00:00,
d0ba659e-f8f3-45ca-98ee-368445e7202e,jazz,swing,"swing jazz, romantic atmosphere, featuring flute and rhythm section","jazz, bass, drums",chirp-v4-5+,done,2e50f4fa-ff87-4876-a650-74407c64592f,0472a462-1a41-466b-bdf7-0e40d4ca9937,6a8bec7e-78e8-466d-bb04-16815bdf65c8,https://cdn.ttapi.io/suno/20260525/1e3ef4f6c4344a6f8d615586dbfad032.mp3,https://cdn.ttapi.io/suno/20260525/307d269724c842a999d77bc51a03276b.mp3,audio/jazz/d0ba659e-f8f3-45ca-98ee-368445e7202e_1.mp3,audio/jazz/d0ba659e-f8f3-45ca-98ee-368445e7202e_2.mp3,jazz,2026-05-25T22:06:30.316154+00:00,2026-05-25T22:07:56.814842+00:00,
ee3a50b1-5907-4ce5-afa3-b1b8fe6c2630,jazz,modal jazz,"modal jazz, romantic atmosphere, featuring flute and rhythm section","jazz, guitar, bossa nova",chirp-v4-5+,done,2caadaeb-d321-4934-9ce1-cea2ba01cee2,09bdce38-9d42-4ea6-bc68-80514f7d9793,4feeb68b-a3be-4fcd-b981-653eba6d6e6e,https://cdn.ttapi.io/suno/20260525/f49c11496d484d7bbaf9c1d9e9dc11af.mp3,https://cdn.ttapi.io/suno/20260525/5d3bab4e77224abc9c7df0fa16d020e2.mp3,audio/jazz/ee3a50b1-5907-4ce5-afa3-b1b8fe6c2630_1.mp3,audio/jazz/ee3a50b1-5907-4ce5-afa3-b1b8fe6c2630_2.mp3,jazz,2026-05-25T22:06:31.580379+00:00,2026-05-25T22:08:17.273974+00:00,
51ed8977-7804-404a-aaf5-6077a2b4f708,jazz,post-bop,"post-bop jazz, romantic atmosphere, featuring flute and rhythm section","jazz, fusion, electric",chirp-v4-5+,done,36700f5f-47be-4eb6-95ce-76b25e1e2dca,4e7ff1bc-5ae5-4f46-a9af-49a381c1ebb7,1b13ab4f-fd10-48b1-ac6a-8d80f664ae55,https://cdn.ttapi.io/suno/20260525/48d6f04ab8cb4baca8c092189c7fb3c0.mp3,https://cdn.ttapi.io/suno/20260525/96db4c4ec8824f0cb3b299a185171838.mp3,audio/jazz/51ed8977-7804-404a-aaf5-6077a2b4f708_1.mp3,audio/jazz/51ed8977-7804-404a-aaf5-6077a2b4f708_2.mp3,jazz,2026-05-25T22:06:32.881382+00:00,2026-05-25T22:08:10.117132+00:00,
3092a0dd-0b0a-48f7-983e-20725dff83a9,jazz,bebop,"bebop jazz, brooding atmosphere, featuring flute and rhythm section","jazz, saxophone, piano",chirp-v4-5+,done,2181b5a3-9ec2-44fb-af8e-51cda41cc624,2c18321a-57ee-44a5-8f1d-e3a18b5d19e2,4b49a34f-10fa-47c8-b6fd-38b1ec9a8766,https://cdn.ttapi.io/suno/20260525/109a5c525381418aa5da7709c6bdbb86.mp3,https://cdn.ttapi.io/suno/20260525/6dc83feea3454883bedc7827f79d87ee.mp3,audio/jazz/3092a0dd-0b0a-48f7-983e-20725dff83a9_1.mp3,audio/jazz/3092a0dd-0b0a-48f7-983e-20725dff83a9_2.mp3,jazz,2026-05-25T22:06:39.061501+00:00,2026-05-25T22:08:10.233117+00:00,
b430e95c-041a-4e9e-a738-8c4b483bb2cd,jazz,cool jazz,"cool jazz, brooding atmosphere, featuring flute and rhythm section","jazz, trumpet, swing",chirp-v4-5+,done,6b30590a-e1fb-4613-a5af-6dfd7d93d3c9,7ede9c17-b64c-4aea-ab0b-cbe68886e0c1,aa44bb14-ed28-480a-b411-77af9f99d200,https://cdn.ttapi.io/suno/20260525/e69a455b4a274aa8ab241f5c0203925b.mp3,https://cdn.ttapi.io/suno/20260525/7a90757a8ec04109a11e3b7ea6198e5d.mp3,audio/jazz/b430e95c-041a-4e9e-a738-8c4b483bb2cd_1.mp3,audio/jazz/b430e95c-041a-4e9e-a738-8c4b483bb2cd_2.mp3,jazz,2026-05-25T22:06:40.331404+00:00,2026-05-25T22:08:51.248490+00:00,
c90dcc10-d2da-4ad3-a858-de8bac941023,jazz,fusion,"fusion jazz, brooding atmosphere, featuring flute and rhythm section","jazz, bass, drums",chirp-v4-5+,done,5d20db8d-4ec8-4df1-848b-4969c492b123,c9152aaa-71f8-4860-a204-5540c629d37b,d0eef672-8c2b-4013-9ccf-e452e351cfdb,https://cdn.ttapi.io/suno/20260525/69c8d240e2404fbcb61799bc27623163.mp3,https://cdn.ttapi.io/suno/20260525/6f290b80e52b4fa391e15710cb939d33.mp3,audio/jazz/c90dcc10-d2da-4ad3-a858-de8bac941023_1.mp3,audio/jazz/c90dcc10-d2da-4ad3-a858-de8bac941023_2.mp3,jazz,2026-05-25T22:06:41.625754+00:00,2026-05-25T22:09:25.909092+00:00,
4c03bc4e-6de5-40dc-a309-322e5a57232f,jazz,smooth jazz,"smooth jazz, brooding atmosphere, featuring flute and rhythm section","jazz, guitar, bossa nova",chirp-v4-5+,done,8f193ac8-3b19-43fa-830d-c64869591ccb,0d0d81c0-5d40-4ded-bb15-23e341f06379,6fd7d343-e54f-4eff-bb41-4ef8d0366a46,https://cdn.ttapi.io/suno/20260525/566a54087b0540c1bdc0fd57e48ef4a5.mp3,https://cdn.ttapi.io/suno/20260525/2829f395e6c449ee9b713cef48cb63b8.mp3,audio/jazz/4c03bc4e-6de5-40dc-a309-322e5a57232f_1.mp3,audio/jazz/4c03bc4e-6de5-40dc-a309-322e5a57232f_2.mp3,jazz,2026-05-25T22:06:47.510717+00:00,2026-05-25T22:08:37.523478+00:00,
b78dee11-0857-4b5a-a5f4-3e687c9a51a9,jazz,hard bop,"hard bop jazz, brooding atmosphere, featuring flute and rhythm section","jazz, fusion, electric",chirp-v4-5+,done,f3dfee39-8c24-4633-9c95-80ee72cb588a,4205c7ee-fac6-499d-b43f-359ceab55ded,2d0c3efb-0f58-4bfd-9aac-20e7ff000971,https://cdn.ttapi.io/suno/20260525/1093591509c741eaa9d6a6ecee57eb6c.mp3,https://cdn.ttapi.io/suno/20260525/4c5cfc839862443f9496152e9b005e40.mp3,audio/jazz/b78dee11-0857-4b5a-a5f4-3e687c9a51a9_1.mp3,audio/jazz/b78dee11-0857-4b5a-a5f4-3e687c9a51a9_2.mp3,jazz,2026-05-25T22:06:53.734797+00:00,2026-05-25T22:08:37.693410+00:00,
d8183755-56db-49d7-95b7-f052aacd87fb,jazz,free jazz,"free jazz, brooding atmosphere, featuring flute and rhythm section","jazz, saxophone, piano",chirp-v4-5+,done,24dbb8dc-73c2-4bea-8951-083b58990a35,c1b6e8e6-2fa8-46e5-a331-1faae6536f33,563c248c-1d51-43d9-bc2e-9a26d8b36f50,https://cdn.ttapi.io/suno/20260525/f908f66588f147919beece9df152b415.mp3,https://cdn.ttapi.io/suno/20260525/8616c94db6964166b957cc1705826669.mp3,audio/jazz/d8183755-56db-49d7-95b7-f052aacd87fb_1.mp3,audio/jazz/d8183755-56db-49d7-95b7-f052aacd87fb_2.mp3,jazz,2026-05-25T22:06:55.023447+00:00,2026-05-25T22:08:37.831286+00:00,
a775feb3-4c4a-43e8-ac91-57835894e92c,jazz,latin jazz,"latin jazz, brooding atmosphere, featuring flute and rhythm section","jazz, trumpet, swing",chirp-v4-5+,done,3c132240-5ad2-4c11-ac30-c14700aa273b,fd09d68c-467b-4bf1-9ec7-09dbb398bbaa,e3301c35-09c6-47cf-93c1-33ed8f6f4194,https://cdn.ttapi.io/suno/20260525/774c3e0ff94e44c4a41bbc5892a40c5e.mp3,https://cdn.ttapi.io/suno/20260525/7e5d1568d30c462fb40e9546b9d368d5.mp3,audio/jazz/a775feb3-4c4a-43e8-ac91-57835894e92c_1.mp3,audio/jazz/a775feb3-4c4a-43e8-ac91-57835894e92c_2.mp3,jazz,2026-05-25T22:06:56.283234+00:00,2026-05-25T22:08:37.941555+00:00,
e11e605b-6d1b-4ada-a3b9-278b38afa661,jazz,swing,"swing jazz, brooding atmosphere, featuring flute and rhythm section","jazz, bass, drums",chirp-v4-5+,done,0fc2fe92-44c8-46a2-b705-f32ed5e76f9a,3922407b-0780-4c78-8045-d8727135f34f,b9ce359a-a1df-45ce-9781-2aab4ccf2247,https://cdn.ttapi.io/suno/20260525/70c27253ed194b869cbe3166d90ebf90.mp3,https://cdn.ttapi.io/suno/20260525/6611a24558854275a23b43e41baf8ab4.mp3,audio/jazz/e11e605b-6d1b-4ada-a3b9-278b38afa661_1.mp3,audio/jazz/e11e605b-6d1b-4ada-a3b9-278b38afa661_2.mp3,jazz,2026-05-25T22:07:10.275797+00:00,2026-05-25T22:08:38.048505+00:00,
ac3f6ae2-1e3e-492e-8584-b17108632466,jazz,modal jazz,"modal jazz, brooding atmosphere, featuring flute and rhythm section","jazz, guitar, bossa nova",chirp-v4-5+,done,d79a203c-7243-4480-af86-a14f5d78ec8c,536e99f9-306a-43f4-a2fc-2e29e26cb905,18ca5e0c-00a9-4254-8786-a94a8f014027,https://cdn.ttapi.io/suno/20260525/97c3c34207364b259eebcfa21d7d609c.mp3,https://cdn.ttapi.io/suno/20260525/47492eb42afb48309efa36c67a3b36b4.mp3,audio/jazz/ac3f6ae2-1e3e-492e-8584-b17108632466_1.mp3,audio/jazz/ac3f6ae2-1e3e-492e-8584-b17108632466_2.mp3,jazz,2026-05-25T22:07:11.542699+00:00,2026-05-25T22:08:57.158465+00:00,
42cc73dd-7d61-49b6-9f51-69b7fb4b9e31,jazz,post-bop,"post-bop jazz, brooding atmosphere, featuring flute and rhythm section","jazz, fusion, electric",chirp-v4-5+,done,46bba938-7682-4bef-a16a-cec2cc8918fb,33469a84-2fab-4254-8248-5d745c284411,b59b811a-dba3-4c2c-b2f6-cfd08340a593,https://cdn.ttapi.io/suno/20260525/75e8c953de334a748c5484b9fc72ebbd.mp3,https://cdn.ttapi.io/suno/20260525/76d90604a05542f2b9eb48c67b422790.mp3,audio/jazz/42cc73dd-7d61-49b6-9f51-69b7fb4b9e31_1.mp3,audio/jazz/42cc73dd-7d61-49b6-9f51-69b7fb4b9e31_2.mp3,jazz,2026-05-25T22:07:12.859934+00:00,2026-05-25T22:09:06.477363+00:00,
8838c69e-acec-4dd3-b467-1abcffdaec1f,jazz,bebop,"bebop jazz, meditative atmosphere, featuring flute and rhythm section","jazz, saxophone, piano",chirp-v4-5+,done,483dfd61-0348-4777-932e-21b038b0a762,85c35c5e-8834-4cc3-934f-bf63e47f2dbf,9e6a9f3a-c9fc-4241-8a6f-0d9304301f50,https://cdn.ttapi.io/suno/20260525/dc045741ac904a409cca069b0b26a70f.mp3,https://cdn.ttapi.io/suno/20260525/81e989f62fe84a0bb775efe5754f0405.mp3,audio/jazz/8838c69e-acec-4dd3-b467-1abcffdaec1f_1.mp3,audio/jazz/8838c69e-acec-4dd3-b467-1abcffdaec1f_2.mp3,jazz,2026-05-25T22:07:20.592190+00:00,2026-05-25T22:09:06.642430+00:00,
73d1b4bf-b133-423e-9f9d-4d2cba8a9759,jazz,cool jazz,"cool jazz, meditative atmosphere, featuring flute and rhythm section","jazz, trumpet, swing",chirp-v4-5+,done,7349bd52-4db1-4d2f-bef6-3dcc068c955c,0ad2b239-5ca0-4657-bc9b-451c9aa175da,569e729d-308f-4685-b5d1-a51a344f1cd8,https://cdn.ttapi.io/suno/20260525/5b84b4f03d404c67b58e05a2bb8151e0.mp3,https://cdn.ttapi.io/suno/20260525/51657d9fdda843a7a6e83dc6da740ea0.mp3,audio/jazz/73d1b4bf-b133-423e-9f9d-4d2cba8a9759_1.mp3,audio/jazz/73d1b4bf-b133-423e-9f9d-4d2cba8a9759_2.mp3,jazz,2026-05-25T22:07:40.618256+00:00,2026-05-25T22:08:57.523566+00:00,
83a14d20-c228-4f65-af96-9aaeca6036a7,jazz,fusion,"fusion jazz, meditative atmosphere, featuring flute and rhythm section","jazz, bass, drums",chirp-v4-5+,done,2abb583c-3cae-456c-b4cb-d52b4c57e496,86cbe145-d3fb-44e4-ba5d-5b77cd97feb1,af73ab1a-d45f-43f6-b7c0-92e2128ee9b1,https://cdn.ttapi.io/suno/20260525/6d03f91255664d52b7d56aad1c956ecd.mp3,https://cdn.ttapi.io/suno/20260525/fa05f2fc3372458e83dd77468784ddde.mp3,audio/jazz/83a14d20-c228-4f65-af96-9aaeca6036a7_1.mp3,audio/jazz/83a14d20-c228-4f65-af96-9aaeca6036a7_2.mp3,jazz,2026-05-25T22:07:41.834910+00:00,2026-05-25T22:10:21.473129+00:00,
1a82ce56-0a69-4f8b-9f56-1f9f3a7b5a92,jazz,smooth jazz,"smooth jazz, meditative atmosphere, featuring flute and rhythm section","jazz, guitar, bossa nova",chirp-v4-5+,done,4b515fcd-2115-48d7-8878-50b402ab6b44,a8cae11e-ad2d-482c-9005-051ff4bc4d40,ac60a8f9-22df-4e63-ad61-6187f29016e4,https://cdn.ttapi.io/suno/20260525/a6ae24d8455b4354a6d6f1d786786be9.mp3,https://cdn.ttapi.io/suno/20260525/e8ffd49cc7de48c6b4bedc48b390a3df.mp3,audio/jazz/1a82ce56-0a69-4f8b-9f56-1f9f3a7b5a92_1.mp3,audio/jazz/1a82ce56-0a69-4f8b-9f56-1f9f3a7b5a92_2.mp3,jazz,2026-05-25T22:08:04.225649+00:00,2026-05-25T22:09:42.482677+00:00,
4fc0d8ce-ec56-4a31-8705-19b8380cdb15,jazz,hard bop,"hard bop jazz, meditative atmosphere, featuring flute and rhythm section","jazz, fusion, electric",chirp-v4-5+,done,d9e7dc98-8bdc-4b1e-b142-c83b8e2eaa8f,719436d4-9da1-4636-8bb6-7c0ee3455a1d,ab3fc144-351f-46b3-8cd7-57e4561cab03,https://cdn.ttapi.io/suno/20260525/2e5f0c09f0964b6cbe409d593a2996f3.mp3,https://cdn.ttapi.io/suno/20260525/ad6098592f844d2788b7703a6fa994c9.mp3,audio/jazz/4fc0d8ce-ec56-4a31-8705-19b8380cdb15_1.mp3,audio/jazz/4fc0d8ce-ec56-4a31-8705-19b8380cdb15_2.mp3,jazz,2026-05-25T22:08:05.534855+00:00,2026-05-25T22:09:42.648909+00:00,
b27bb023-2956-41dc-b0e7-18ddaa9a2e12,jazz,free jazz,"free jazz, meditative atmosphere, featuring flute and rhythm section","jazz, saxophone, piano",chirp-v4-5+,done,1237f59f-ccfe-4d35-beb0-cc1b002df6fa,9eb08188-e000-40ee-9bd2-47fee851f052,d57138ff-6cbe-4b81-8b62-bb8bd3d7b876,https://cdn.ttapi.io/suno/20260525/b65d48fe5794456295884e176aad65eb.mp3,https://cdn.ttapi.io/suno/20260525/8343b40d25174d0aac0b9099d85530a6.mp3,audio/jazz/b27bb023-2956-41dc-b0e7-18ddaa9a2e12_1.mp3,audio/jazz/b27bb023-2956-41dc-b0e7-18ddaa9a2e12_2.mp3,jazz,2026-05-25T22:08:06.823619+00:00,2026-05-25T22:11:02.829878+00:00,
0336a12c-2ab1-43a6-90c1-58ba7205dbaa,jazz,latin jazz,"latin jazz, meditative atmosphere, featuring flute and rhythm section","jazz, trumpet, swing",chirp-v4-5+,done,2d140b4b-964e-455c-9463-2a7893dd0e93,ea200fca-ec41-4923-afb7-74966a973be8,57b6232a-6760-4bcd-a02d-722a80d9ff0d,https://cdn.ttapi.io/suno/20260525/2b7b848a7e234e29a7f97ab95389938b.mp3,https://cdn.ttapi.io/suno/20260525/0ff1107c6c9746f2b730661b5014cbed.mp3,audio/jazz/0336a12c-2ab1-43a6-90c1-58ba7205dbaa_1.mp3,audio/jazz/0336a12c-2ab1-43a6-90c1-58ba7205dbaa_2.mp3,jazz,2026-05-25T22:08:08.095748+00:00,2026-05-25T22:10:02.756102+00:00,
8a5e3afe-a365-409a-b27e-059a946e0bfd,jazz,swing,"swing jazz, meditative atmosphere, featuring flute and rhythm section","jazz, bass, drums",chirp-v4-5+,done,8a33b70a-c1c8-43a6-9228-666ba070242c,cdc211f5-2407-4eb4-88fd-92e9bcd3b4e7,0f23edbe-caa2-4153-a906-384171897f8d,https://cdn.ttapi.io/suno/20260525/5fca672f5870465ba90c9c9e8cd49f0c.mp3,https://cdn.ttapi.io/suno/20260525/fe510398e106482c972c96c859bb42ab.mp3,audio/jazz/8a5e3afe-a365-409a-b27e-059a946e0bfd_1.mp3,audio/jazz/8a5e3afe-a365-409a-b27e-059a946e0bfd_2.mp3,jazz,2026-05-25T22:08:09.371366+00:00,2026-05-25T22:09:47.270315+00:00,
0f45bd78-9e49-4aa4-b554-bf6c68dee58d,jazz,modal jazz,"modal jazz, meditative atmosphere, featuring flute and rhythm section","jazz, guitar, bossa nova",chirp-v4-5+,done,e880de60-b5ee-40eb-b8d2-9b179e97c1de,bdd044c9-0034-4639-8e6a-d4a456337cba,94cca792-5153-449d-8514-bbc4354c2fdf,https://cdn.ttapi.io/suno/20260525/ec575b03b07b4a179fa7ba27765f4bfb.mp3,https://cdn.ttapi.io/suno/20260525/9df37396251540ffa4277990463def48.mp3,audio/jazz/0f45bd78-9e49-4aa4-b554-bf6c68dee58d_1.mp3,audio/jazz/0f45bd78-9e49-4aa4-b554-bf6c68dee58d_2.mp3,jazz,2026-05-25T22:08:15.344159+00:00,2026-05-25T22:10:02.917943+00:00,
145ddf02-2504-4c37-9e94-2a8cb925524c,jazz,post-bop,"post-bop jazz, meditative atmosphere, featuring flute and rhythm section","jazz, fusion, electric",chirp-v4-5+,done,f9ccd9e4-1640-4de0-b9d8-c168893c9abf,0715318c-8cfb-4a07-8871-2a6cecaee4c4,f5f827b8-f57a-4d8b-9cdc-f12cb8f8051a,https://cdn.ttapi.io/suno/20260525/89e22127df2c46bdbfdad9bff4cc2c78.mp3,https://cdn.ttapi.io/suno/20260525/6b73edfcbedc4e6db3eee6f7621f5930.mp3,audio/jazz/145ddf02-2504-4c37-9e94-2a8cb925524c_1.mp3,audio/jazz/145ddf02-2504-4c37-9e94-2a8cb925524c_2.mp3,jazz,2026-05-25T22:08:16.558101+00:00,2026-05-25T22:10:03.034899+00:00,
3e1c7342-cb34-4237-aa63-5eef5220f78c,jazz,bebop,"bebop jazz, playful atmosphere, featuring flute and rhythm section","jazz, saxophone, piano",chirp-v4-5+,done,a055f74a-eb3c-4f41-90e5-e3213e26855c,1500f78f-74a3-4d73-b22f-85dc9788408d,e652aaed-d811-4fec-8af3-da9887a3a557,https://cdn.ttapi.io/suno/20260525/9a6c12f12e254e8cb6225544ea5c3d97.mp3,https://cdn.ttapi.io/suno/20260525/d9eff1e33dc14d29ad2da3ee1acecfd8.mp3,audio/jazz/3e1c7342-cb34-4237-aa63-5eef5220f78c_1.mp3,audio/jazz/3e1c7342-cb34-4237-aa63-5eef5220f78c_2.mp3,jazz,2026-05-25T22:08:22.906983+00:00,2026-05-25T22:09:26.845818+00:00,
3706a41c-ac87-46b9-86bd-970608eec2ec,jazz,cool jazz,"cool jazz, playful atmosphere, featuring flute and rhythm section","jazz, trumpet, swing",chirp-v4-5+,done,fc78d1b7-3bdc-493e-8535-31e6afbe58cc,262a7c3a-0991-4b8b-9a8c-433eb6068f3e,2e3c310c-1916-4aa0-9251-84f44eb0230f,https://cdn.ttapi.io/suno/20260525/d78544dadd6048a4b6bad59c06975b2c.mp3,https://cdn.ttapi.io/suno/20260525/c09abeff11bb4305868941cc09b30745.mp3,audio/jazz/3706a41c-ac87-46b9-86bd-970608eec2ec_1.mp3,audio/jazz/3706a41c-ac87-46b9-86bd-970608eec2ec_2.mp3,jazz,2026-05-25T22:08:45.328748+00:00,2026-05-25T22:10:07.136215+00:00,
45521bea-dd48-4761-b89c-a5cafef115ea,jazz,fusion,"fusion jazz, playful atmosphere, featuring flute and rhythm section","jazz, bass, drums",chirp-v4-5+,done,04f7f381-282e-4cf5-939a-f0a0983b4f1c,c7429bdc-fe76-4861-9f18-943942ec82e3,28a9d10f-355b-49d5-8823-43d3a316a92c,https://cdn.ttapi.io/suno/20260525/92c2a9a53ace42e2b48ace86812fc9f1.mp3,https://cdn.ttapi.io/suno/20260525/2a3eb9efd887456c93cf6eb0d5d67e9a.mp3,audio/jazz/45521bea-dd48-4761-b89c-a5cafef115ea_1.mp3,audio/jazz/45521bea-dd48-4761-b89c-a5cafef115ea_2.mp3,jazz,2026-05-25T22:08:46.621114+00:00,2026-05-25T22:10:07.313665+00:00,
2bf8ae9f-cac7-4df6-8642-7a1e144ba191,jazz,smooth jazz,"smooth jazz, playful atmosphere, featuring flute and rhythm section","jazz, guitar, bossa nova",chirp-v4-5+,done,12dfa358-e356-4ccb-832e-64f49f547cf8,cecb7bb5-cdc5-4aff-b241-03562b7df3f6,d4a0fe7b-72d7-44f8-8d59-960f33776a94,https://cdn.ttapi.io/suno/20260525/da4881d17db74dccb2a199fbe74d7331.mp3,https://cdn.ttapi.io/suno/20260525/988cfa94deb44af286a82ad34431d109.mp3,audio/jazz/2bf8ae9f-cac7-4df6-8642-7a1e144ba191_1.mp3,audio/jazz/2bf8ae9f-cac7-4df6-8642-7a1e144ba191_2.mp3,jazz,2026-05-25T22:08:47.911799+00:00,2026-05-25T22:10:25.539930+00:00,
a265ea9d-80b6-4e8d-b550-1da8b89e71c2,jazz,hard bop,"hard bop jazz, playful atmosphere, featuring flute and rhythm section","jazz, fusion, electric",chirp-v4-5+,done,77d88d35-3acc-4167-8f25-ad3c52a42633,ca50eaa0-dab2-4fad-b5c0-76500267178b,cbe9fce6-00b0-4be8-b66c-3c403483959b,https://cdn.ttapi.io/suno/20260525/e6a10dccc5b748289e9ecf906adfe0cf.mp3,https://cdn.ttapi.io/suno/20260525/1300bdbfb03f4f99a2a4602ba8dcc56f.mp3,audio/jazz/a265ea9d-80b6-4e8d-b550-1da8b89e71c2_1.mp3,audio/jazz/a265ea9d-80b6-4e8d-b550-1da8b89e71c2_2.mp3,jazz,2026-05-25T22:08:49.220403+00:00,2026-05-25T22:10:21.842078+00:00,
85f06ecb-6f6b-4cbf-98b6-963cdc51a41a,jazz,free jazz,"free jazz, playful atmosphere, featuring flute and rhythm section","jazz, saxophone, piano",chirp-v4-5+,done,461b13a1-2da4-4ab5-94cd-672dcb5c9cc5,9a2d2e3e-26dd-4bc9-a7e3-98c41d43532b,52ee1861-afe5-46d8-ae8e-14f4a2431832,https://cdn.ttapi.io/suno/20260525/79f802bed8254dec84a6de5d40268160.mp3,https://cdn.ttapi.io/suno/20260525/c0099fef2a55421192fb8b0ed7c90927.mp3,audio/jazz/85f06ecb-6f6b-4cbf-98b6-963cdc51a41a_1.mp3,audio/jazz/85f06ecb-6f6b-4cbf-98b6-963cdc51a41a_2.mp3,jazz,2026-05-25T22:08:50.505961+00:00,2026-05-25T22:10:03.522958+00:00,
389379f6-9cb0-4fc6-af02-cae73b917492,jazz,latin jazz,"latin jazz, playful atmosphere, featuring flute and rhythm section","jazz, trumpet, swing",chirp-v4-5+,done,dba9c90b-5370-48a5-a88a-150c2010ae89,6c84990d-afdc-4716-ad1b-870cc1d62e3c,d78b8882-60ef-4cb4-b037-1227d11282bc,https://cdn.ttapi.io/suno/20260525/bfd8e1ac38494d83b851b262494663a2.mp3,https://cdn.ttapi.io/suno/20260525/f1f68e2eac404c33aac36a3b64b1ccb9.mp3,audio/jazz/389379f6-9cb0-4fc6-af02-cae73b917492_1.mp3,audio/jazz/389379f6-9cb0-4fc6-af02-cae73b917492_2.mp3,jazz,2026-05-25T22:08:56.391570+00:00,2026-05-25T22:10:39.141004+00:00,
3e4a9621-e42d-41c1-952b-4f059102607d,jazz,swing,"swing jazz, playful atmosphere, featuring flute and rhythm section","jazz, bass, drums",chirp-v4-5+,done,d82b2e62-a163-4478-80a3-aac084003024,395e87d0-37a3-4f93-8320-4abab5e9bba2,fb35f79d-8f25-4aa2-9e83-c1953335ec55,https://cdn.ttapi.io/suno/20260525/267103df730d43cf8f9477c07dc490b8.mp3,https://cdn.ttapi.io/suno/20260525/9588a473c54f43a7adc11a4b22eca261.mp3,audio/jazz/3e4a9621-e42d-41c1-952b-4f059102607d_1.mp3,audio/jazz/3e4a9621-e42d-41c1-952b-4f059102607d_2.mp3,jazz,2026-05-25T22:09:02.450963+00:00,2026-05-25T22:10:07.712239+00:00,
b6d905d8-e5a7-49e4-9208-1cf4d8a12aa8,jazz,modal jazz,"modal jazz, playful atmosphere, featuring flute and rhythm section","jazz, guitar, bossa nova",chirp-v4-5+,done,caa17cff-b7fb-4f81-8226-dd9e1a9f0b8b,fce5f673-2499-4c72-b7a3-bc9ee0968bd7,f39f8d27-0be2-4332-bf09-ab4c881bcc17,https://cdn.ttapi.io/suno/20260525/3ce5635c539d4cb0b275b8c71878b4a0.mp3,https://cdn.ttapi.io/suno/20260525/7cf0ae58442d4a6da84d072ee99cac35.mp3,audio/jazz/b6d905d8-e5a7-49e4-9208-1cf4d8a12aa8_1.mp3,audio/jazz/b6d905d8-e5a7-49e4-9208-1cf4d8a12aa8_2.mp3,jazz,2026-05-25T22:09:03.783348+00:00,2026-05-25T22:10:25.751213+00:00,
7d930e8f-1611-4f0b-a5c4-3a38376ae92d,jazz,post-bop,"post-bop jazz, playful atmosphere, featuring flute and rhythm section","jazz, fusion, electric",chirp-v4-5+,done,30204432-c31e-4d35-9efe-0271ca3f6eef,34720eee-fb85-4c95-abde-8fa65f81e9f9,33ccea99-5748-4383-860c-bc8eba415beb,https://cdn.ttapi.io/suno/20260525/7e1426acff49423b8a573f88563870e7.mp3,https://cdn.ttapi.io/suno/20260525/347ee54d0f9349dbbf26c96c0cf96e0a.mp3,audio/jazz/7d930e8f-1611-4f0b-a5c4-3a38376ae92d_1.mp3,audio/jazz/7d930e8f-1611-4f0b-a5c4-3a38376ae92d_2.mp3,jazz,2026-05-25T22:09:11.719670+00:00,2026-05-25T22:10:25.857472+00:00,
