audio_id,genre
suno_33c7124c-cf07-4e96-ba68-d4f7674e65a2_2,pop
suno_200fa406-3616-4e10-94f2-f77f0b29b400_1,rock
suno_abcfc944-8a95-461f-9bc5-5976f8a6c307_1,jazz
suno_8d0432b3-a05d-4d34-93bc-52abd8b5e41b_2,hiphop
suno_2ff71aac-1efb-4c25-a66a-379dedd7018e_2,hiphop
suno_b747b320-3efc-421f-a97e-581df0c0442e_1,hiphop
suno_9b3fe72c-e852-4da5-b0ad-8cf32818f1db_2,pop
suno_3c3fba14-676f-44bd-afce-6d7567d6ee0f_1,blues
suno_8f4e5dc4-ce8a-4829-9c24-1058c0e8bf99_1,blues
suno_0bda195b-4292-4505-ada4-ece737fc02a8_2,blues
suno_85f06ecb-6f6b-4cbf-98b6-963cdc51a41a_2,jazz
suno_e6641c34-fa0e-49cd-a545-4053d26bcb3d_1,electronic
suno_f17d4eff-e245-4ef2-9732-6d3c56ab64cc_2,rock
suno_48112200-8ecc-492b-b955-b91dbf6e966f_2,electronic
suno_fb24d2cd-20ec-4aba-9cd1-d56b0b81a261_2,classical
suno_e1ae4ac1-5b04-4d4b-ab2e-248f3e76b19d_1,blues
suno_4b02d3ce-8de5-497a-b744-cb179121b09c_2,electronic
suno_8dbdd972-7ae0-4281-b6a0-f1546aaa9291_2,country
suno_8daf129b-d5ad-4090-a249-67d5c3e07835_2,pop
suno_2a52e8e3-07d9-4264-9454-dd207a43504f_1,pop
suno_07750bbd-eaac-4391-9283-a0b99f54ea90_1,classical
suno_3397511d-f0c2-4a57-90e0-15e7b041f0d3_2,hiphop
suno_fcaafe90-fbda-488e-af33-70a7f6a023f4_1,hiphop
suno_96dbfc4f-fa25-41eb-a1d4-ab3ecc414c84_1,classical
suno_df718e07-29fa-4d74-8439-39a6ec6f7626_2,electronic
suno_7d8b6678-a72f-4180-80e9-09f0c80ae371_1,hiphop
suno_f642a8d7-0eeb-435c-a44c-b2df19e15403_2,classical
suno_5a172aac-d18c-4283-a4dd-346685ef58b2_1,electronic
suno_aba491d6-d3ac-4de1-b4d4-05888e446c27_2,pop
suno_aa38df63-f8ea-40ff-a83f-91bbb7d058f0_1,pop
suno_5f9585a7-122d-4437-aef7-b2103a1ab572_1,pop
suno_76d427c6-7789-486c-bd93-bb35e06fe362_2,hiphop
suno_e366d7d4-642d-404b-8363-e24ae8b0f6f3_2,electronic
suno_e9e6d892-f9b8-43f1-91af-ab4ad5414e70_2,country
suno_d6061678-9977-4362-b2c1-bda77f2ce4f7_2,pop
suno_264068af-82c3-46c3-9d76-f39b589b9396_2,pop
suno_5a172aac-d18c-4283-a4dd-346685ef58b2_2,electronic
suno_0b903c4f-0e47-43a6-8838-99491c1a813b_1,rock
suno_e60f2492-b25c-43b7-9d7d-e7cb070eff5f_1,electronic
suno_70c70f80-1a56-4dde-a97e-792114e99de0_1,country
suno_525b4ebf-c7f7-4d30-9c8c-66d649f1285b_1,country
suno_cabf05c8-6d67-409a-9ecc-f835d207e90e_1,pop
suno_783777ce-b875-4923-8609-512f2c841227_2,electronic
suno_6314f35a-be9c-4d69-8b16-387dbcf5008e_2,blues
suno_40484e22-eac1-4e92-8732-53e71f19792b_1,classical
suno_152d8adb-6a73-42f3-b5e8-59c01ce4555d_1,electronic
suno_0deb3be1-ec09-4996-81bd-09132dce5397_2,classical
suno_cf622736-c0a0-4541-9d13-3ab4a465ea14_1,electronic
suno_535f9758-75d3-4981-8680-d0f604b4d433_2,rock
suno_aeff74b4-a8ce-4af2-8ecc-a3212a2d1024_2,jazz
suno_6ed1a3c2-7eaa-4d29-866f-10ffd2094b48_1,classical
suno_5c7bc46a-6f6c-437f-8894-cf1cfa34ab45_2,blues
suno_58991407-5827-4179-9439-9e3751e26f81_1,blues
suno_63d1ce43-87a9-4bc5-94aa-defa58d6c397_2,blues
suno_0da4a125-3576-4b66-a9b7-15835fdac093_2,hiphop
suno_707941ad-70ab-426d-885a-6b1d4ae9860c_2,rock
suno_8bcea19b-7c6c-4d0b-adb3-da41a7fabdbb_2,rock
suno_0043006b-2721-4b40-90ea-c2c1a1ef5c34_2,pop
suno_26213a81-4dfc-4a2d-b5e9-3b23dc7d17d8_2,classical
suno_b8aad0fd-2529-4ca3-b285-2f6d2e4592ae_2,pop
suno_311376ff-3e07-47b1-973f-08d64f05945e_1,rock
suno_744f48d6-5ee3-49b4-bd46-b49ecca80263_1,blues
suno_09848c16-8e78-494f-a01a-b3caeec26991_1,classical
suno_edf94cf1-58d5-4535-a193-0bbcffe6c735_1,jazz
suno_1efaf9b5-ba54-49c8-a081-092dac56dcdf_2,country
suno_f05efd8b-497c-4741-b307-af2ebe7165f5_1,classical
suno_476042c3-41ab-4f79-ad67-750d4124872e_2,jazz
suno_380ccf0b-2ca7-4883-b054-cf1965eca071_1,country
suno_48361f6a-6ead-4416-9b69-7bbf7050256d_2,classical
suno_254f6124-583d-4372-b480-3112b7ee2d41_1,jazz
suno_df43d14e-07e6-4113-b6cb-6682262f99d1_1,rock
suno_5a53f5d4-5172-4886-9eb7-f401332eaebb_1,pop
suno_857d1ee3-ac9a-4667-bd81-0b428743db7c_2,hiphop
suno_d349f27f-3fe4-42be-ace8-e49fc4090ebd_2,country
suno_4b88fa42-25e8-478d-8b48-f8be5d1f4cea_2,hiphop
suno_efe1d736-2655-4ceb-8fe3-2edf81a00871_2,pop
suno_aa35e483-54d0-4dbb-843c-d6d4d9a35c32_2,classical
suno_c00a1965-7ef3-4e5d-a546-ad1d28169b3a_1,classical
suno_8bb1c3e0-5d9f-465c-9998-5411861245ec_1,rock
suno_2cea6303-e9a5-47d1-b270-73379d479f9e_1,pop
suno_bd1a2fb5-996d-44b1-877f-68ffcbe73648_1,blues
suno_e44b1546-01e3-4a32-a706-604142f5d585_1,classical
suno_328935a3-c998-4c5f-a7c6-b6be57ec370a_1,classical
suno_15083fc2-9098-4d37-a14f-f427fafdbbd8_2,electronic
suno_a4c5ecb9-3bd2-4de6-9e34-c43ac578f1f6_2,classical
suno_51f76ab9-9eff-4cb6-829c-922730be2eec_2,jazz
suno_f4946eee-5dc8-462a-abea-f82c7cfec399_1,pop
suno_7231f506-7906-4e1a-ad18-43321a8fc807_1,rock
suno_15e2f08a-cb75-4981-9e2b-098542cf5467_1,classical
suno_13063e51-e8ca-49be-987d-648cf41f4ffd_2,hiphop
suno_f0f3b30c-ea58-485a-89fe-d8ab5105205a_2,rock
suno_878634cb-7b9a-4806-a16b-28a827a52366_2,classical
suno_6bac0c3d-598d-4676-a4f1-4dea66c327fb_1,classical
suno_67eab2a6-7acb-4aa3-8901-557a002167b3_2,electronic
suno_b747b320-3efc-421f-a97e-581df0c0442e_2,hiphop
suno_b280da68-cdcc-4903-b7e8-bafd31b32552_2,pop
suno_536431eb-5724-4892-bef6-4fed0a4bb141_1,jazz
suno_3a313187-c671-4421-b41d-4c6e6a29abfe_2,jazz
suno_719f8e33-4700-415a-8d63-2406e4a7bcdd_2,electronic
suno_8bb1c3e0-5d9f-465c-9998-5411861245ec_2,rock
suno_ebc452fe-f2c8-4b98-9f3e-ead28369f3e3_1,classical
suno_7365d1e9-00b6-4635-b08d-9a1c95786b54_1,rock
suno_1d3f9f65-e84b-4833-9b6b-8f94faf64187_1,blues
suno_602347aa-c032-43d2-bbf5-6c8ffc71886d_2,jazz
suno_8e7eff7d-9b97-4c1e-a02b-c0c4c4a08557_1,rock
suno_d985a9d0-9308-4b73-85e7-dead30904834_1,blues
suno_791835fd-6b71-4b65-81f4-f082d7341f9d_1,hiphop
suno_22e70dc0-3bb0-4901-840e-a8dd45e4436d_1,hiphop
suno_bcdc5f61-8b37-418b-8d6c-2f97b2acc21b_2,classical
suno_45a45f0f-dbf5-400d-8dfa-ba6e50d1d9ad_2,hiphop
suno_33c7124c-cf07-4e96-ba68-d4f7674e65a2_1,pop
suno_98f8d279-c375-40de-bc5e-20ab50c30476_1,classical
suno_169cccf5-ac02-4f40-aec9-0b955fbb52d1_2,rock
suno_0f6b37e7-18ed-4cc1-90a3-47bb69921c7f_1,hiphop
suno_1a5a4953-5d2b-4caf-8259-5849ea631ffc_2,hiphop
suno_749516e7-ff87-42c6-9d5a-095a40f0af48_2,pop
suno_5ed64eab-a18d-4232-acbd-5aed616efa50_1,pop
suno_0a19b4a4-03cc-400f-9e0f-4b8fca27a01a_2,country
suno_135a59dc-98b3-41c1-922f-63f1dbdf0e3a_2,country
suno_20c00873-85e2-458b-bc71-d23c5af647ed_2,electronic
suno_cfe6c084-b309-4202-8620-e6450ba9de76_1,hiphop
suno_2a7b3ea4-a343-4a6f-b1f2-93b498a563f5_2,blues
suno_87ed59bb-5a97-4103-bde2-720b013adb09_1,classical
suno_f71ab764-a7bf-4298-aa5e-01b8aea31f40_1,hiphop
suno_e978f61d-159f-459c-a7c2-a696f1cb94cf_2,classical
suno_35f762c7-b264-41f1-b839-2c033e00273d_2,pop
suno_447cf130-1201-4f55-bf9d-99f80211a362_1,pop
suno_cb9101a3-ae9b-47bf-8a1c-5105a5fc2a2f_1,rock
suno_f5050912-dfab-4b23-8939-1b1d5c42337e_2,classical
suno_6f4c9a02-2bd6-4f34-97c0-c26f66c7c5ba_2,country
suno_95e8d7c3-1750-4745-86cc-2d9301acd7a2_2,country
suno_24807156-c471-4b43-b43f-4238600183e3_2,blues
suno_0d9c02ba-e90d-4601-bd95-4cc6ba8009a9_1,classical
suno_52bef3fe-03a1-4893-a9d1-357c389c7176_2,hiphop
suno_b77af2a2-ef3f-4dd9-817f-6b606a9e641a_2,electronic
suno_9d8966d8-b03c-4b90-a630-5e7c69de34a3_1,pop
suno_4751c927-448b-4895-a8fa-6e8b6d1658fb_2,jazz
suno_00d1f477-e58b-4847-906a-95ee0e34a12f_1,country
suno_c388a7ae-8366-4f38-bb39-ef16e8337a61_2,rock
suno_06de51be-cb97-494b-87bd-3bf527391e4f_1,pop
suno_07af0f97-d0b0-4c54-92a9-8d6284200c1f_2,jazz
suno_d82e74f2-aae1-40bc-a405-82df2c3840d5_1,rock
suno_151a615a-7279-4967-b475-9af3f55e1201_2,rock
suno_1007dbc3-94c9-4858-9f18-f7a3fe48544a_2,rock
suno_00e04ac4-e825-4553-8943-b7def7c4411e_2,hiphop
suno_77995982-b905-47e1-8c40-d1f22d7bab6c_2,hiphop
suno_357c83c4-9ec1-4b63-a642-2069c8603e03_1,hiphop
suno_0e4f80b8-df21-42e5-a441-5c8fe458746b_1,classical
suno_291cc0bc-27e2-4afa-8af7-8981e64985b3_1,pop
suno_54eca254-66dd-4d84-99a1-4bd7bf291d36_1,classical
suno_11826ce7-f25a-4cf4-b3e8-44fef978e857_2,pop
suno_cfe6c084-b309-4202-8620-e6450ba9de76_2,hiphop
suno_b2425315-e26e-4dc6-be0d-8061a92a6263_1,jazz
suno_3071d642-1190-4c6d-ade5-41735cd70ba9_1,electronic
suno_e3d63426-88a9-450f-9c0a-3788b8d9659e_2,hiphop
suno_dee74f21-dbda-4197-a516-54e3bd3178ec_1,country
suno_bb675f96-5e2c-406a-815d-92a88718d1bd_1,electronic
suno_e199bfab-e9ef-45c6-b398-5923230c958e_2,electronic
suno_91b3af60-f18d-4c14-b5ed-237e5bbdd227_1,blues
suno_df96860d-c584-4a9e-aa8f-0363485c8795_2,rock
suno_2fadbc8d-88a0-45ca-bab3-7608f1cc1727_1,country
suno_7db1523d-bbed-406a-9feb-4eb926b79756_1,blues
suno_7e7077e3-cc3e-4cb9-a894-f2a3baee513a_2,rock
suno_33bb2cf6-1f6b-4769-b89e-173025965ba2_2,rock
suno_565a146c-84ac-4491-b576-57a32a6b5918_2,blues
suno_2eb4c673-4a70-4fbc-a81b-358a8df53d34_2,blues
suno_b72c9b64-c053-4244-bc92-1411746ee86b_2,rock
suno_4dd35fbf-d44a-4ae0-951b-29e19d05d03c_2,classical
suno_12f2ca6a-a02e-4477-929c-92e4908e9b2f_2,rock
suno_380ccf0b-2ca7-4883-b054-cf1965eca071_2,country
suno_c1dac4aa-de47-42fa-a803-4c89623198f4_2,country
suno_b9f3e5bd-cbe6-4b52-92e3-939c1a64f483_2,electronic
suno_84c797c5-ce50-4a7b-91e8-af0a2162dcec_2,blues
suno_1960c6a6-6ad4-4f2a-8c6a-8af2d91286c7_1,hiphop
suno_3c52b7c5-a50a-4284-902c-5e78785b14fb_1,pop
suno_47e694a2-a5b2-485f-82fa-64988fbed816_2,rock
suno_001bf932-68b6-47fe-8454-ae0ab991b459_1,hiphop
suno_88ab4e81-d842-4985-8df8-8f75e0d89931_1,rock
suno_6417cd13-74a3-4a92-883c-360dde69b834_2,pop
suno_54ebbd18-dda5-4d6d-822b-990c9de9ffc8_1,rock
suno_7e3a06f9-7732-4fb1-b5ab-ae9c44b52866_1,electronic
suno_a126ab01-401e-4cb9-8d3f-5b034f1acccb_2,electronic
suno_c97958b7-f909-43e3-b377-095bec1a7cff_2,hiphop
suno_ef4e89b6-bbd8-420d-b3c6-4111a34f1499_1,jazz
suno_49524497-d544-41a7-91ab-f1a7c139f7ec_1,jazz
suno_472dde95-1bf8-4a25-a219-4e12c673b83d_1,rock
suno_84c76fc6-7d53-4bbb-9b21-609974191841_2,electronic
suno_dcfbefcf-b2b9-4cd7-a4e2-ffe599e84c10_1,jazz
suno_64f2c769-dfeb-4acc-b36b-81046561e8e6_1,country
suno_37e74e10-0b15-489a-a9ef-47fc5366264d_1,jazz
suno_68e5d14b-b86d-4f71-be98-d0c9e2470227_2,classical
suno_1ec12402-9f40-492f-9eed-117b2fffa651_1,hiphop
suno_1fbe9dae-da6e-4284-8915-7f731948d50a_1,pop
suno_ca66ee72-d479-47b4-af3d-9bbd852bf905_2,electronic
suno_4f5926d2-8ad5-42f2-984d-7b45284681ed_2,blues
suno_f69319a8-4ec9-430e-b9f0-94800dcb1eed_2,jazz
suno_be6c5f39-ebf9-4836-8c53-b88565791d74_1,pop
suno_cfcf5264-6390-4a7b-9a42-87040d98f7d8_2,jazz
suno_7492f740-1153-4d31-9344-dbf130f8f2b4_1,blues
suno_157f0298-918c-4409-a6b6-dd4d40280f04_2,blues
suno_70bb94fb-28e3-4edc-8627-c55ecbe2efef_1,blues
suno_9533be16-8578-4a33-8ea1-b4cd7c8857ae_2,hiphop
suno_e00ec832-ecef-42f1-a078-eab83756100a_1,rock
suno_d84c4bae-883a-4002-8e44-990fd0346032_1,pop
suno_4996b9cd-e243-4cbc-81f5-9ac6e968c372_2,blues
suno_5bd0d2c1-38ca-4ef4-bf85-6661f57af403_1,pop
suno_6bac0c3d-598d-4676-a4f1-4dea66c327fb_2,classical
suno_e7691956-2f25-4e7b-aa30-60382bd20586_2,pop
suno_55c87ca5-344f-45c0-be61-e1cdae1b31e3_2,classical
suno_3aa25cb9-161b-40b9-996a-0d0320fdae48_2,rock
suno_f753d46c-6ca5-48b1-ade5-5d22b6682a80_1,rock
suno_e8f35dc2-4085-4666-9eae-ce0ebd601d7d_2,hiphop
suno_d36f9ec5-6e34-4ee0-ac84-df1a405b39d6_2,jazz
suno_1eabc4e5-ff99-46aa-964e-d5c27e652e89_1,pop
suno_770bb1db-089e-4bac-b809-edba2a1ae79a_1,blues
suno_56c9d2cf-2836-47b2-9fcf-80b436ec094c_1,jazz
suno_ae0ad733-e16a-426a-af25-44ec7d17152b_1,jazz
suno_2d839162-9585-4e06-bc26-0b48b998bca2_2,electronic
suno_00bafd59-efe7-4f7b-8089-e701eae74e44_1,jazz
suno_a019b57a-14d7-4917-aed6-220836b140ab_1,classical
suno_87df6960-7da3-4a50-b4be-e8fc306c1682_1,hiphop
suno_15083fc2-9098-4d37-a14f-f427fafdbbd8_1,electronic
suno_7cf3f309-b2fe-4ecd-aa20-9fdd2eb84b91_1,classical
suno_7ff77716-5e9d-4b7b-a0f3-e212a650e977_2,hiphop
suno_e1e0dcf5-2a65-4c3b-a03e-4141460e0835_1,classical
suno_9f9cba18-37cb-4dd3-910c-0fc6e23b249f_2,hiphop
suno_2b2144ac-8af6-40a8-871e-b64a11debbc9_1,electronic
suno_948c14a3-b54f-43d1-98df-ea580ed8ab87_1,jazz
suno_d235772c-6761-4010-ae01-235271acf6e9_2,classical
suno_16f48ca9-d67d-408f-a6c7-0817b45f1f23_2,country
suno_f916c31e-2c8e-4c22-bf1e-19454d4280ec_1,blues
suno_cafaba4a-51d7-4fbb-a308-e7b8c62b1a92_1,blues
suno_9d64274e-b10d-47ab-8129-b86cc1b958bb_2,electronic
suno_fa29dd94-a02b-48d4-8c34-21cd95739d8f_1,electronic
suno_20f199a1-9de8-498d-909d-bd441020d52d_2,classical
suno_ac672601-053c-40ed-9fb8-d2dc2b7f097c_1,country
suno_e772af52-3540-4ff5-8ec8-64bff91065b2_1,blues
suno_01288d4b-d172-4008-b0c4-c59694d94498_1,pop
suno_cc5e7b54-32b3-45be-bc74-8da7b56ea908_1,blues
suno_3dcc06bc-1667-43a8-914c-96d1dee07cbc_1,pop
suno_77995982-b905-47e1-8c40-d1f22d7bab6c_1,hiphop
suno_b894ec92-2e22-40b4-9155-10101dbbb109_2,classical
suno_7e31d1a0-1ca1-4ec5-999e-c09de8695799_1,pop
suno_51d4c21f-8e8b-4675-abc7-b0dd24b532ff_1,electronic
suno_a4d5e36e-0f52-4b40-a642-a2eed6da966b_1,electronic
suno_f7aba2e3-4a4e-4979-b30e-a39ca9458d93_2,pop
suno_da5d5d70-03a0-4f2c-bada-8a02b276332d_1,blues
suno_81d46ae5-012e-4031-87b0-880192de8514_1,country
suno_357c83c4-9ec1-4b63-a642-2069c8603e03_2,hiphop
suno_3325ffad-dad1-4d1b-ab31-f3285e17ae82_2,pop
suno_bf479e1d-a745-41a1-ad1d-1efe4650e6d0_2,country
suno_a004fd31-2e15-4530-a3b1-e5b739336a6c_2,pop
suno_83aeb9ed-8afb-479e-93e3-4b5188d79786_1,jazz
suno_4bc6c499-0a98-48da-a6bf-2d2b3dbf64d0_2,electronic
suno_0d8d3aac-0ce3-42e4-85da-cf22634458bf_1,jazz
suno_17d7a9c6-0f58-4eb6-b890-40a098051d87_1,electronic
suno_851eb942-79b7-4a19-8f33-de03ea8d6408_2,electronic
suno_bdb978ab-ffb6-49d4-88ee-2ec6226b729f_1,electronic
suno_c2a590aa-e47b-4b02-9a46-1987410b90e5_2,hiphop
suno_e7cc9496-a75d-4669-b146-3db050633a5a_1,jazz
suno_0403ff94-f334-4298-8ee8-0b908f00d98b_1,hiphop
suno_f4814a09-be01-4d02-8a75-91ca46dccd77_1,classical
suno_2f2c67f7-b28a-456d-b357-9cf02ba995ec_1,country
suno_225b8cee-3f8f-4f92-ad4d-f209ba0fc410_1,country
suno_f2396232-811a-42e8-9901-595b9555c0a6_1,jazz
suno_251518a4-0868-40d6-a662-81a8bfe15535_2,rock
suno_e2f4348c-e720-4a89-ba8b-e5a077882893_1,classical
suno_4d3282cf-5035-4780-8338-4c0aeb4eb01c_1,pop
suno_641824e0-64b2-40f4-8929-23587e35acfb_2,country
suno_fbd46dd0-55db-451d-8d0a-f0314b6f7c59_2,classical
suno_80d00050-000d-4c15-9820-9afb151fc9de_1,electronic
suno_7e36e220-ad6a-4c0b-b848-bf628149942e_1,country
suno_372d7ec0-b761-48ca-9894-9f0e47c068a9_1,rock
suno_d74e9ad5-2713-4d23-bfa9-2d8f9a8bebb2_2,jazz
suno_3fafd585-5745-4251-845b-0a062f2897a2_1,classical
suno_6c9620e4-e095-4183-a3db-54f23f2212cc_2,pop
suno_f1a6505a-c7fb-4e49-a784-6dd7db590dba_1,electronic
suno_9cec02ce-0a33-4cbd-b83f-880f8be81c0f_1,rock
suno_e15fede0-9a2d-4fdc-975b-5dafd35a46cd_2,electronic
suno_cfcf5264-6390-4a7b-9a42-87040d98f7d8_1,jazz
suno_96885666-b0eb-425f-b0b3-422a7e2d55d5_1,blues
suno_4317853b-c56e-45df-864a-cc9670a59d38_2,rock
suno_55ca4ea2-2501-4211-9e39-d75bfcc82940_2,classical
suno_fa35ce46-925b-4662-a95b-0115894c37f1_2,electronic
suno_e8443289-55d2-4551-b512-4f28d97912b7_2,country
suno_44792b4c-65a4-4524-bfcb-62ac77d0c355_1,rock
suno_485d855b-674f-4101-8094-5b3a1345a700_2,rock
suno_3557dd75-1407-4dff-a96b-9555f394c0c4_2,pop
suno_3dd4aaa1-5465-4031-9a70-a5f2c3cd4977_1,blues
suno_de27501c-7cd8-403c-8e1b-7c2a3618830f_1,electronic
suno_82d8e147-ef68-4299-bd8d-c4cfe6e9dae3_2,rock
suno_fdd32246-f7c1-430b-98cb-759f5ce35488_1,jazz
suno_3717dbe9-ddcd-4b69-b91a-94ece730fb0a_2,jazz
suno_92722142-a522-45ff-b4c5-55ba99ff9110_2,electronic
suno_c3010176-c748-4650-9ae0-461fff810d47_2,hiphop
suno_5d4faef7-e8ee-4a95-a526-8e84aeb13e86_1,rock
suno_353ce24c-c188-48fc-aa33-45cdc9116ffe_2,blues
suno_50a6020a-92c4-4292-a0ef-2fa72dbeaf37_2,hiphop
suno_0d1bf15d-58b0-48ca-9c58-739a8dbd8559_1,hiphop
suno_74efc95c-5316-443c-8db7-c8246f2c1f13_2,jazz
suno_a4d5e36e-0f52-4b40-a642-a2eed6da966b_2,electronic
suno_00bad091-54a0-42a8-85f9-56559282f03e_2,hiphop
suno_12392e0c-3942-4a60-acf2-371c55a5890c_2,blues
suno_67dfe9a0-0c39-4451-9f10-f02bbd1dc154_2,electronic
suno_1eb6f217-cebd-491d-a332-c889eaa2c3f6_1,pop
suno_9e51371c-4588-4152-aa08-d4b533e351fb_2,hiphop
suno_256cb67a-f60b-42d2-9006-4a42e156ca66_2,rock
suno_836c462b-f875-4552-8d6a-fe5ef4883c32_2,pop
suno_b9370262-4f06-48e1-b32f-b298070b0ae3_2,pop
suno_3031a4e4-1d9a-4d52-922e-ed231b663443_1,pop
suno_662e6262-c05f-46e6-bb07-6f62c2781a42_1,rock
suno_ed44cd60-27e6-4a3c-a165-1bd3915cca28_2,rock
suno_3254da7e-53d1-4d25-9b74-eb737d76f0fb_1,hiphop
suno_b4b46938-5342-4630-bb81-ca6b5f1edc1e_1,pop
suno_4284115e-e7a7-4ec3-a245-c45407b2397f_2,hiphop
suno_7d461a5a-a786-427e-b487-c9a783c967ca_2,classical
suno_1158553b-d8ba-40f7-8a36-cce0408481ef_2,classical
suno_3b4f9a16-466a-4cf6-b67d-8bb5e743f17f_1,electronic
suno_3024bcc4-a4e1-4e3a-9653-d894f0b6bf56_2,hiphop
suno_051ac430-c060-4dc1-9eb8-61c73329f6f5_2,country
suno_21bdd816-1ec0-4388-b890-306205733dd2_2,classical
suno_21c849fa-cd15-4fa7-a4d2-636ce45e553e_1,jazz
suno_9292fa12-c3a1-4ad9-98f9-f5f71b9c38f5_2,electronic
suno_e07769cb-f6f8-421a-bccf-8ef9f2af5c29_1,country
suno_31712a9b-993b-4fa8-ae1d-e34c8cff06e7_1,rock
suno_b7246a9e-a7c8-4afe-8cbb-ddce17bca941_2,jazz
suno_c0bdaf1f-d006-4055-8e89-82f46d976cd4_2,rock
suno_b8e4e5e3-769e-4057-9be7-f60051bab6ac_2,hiphop
suno_f7d6a22b-c7c8-4de8-b2d1-67affc417a6d_2,jazz
suno_1df0bdf9-b16c-4972-8573-ad8dfc06c95e_1,pop
suno_1e17d2c9-9a04-44f3-befd-a7ba128f4f86_1,rock
suno_bd12e1ec-5333-4cce-ab45-154652c01d8d_1,classical
suno_86b164fe-68c0-4fd6-b18c-31088f14367a_1,pop
suno_904d930a-b1d3-4fbd-9f33-34583f55ac30_1,jazz
suno_0bf483e6-29ee-4f5c-bc3c-a53bce9b8113_1,electronic
suno_93eaed63-ed4c-4837-a878-7c94b6669846_1,blues
suno_2a7b3ea4-a343-4a6f-b1f2-93b498a563f5_1,blues
suno_975c9792-40a7-427e-b237-aa3c1c3c5402_2,pop
suno_24f7891f-7b51-4d71-9235-2fe10642094b_2,jazz
suno_3f098d9c-f702-43a4-8608-bfce127f7874_2,hiphop
suno_0f6b37e7-18ed-4cc1-90a3-47bb69921c7f_2,hiphop
suno_7df6a5ed-9546-4cbc-90df-a120dbd86d8b_1,country
suno_b142ad8d-d3c8-4e23-8f94-42d561fc6247_2,rock
suno_302766b6-d16e-4945-ae44-b98c9525a3fe_2,jazz
suno_58991407-5827-4179-9439-9e3751e26f81_2,blues
suno_2b915777-2224-42bc-92ab-cb593b7fe60e_2,jazz
suno_31dd80af-b080-473a-8fef-9f90ff1ce166_1,hiphop
suno_4a094079-738a-4144-abbf-addfef4c038b_1,blues
suno_948c14a3-b54f-43d1-98df-ea580ed8ab87_2,jazz
suno_4b88fa42-25e8-478d-8b48-f8be5d1f4cea_1,hiphop
suno_38df134e-d63c-42d9-bd32-07d90dc28f96_1,hiphop
suno_6cf514af-ea34-4e85-a5e6-f64b46dff235_2,rock
suno_5ac1b273-a57f-4afc-8f8f-47ce5f99f97e_2,pop
suno_2054a9f9-a5e9-49c5-91bd-00a4a27c35f8_2,jazz
suno_39ce995f-02b8-44fd-8298-8b4631c2f854_2,electronic
suno_c85fc2cf-b32b-4c21-b2bf-e0859d14e4af_1,hiphop
suno_876f001d-70bc-4b85-8c38-b8d8ba4c5e9d_1,rock
suno_0bf483e6-29ee-4f5c-bc3c-a53bce9b8113_2,electronic
suno_3e421c94-50a6-4689-a9d9-55d4048985ec_2,blues
suno_22992ec0-04fc-41b6-9196-38bc29ca37bd_1,blues
suno_b87e350c-2308-48e0-b1fb-0f7318cfef15_1,rock
suno_3f19bde4-2b86-44ea-965a-d843673f79e0_1,pop
suno_b90dcabf-9660-44d5-bb4e-1b4433b1998c_2,blues
suno_c08cc5e4-9e1a-44f0-a220-9999c2343d45_2,hiphop
suno_88ab4e81-d842-4985-8df8-8f75e0d89931_2,rock
suno_1ebf327c-27fb-4222-806c-327aaff02c8b_2,hiphop
suno_30bb8b5a-8e29-4f45-9e0c-d885b601dc8c_1,jazz
suno_54eca254-66dd-4d84-99a1-4bd7bf291d36_2,classical
suno_e89d8aeb-6204-493e-a0a5-733c860e3137_2,jazz
suno_d0698176-4618-41f4-9bbf-6f704a2227aa_2,pop
suno_03b93e7e-b962-428e-8780-f5abf55f28ed_1,country
suno_9d233c6b-ec47-4fe3-9971-d240c0b8b970_2,pop
suno_23c3cd2c-ec8d-420c-ae6e-454c4afeb81f_2,electronic
suno_af7dc7ad-f3c5-440d-9ea7-f1d3485ee729_2,jazz
suno_bef0afc0-0a9c-43db-bd56-18c0eec1b351_1,country
suno_e07769cb-f6f8-421a-bccf-8ef9f2af5c29_2,country
suno_12ab5f45-aaba-448d-b739-9d8dab1e087a_1,jazz
suno_707941ad-70ab-426d-885a-6b1d4ae9860c_1,rock
suno_11b648b1-86d1-4d70-992d-5274ea359e40_2,jazz
suno_64e8b219-b7cd-4c76-ac0a-896fbe841693_2,hiphop
suno_9f9cba18-37cb-4dd3-910c-0fc6e23b249f_1,hiphop
suno_f6070125-d65d-455a-b49f-bbeba3732663_2,jazz
suno_8198032c-4c96-4386-929f-3b0513448aa0_1,pop
suno_a004fd31-2e15-4530-a3b1-e5b739336a6c_1,pop
suno_3df80044-aeea-4754-852d-25094a68f49f_2,pop
suno_0c3be6e6-7563-4bb2-ac18-9cf5a117c83b_1,country
suno_a188cf30-4da2-4d75-a5ab-c0676131a909_2,electronic
suno_541add21-8a86-4f63-b79a-b0702b0f4cfb_1,pop
suno_b78ec5b7-b792-40e0-ab61-d47dfbbcee01_1,classical
suno_8b9289db-f931-4dd9-b0f6-02bd78dfcdfd_2,country
suno_47575d99-7db5-49d6-8c16-295614b0474b_2,pop
suno_aa15aa67-55d6-4408-bccc-be5f1230bd0d_1,classical
suno_7c7a46c7-1eda-4786-8ddd-bdd5f0a2dac7_1,blues
suno_9bfef206-eab6-4b5b-b30a-e724668f5172_2,classical
suno_65181a72-40c5-4644-b1f9-bae008d9273a_1,blues
suno_725a1919-4d1e-4183-a752-1e93d0612106_1,hiphop
suno_59b78895-7bb0-4afc-88a9-7110cc0975ad_2,country
suno_ff802887-e408-4448-8672-7d0b38e6cfb1_1,electronic
suno_fe3d3305-3cb4-44ec-bf1b-3a5a6ef23d65_2,rock
suno_9ed04ee8-0ed5-4e8b-9416-fc83e675bd54_1,blues
suno_869c75b5-2801-4aae-ac31-6a7776f772a2_2,blues
suno_d8c9425c-94d1-4906-ac89-dc16e656c0d5_1,rock
suno_92a853c1-a3da-4011-b872-e81b39a7c4f6_2,jazz
suno_5800abdb-8159-473a-bd57-5c2fb6394639_1,country
suno_50d7de36-04f3-4738-b23f-78e6a9209b96_2,jazz
suno_ad0b68bf-b47d-448a-a682-1c6a38135ebe_2,rock
suno_342506e3-537f-499c-b017-caa6c84462c1_2,rock
suno_8c55b581-a894-441f-9230-e05d8bc5446c_1,jazz
suno_71978209-3ed4-4b57-ad42-d58b5b66225d_2,electronic
suno_33486c72-fc4e-4eb2-8ed6-1db15d0c2814_2,blues
suno_40e22d62-1e6e-4193-9286-ec55d368efa9_1,hiphop
suno_89982a84-c788-46cf-97f3-2372967c74a4_2,pop
suno_bb675f96-5e2c-406a-815d-92a88718d1bd_2,electronic
suno_3254da7e-53d1-4d25-9b74-eb737d76f0fb_2,hiphop
suno_32b7fb86-49f8-46fe-9019-924807dcadfd_1,blues
suno_0972e40e-f234-4fa9-93a1-39ac83c6fdd0_1,jazz
suno_b591635e-f9cf-41b0-8c75-486f28782bcd_2,rock
suno_8461bd50-a3e4-46de-8546-e03f70df9fcb_1,blues
suno_50a6020a-92c4-4292-a0ef-2fa72dbeaf37_1,hiphop
suno_1af1dbe3-9153-40de-86e4-1a2b0a26b434_1,rock
suno_6a916ce9-b6b2-40d4-b4df-9a0c3a12af81_1,country
suno_89723fb2-ccb9-4521-a294-3fe9ea42921f_1,rock
suno_d349f27f-3fe4-42be-ace8-e49fc4090ebd_1,country
suno_b5b03a42-e5f3-416f-957e-bdcd620d5449_1,electronic
suno_f677188c-dea5-48f7-a555-d362075300a8_1,classical
suno_1b508933-51b2-462f-a825-045c745ba558_1,jazz
suno_fab9b03b-aac1-45cb-896a-3cd698ddb051_2,pop
suno_725ca375-dfb4-43d8-9614-aceb858bed3c_2,blues
suno_1ec12402-9f40-492f-9eed-117b2fffa651_2,hiphop
suno_30974393-da4e-465b-8b0c-e2beb27341be_2,pop
suno_0d8a1900-61f7-4ae9-bdb6-ccbd27911151_1,hiphop
suno_ee5d2527-c357-419c-ba90-8278113d3da8_1,country
suno_49a52e46-a80b-4d53-b508-49a273ad53a8_2,blues
suno_910a15d1-edd2-4134-adf6-e5b90673e097_2,blues
suno_b4228583-d62d-4754-b126-3a5bf4f2eb4d_1,rock
suno_5edc4fb1-f10f-464d-ac2b-1014556d0829_2,rock
suno_0624a3b0-ba53-4b80-9779-2128016d0e2a_1,electronic
suno_429354d0-ee80-479e-b9e4-81c2ac05f063_2,electronic
suno_0769f111-eec6-4323-b11a-d4ded0d3823c_2,rock
suno_59b78895-7bb0-4afc-88a9-7110cc0975ad_1,country
suno_f6040d1c-21c6-4b48-a0dc-717d04269eb8_2,blues
suno_6098faed-f8c8-4ebd-870f-949a8f3d2316_2,classical
suno_b5b03a42-e5f3-416f-957e-bdcd620d5449_2,electronic
suno_1e62aeab-9ae5-4374-97e7-d850346a2012_2,classical
suno_d98718f2-9830-44cc-9ea0-5e5ecd40b657_2,hiphop
suno_64897f31-6d51-4e19-9147-7e887f6a17e3_1,classical
suno_a479fd3e-dcb1-4b17-94a6-0b71cef3a878_2,classical
suno_b724274f-572f-4190-a277-b26702649507_2,pop
suno_52744fe0-9905-474f-b542-4323300bb426_1,blues
suno_acf25df4-317b-4042-b4ef-f9b8a2758b6f_1,hiphop
suno_eedfbc71-85f3-44e7-90a0-eff6ad88c0d2_1,hiphop
suno_738058ec-ac5f-439a-ac2f-9037e0174bd0_1,jazz
suno_9533be16-8578-4a33-8ea1-b4cd7c8857ae_1,hiphop
suno_541add21-8a86-4f63-b79a-b0702b0f4cfb_2,pop
suno_b26dd969-c36e-4fed-bdfe-a7f4ed13ce35_1,hiphop
suno_84c20d7b-5587-4ddd-9b90-8997a43e0a52_2,jazz
suno_c5c2fb32-f2b3-4cea-a411-bb4db770621e_1,electronic
suno_d6b0af80-556a-4280-b969-9663e4d0ce4f_1,classical
suno_2da4e11e-9c2a-4571-86d7-f77544403833_2,blues
suno_4e79556c-59c5-4cd5-94ee-89bdf8116c14_2,rock
suno_19b83732-d193-44c8-982c-878194a676a9_1,pop
suno_5ef828bc-f77c-43d3-b2c6-689878b16993_2,hiphop
suno_729ab243-01a0-4212-b681-0dce3660f07a_1,country
suno_5f1b0f63-c390-4d19-89ba-aaf993489667_2,country
suno_5c6a45d8-85bd-4077-b17e-f77093b2ce05_2,electronic
suno_901f41c4-6705-4ad0-8ee3-40c4e6416fd2_1,classical
suno_ec7ee914-559e-4cb4-9d64-345f9a763ecb_1,hiphop
suno_2b141324-de90-43fa-9d2b-5c9266e6dc35_1,electronic
suno_4c9447ae-0607-4193-9cdf-c26e04e8e387_1,jazz
suno_ca9cec77-174e-466c-a30a-e51e9c2178c1_2,pop
suno_97d345f0-3c4c-42e9-aaea-fcdc11a3faa6_1,jazz
suno_4c9447ae-0607-4193-9cdf-c26e04e8e387_2,jazz
suno_ef9c36af-0d08-47d5-9b14-25943865a0e0_1,rock
suno_ee2825af-ad97-4975-907d-db4f7631cfef_1,country
suno_d383c11e-549d-469e-a5fd-d2588e3a97f7_2,rock
suno_ea53c117-4b80-4c98-bdb6-6af0cf392b1b_2,blues
suno_1d7e2f0d-147a-4af4-92f7-dd44b43e7db3_1,country
suno_76c2af42-5a9d-48fb-9b4a-23db492ba744_1,classical
suno_6e6187dc-76a1-47bf-9480-a62ce816367e_1,blues
suno_e00ec832-ecef-42f1-a078-eab83756100a_2,rock
suno_d9aa30bc-df43-4271-bcb6-7b324fe0703d_1,jazz
suno_5ef828bc-f77c-43d3-b2c6-689878b16993_1,hiphop
suno_16486312-9039-41a3-8f9c-79463c735431_1,classical
suno_dccebf8b-66bd-4c2d-8660-2ab05d4d7c99_2,electronic
suno_00dc90d1-7dd6-475a-b6fc-7face593111a_2,hiphop
suno_c6651752-26e3-4f9e-9f06-8721af4f6acb_1,country
suno_1a24ec96-1e93-4ec7-8d24-a4398939e821_2,country
suno_1ee6712b-35e4-41f7-97f7-da57229d3eda_2,country
suno_11b94acf-6aa0-42ea-9afc-5f5359809d68_2,hiphop
suno_7ca0f046-6fd7-434e-9be6-93e5f1c283a3_1,classical
suno_91b83104-b8ad-47d7-b016-43ad9590aba1_1,classical
suno_ce8806fa-7569-4e09-a184-1d6de7fdeac9_1,classical
suno_5f140e34-bd32-4d71-8eb3-5ee542d6a973_2,country
suno_e86ae9c1-ebe9-4023-8663-c06280762315_1,classical
suno_a613d4c5-04fc-45df-8d67-af152d0208b3_1,rock
suno_d670b18d-cd84-4cfa-9ef8-b77a482559ad_1,hiphop
suno_515645b0-ca5b-46c8-bc09-e7cb1553213f_1,jazz
suno_f0c32596-0875-4cb4-abd1-423d5e61eccd_1,hiphop
suno_ea9519d9-f359-43c9-ac0d-21fa05f09bf6_1,classical
suno_7c1887e8-a89b-402c-8139-56a21cc9af55_1,country
suno_c3010176-c748-4650-9ae0-461fff810d47_1,hiphop
suno_d09d89e4-7de8-4cfd-9233-f0fe0ac24811_2,jazz
suno_63d1ce43-87a9-4bc5-94aa-defa58d6c397_1,blues
suno_cadf60df-4091-470c-bb1b-1cc47172ceaf_2,rock
suno_60f7d8d7-9149-44ba-987f-ff6444714250_2,country
suno_700faa0f-240d-498e-8984-be77962a328d_1,jazz
suno_6a8f4fc7-00d0-4015-b515-d01ddd8c4377_1,classical
suno_18bb8e24-914f-44c1-bac7-6a172ccaeda6_1,rock
suno_e6217664-8be5-4b3f-b6a1-0ab1906e09b2_1,classical
suno_d216171d-7f37-4610-a9b2-82f1e0c60760_1,classical
suno_ffd24211-027f-48fa-a599-ef19e8a99c5a_2,hiphop
suno_abde2f15-d0e3-4730-82aa-6428661e9bae_1,classical
suno_9de8309b-50b3-45d1-a880-792f738e7b3d_2,hiphop
suno_4f5926d2-8ad5-42f2-984d-7b45284681ed_1,blues
suno_849262fb-e4de-4799-988f-922186bff591_2,jazz
suno_e03a24e4-b62e-4803-93f6-2a98128217cf_1,pop
suno_064c04e9-5f4c-420c-9e4a-a0a1d09f17c7_2,hiphop
suno_fdd32246-f7c1-430b-98cb-759f5ce35488_2,jazz
suno_246fbc38-676e-46ab-8deb-9c0a1beaa585_1,blues
suno_2188ea21-3fb8-4645-ba90-aed7afecca3f_1,pop
suno_8a69c636-2208-498c-851a-947851d07662_2,country
suno_acf25df4-317b-4042-b4ef-f9b8a2758b6f_2,hiphop
suno_e5111eca-63a9-4da0-96bb-9cad9e78933a_2,rock
suno_d9261c9b-172d-4722-9f81-c7902410e597_2,electronic
suno_746de3d3-f85e-46ff-8497-d2f27f791e71_2,electronic
suno_06761880-993d-47fa-a0a8-4f3b5349b0f0_2,rock
suno_b96c17d9-32ff-4753-92b3-1868049303c6_1,pop
suno_2188ea21-3fb8-4645-ba90-aed7afecca3f_2,pop
suno_0eecfa54-a82a-439f-9468-7f49511f4c8f_1,jazz
suno_152d8adb-6a73-42f3-b5e8-59c01ce4555d_2,electronic
suno_0b903c4f-0e47-43a6-8838-99491c1a813b_2,rock
suno_20ad2f8b-f0a5-444e-b093-cbbedc0ca25c_1,hiphop
suno_746de3d3-f85e-46ff-8497-d2f27f791e71_1,electronic
suno_b35dc0ea-e995-4339-add9-88204cf27d98_2,blues
suno_0d1bf15d-58b0-48ca-9c58-739a8dbd8559_2,hiphop
suno_95d390b5-53a9-408c-b595-89a4e120f007_1,rock
suno_20df7313-7c3a-404f-ac92-41d465a9fb80_1,pop
suno_21ab7704-1f3d-4e83-bba9-5c0bf0436144_2,pop
suno_6a8f4fc7-00d0-4015-b515-d01ddd8c4377_2,classical
suno_43e663a2-478e-4faf-9c89-93e92beb42c7_2,hiphop
suno_0fc50e94-e162-497d-aa8c-07a108e437f6_2,jazz
suno_caef9c43-2da0-476d-9116-df58121f0559_1,rock
suno_23c9d272-4475-496f-a93a-962b91552262_1,pop
suno_c32e4db6-c05e-4d17-83da-7adf76e8b722_2,pop
suno_0e4b3e9d-c4ed-43af-b86e-a7062376a39c_2,jazz
suno_8d844e91-aba5-4179-b5cf-9b1e5df376af_1,pop
suno_f7f3100c-387c-4112-a893-981e1ee7c6d4_1,rock
suno_a556a2b9-c7dc-4ef2-99d5-38ff3e07ca27_1,jazz
suno_3d7cd02e-5812-4711-ae29-271d16d3e923_1,blues
suno_474847ab-f0a3-47d5-912f-cd655bf82539_2,hiphop
suno_69b57829-f6bb-48ba-8359-68ef803b3385_1,electronic
suno_a2246645-ee44-4e2c-99fc-3d79d38cdfdc_2,jazz
suno_a2867d3c-5900-489c-9c10-0e2ca0ff1b73_1,blues
suno_7492f740-1153-4d31-9344-dbf130f8f2b4_2,blues
suno_a2ffbf6a-34f4-4881-ac40-e733228f25d9_1,blues
suno_c2cce8b2-4454-4c09-9472-6e61c3481fcf_2,pop
suno_a478c13c-ad6c-4652-99fe-b375d9482fc1_2,jazz
suno_85cc57d8-ad01-4edf-a6ff-7a1493cf69c0_1,pop
suno_48361f6a-6ead-4416-9b69-7bbf7050256d_1,classical
suno_c0dcc792-f3ca-4eba-b142-63947ab28ed0_1,electronic
suno_88dd0541-5dbf-41fc-8f7a-79e506a65042_1,classical
suno_db1cfce9-c0bc-49c0-bc0a-a71152257abe_2,classical
suno_7890d56c-6b68-4701-9117-b195fd0a12a0_1,hiphop
suno_fe82379c-b00d-47da-be0d-dd46441670ef_2,hiphop
suno_468cef4e-68b2-4bd9-9082-0b84f73c74ee_1,pop
suno_6a2da5f8-4510-45d3-9849-8380fef38309_1,rock
suno_c2a590aa-e47b-4b02-9a46-1987410b90e5_1,hiphop
suno_9c6608f9-91df-430a-aadb-0c8e27b14df1_2,country
suno_34774a54-d748-455a-9cd1-5a83917f0819_2,hiphop
suno_de5d6f2b-d173-4b1c-8fe8-b82c3ade35b2_1,jazz
suno_c388a7ae-8366-4f38-bb39-ef16e8337a61_1,rock
suno_beafaad0-f155-486e-9afd-fa8a4f8743b6_2,pop
suno_ddf68233-4835-4dc7-a3bd-195b4dcf7bb7_2,classical
suno_158771b7-a16b-4947-8311-2d737230b80d_2,country
suno_f4036bc8-fb19-43f4-9126-567200c60294_1,jazz
suno_5973feff-c064-481e-ab8c-316ba9abfcdf_1,hiphop
suno_9ed04ee8-0ed5-4e8b-9416-fc83e675bd54_2,blues
suno_0a784094-b19d-409d-a515-0f521c5944e5_1,pop
suno_869a2989-7395-4370-91e7-60930471f1bb_2,jazz
suno_a3c66419-4c2b-46fc-a584-a9949133e61c_2,rock
suno_43f333a4-b9e6-4ee9-8ada-931e73d8fd71_1,hiphop
suno_0d631ee3-d197-463b-955a-bca395b5ce82_1,classical
suno_18472992-fd7f-44f4-b161-f9fad5270324_1,blues
suno_0deb3be1-ec09-4996-81bd-09132dce5397_1,classical
suno_3031a4e4-1d9a-4d52-922e-ed231b663443_2,pop
suno_ce89102c-e423-4664-95e8-572969e4c8fd_1,country
suno_dffe1e4a-4f56-40aa-8b6b-a3515fab93a2_2,blues
suno_250bfaba-0e21-4b90-b2bd-e8d4ecc18cfe_2,jazz
suno_3aa25cb9-161b-40b9-996a-0d0320fdae48_1,rock
suno_5990312e-d90a-496a-ab85-08ae10479228_1,pop
suno_18c728f9-313b-453b-ad28-903e7eb2f858_1,classical
suno_fd1053c9-2017-467f-99c2-ffb951c64f2d_1,blues
suno_7d461a5a-a786-427e-b487-c9a783c967ca_1,classical
suno_2054a9f9-a5e9-49c5-91bd-00a4a27c35f8_1,jazz
suno_de27501c-7cd8-403c-8e1b-7c2a3618830f_2,electronic
suno_efa3e7db-83ba-417f-a3ee-a903075e69dd_1,jazz
suno_00bafd59-efe7-4f7b-8089-e701eae74e44_2,jazz
suno_20ad2f8b-f0a5-444e-b093-cbbedc0ca25c_2,hiphop
suno_6fa6b9a4-b948-4227-9688-f59cfb54287e_2,blues
suno_2a721eab-b2b0-4b2a-8ba5-901a126f8aa0_1,blues
suno_19b83732-d193-44c8-982c-878194a676a9_2,pop
suno_6ed40bdb-9b31-4507-a0be-10386c6bda53_1,classical
suno_30bb8b5a-8e29-4f45-9e0c-d885b601dc8c_2,jazz
suno_c7c498a3-f655-48c5-8e48-07a66ff8de6d_1,hiphop
suno_d6e7d23e-9934-4c86-9d5a-ea12d9e2e6c9_2,electronic
suno_b5406125-662c-4847-98de-bd01b3412c9d_2,pop
suno_c40ee52a-5ff6-4cc6-99c7-b554cfbfe792_1,blues
suno_cee202ec-5b44-4ea0-a297-350373d341ea_2,pop
suno_6b745db4-34ac-4a88-9d0b-da445a9b3f4a_1,pop
suno_0ef9625d-6e22-4939-9176-6170456a5be2_1,rock
suno_e2b81a8a-68ac-4254-9b09-48258b3152a4_2,rock
suno_4e6e23e6-af4c-41aa-a062-8cb8f771ae30_1,blues
suno_cbe3549c-a4b9-40b3-a2a9-cc264e1f6a64_2,pop
suno_f08d04bc-0bcd-482f-ab24-55ebf494a804_1,pop
suno_052b1a1e-bf04-4034-9a42-61e2b1048bb8_1,pop
suno_06a1d344-6843-43a8-9913-2c7a3002f3df_2,classical
suno_1adc7191-3cb2-4dae-8fce-1a76576c2ad9_1,pop
suno_d03e672d-0d7b-440f-b5e5-d7c8ba3751bc_2,classical
suno_3d15c42c-f7c9-4c40-a438-27a9c9844708_2,jazz
suno_4bb30473-e4e1-4394-800b-341100f4f3f0_2,country
suno_435bdd15-8c8a-490d-ba58-9f7f4c7df3ca_1,classical
suno_c1dac4aa-de47-42fa-a803-4c89623198f4_1,country
suno_30373bd1-bacb-4fb8-b2a2-b4adf48383d4_1,rock
suno_de4d9157-4571-4a54-8010-420794f7f7d4_2,pop
suno_2358f9fa-eae0-481a-8267-ac5ffd67682e_2,classical
suno_14ce4bef-14ad-494e-a0ba-1c7e1b21dccf_1,electronic
suno_faad4b60-17a9-4a1f-98ec-8e75f66e6c5e_2,rock
suno_b2119276-deb7-477d-a964-a1f91f47c6df_2,classical
suno_5e2f63d0-1932-424a-a50d-84145f28a88b_1,jazz
suno_67dfe9a0-0c39-4451-9f10-f02bbd1dc154_1,electronic
suno_3dc98de2-58d1-4e49-b881-41d35f96870d_1,classical
suno_0361a0c1-79fb-45a8-8674-b2af88bba9c5_2,country
suno_b4b9634b-f730-4b22-b8b4-025239f69e6e_1,electronic
suno_d50496f8-bcb1-476e-9141-1433cc2b5e38_2,pop
suno_d8627e06-f594-4cbf-8727-48c880d3e5fd_2,pop
suno_af7dc7ad-f3c5-440d-9ea7-f1d3485ee729_1,jazz
suno_9fd53d88-d79d-49f0-8030-aa68817b5a6c_1,pop
suno_a362ec96-290e-4fa8-baf6-2f0afe734308_2,country
suno_8c19c7d0-3f25-46c0-961b-2f528f5147fe_1,jazz
suno_225f24c8-a70e-4ca7-a7b8-435b4143ce49_2,blues
suno_901c5858-a4f8-4480-9bfc-485c4e9716ed_2,country
suno_a8519ea9-d709-4ad4-a420-26b9bb807c09_2,pop
suno_6bcd4cc2-db89-426b-ac84-2afb520080c8_2,rock
suno_6e20d262-3398-485a-bc24-e8334da397e3_2,pop
suno_cb3ec7c4-94e2-4b0f-b3cd-9a7fa87067e4_1,rock
suno_aa6d5fc6-1ca7-461c-afbd-fcba90a3f80f_1,hiphop
suno_8c0a7058-4ca7-4430-b4b2-88e4108360d0_2,hiphop
suno_dafb7f79-7fb1-47a4-a061-cb8fd9486188_1,pop
suno_20b33032-8d2d-4f77-adbf-c36dd26b5207_2,blues
suno_c3bb7873-4466-4207-91b7-77e5861d1ab0_2,country
suno_cb9101a3-ae9b-47bf-8a1c-5105a5fc2a2f_2,rock
suno_6cf514af-ea34-4e85-a5e6-f64b46dff235_1,rock
suno_a24d5e0f-21e2-4d1a-afdc-b3078a30623e_2,country
suno_b883daa3-ddc8-41d7-9c7d-06c69831a510_1,jazz
suno_b8d0f57a-7dbf-4a49-9ca4-8a3b802f6ad1_1,jazz
suno_33662f74-409a-4c44-999b-ba55733d8712_1,pop
suno_974e3bf7-67b0-46e1-9a8c-edb152c3af30_1,pop
suno_50d7de36-04f3-4738-b23f-78e6a9209b96_1,jazz
suno_76caf260-8b57-4d58-bd54-fb8d5d7ce6e9_2,country
suno_f47c352d-b03d-4d74-bf1f-fee4cbed4be3_1,electronic
suno_dd986c9e-e718-4878-bb09-3b6c58b0c07b_2,hiphop
suno_32f21b60-1a8a-4270-891c-65851acb8492_1,hiphop
suno_8a73b166-bad5-4af7-9439-7c04b30756c1_2,jazz
suno_9c6608f9-91df-430a-aadb-0c8e27b14df1_1,country
suno_dffe1e4a-4f56-40aa-8b6b-a3515fab93a2_1,blues
suno_b1579512-6881-4911-95b7-50be77501504_1,pop
suno_1ee3b3b9-ea71-4bea-8c46-f587a4a3e6ca_1,hiphop
suno_c6f60813-1e3d-4825-8fc2-ac53bd2818b6_1,electronic
suno_c5cb6799-7a2d-49b3-8822-c075c98d054e_1,classical
suno_3e93c46d-5c1b-4501-b5a2-adfcfd515b4d_1,pop
suno_9bdb82e7-73cf-441d-97a5-4242c615cd6e_2,pop
suno_dcc83cf2-b43d-49b6-a5ed-dac68f57aa82_1,country
suno_cf8f82be-084e-4626-8b71-fa35c94f0bcc_2,jazz
suno_ea763270-3b3e-4311-a307-193da1c659d2_2,jazz
suno_5955cebb-f211-439c-babb-0589dc2d2720_1,country
suno_0f4f9413-836c-4021-bf40-e0d9405c8e17_1,classical
suno_f1a6505a-c7fb-4e49-a784-6dd7db590dba_2,electronic
suno_44c70c28-9288-4f41-8406-0570076dcde9_2,jazz
suno_8f4e5dc4-ce8a-4829-9c24-1058c0e8bf99_2,blues
suno_e0d30185-88c2-4518-918b-3de950645667_2,rock
suno_37218316-20eb-4524-981e-ea7e0ecdbdef_1,classical
suno_65b71e9f-d3ac-431d-9445-f219f65846a5_1,classical
suno_33d3c63f-b438-4d0a-83ab-c3c454879b9c_2,electronic
suno_a5d5b2d7-7df2-4f65-ae2a-1f0a6f6d95e3_1,jazz
suno_50d922bc-2aaa-47be-9a16-7d44fa4f801f_1,country
suno_b8322667-515b-4205-bbb7-5e85a9e72c0e_2,country
suno_7391da6d-bb59-4eaf-bbc3-47715c5eb474_2,classical
suno_4d3282cf-5035-4780-8338-4c0aeb4eb01c_2,pop
suno_a364eb19-7201-460a-b8f1-79327dfd8a3e_2,hiphop
suno_bef0afc0-0a9c-43db-bd56-18c0eec1b351_2,country
suno_c27b75d1-0990-4170-8228-0ae1366f126c_1,classical
suno_3492ac9c-9deb-4ecf-9d0f-a57b1f2bb1e4_2,jazz
suno_a33dea82-7ee9-42bb-bb14-d5ead16ff717_2,rock
suno_60ca95c3-cae6-473b-abb1-c1102f4a5876_1,country
suno_16486312-9039-41a3-8f9c-79463c735431_2,classical
suno_45a45f0f-dbf5-400d-8dfa-ba6e50d1d9ad_1,hiphop
suno_e1f22988-199c-4d27-b6fb-f9d9c0411a47_1,classical
suno_3c2f402d-8c18-409d-a468-b546d8d782e4_1,classical
suno_bfdeb25e-8e04-42a8-b516-b705c2f46e65_2,electronic
suno_f71ab764-a7bf-4298-aa5e-01b8aea31f40_2,hiphop
suno_328935a3-c998-4c5f-a7c6-b6be57ec370a_2,classical
suno_4f19cac6-b293-48e6-a10d-5bebfc00a2e7_1,pop
suno_a479fd3e-dcb1-4b17-94a6-0b71cef3a878_1,classical
suno_875734ed-be35-48f9-bdea-29d256bf4bda_1,blues
suno_523fb1fc-1884-4db0-9607-e30ad748c6ba_2,rock
suno_c4bf6bfb-ab69-4fc4-851b-3a6ea9bff38a_2,blues
suno_1d7e2f0d-147a-4af4-92f7-dd44b43e7db3_2,country
suno_3024bcc4-a4e1-4e3a-9653-d894f0b6bf56_1,hiphop
suno_df96860d-c584-4a9e-aa8f-0363485c8795_1,rock
suno_f26aa419-5ace-421d-b053-a7edfde34d9b_2,blues
suno_52666162-fe27-4751-9b64-e8b6e2d9a66d_1,blues
suno_e0e4ecb6-6f21-4b99-9863-0907fef653f5_2,blues
suno_ec7ee914-559e-4cb4-9d64-345f9a763ecb_2,hiphop
suno_d9ed81eb-837a-42a7-a64a-ca6583090a00_1,rock
suno_63eabe70-4a0e-4893-b485-df40a5ed58f5_1,electronic
suno_079d49b3-3503-4c95-8584-239d98f05f62_2,hiphop
suno_21fbc69f-d093-468e-ab80-418a75431ec3_2,jazz
suno_dac6e098-83c9-4974-9bcd-e1272c0573c9_2,jazz
suno_655826dd-b169-4e6b-ba9c-840c7a0cee30_2,pop
suno_56c9d2cf-2836-47b2-9fcf-80b436ec094c_2,jazz
suno_59c8b880-6a1e-4560-bb1c-d7720c563004_1,electronic
suno_cf7aab44-b677-4396-9d9d-c8b844eb2cb6_1,rock
suno_9d233c6b-ec47-4fe3-9971-d240c0b8b970_1,pop
suno_cb48d67f-ca4c-4fec-8bb4-cc68150e0447_2,pop
suno_0ddfef56-faae-485f-bcae-5fc2d7d50278_2,country
suno_969c9fa2-af0b-4555-9324-38b84f6e067e_2,electronic
suno_76b73585-d000-47ba-861b-1a111dd1a7d2_2,hiphop
suno_fa1b252e-e71c-4d9c-9f2c-ade6d2b3e953_2,electronic
suno_e979a59e-291f-43ca-8f50-9da5ad4f8596_1,jazz
suno_794e64b8-2bd1-490d-9e1f-6b3cabc30b56_1,country
suno_9bedfcb9-4f7e-49a3-9383-bb3f8bdf04d7_2,hiphop
suno_be990904-9bb2-422d-b4b6-ab88a556c570_2,classical
suno_09b73a25-3742-4d9f-a418-e4f095769959_2,hiphop
suno_0622b6a5-ed08-4cbb-a3be-9fb841a9b1aa_2,electronic
suno_372d7ec0-b761-48ca-9894-9f0e47c068a9_2,rock
suno_eff2be75-7cb7-4652-b803-2ccfbe747d5f_2,country
suno_48e3c040-1eb0-4e72-be91-56097093cb91_2,rock
suno_ff1fb93c-89bc-4346-a0e7-eb6bd40c13f0_2,blues
suno_6854d92c-45ed-418b-99f5-56024eb1c3df_2,electronic
suno_6250e476-4bf9-449b-942e-35dc0bc1731b_1,classical
suno_0769f111-eec6-4323-b11a-d4ded0d3823c_1,rock
suno_bbdf8c43-9f4f-4ecb-8b9f-894493e49aff_2,country
suno_2d9268bc-d311-4eda-a30b-caf17db0f24b_2,electronic
suno_01288d4b-d172-4008-b0c4-c59694d94498_2,pop
suno_bcdc5f61-8b37-418b-8d6c-2f97b2acc21b_1,classical
suno_91b3af60-f18d-4c14-b5ed-237e5bbdd227_2,blues
suno_e1cdd233-2761-41cc-92d7-cbfb3cbbc93b_2,blues
suno_db1cfce9-c0bc-49c0-bc0a-a71152257abe_1,classical
suno_9ac80354-6103-437b-92dd-5f6ee2c52dce_1,hiphop
suno_3d4dea9b-aecb-4a6a-968e-9f51dd738e6e_2,blues
suno_16e1690f-0636-467a-938b-96498ff9e795_2,pop
suno_3012bd56-0307-4135-a39e-8b50e07e0920_1,classical
suno_9c7982fb-75a3-48fa-aa0d-345d17e3db81_2,rock
suno_d584bae9-0866-4a5c-b0fb-f87229a8b1e1_2,hiphop
suno_791d2fd2-cd7c-4e8b-94af-b2bc66ff32c4_2,electronic
suno_eedfbc71-85f3-44e7-90a0-eff6ad88c0d2_2,hiphop
suno_d7415013-9d5d-44fc-95e5-707b868aafd5_2,hiphop
suno_af031e86-646c-41ff-9ae7-681f607fbfc1_2,electronic
suno_71978209-3ed4-4b57-ad42-d58b5b66225d_1,electronic
suno_9d8cc167-d847-4985-b10a-b2097a29c6ae_2,jazz
suno_625a2442-b3d1-442e-a95a-8ee52bb52a57_1,hiphop
suno_b848cd12-213d-494f-9779-b9ae16071fd1_2,rock
suno_4bb30473-e4e1-4394-800b-341100f4f3f0_1,country
suno_0d3229eb-72ee-4154-b6ac-519358f2fafd_1,country
suno_2c2acddf-1467-4f05-9bc0-023f2737e270_2,country
suno_5be0eb31-4614-4b2b-822b-f9bcc42c3fbf_2,country
suno_0ddfef56-faae-485f-bcae-5fc2d7d50278_1,country
suno_3e17a4db-36a4-4eca-b184-10279aa3892c_2,classical
suno_ddf68233-4835-4dc7-a3bd-195b4dcf7bb7_1,classical
suno_479b3e21-6a46-4b71-b91d-e4a9d9cd6a53_1,country
suno_14518ea1-365f-4d1a-81ef-cf0b6608d4fb_2,blues
suno_a467289e-3ed5-4e05-abe1-76dfe49f29b5_2,jazz
suno_85cc57d8-ad01-4edf-a6ff-7a1493cf69c0_2,pop
suno_e108746f-7b8d-4770-bcff-fceba827c0b6_2,classical
suno_13cac85c-41fc-41e6-941f-98aad1f956aa_1,hiphop
suno_c4a5633f-856d-4ee8-964c-4c3246e5c388_2,pop
suno_1e17d2c9-9a04-44f3-befd-a7ba128f4f86_2,rock
suno_53621496-7036-491b-b8cf-ec5ce8212838_2,rock
suno_4a82bb4e-8ac8-4d80-8b5f-a278653d1df4_1,rock
suno_54ba92d4-072d-4ab4-bb80-796ca7dd6f4e_2,jazz
suno_074ce6e1-98b7-4ecb-ae62-b4f1accf02bf_1,blues
suno_3c5cfce2-9dad-485b-90af-1ca37a89fb38_1,jazz
suno_fe6ea416-99ac-4f41-91c7-128dc9a0e937_1,hiphop
suno_c611117f-a0d8-4a13-93a0-554c9bf0c64d_1,blues
suno_5d44110b-c61a-46d8-89dc-aa457cc951d5_1,pop
suno_2ac43ad7-2c91-4817-9b96-1675d6ff8cc9_2,blues
suno_acfab6f7-c66b-4f53-af3d-19f070258712_1,jazz
suno_7a99cef1-2a27-43c3-93b2-9b1621037956_2,electronic
suno_36c2b834-9478-4322-a833-416032ebaa83_2,pop
suno_2c2acddf-1467-4f05-9bc0-023f2737e270_1,country
suno_552331fa-ffa7-4f87-8386-6031dd2c2f85_2,jazz
suno_a982ea2e-785f-4e17-a798-4a539f0fece1_1,rock
suno_b5afd2c1-649a-45a7-a1fc-b937e916ca4b_2,rock
suno_9b75ffb9-c281-4919-8bad-853f293d7428_2,country
suno_e662c369-dcab-426a-812d-7a4e1213eef8_2,jazz
suno_f642a8d7-0eeb-435c-a44c-b2df19e15403_1,classical
suno_11481ec9-9c95-487f-b7a3-17f56fd8cc52_2,rock
suno_93db68cb-aa21-4ddd-bb87-dd6d9654adb1_1,jazz
suno_1d445026-9ac7-442a-8f42-8ab1e2960d62_2,jazz
suno_3fafd585-5745-4251-845b-0a062f2897a2_2,classical
suno_72723f43-6f5d-4539-9be9-0a116266282e_2,electronic
suno_65da21a6-aa3d-4df7-9376-8aa75b014029_2,blues
suno_9292fa12-c3a1-4ad9-98f9-f5f71b9c38f5_1,electronic
suno_4aca74ba-40c4-487d-9cd4-0a8495395408_1,pop
suno_07ac6c7e-937b-4486-b643-4e46a32e970f_2,electronic
suno_2fed30f1-3e36-4d63-9200-0fb3fdce2c10_2,jazz
suno_f94f11eb-001c-45e5-bcc6-1082c461b8f6_1,rock
suno_9aeccc6f-d62f-4286-91a6-0b460e515183_1,classical
suno_73d1b4bf-b133-423e-9f9d-4d2cba8a9759_1,jazz
suno_a9182b76-d553-4ecd-9ff8-7518d95f2bd1_1,blues
suno_738058ec-ac5f-439a-ac2f-9037e0174bd0_2,jazz
suno_b4ec42cf-624c-4db9-a304-fc5699cd33ae_2,classical
suno_f4946eee-5dc8-462a-abea-f82c7cfec399_2,pop
suno_71c91edf-6d12-4bd3-90a7-dfcbf8d0605a_1,hiphop
suno_4df6c7e4-0919-43d1-a717-1cafe1dba1d9_1,rock
suno_5577fcc2-e5c4-481a-8f73-32f24eaecce3_2,rock
suno_c341d5f3-2de5-47dc-b78d-bf248496fe0f_1,pop
suno_9f06e5ee-22c7-42e7-8dbe-75b912f48d8f_2,jazz
suno_8b1a1589-0da7-4d94-8bf1-ea8b5721f574_2,country
suno_62caa328-a02e-41b3-820e-deae798ff7a6_2,rock
suno_7b3d01d4-4f13-473a-a091-409c4b297910_1,electronic
suno_7bd4f001-fdab-4707-9103-338cca60c5c5_2,jazz
suno_7bafe2a7-5479-48e7-9986-f6ac65bc3f5d_2,blues
suno_4284115e-e7a7-4ec3-a245-c45407b2397f_1,hiphop
suno_98c64dbd-4c78-4c89-9dde-5c7e18bb91df_2,hiphop
suno_66881d85-651c-4c35-88cc-798bdb4d4483_1,classical
suno_8b4b6d96-a05e-46c4-be7b-b34232b5f3ed_1,pop
suno_3bd43945-c619-4977-ae75-a483d591a13f_2,classical
suno_cb68e90d-78ce-4b72-868a-3592ba338f4f_2,jazz
suno_c212308c-b281-4bdf-92b7-06a956cbc2ee_2,classical
suno_dcd934e0-e5e0-403c-9e2a-16e7840c52b4_2,jazz
suno_87df6960-7da3-4a50-b4be-e8fc306c1682_2,hiphop
suno_4f2d864d-1c7a-4224-af3a-03cb67895ccc_2,blues
suno_d90998d9-374b-4458-9f2b-8c2b0f09bb4c_1,electronic
suno_f388896c-7c4f-4d7d-a044-69d2fb150f60_1,jazz
suno_c921b0db-d290-421a-b8c3-e879b724dd55_1,classical
suno_8284d6c5-1f8d-4aa2-bb92-37974c6bd211_1,country
suno_ec541c94-c402-414e-86b7-53b9958831d3_2,pop
suno_fc7cd502-8513-49b4-ae94-9cf081206a35_2,hiphop
suno_995fead1-7d77-460f-ae18-6fe84d7d9b4e_2,country
suno_f2d2352a-1ff1-406e-a6ee-01e285e49278_1,classical
suno_24f7891f-7b51-4d71-9235-2fe10642094b_1,jazz
suno_d3ef7146-f7a4-428b-8f9c-783d5a6ca596_1,blues
suno_8b4007ef-96a7-48dd-982b-62fad8c76cab_2,rock
suno_ad407b08-2943-4be3-9023-f86e671e0e95_1,electronic
suno_2182d777-32e2-4f82-b4c3-e5f5c3cc05cc_1,electronic
suno_b9370262-4f06-48e1-b32f-b298070b0ae3_1,pop
suno_200fa406-3616-4e10-94f2-f77f0b29b400_2,rock
suno_f17cfa58-ad6a-49a1-8754-a0f46ca34e4b_1,jazz
suno_d1fd2001-672b-401d-89f9-335ed45bb3f2_1,country
suno_26612527-6f79-407a-9601-664eba44b215_1,classical
suno_ebc452fe-f2c8-4b98-9f3e-ead28369f3e3_2,classical
suno_b02371c0-c8c1-4669-963f-2987857070b2_1,country
suno_02c27ad5-cc99-4a54-99c7-0861cc203a4e_2,jazz
suno_32eb9d97-2c36-41fc-894f-008c993b9390_1,classical
suno_cb68e90d-78ce-4b72-868a-3592ba338f4f_1,jazz
suno_e30bdcd4-d220-4621-a52e-1248fd20ef23_2,pop
suno_8dbdd972-7ae0-4281-b6a0-f1546aaa9291_1,country
suno_565a146c-84ac-4491-b576-57a32a6b5918_1,blues
suno_a8519ea9-d709-4ad4-a420-26b9bb807c09_1,pop
suno_5800abdb-8159-473a-bd57-5c2fb6394639_2,country
suno_208d6475-1131-4ee8-be99-50a61250d1f4_2,electronic
suno_fd04be63-58ff-40bc-8611-c8a20d4f8193_1,blues
suno_55f63efc-9ffb-4e1e-8c67-7a0ace1591d3_1,classical
suno_abde2f15-d0e3-4730-82aa-6428661e9bae_2,classical
suno_1a50b2bf-ed90-494f-a5b0-cdbec1e99416_1,rock
suno_f62fa1a8-57b1-4275-91d6-4dc49729b44f_1,rock
suno_b2425315-e26e-4dc6-be0d-8061a92a6263_2,jazz
suno_a8d59ab4-2183-4e3a-920d-10a758988125_1,jazz
suno_5f4908e8-8824-4f5f-82e3-220e3cc70441_1,rock
suno_7ef4a3f2-9bc6-4f27-b16d-5fc9e8199e33_2,hiphop
suno_9305c6b4-1c37-4527-8443-a5c72a788d47_1,classical
suno_efe1d736-2655-4ceb-8fe3-2edf81a00871_1,pop
suno_b6bc4ecb-d108-408e-9829-ffad20fb1760_1,rock
suno_3f098d9c-f702-43a4-8608-bfce127f7874_1,hiphop
suno_ebfdab1d-d13a-473f-95b6-d8d413272834_2,pop
suno_b26dd969-c36e-4fed-bdfe-a7f4ed13ce35_2,hiphop
suno_3325ffad-dad1-4d1b-ab31-f3285e17ae82_1,pop
suno_31712a9b-993b-4fa8-ae1d-e34c8cff06e7_2,rock
suno_476042c3-41ab-4f79-ad67-750d4124872e_1,jazz
suno_afb8304f-d181-45bd-8de8-a3d6ab3e51af_2,country
suno_056ba62d-ded4-4bcf-a3f2-13ebd179e5d3_2,blues
suno_3d4dea9b-aecb-4a6a-968e-9f51dd738e6e_1,blues
suno_599b925e-bf38-4116-9a41-9838cb83eae8_1,classical
suno_3584f5ca-b500-45ff-af72-c7f95e720f01_1,blues
suno_b43805c1-1e93-40bd-94bd-aa8bd8e13056_1,pop
suno_a4ce2bea-2448-49c4-9fbd-61c6e6ac1ad1_1,blues
suno_f9c6f092-9b2d-42ee-89a6-c769d2527d57_2,blues
suno_b5c76034-1860-4d04-85df-97514f822664_2,jazz
suno_fe1bae29-d5bd-43ae-ad56-470911d0e0cb_1,blues
suno_e27f4ee0-04a6-405d-9975-b50892eca518_1,country
suno_96f1088f-70d9-4b9e-9a9f-d3d6dfd2d259_2,hiphop
suno_bb393811-b58c-4ca9-a3ec-6621474a83c9_1,rock
suno_9de8309b-50b3-45d1-a880-792f738e7b3d_1,hiphop
suno_03ef56d4-1a4d-4d38-900e-ea4ab49fe57b_1,rock
suno_6c67bbee-21d4-437a-9f27-5cf054a8cbb1_2,country
suno_9e51371c-4588-4152-aa08-d4b533e351fb_1,hiphop
suno_a300704f-c20d-468f-a87c-5701b29c3e8d_1,country
suno_dcc83cf2-b43d-49b6-a5ed-dac68f57aa82_2,country
suno_4f82f885-570c-43b1-b5cc-bb9a615b148b_1,country
suno_a188cf30-4da2-4d75-a5ab-c0676131a909_1,electronic
suno_4295ad16-0daf-4383-b8d7-f1ed431450a2_1,classical
suno_f478a4e4-4f76-49bd-84d9-2bdb925150be_1,pop
suno_af59a318-8ce0-4a3a-b0d9-ec919ebafd47_1,classical
suno_083e0c91-ccd8-4c0c-9721-1d0af4ed87ca_2,pop
suno_035834c4-ad57-40b8-808c-053b3ca4af81_1,blues
suno_abc99868-8b9b-4166-8473-2e142f5a7243_1,electronic
suno_6ed1a3c2-7eaa-4d29-866f-10ffd2094b48_2,classical
suno_e9ff8ca8-801d-4bc3-a5bf-236bf8e13ed7_2,electronic
suno_55f63efc-9ffb-4e1e-8c67-7a0ace1591d3_2,classical
suno_ae75d23f-52d2-4ceb-81f1-4b957035a350_2,blues
suno_7ff42a75-70f5-42cb-8585-31d63a4dce59_2,classical
suno_2182d777-32e2-4f82-b4c3-e5f5c3cc05cc_2,electronic
suno_932c7f33-27d4-4e95-95e2-484d53aef2be_2,pop
suno_e500d020-2a6c-4560-a5dd-48bf8d62500a_1,blues
suno_8397ec60-f1ed-4c43-a751-1e57f023af65_1,rock
suno_922dd58b-78de-4807-8ca7-eedc82a5ab9d_2,jazz
suno_4b13b47f-c88a-4228-839a-f56512c25b12_1,country
suno_951f54a0-7b7e-4947-8a94-6193d80fb898_2,pop
suno_5f140e34-bd32-4d71-8eb3-5ee542d6a973_1,country
suno_3819301f-a661-46e7-a820-d220da3a904d_1,rock
suno_bfc3444d-5621-4df6-a43a-6a9d7e7b2d38_2,pop
suno_d6b0af80-556a-4280-b969-9663e4d0ce4f_2,classical
suno_0be9617a-d00c-4480-bd5b-9bb765b0df1f_2,rock
suno_b883daa3-ddc8-41d7-9c7d-06c69831a510_2,jazz
suno_3343558a-84f1-49f4-8696-cf8ccae461dd_1,rock
suno_d249064f-3792-4427-90a7-03a111e590ea_2,country
suno_640ecb88-afef-4d05-87d5-933ce8b84256_1,electronic
suno_20c00873-85e2-458b-bc71-d23c5af647ed_1,electronic
suno_ea3b01d2-ee33-466f-8ca6-d2ec6b33f290_1,rock
suno_8b4b6d96-a05e-46c4-be7b-b34232b5f3ed_2,pop
suno_f4ce727e-1bd0-408c-8723-232903b80a07_1,classical
suno_9d95f64e-4a06-4560-9d47-cc0a9eb49d49_1,rock
suno_54300f80-9652-4775-aa51-af6fffd8e6d9_1,pop
suno_2f31db17-c743-4ec4-912a-d3eb516ec08a_1,blues
suno_ef6d0c5a-39b9-4355-b154-f8c697a71491_1,blues
suno_7577111f-9903-4888-b891-d735f64b2e17_2,classical
suno_e2b81a8a-68ac-4254-9b09-48258b3152a4_1,rock
suno_d8c9425c-94d1-4906-ac89-dc16e656c0d5_2,rock
suno_b77b05e7-c1ad-476e-822b-02b7571de40c_1,jazz
suno_4b02d3ce-8de5-497a-b744-cb179121b09c_1,electronic
suno_45dfd614-3db9-4270-b22e-d7e3c8cf23ce_2,classical
suno_2ee38fec-828f-41aa-bdea-29351c63f14a_1,rock
suno_5990312e-d90a-496a-ab85-08ae10479228_2,pop
suno_704e8f36-27a5-49d9-97bc-2aab4f2ad619_2,pop
suno_9ec1d85b-45af-4605-8118-242d1693bfcd_2,rock
suno_89b1b3cc-d87f-449f-870c-ccad2be619f5_2,jazz
suno_b78ec5b7-b792-40e0-ab61-d47dfbbcee01_2,classical
suno_8febe40b-8057-44fd-be94-2f741dea1d15_2,jazz
suno_0fc50e94-e162-497d-aa8c-07a108e437f6_1,jazz
suno_9d875d10-ed70-47ed-92ff-709f353405ac_2,country
suno_4d03553a-e25f-4684-ab3a-cd0d0ae853e6_2,electronic
suno_bb7edd83-1dff-4966-a806-2b225ad9107b_2,electronic
suno_e540f3a4-31dd-4e62-a075-2d31ba52b4f3_1,electronic
suno_eda9f66d-4223-478b-b9f4-9da293df773f_2,rock
suno_cb97750a-b0ba-4f0a-98bb-2a258c06d96d_1,electronic
suno_bf479e1d-a745-41a1-ad1d-1efe4650e6d0_1,country
suno_ca85d614-015b-4066-af1e-ba14d05c0047_1,rock
suno_de1cce60-c9c9-44f4-8686-68af4d7f353e_2,pop
suno_b5c76034-1860-4d04-85df-97514f822664_1,jazz
suno_f8e73dcd-d0b6-48be-a803-3424b5167818_2,jazz
suno_df157547-a8d8-4b21-a3d8-6696336a4cfa_2,pop
suno_73330727-7b8c-4f98-ab64-0e7b16214ed3_1,pop
suno_ce41861b-d755-434d-87b3-2f9fa8f608cc_2,blues
suno_f054442e-b2bd-4a87-9846-7c8b29a87a26_1,pop
suno_2bec9911-dc39-45f6-bde7-a31d11b435ae_2,electronic
suno_435bdd15-8c8a-490d-ba58-9f7f4c7df3ca_2,classical
suno_662e6262-c05f-46e6-bb07-6f62c2781a42_2,rock
suno_aa3a47bf-d86c-4ba2-9ec0-a288c2a647cf_1,hiphop
suno_31116970-53b1-44dd-a784-1cec22abf212_1,blues
suno_d2a1e690-fcbf-48dc-a445-07325bd7ded5_2,jazz
suno_c7df233e-f7e2-43c0-841d-57c01deefd76_1,pop
suno_21fbc69f-d093-468e-ab80-418a75431ec3_1,jazz
suno_9cfe42b0-9410-4111-93a1-57e9c47bfc5c_2,blues
suno_06761880-993d-47fa-a0a8-4f3b5349b0f0_1,rock
suno_6ce6f21d-a1c6-403c-bb3a-a8ff614cbac6_1,pop
suno_89f92f4a-2a06-4893-ada7-5a4398074d1b_1,country
suno_fd84269b-dc33-4aee-a2e8-b9628a9202d2_2,blues
suno_65da21a6-aa3d-4df7-9376-8aa75b014029_1,blues
suno_f388896c-7c4f-4d7d-a044-69d2fb150f60_2,jazz
suno_b4f27804-895f-4e12-8002-7f860c149b9c_2,electronic
suno_0794d5e7-32d0-46e9-9303-21d7254f5847_1,classical
suno_59259330-2e1d-460a-ae97-30ae4e6c0c77_2,hiphop
suno_1b9594b1-6c3a-4d16-9d1d-2db7d62f224e_2,country
suno_ed557171-04e9-41ec-b5c0-9d2a95e85f5e_1,pop
suno_9a500be0-47c1-4fa3-ab78-fe9e77ab857b_1,country
suno_fa35ce46-925b-4662-a95b-0115894c37f1_1,electronic
suno_e0e4ecb6-6f21-4b99-9863-0907fef653f5_1,blues
suno_064c04e9-5f4c-420c-9e4a-a0a1d09f17c7_1,hiphop
suno_b1e027a2-1606-459a-8c48-93e9da4c68c0_2,blues
suno_8397ec60-f1ed-4c43-a751-1e57f023af65_2,rock
suno_bb879dae-18fc-4157-9ff8-2815168b4c95_2,blues
suno_5997a3eb-000d-4d30-b646-b9a4f524a9d1_2,pop
suno_1df0bdf9-b16c-4972-8573-ad8dfc06c95e_2,pop
suno_8198032c-4c96-4386-929f-3b0513448aa0_2,pop
suno_ad5b0a08-da9e-44d2-8db9-e96996ab94db_2,classical
suno_1f7393dd-c10f-4417-9b58-dbef5ead3f2c_1,blues
suno_051233a4-a546-4c9c-8b7c-0d865a0033e1_1,electronic
suno_be3a0ca0-5c63-48eb-8426-5c978d6a1ba2_2,jazz
suno_5973feff-c064-481e-ab8c-316ba9abfcdf_2,hiphop
suno_8d0432b3-a05d-4d34-93bc-52abd8b5e41b_1,hiphop
suno_5ed64eab-a18d-4232-acbd-5aed616efa50_2,pop
suno_76c2af42-5a9d-48fb-9b4a-23db492ba744_2,classical
suno_4f2d864d-1c7a-4224-af3a-03cb67895ccc_1,blues
suno_dba92a25-6fc9-4b70-bff4-e148b287cf1a_2,hiphop
suno_f6b46e2c-b6b2-4ac5-8f0b-a2861a1c60fa_2,pop
suno_18535728-72e7-4216-bb6e-22c57a8e3ca6_2,country
suno_76d427c6-7789-486c-bd93-bb35e06fe362_1,hiphop
suno_a1dbf3da-8874-4430-a5f5-b9171dc68808_1,rock
suno_bbdf8c43-9f4f-4ecb-8b9f-894493e49aff_1,country
suno_c86e18ca-73c6-4a15-896f-0789abf2390f_2,rock
suno_404132d6-9601-416e-9cfb-3e4a3d1ec670_1,electronic
suno_0d631ee3-d197-463b-955a-bca395b5ce82_2,classical
suno_744f48d6-5ee3-49b4-bd46-b49ecca80263_2,blues
suno_2ac43ad7-2c91-4817-9b96-1675d6ff8cc9_1,blues
suno_be8a5a39-7f5b-4ed9-bdc0-43bf38f76627_2,blues
suno_f2d2352a-1ff1-406e-a6ee-01e285e49278_2,classical
suno_44c70c28-9288-4f41-8406-0570076dcde9_1,jazz
suno_836c462b-f875-4552-8d6a-fe5ef4883c32_1,pop
suno_12373e79-f147-486e-9d71-7a7076c40932_2,blues
suno_fb37df94-b754-4d6a-91d6-fd714b4ffd9b_1,pop
suno_17246885-d385-4492-ad76-68755570d4e4_1,pop
suno_d08de5af-f8e9-4744-a6b1-2360bf6884e2_1,jazz
suno_791d2fd2-cd7c-4e8b-94af-b2bc66ff32c4_1,electronic
suno_f16cbd1d-930b-4441-b1e4-9c78de4f0b31_2,electronic
suno_e0e19a77-e2e4-4743-875d-1fa33919bee4_1,rock
suno_2e06fb19-b062-4b6f-bf7f-adf54b67f425_2,pop
suno_73530b6c-9845-495c-b88d-97546cf30fe5_2,pop
suno_f2396232-811a-42e8-9901-595b9555c0a6_2,jazz
suno_f1429574-413a-4ff3-9fe8-8c75054287f8_1,rock
suno_7a99cef1-2a27-43c3-93b2-9b1621037956_1,electronic
suno_637b78c8-ff63-42c4-bf48-5e7d13a4cb92_2,rock
suno_4751c927-448b-4895-a8fa-6e8b6d1658fb_1,jazz
suno_6ed40bdb-9b31-4507-a0be-10386c6bda53_2,classical
suno_7249d0e2-1e5a-4a2e-b44e-61c63f59af0c_2,electronic
suno_922dd58b-78de-4807-8ca7-eedc82a5ab9d_1,jazz
suno_dafb7f79-7fb1-47a4-a061-cb8fd9486188_2,pop
suno_26aa34cf-6dca-4253-9cc1-fad807109282_2,blues
suno_3a226cf9-89c5-4b0d-9381-3bf800c7581a_2,pop
suno_6444f21d-df86-44b2-bda6-c18dd2735201_2,classical
suno_14ce4bef-14ad-494e-a0ba-1c7e1b21dccf_2,electronic
suno_1033f264-c33f-440c-ac28-e430d4470ff3_1,rock
suno_9b6fa851-1e60-4f4e-a59b-69b3ef8073ad_2,blues
suno_a300704f-c20d-468f-a87c-5701b29c3e8d_2,country
suno_ab3236b9-416e-4515-a138-4c99a2393b79_2,classical
suno_0222414f-07f2-4b72-8f11-dcea64bdc084_2,jazz
suno_51a3b127-e21d-4df0-bbe5-59dfafb22f87_2,jazz
suno_92a853c1-a3da-4011-b872-e81b39a7c4f6_1,jazz
suno_8b1a1589-0da7-4d94-8bf1-ea8b5721f574_1,country
suno_95e41ac5-a9a0-49cf-b09a-b3ac12aec04d_1,blues
suno_0fb5788b-bc0f-450d-8762-ec65185e257b_1,jazz
suno_3906835e-4cb1-41d5-beeb-e5fbe7b91780_2,hiphop
suno_4c03bc4e-6de5-40dc-a309-322e5a57232f_1,jazz
suno_0e4b3e9d-c4ed-43af-b86e-a7062376a39c_1,jazz
suno_ed557171-04e9-41ec-b5c0-9d2a95e85f5e_2,pop
suno_969c9fa2-af0b-4555-9324-38b84f6e067e_1,electronic
suno_9aabc1e9-95c7-4dd8-b11c-f3a164a197f7_1,electronic
suno_8c8a9a19-a0ad-475f-9b68-982d3dc83bee_2,jazz
suno_1277b349-a749-4752-9c93-cd0cf37a9972_1,jazz
suno_abcfc944-8a95-461f-9bc5-5976f8a6c307_2,jazz
suno_f890488e-134f-478b-90d0-353a5ce588ec_1,pop
suno_1eb6f217-cebd-491d-a332-c889eaa2c3f6_2,pop
suno_ee04cef9-cfa3-4cd1-b9ec-f565b96a95d5_1,electronic
suno_e60f2492-b25c-43b7-9d7d-e7cb070eff5f_2,electronic
suno_511efbfd-6158-4669-bd4a-3a0471920318_1,rock
suno_baa60139-7522-4da8-a10c-f6514ce069c1_1,classical
suno_8d844e91-aba5-4179-b5cf-9b1e5df376af_2,pop
suno_43f82b13-f8eb-4145-92ad-863c049e5c38_1,rock
suno_09b73a25-3742-4d9f-a418-e4f095769959_1,hiphop
suno_8dd7a846-6caa-4b36-a120-11c2e8efd8d2_1,jazz
suno_d571d1b3-cf6f-4696-ac27-39221ba27421_1,blues
suno_023c290b-6956-4189-8dc9-02d3710bc56d_1,hiphop
suno_400419d6-fcab-453e-a032-214e370117c2_2,hiphop
suno_b9485b2a-0d10-46fd-8832-59bf7eaa7dd1_1,rock
suno_78e6b595-0168-4a13-9877-8372bcf89442_2,pop
suno_3e93c46d-5c1b-4501-b5a2-adfcfd515b4d_2,pop
suno_5384c023-4247-42b1-b641-f1699791eaa8_1,rock
suno_c1950195-1e1d-4c03-a632-d30f454ebe1e_1,blues
suno_68fbae60-f7e1-4155-ba68-e175add26335_2,country
suno_dc468599-6e3f-4ac3-a2d2-097f3833b38a_1,jazz
suno_6adbc5ee-aaa3-4165-b11d-98dc4570eb33_2,rock
suno_de5035bc-e40d-4b7e-96dc-4fa40a4a9b7e_2,electronic
suno_be210422-8bb6-4a15-a938-5d9133f375c4_2,jazz
suno_09b6baa4-90b5-436f-976e-45584b3accd1_2,rock
suno_f18ecfb1-1b0e-4c4a-be9a-ecf8ff9fa85b_2,rock
suno_c74da804-067b-4915-8990-f64d3605105b_1,jazz
suno_11f70043-54eb-4e85-a2b9-782fe4fbefac_1,country
suno_2531a8e6-f618-4ddf-8887-9da732e87951_2,country
suno_08d88438-b2e2-4d41-a40f-9325fa34dec2_1,blues
suno_654e31b0-b188-48fe-93b4-124a41ff188b_1,classical
suno_1efaf9b5-ba54-49c8-a081-092dac56dcdf_1,country
suno_4dd35fbf-d44a-4ae0-951b-29e19d05d03c_1,classical
suno_ad2c4aaf-9896-42d7-9530-033f35691902_1,pop
suno_2686e2df-45c0-4110-a715-68ef44e9e083_1,jazz
suno_2a28d8b5-b471-420f-813e-ab0b66eeb02e_2,classical
suno_2a52e8e3-07d9-4264-9454-dd207a43504f_2,pop
suno_0fb65c53-02f1-4bed-b211-7ede9534c07d_2,rock
suno_fe514138-a6a4-4d7f-9b5c-d69c3474d6ac_1,country
suno_a43a208d-0c47-425c-9a58-ab053b844eeb_1,rock
suno_857d1ee3-ac9a-4667-bd81-0b428743db7c_1,hiphop
suno_0599a860-d315-4780-a846-d35220ef4a4c_2,rock
suno_6cc7f3f0-f692-49e2-9830-5e81a31a5ae1_1,country
suno_09b6baa4-90b5-436f-976e-45584b3accd1_1,rock
suno_63eabe70-4a0e-4893-b485-df40a5ed58f5_2,electronic
suno_11f70043-54eb-4e85-a2b9-782fe4fbefac_2,country
suno_87a7d73d-deab-47bb-9422-597f72ece3ba_2,jazz
suno_9bdb82e7-73cf-441d-97a5-4242c615cd6e_1,pop
suno_caef9c43-2da0-476d-9116-df58121f0559_2,rock
suno_d459c437-b017-4dc5-8ecb-66a2492a6852_2,hiphop
suno_43213962-122c-4726-a92d-9b0995ecb2b6_2,jazz
suno_6fa6b9a4-b948-4227-9688-f59cfb54287e_1,blues
suno_04e58685-0bfd-4cbc-ba11-7717828caf55_2,electronic
suno_875734ed-be35-48f9-bdea-29d256bf4bda_2,blues
suno_ca633c30-9a72-4f0c-b9f4-ed2b5ee48856_1,jazz
suno_3863c0f0-953a-4e07-b554-9343186a6994_1,hiphop
suno_6b745db4-34ac-4a88-9d0b-da445a9b3f4a_2,pop
suno_472dde95-1bf8-4a25-a219-4e12c673b83d_2,rock
suno_f26990ad-d5c6-443a-b4b2-1a9d597946bc_2,jazz
suno_5f339664-252c-4f7e-8793-8e85180294d9_2,blues
suno_48153d79-922a-4922-a641-bf847c5b5c77_2,blues
suno_8d4200a3-e4ab-400c-8a3e-896c5af2ccee_2,classical
suno_729ab243-01a0-4212-b681-0dce3660f07a_2,country
suno_52bef3fe-03a1-4893-a9d1-357c389c7176_1,hiphop
suno_7ca0f046-6fd7-434e-9be6-93e5f1c283a3_2,classical
suno_ce0ce034-47b6-4c95-86a2-b26dc3a48a82_1,jazz
suno_c1c75a20-9a69-4d4e-b63b-b96c921262b3_1,electronic
suno_ccadb142-069a-43d4-9ac1-09787b783971_2,pop
suno_3dc98de2-58d1-4e49-b881-41d35f96870d_2,classical
suno_f4ce727e-1bd0-408c-8723-232903b80a07_2,classical
suno_58e575be-cc7e-410e-91cd-e14acb866fe5_1,rock
suno_625a2442-b3d1-442e-a95a-8ee52bb52a57_2,hiphop
suno_8e922309-ff56-433c-9f1e-95d2a8c1c6e6_2,pop
suno_fa36a1c6-55cb-44d2-8d9a-fdbbe9a94371_2,hiphop
suno_2eb4c673-4a70-4fbc-a81b-358a8df53d34_1,blues
suno_00d1f477-e58b-4847-906a-95ee0e34a12f_2,country
suno_3012bd56-0307-4135-a39e-8b50e07e0920_2,classical
suno_ce0ce034-47b6-4c95-86a2-b26dc3a48a82_2,jazz
suno_4352be1f-cbb8-4a68-bf7a-b93a377dcbfe_1,rock
suno_71b78d68-e183-499f-b210-6079d233be79_2,pop
suno_8febe40b-8057-44fd-be94-2f741dea1d15_1,jazz
suno_28af4983-6944-4a16-ad35-b02fb89013e3_1,jazz
suno_f4814a09-be01-4d02-8a75-91ca46dccd77_2,classical
suno_ece17695-7dd6-4ba7-a4eb-3ff067d382d9_2,jazz
suno_ae786da7-213f-47cb-9029-0616c12b4ce3_1,rock
suno_34400463-0638-4f88-9949-a8619ab94c6d_2,jazz
suno_e8fb8028-9fdd-455c-be73-561e3abf1bcc_1,classical
suno_4e6e23e6-af4c-41aa-a062-8cb8f771ae30_2,blues
suno_83e71af7-175c-4c51-96ae-9a1c119370e6_1,hiphop
suno_8c73716c-00f2-4bf0-9221-7fd71fce7879_1,blues
suno_ffd24211-027f-48fa-a599-ef19e8a99c5a_1,hiphop
suno_f9d4762d-7b12-4e16-b534-1eb482842fae_1,rock
suno_1633139e-fe9d-424b-8e6d-4fc3ec8afd27_2,jazz
suno_a2ffbf6a-34f4-4881-ac40-e733228f25d9_2,blues
suno_b2e996f4-d95b-4769-a779-1e2182cdc2a0_2,pop
suno_4b2417ae-fcf6-43b6-8604-541fdf3e1395_2,hiphop
suno_1565e6c9-49db-40e3-92aa-fb213c85dbea_1,jazz
suno_f20653c9-29ff-4ac7-be02-79627b833040_1,jazz
suno_cefc762b-ff56-43b9-902c-75f1d025101d_1,rock
suno_cdb5b059-66ee-4cef-97e2-cef4366df63e_2,blues
suno_cc367507-4b40-4121-8ef6-84b786998108_1,pop
suno_6fb9de4c-55ff-4465-a7ad-262e7797bc98_2,classical
suno_de5035bc-e40d-4b7e-96dc-4fa40a4a9b7e_1,electronic
suno_7d9fffc6-c49c-4f38-b025-17d6e4a357a1_1,electronic
suno_bc1ce709-f762-4c73-9101-6de6caf661f6_1,electronic
suno_be990904-9bb2-422d-b4b6-ab88a556c570_1,classical
suno_70e22d39-48f1-4d19-8d52-15ae91066790_2,jazz
suno_b87492b1-a0a5-43fe-bcad-5b7b7d00e514_1,rock
suno_e8f35dc2-4085-4666-9eae-ce0ebd601d7d_1,hiphop
suno_358e472a-2c3b-4cc6-aaf5-84f18d93f8c0_1,country
suno_50edabaa-e7b1-4626-a786-a122704e0798_1,rock
suno_eb6b4334-e10f-415c-9f93-a32edf0d5112_1,rock
suno_50f3c276-fdbb-440b-87fe-013eb2d47b68_1,country
suno_27b58c13-e462-442e-a6fa-841e88c0a839_2,classical
suno_e8fb8028-9fdd-455c-be73-561e3abf1bcc_2,classical
suno_f26aa419-5ace-421d-b053-a7edfde34d9b_1,blues
suno_b6999f53-3e66-4fd5-9124-3d487a057e27_1,rock
suno_d2a1e690-fcbf-48dc-a445-07325bd7ded5_1,jazz
suno_c305dccf-978c-4613-b4d3-d88768e85978_1,blues
suno_0e189f0f-3786-47ff-9d2b-ba6a8f799fd1_1,jazz
suno_563e487a-dbfd-4b96-9e6a-089a7fe8a917_1,pop
suno_43213962-122c-4726-a92d-9b0995ecb2b6_1,jazz
suno_641a42d7-c05b-4e9e-9f72-f2d303685680_1,hiphop
suno_d0d2e7f9-bd40-4882-add7-e37cf5cc029a_1,hiphop
suno_99659ecd-72f5-4358-9689-41b9319fd61b_2,blues
suno_1007dbc3-94c9-4858-9f18-f7a3fe48544a_1,rock
suno_d462dc88-9fb3-4fbf-bbcf-14e6f6b42cc1_1,electronic
suno_0e4f80b8-df21-42e5-a441-5c8fe458746b_2,classical
suno_71c91edf-6d12-4bd3-90a7-dfcbf8d0605a_2,hiphop
suno_dccebf8b-66bd-4c2d-8660-2ab05d4d7c99_1,electronic
suno_9eafa83b-4ad4-4201-b8ed-56c534aaf419_2,electronic
suno_36c2b834-9478-4322-a833-416032ebaa83_1,pop
suno_403e1b1a-9e75-420f-a38f-45708e6cbc92_2,rock
suno_fd84269b-dc33-4aee-a2e8-b9628a9202d2_1,blues
suno_447cf130-1201-4f55-bf9d-99f80211a362_2,pop
suno_3fe70799-72fe-4011-abbf-db7299d31410_1,classical
suno_2b141324-de90-43fa-9d2b-5c9266e6dc35_2,electronic
suno_ae7d49fe-d316-4d3d-a4e3-99cad53ff91f_2,blues
suno_1fbe9dae-da6e-4284-8915-7f731948d50a_2,pop
suno_00bad091-54a0-42a8-85f9-56559282f03e_1,hiphop
suno_0ef9625d-6e22-4939-9176-6170456a5be2_2,rock
suno_055d53a3-87ee-43f3-8119-cc9d3edf8083_2,pop
suno_f916c31e-2c8e-4c22-bf1e-19454d4280ec_2,blues
suno_3b4f9a16-466a-4cf6-b67d-8bb5e743f17f_2,electronic
suno_ae38184a-ca77-41c3-bcdc-c3dbe1f8fc7d_2,blues
suno_cdc6fb4d-1b55-4f5a-be4a-28cd13ed9081_1,pop
suno_aeff74b4-a8ce-4af2-8ecc-a3212a2d1024_1,jazz
suno_40484e22-eac1-4e92-8732-53e71f19792b_2,classical
suno_fd5697ce-824c-446f-bfb8-093b4cc3a146_1,electronic
suno_a40a5c77-28b4-4f0b-b435-100f3ce7e044_2,country
suno_d9261c9b-172d-4722-9f81-c7902410e597_1,electronic
suno_951f54a0-7b7e-4947-8a94-6193d80fb898_1,pop
suno_3f1f9d4b-38d9-4b8e-af39-c3382c97151f_2,blues
suno_198f3b7f-130e-4af1-898c-7a3b2357cb9e_1,electronic
suno_20cc2be6-430f-4018-8723-eab78b6e0b81_1,rock
suno_4a094079-738a-4144-abbf-addfef4c038b_2,blues
suno_b6999f53-3e66-4fd5-9124-3d487a057e27_2,rock
suno_1b508933-51b2-462f-a825-045c745ba558_2,jazz
suno_176c98ed-c8e5-4d71-813a-b3464522162e_1,country
suno_9aeccc6f-d62f-4286-91a6-0b460e515183_2,classical
suno_86ec582b-a9fb-4895-a95a-a2f74b4b3440_1,blues
suno_d98718f2-9830-44cc-9ea0-5e5ecd40b657_1,hiphop
suno_9b75ffb9-c281-4919-8bad-853f293d7428_1,country
suno_8c6ecb63-cff4-442c-9f93-3e8d4e39ea44_2,pop
suno_af4e1b57-5dad-4b40-b234-2df70559afd6_2,jazz
suno_2ccb989d-dd6c-47c9-a15b-b81b016ae398_1,hiphop
suno_a84c9dd6-fd62-4039-b99e-a0021ab5ace2_2,pop
suno_6c6da833-40c1-4e79-a912-e8dd0449ae0d_1,classical
suno_556cdfd7-b6f5-4ec3-b8da-3ae7807eacdc_2,jazz
suno_be2fa915-7954-4609-8028-02492c4ae196_2,jazz
suno_5cbf2419-57c7-474f-b458-0a836bd8cf4c_2,electronic
suno_0403ff94-f334-4298-8ee8-0b908f00d98b_2,hiphop
suno_c2bfaae7-735a-4b14-89df-6de1c780c073_1,classical
suno_c4683485-cc5f-40f6-843d-0539021cc837_2,rock
suno_55ab990c-b469-48df-809b-7bfcf8825391_1,rock
suno_afb9d759-e1d4-4689-9b9b-9ed66b979bbb_1,country
suno_358f4511-bbf1-48d1-9faa-1050a9a4adf6_2,country
suno_4659a3f9-a958-4ed4-858d-e816c84c541e_1,rock
suno_c38e2958-2556-482a-b593-747bd524e705_2,classical
suno_e895091b-eabb-4647-add8-1e14ed51a525_1,rock
suno_97d345f0-3c4c-42e9-aaea-fcdc11a3faa6_2,jazz
suno_083e0c91-ccd8-4c0c-9721-1d0af4ed87ca_1,pop
suno_836678e9-4d73-45f6-94ae-04c50d779a2a_1,electronic
suno_ea763270-3b3e-4311-a307-193da1c659d2_1,jazz
suno_9c97cfb6-e686-417e-9c9e-8953d619dbf2_1,blues
suno_14518ea1-365f-4d1a-81ef-cf0b6608d4fb_1,blues
suno_ea70fd9b-7cc1-4c09-ae2a-3e6fb9f08522_1,pop
suno_9a809c96-140a-4ca5-a3a2-2fa99684e7d8_1,jazz
suno_cb54c4ee-1dc0-406a-b0a8-7109a82588de_2,hiphop
suno_1623d9c2-b6ed-4415-a658-929a5317c05a_1,rock
suno_834918bf-d9e0-45fc-bbfa-8a68cf9a5b32_1,electronic
suno_711f767c-6c48-4d15-bfc1-39954ded41bb_2,country
suno_a3c66419-4c2b-46fc-a584-a9949133e61c_1,rock
suno_ed6af86e-81ac-4c68-bc1c-299550e80c51_2,rock
suno_655826dd-b169-4e6b-ba9c-840c7a0cee30_1,pop
suno_ceb77bbb-9cab-494a-989d-a04364a1ea3d_1,blues
suno_50f3c276-fdbb-440b-87fe-013eb2d47b68_2,country
suno_9017423a-0d06-4cf7-8dd0-36acbe379005_1,blues
suno_6a916ce9-b6b2-40d4-b4df-9a0c3a12af81_2,country
suno_523fb1fc-1884-4db0-9607-e30ad748c6ba_1,rock
suno_f51d7457-db76-45b7-88d2-dbe9a3b4bc91_1,electronic
suno_da79becc-97f7-493a-b3b8-30912e20f550_1,classical
suno_2358f9fa-eae0-481a-8267-ac5ffd67682e_1,classical
suno_aca659de-7490-411e-b5ef-6d4de8aa9c16_2,classical
suno_849262fb-e4de-4799-988f-922186bff591_1,jazz
suno_d2b7c349-3219-43ea-8f1d-974ced1f0e3f_2,pop
suno_6098faed-f8c8-4ebd-870f-949a8f3d2316_1,classical
suno_379b3090-dad7-4943-9345-dd6066e31afc_2,classical
suno_f677188c-dea5-48f7-a555-d362075300a8_2,classical
suno_cf622736-c0a0-4541-9d13-3ab4a465ea14_2,electronic
suno_c2eb945c-424b-4085-be69-ac11394d95bd_1,electronic
suno_eca3b86e-eab5-4016-9135-c592f69b074d_1,rock
suno_225b8cee-3f8f-4f92-ad4d-f209ba0fc410_2,country
suno_e662c369-dcab-426a-812d-7a4e1213eef8_1,jazz
suno_da5d5d70-03a0-4f2c-bada-8a02b276332d_2,blues
suno_3b7cdb95-337e-41fd-9712-4b76a90e9edd_1,blues
suno_0c0b9ed8-095f-4c09-b456-79ae24dd829e_1,blues
suno_df718e07-29fa-4d74-8439-39a6ec6f7626_1,electronic
suno_fa07fbe7-49eb-4be7-a319-5cf17251b373_2,country
suno_ea3b01d2-ee33-466f-8ca6-d2ec6b33f290_2,rock
suno_2c309d6b-6673-41d6-ac98-f8894813bce4_2,rock
suno_1f7393dd-c10f-4417-9b58-dbef5ead3f2c_2,blues
suno_f26f12e6-a99a-48fc-b210-820e4918f4a7_1,pop
suno_47ba2b55-0fc6-41e2-bf9b-bd7ac1cc0d79_1,pop
suno_47199629-a652-4761-8bbf-e0296f110492_1,jazz
suno_259c27bb-739b-4f17-b416-24ce4da1d8a6_1,electronic
suno_31755325-c5fe-4230-b453-8610c8e7c0ea_2,blues
suno_3863c0f0-953a-4e07-b554-9343186a6994_2,hiphop
suno_1adc7191-3cb2-4dae-8fce-1a76576c2ad9_2,pop
suno_6dfc16b0-9523-4359-bf21-a7132d948e28_1,rock
suno_dcd934e0-e5e0-403c-9e2a-16e7840c52b4_1,jazz
suno_62caa328-a02e-41b3-820e-deae798ff7a6_1,rock
suno_d584bae9-0866-4a5c-b0fb-f87229a8b1e1_1,hiphop
suno_faad4b60-17a9-4a1f-98ec-8e75f66e6c5e_1,rock
suno_eca3b86e-eab5-4016-9135-c592f69b074d_2,rock
suno_24807156-c471-4b43-b43f-4238600183e3_1,blues
suno_97365602-da63-45dd-b370-7a5552a7aca2_2,country
suno_c8e799d1-9f39-4f0e-83e4-bb3a110c3d46_2,blues
suno_b4228583-d62d-4754-b126-3a5bf4f2eb4d_2,rock
suno_e0d30185-88c2-4518-918b-3de950645667_1,rock
suno_3ab8ec35-74e5-4cc9-98a6-7dcd73591ae2_2,blues
suno_26213a81-4dfc-4a2d-b5e9-3b23dc7d17d8_1,classical
suno_e341e55a-7c7f-4565-84dc-a2f6bba9d973_1,hiphop
suno_2899ea8c-5afe-4d45-bcf0-9ab67d3cf004_2,hiphop
suno_7dad7544-34d3-47be-a631-d7aefcf055b0_2,electronic
suno_93eaed63-ed4c-4837-a878-7c94b6669846_2,blues
suno_a153aa57-c332-4f34-aef7-1fac8dac9c7f_2,electronic
suno_770bb1db-089e-4bac-b809-edba2a1ae79a_2,blues
suno_c06b6802-1eb2-45ae-bf9d-7020349ef8c9_1,rock
suno_1191b5d2-486b-431e-b27b-fffa24fc654f_2,rock
suno_43f82b13-f8eb-4145-92ad-863c049e5c38_2,rock
suno_c2c51643-95af-410c-8b5d-634aca2db87e_2,pop
suno_bb3d3586-834c-4ecb-a570-c3a2cc2eac60_1,rock
suno_28abd53f-d79e-4b3f-a837-0f5c30bc17a6_2,country
suno_a97865a9-0b23-4228-a0fd-d6bd2112b88c_1,jazz
suno_fe6ea803-9512-4f68-82d5-1ad2a7c4807a_2,rock
suno_e924a16a-a947-4f9c-914f-e33d3e5fbe95_1,country
suno_8461bd50-a3e4-46de-8546-e03f70df9fcb_2,blues
suno_53e9c974-956f-4eca-b1d3-4add96918ae9_2,hiphop
suno_bb879dae-18fc-4157-9ff8-2815168b4c95_1,blues
suno_5f4908e8-8824-4f5f-82e3-220e3cc70441_2,rock
suno_2af55790-5274-4fa3-b399-1d3f63b1ec45_2,blues
suno_14299493-aa89-4360-9db7-23dbd1daf7dd_2,jazz
suno_535f9758-75d3-4981-8680-d0f604b4d433_1,rock
suno_4bc6c499-0a98-48da-a6bf-2d2b3dbf64d0_1,electronic
suno_15bfaf18-85c5-41bd-97cb-42914fe6ed79_1,country
suno_accf9a96-57ab-4b2e-bf8d-1f81b55a3a13_2,jazz
suno_0c1ef9d2-6e27-4a8c-8f1b-36a129758361_1,electronic
suno_599b925e-bf38-4116-9a41-9838cb83eae8_2,classical
suno_e366d7d4-642d-404b-8363-e24ae8b0f6f3_1,electronic
suno_1a50b2bf-ed90-494f-a5b0-cdbec1e99416_2,rock
suno_ca7100b7-4cd0-4db3-8d9e-3a10da5d41a5_1,classical
suno_381cb7c8-8c5c-44a5-8980-8ba220b45973_1,country
suno_995fead1-7d77-460f-ae18-6fe84d7d9b4e_1,country
suno_ef8539f8-a184-4fb3-a282-71e3d8bb1740_1,hiphop
suno_63924ef3-5916-4434-bf73-c44a1dda465f_1,pop
suno_c96c7ef1-49a2-417c-ba33-7e3626fc3d54_2,jazz
suno_5d4faef7-e8ee-4a95-a526-8e84aeb13e86_2,rock
suno_c08cc5e4-9e1a-44f0-a220-9999c2343d45_1,hiphop
suno_974e3bf7-67b0-46e1-9a8c-edb152c3af30_2,pop
suno_4a4f0dee-ed06-4394-b1cb-5849553e368e_1,pop
suno_969281e0-dc1b-4ee1-865d-4820b4b3a034_2,hiphop
suno_db97bb86-780b-4773-8d39-08a27fc9ad50_1,rock
suno_76b73585-d000-47ba-861b-1a111dd1a7d2_1,hiphop
suno_84fe5e58-5a97-47ec-a36f-9ccdde1a66ad_2,classical
suno_6e6187dc-76a1-47bf-9480-a62ce816367e_2,blues
suno_f7fc65d9-fb21-4fe2-a74d-87fda23bb1fa_1,classical
suno_717b17fd-20c4-495e-9cd2-a5666a0328f0_2,hiphop
suno_876f001d-70bc-4b85-8c38-b8d8ba4c5e9d_2,rock
suno_c6be7c46-2c37-4bc6-b29f-0911fc7dfa3d_2,electronic
suno_4639f1cb-ffa3-43fc-9ef6-9e32fcd972c4_1,pop
suno_187c80af-728a-4696-a541-de6a94799692_1,rock
suno_ac672601-053c-40ed-9fb8-d2dc2b7f097c_2,country
suno_dc4d403f-00bb-4bee-98a5-84d3b58e6b1a_2,pop
suno_055d53a3-87ee-43f3-8119-cc9d3edf8083_1,pop
suno_beafaad0-f155-486e-9afd-fa8a4f8743b6_1,pop
suno_0f105c0d-c75f-463f-9a5d-a26162007f6e_2,blues
suno_70c70f80-1a56-4dde-a97e-792114e99de0_2,country
suno_53e9c974-956f-4eca-b1d3-4add96918ae9_1,hiphop
suno_21ab7704-1f3d-4e83-bba9-5c0bf0436144_1,pop
suno_8992b706-4f43-4a34-bc6c-521cfdc874fb_2,hiphop
suno_0376a3a7-9fca-431c-96cd-5550da8698ad_2,blues
suno_d3e317f8-c853-44ec-8b09-a4fa7acc809b_1,pop
suno_45dfd614-3db9-4270-b22e-d7e3c8cf23ce_1,classical
suno_73d1b4bf-b133-423e-9f9d-4d2cba8a9759_2,jazz
suno_637b78c8-ff63-42c4-bf48-5e7d13a4cb92_1,rock
suno_68fbd110-7ef8-48bb-9b0b-729cad96b001_2,rock
suno_e78b1908-7b64-45c6-9c77-ac030110a2dc_1,classical
suno_e652aa36-fa48-4734-9709-9082bcd1e81f_2,jazz
suno_cee202ec-5b44-4ea0-a297-350373d341ea_1,pop
suno_6314f35a-be9c-4d69-8b16-387dbcf5008e_1,blues
suno_d0698176-4618-41f4-9bbf-6f704a2227aa_1,pop
suno_10013e70-d9e5-46d7-b37f-af04f5189e6a_2,hiphop
suno_08a2b84d-eb57-45e2-b3ed-e0db5b27ee96_1,pop
suno_cbcf3220-2b13-4fe9-bdfd-d7eae809cd53_1,electronic
suno_9bd1d224-d2a6-4518-8004-6264cd35bafa_2,pop
suno_a478c13c-ad6c-4652-99fe-b375d9482fc1_1,jazz
suno_2ff71aac-1efb-4c25-a66a-379dedd7018e_1,hiphop
suno_aa3a47bf-d86c-4ba2-9ec0-a288c2a647cf_2,hiphop
suno_6961e891-d48d-4ddf-8cec-82ef0026f6a0_1,hiphop
suno_3d4b6e6a-36b6-4f9a-88f3-7bda625a1af0_1,blues
suno_717b17fd-20c4-495e-9cd2-a5666a0328f0_1,hiphop
suno_b6326ae3-d9a0-4e74-8bdd-4433aca86019_2,electronic
suno_c40ee52a-5ff6-4cc6-99c7-b554cfbfe792_2,blues
suno_cf737227-ea25-4c74-ac69-e1454c092bfe_2,country
suno_d985a9d0-9308-4b73-85e7-dead30904834_2,blues
suno_081303f6-347b-4748-a785-6eff0be72ed1_2,electronic
suno_2eda9390-4a44-4d5d-a167-30739ed10845_2,rock
suno_081303f6-347b-4748-a785-6eff0be72ed1_1,electronic
suno_085ae824-45d4-46b0-8b43-c584d53adb56_1,rock
suno_2d87bb4f-4f03-4144-8e0a-a188a2b8b68b_2,rock
suno_d8183755-56db-49d7-95b7-f052aacd87fb_1,jazz
suno_98c64dbd-4c78-4c89-9dde-5c7e18bb91df_1,hiphop
suno_d459c437-b017-4dc5-8ecb-66a2492a6852_1,hiphop
suno_8bc53fb2-e59a-420e-b41a-f24dabec9c28_1,classical
suno_7bdbc0b7-9cfa-4cce-b915-324f6957694a_1,country
suno_5f9585a7-122d-4437-aef7-b2103a1ab572_2,pop
suno_47575d99-7db5-49d6-8c16-295614b0474b_1,pop
suno_fa07fbe7-49eb-4be7-a319-5cf17251b373_1,country
suno_40f5264b-aed1-4b85-aa7f-c9bcec429747_1,pop
suno_ea53c117-4b80-4c98-bdb6-6af0cf392b1b_1,blues
suno_edf94cf1-58d5-4535-a193-0bbcffe6c735_2,jazz
suno_37bd5e82-6567-4540-a3d3-9a433016240c_2,blues
suno_ad407b08-2943-4be3-9023-f86e671e0e95_2,electronic
suno_e75282d6-6ac5-49ce-b4b3-55e0c695fa36_2,rock
suno_f9da378e-b575-49a3-8433-ee410b3e0382_1,hiphop
suno_5ecdb26a-3cef-446a-a821-542670ab30e1_1,blues
suno_803c9c68-b570-405b-9843-a0d94e4f20c1_1,blues
suno_404132d6-9601-416e-9cfb-3e4a3d1ec670_2,electronic
suno_3502fe0a-10c8-4c9e-a849-9840a3a184c1_2,electronic
suno_8b49c7a4-7660-43a1-954f-bce71c06a778_2,blues
suno_d6e31559-6b0a-4ef5-be3b-ac8c925aa33e_1,classical
suno_f94f11eb-001c-45e5-bcc6-1082c461b8f6_2,rock
suno_5d634349-3464-4811-9442-644959a387b3_2,rock
suno_06a1d344-6843-43a8-9913-2c7a3002f3df_1,classical
suno_e924a16a-a947-4f9c-914f-e33d3e5fbe95_2,country
suno_12f2ca6a-a02e-4477-929c-92e4908e9b2f_1,rock
suno_00155bbd-3b53-4f64-86c3-1368b60fe316_1,classical
suno_5be0eb31-4614-4b2b-822b-f9bcc42c3fbf_1,country
suno_aa455375-6a0a-4aba-9510-0eac8254685c_2,jazz
suno_c6f60813-1e3d-4825-8fc2-ac53bd2818b6_2,electronic
suno_157f0298-918c-4409-a6b6-dd4d40280f04_1,blues
suno_0f835086-c62f-4851-8e0a-f426b66ed8e5_1,country
suno_3467cfba-40c9-4399-b175-e883361a08a3_1,pop
suno_9be6827d-098d-4a7f-a040-1b6d429bd773_2,pop
suno_63685611-3b1b-4a7e-928c-1fb6f34e1b6f_2,pop
suno_cd1c245c-86d6-4bdd-96d4-3980ce45fe8f_2,jazz
suno_26aa34cf-6dca-4253-9cc1-fad807109282_1,blues
suno_d055d4a0-9ffe-4fb4-868f-a9149f1bf1ba_2,jazz
suno_59c8b880-6a1e-4560-bb1c-d7720c563004_2,electronic
suno_599a6ad2-2c2d-44d3-8c96-4503e07b6be7_2,country
suno_c305dccf-978c-4613-b4d3-d88768e85978_2,blues
suno_ce41861b-d755-434d-87b3-2f9fa8f608cc_1,blues
suno_01faf333-a19b-40cf-8306-7de6f8f5a83a_2,electronic
suno_851eb942-79b7-4a19-8f33-de03ea8d6408_1,electronic
suno_4f19cac6-b293-48e6-a10d-5bebfc00a2e7_2,pop
suno_40f5264b-aed1-4b85-aa7f-c9bcec429747_2,pop
suno_0d8d3aac-0ce3-42e4-85da-cf22634458bf_2,jazz
suno_68148ee8-f365-44c9-b6fd-6bf7b3bdf837_1,country
suno_0fb65c53-02f1-4bed-b211-7ede9534c07d_1,rock
suno_6a2da5f8-4510-45d3-9849-8380fef38309_2,rock
suno_27b58c13-e462-442e-a6fa-841e88c0a839_1,classical
suno_1a24ec96-1e93-4ec7-8d24-a4398939e821_1,country
suno_8c55b581-a894-441f-9230-e05d8bc5446c_2,jazz
suno_0e189f0f-3786-47ff-9d2b-ba6a8f799fd1_2,jazz
suno_f7f3100c-387c-4112-a893-981e1ee7c6d4_2,rock
suno_8c73716c-00f2-4bf0-9221-7fd71fce7879_2,blues
suno_17e9ac6b-9bad-46c1-8522-da1cb4c364f2_1,blues
suno_49524497-d544-41a7-91ab-f1a7c139f7ec_2,jazz
suno_abc99868-8b9b-4166-8473-2e142f5a7243_2,electronic
suno_64e8b219-b7cd-4c76-ac0a-896fbe841693_1,hiphop
suno_49a52e46-a80b-4d53-b508-49a273ad53a8_1,blues
suno_21df9e38-2afd-4067-ae8c-7c4bd0976761_2,rock
suno_d1fd2001-672b-401d-89f9-335ed45bb3f2_2,country
suno_ec541c94-c402-414e-86b7-53b9958831d3_1,pop
suno_9eafa83b-4ad4-4201-b8ed-56c534aaf419_1,electronic
suno_6593d649-573e-46e9-9577-24d5b22e9fdd_2,jazz
suno_fc72ddbc-464f-4654-bd4b-30762c763616_2,country
suno_2da4e11e-9c2a-4571-86d7-f77544403833_1,blues
suno_2e06fb19-b062-4b6f-bf7f-adf54b67f425_1,pop
suno_c3c528c7-f77d-46b1-8015-96eac842a3d4_1,country
suno_fa1b252e-e71c-4d9c-9f2c-ade6d2b3e953_1,electronic
suno_dcfbefcf-b2b9-4cd7-a4e2-ffe599e84c10_2,jazz
suno_d7e3048a-dd81-4a6e-a4dc-180aefa72a4c_2,rock
suno_b02371c0-c8c1-4669-963f-2987857070b2_2,country
suno_7cf3f309-b2fe-4ecd-aa20-9fdd2eb84b91_2,classical
suno_599a6ad2-2c2d-44d3-8c96-4503e07b6be7_1,country
suno_d075bb6a-9380-48df-880a-9340b54da963_1,rock
suno_9477f56a-e490-40bc-8be3-4bf5621e7b51_2,hiphop
suno_247ad4fc-5006-4746-bf87-6d2e55f10a61_2,country
suno_6781d96a-b018-4452-b345-091d36f0c2d0_2,country
suno_4e6af288-15bc-4621-b752-9d215a036a57_1,classical
suno_8ec9e80c-d50f-4656-b02b-97f13afe95b7_2,jazz
suno_869c75b5-2801-4aae-ac31-6a7776f772a2_1,blues
suno_cdc6fb4d-1b55-4f5a-be4a-28cd13ed9081_2,pop
suno_9d875d10-ed70-47ed-92ff-709f353405ac_1,country
suno_e5f6d551-8d26-4ac8-9c2b-29167e0177ce_1,country
suno_04c5182f-1391-4e6f-bf7c-0db731aaec61_1,hiphop
suno_eb23964b-e146-4b99-a212-0dac58182fc5_2,country
suno_ed3f2a7e-bfff-4efd-a197-0810ded376c1_1,hiphop
suno_21aef994-e3bc-4555-9b34-69d654584703_2,hiphop
suno_84c76fc6-7d53-4bbb-9b21-609974191841_1,electronic
suno_37218316-20eb-4524-981e-ea7e0ecdbdef_2,classical
suno_c3ef5349-aa97-4c80-a14c-4df797461d80_1,pop
suno_c74da804-067b-4915-8990-f64d3605105b_2,jazz
suno_df8ce020-8029-4811-a040-9e044421c6ac_2,pop
suno_8e7eff7d-9b97-4c1e-a02b-c0c4c4a08557_2,rock
suno_6cdd855d-0766-44c6-963a-34d3a13bf41d_1,jazz
suno_891b06be-3a0e-4178-9fa0-a519fa0001e4_1,rock
suno_cf7aab44-b677-4396-9d9d-c8b844eb2cb6_2,rock
suno_9bc6c5d3-078b-4d71-b146-0e5483e6b0e0_1,country
suno_1730e4f2-5ebd-4f43-bc30-3cb8708fb300_2,rock
suno_54ebbd18-dda5-4d6d-822b-990c9de9ffc8_2,rock
suno_ac6c43b9-f877-452d-a28e-7a9c10fe2c1e_2,rock
suno_8b0b5683-8b50-4914-9bc2-906ea08396d0_2,pop
suno_5e4c5754-d3b9-4ad0-b476-a5ac742679ef_1,blues
suno_9f6d7f60-36fa-42c1-a264-99e97f4671cd_2,pop
suno_96f1088f-70d9-4b9e-9a9f-d3d6dfd2d259_1,hiphop
suno_f30c0952-8e62-4763-8a89-6a4eca8dad15_2,jazz
suno_84c797c5-ce50-4a7b-91e8-af0a2162dcec_1,blues
suno_aa455375-6a0a-4aba-9510-0eac8254685c_1,jazz
suno_3d15c42c-f7c9-4c40-a438-27a9c9844708_1,jazz
suno_ae75d23f-52d2-4ceb-81f1-4b957035a350_1,blues
suno_a2fd4b96-7a6b-47e1-ba63-7c8787a935d2_2,jazz
suno_f0f3b30c-ea58-485a-89fe-d8ab5105205a_1,rock
suno_16603bbd-e928-44ed-a987-c0c1eb21ea8c_2,rock
suno_cda4abd6-afce-4741-99d8-3f64e8d8d1e2_2,rock
suno_a009bdb6-9c92-4078-a655-8f6b0c236f6e_2,jazz
suno_73530b6c-9845-495c-b88d-97546cf30fe5_1,pop
suno_c3efdf41-70bb-42f1-aaa6-f2f4a413d3df_1,blues
suno_58e575be-cc7e-410e-91cd-e14acb866fe5_2,rock
suno_0361a0c1-79fb-45a8-8674-b2af88bba9c5_1,country
suno_e03a24e4-b62e-4803-93f6-2a98128217cf_2,pop
suno_ea8d43b3-7c43-467b-ad20-d06a3b0bd6c4_1,classical
suno_68bc9446-4d79-4930-89e7-4bd5355b6bf5_1,pop
suno_bfc3444d-5621-4df6-a43a-6a9d7e7b2d38_1,pop
suno_1c2d6bad-c8c1-408b-9355-4e71ae45221e_2,country
suno_488262d4-05a7-4ca7-8318-5020fd71b2d0_1,electronic
suno_a5d5b2d7-7df2-4f65-ae2a-1f0a6f6d95e3_2,jazz
suno_71b78d68-e183-499f-b210-6079d233be79_1,pop
suno_6820db97-9b5e-4db2-862a-b9166883793d_1,rock
suno_889407e7-928d-4585-8a9f-3cf858f1a93d_2,electronic
suno_358e472a-2c3b-4cc6-aaf5-84f18d93f8c0_2,country
suno_515645b0-ca5b-46c8-bc09-e7cb1553213f_2,jazz
suno_39ce995f-02b8-44fd-8298-8b4631c2f854_1,electronic
suno_be6c5f39-ebf9-4836-8c53-b88565791d74_2,pop
suno_16603bbd-e928-44ed-a987-c0c1eb21ea8c_1,rock
suno_1b5f834c-deb4-43c6-bf59-bbb0dd4cd27a_2,country
suno_1ebf327c-27fb-4222-806c-327aaff02c8b_1,hiphop
suno_bf9842c2-ce3a-42e0-94ae-e2dfc9b3d43c_1,rock
suno_4352be1f-cbb8-4a68-bf7a-b93a377dcbfe_2,rock
suno_a8f7642b-affa-405b-a201-04fbbef174e1_2,hiphop
suno_f7aba2e3-4a4e-4979-b30e-a39ca9458d93_1,pop
suno_9cfe42b0-9410-4111-93a1-57e9c47bfc5c_1,blues
suno_187c80af-728a-4696-a541-de6a94799692_2,rock
suno_725a1919-4d1e-4183-a752-1e93d0612106_2,hiphop
suno_b43805c1-1e93-40bd-94bd-aa8bd8e13056_2,pop
suno_a19c9592-52fe-46d8-9978-91a97b6cfdb0_1,hiphop
suno_fe677233-f390-4540-85f8-4295cb63bf1f_1,country
suno_02c2a3dd-47b1-4907-a18e-023b1edd18ec_1,pop
suno_6254d40d-e86d-494c-a0bc-bcea88c68f3e_1,pop
suno_8992b706-4f43-4a34-bc6c-521cfdc874fb_1,hiphop
suno_e8443289-55d2-4551-b512-4f28d97912b7_1,country
suno_4b7f3920-f6cb-4fd0-81f3-ace8ee7eea24_1,hiphop
suno_2095704c-9775-48c0-82f8-b9654fb3b237_2,rock
suno_4659a3f9-a958-4ed4-858d-e816c84c541e_2,rock
suno_d6e31559-6b0a-4ef5-be3b-ac8c925aa33e_2,classical
suno_89b771aa-8db1-45e6-aa25-222a54c1fba3_1,blues
suno_404b5c32-46ef-4cb9-a39e-84160b8f7151_2,electronic
suno_8a69c636-2208-498c-851a-947851d07662_1,country
suno_07ac6c7e-937b-4486-b643-4e46a32e970f_1,electronic
suno_2a4202af-2967-44ca-a781-a2054794540f_1,rock
suno_21aef994-e3bc-4555-9b34-69d654584703_1,hiphop
suno_d50496f8-bcb1-476e-9141-1433cc2b5e38_1,pop
suno_27f17469-2235-4ba5-bbf3-15bddda2dcb9_1,blues
suno_fd04be63-58ff-40bc-8611-c8a20d4f8193_2,blues
suno_3071d642-1190-4c6d-ade5-41735cd70ba9_2,electronic
suno_a460d017-dff5-4a2c-a134-854260f1f5ff_1,electronic
suno_9c833999-8661-4f10-ae68-fda4a27e8ddb_1,pop
suno_18472992-fd7f-44f4-b161-f9fad5270324_2,blues
suno_bbe8ea38-b51e-424f-9c68-71d3d6bbe74d_2,hiphop
suno_ca7100b7-4cd0-4db3-8d9e-3a10da5d41a5_2,classical
suno_bd78308b-22d4-4d2a-a7a7-05242d2d1388_2,country
suno_7d8b6678-a72f-4180-80e9-09f0c80ae371_2,hiphop
suno_4bca968f-7914-43b9-ae46-a3a7b62baf56_2,classical
suno_3492ac9c-9deb-4ecf-9d0f-a57b1f2bb1e4_1,jazz
suno_c3ef5349-aa97-4c80-a14c-4df797461d80_2,pop
suno_a24d5e0f-21e2-4d1a-afdc-b3078a30623e_1,country
suno_15bfaf18-85c5-41bd-97cb-42914fe6ed79_2,country
suno_fc2c0877-45f7-4fe3-96e5-85852984bd74_2,blues
suno_b1fed84f-db60-45f8-9eed-545359a858c6_1,electronic
suno_1e62aeab-9ae5-4374-97e7-d850346a2012_1,classical
suno_0df81103-d8f4-471d-a715-fcf836d0800a_2,pop
suno_0281df71-07d3-4e09-bf6d-ff52bdf829e0_2,hiphop
suno_33c87bd3-5276-4302-855e-e999a1ac5fd3_2,pop
suno_e8378493-d1ce-44e1-8277-c6ddd184c80c_2,jazz
suno_c403867a-3df1-4dae-b601-d64a6cdc4559_1,pop
suno_d7e3048a-dd81-4a6e-a4dc-180aefa72a4c_1,rock
suno_5e2f63d0-1932-424a-a50d-84145f28a88b_2,jazz
suno_c0bdaf1f-d006-4055-8e89-82f46d976cd4_1,rock
suno_7efd6a6c-f9ee-44f3-bd98-51a4abcb3d2b_2,jazz
suno_845d3009-27c3-4d0f-a4d1-ce2b5c270654_2,hiphop
suno_0794d5e7-32d0-46e9-9303-21d7254f5847_2,classical
suno_01faf333-a19b-40cf-8306-7de6f8f5a83a_1,electronic
suno_f6040d1c-21c6-4b48-a0dc-717d04269eb8_1,blues
suno_0972e40e-f234-4fa9-93a1-39ac83c6fdd0_2,jazz
suno_345e2eab-5d46-468a-82c0-3928cd549a31_2,jazz
suno_246fbc38-676e-46ab-8deb-9c0a1beaa585_2,blues
suno_45b7821c-1681-4808-be82-b70fbdc9e914_2,rock
suno_834918bf-d9e0-45fc-bbfa-8a68cf9a5b32_2,electronic
suno_aedab5a1-9238-42a5-9501-b79f3908177a_1,rock
suno_28c02f68-fbc9-4c24-a2bb-4344768f24b4_2,electronic
suno_699749c5-39ea-4d7f-b9a9-90058f582616_1,electronic
suno_80a22312-c4fd-4f6c-9419-be01d0aeb715_1,jazz
suno_adf20f87-4ef6-4544-9e6b-e02ef360f19f_1,electronic
suno_45735d5d-5064-414c-9fab-7c4af6ebfeeb_2,jazz
suno_ae0ad733-e16a-426a-af25-44ec7d17152b_2,jazz
suno_cad28a7a-345d-4dfa-8bcb-4c9c80ae3bd4_2,country
suno_9bedfcb9-4f7e-49a3-9383-bb3f8bdf04d7_1,hiphop
suno_917a1d18-b69f-47d1-95d9-1c1377e758a4_1,country
suno_6305d122-0b07-41bf-9c24-9f7a36283ff2_1,classical
suno_aa15aa67-55d6-4408-bccc-be5f1230bd0d_2,classical
suno_7a8652d5-32c1-4a45-85a4-633cdb4b8aca_1,jazz
suno_5b36d178-d4db-4ce7-9519-7c3f8a7b443a_2,rock
suno_fa36a1c6-55cb-44d2-8d9a-fdbbe9a94371_1,hiphop
suno_f830aefc-cda3-45ee-bfc4-4346acdb2c95_1,electronic
suno_9477f56a-e490-40bc-8be3-4bf5621e7b51_1,hiphop
suno_d5cff4b8-e8af-4041-9a7f-02bddf70515f_1,classical
suno_964c40d8-4c0e-4c32-87ab-1b2e7c2b4266_2,hiphop
suno_ee5d2527-c357-419c-ba90-8278113d3da8_2,country
suno_358f4511-bbf1-48d1-9faa-1050a9a4adf6_1,country
suno_4996b9cd-e243-4cbc-81f5-9ac6e968c372_1,blues
suno_6aba7a7c-bdb5-4891-9a7d-4b5bdd13cea5_1,classical
suno_7f44ed08-7d30-469e-9224-3462a1817913_2,rock
suno_96885666-b0eb-425f-b0b3-422a7e2d55d5_2,blues
suno_8e922309-ff56-433c-9f1e-95d2a8c1c6e6_1,pop
suno_43f333a4-b9e6-4ee9-8ada-931e73d8fd71_2,hiphop
suno_14e1f8b2-33d8-46b4-8fab-a0d7cb369324_1,jazz
suno_65181a72-40c5-4644-b1f9-bae008d9273a_2,blues
suno_99febbf7-7d64-43b8-bf73-6ac9ad492c6a_1,electronic
suno_e5dc39cb-2918-44fc-8afe-49ddf1a629ab_1,jazz
suno_31116970-53b1-44dd-a784-1cec22abf212_2,blues
suno_15e2f08a-cb75-4981-9e2b-098542cf5467_2,classical
suno_81c6b627-89d0-443a-b928-6b81715ca870_1,rock
suno_3f4ac96e-b700-4ee5-80f3-d273ceaf0cd6_2,pop
suno_b35dc0ea-e995-4339-add9-88204cf27d98_1,blues
suno_4a4f0dee-ed06-4394-b1cb-5849553e368e_2,pop
suno_63685611-3b1b-4a7e-928c-1fb6f34e1b6f_1,pop
suno_d3e317f8-c853-44ec-8b09-a4fa7acc809b_2,pop
suno_e1e0dcf5-2a65-4c3b-a03e-4141460e0835_2,classical
suno_b77af2a2-ef3f-4dd9-817f-6b606a9e641a_1,electronic
suno_f1672efa-8529-4a0d-80e3-7683977e358e_2,classical
suno_70bb94fb-28e3-4edc-8627-c55ecbe2efef_2,blues
suno_8f3bcfc4-1b26-45e1-bad7-dadd737aaf3c_1,blues
suno_dba92a25-6fc9-4b70-bff4-e148b287cf1a_1,hiphop
suno_f9c6f092-9b2d-42ee-89a6-c769d2527d57_1,blues
suno_247ad4fc-5006-4746-bf87-6d2e55f10a61_1,country
suno_468cef4e-68b2-4bd9-9082-0b84f73c74ee_2,pop
suno_ef045aa6-670b-48b4-ba17-d3ff429222a1_1,pop
suno_ce5c8e4f-6f74-40ee-98b7-05141e3da994_2,country
suno_c4b7e2d7-4a20-42c8-9765-050c72a97652_1,country
suno_6305d122-0b07-41bf-9c24-9f7a36283ff2_2,classical
suno_89edcd9a-a22e-45b8-ad64-10c64bf19b7e_2,classical
suno_11b648b1-86d1-4d70-992d-5274ea359e40_1,jazz
suno_ab188e9b-aa15-47b7-b7a7-83fc231943bb_1,rock
suno_a37b3410-8977-47c4-8aa0-078c233c90d6_1,hiphop
suno_3a68678b-6829-4402-ae8d-14bc33ebb865_2,electronic
suno_3fe70799-72fe-4011-abbf-db7299d31410_2,classical
suno_b129e026-1af3-4177-9a7b-304cf86a348b_1,blues
suno_345e2eab-5d46-468a-82c0-3928cd549a31_1,jazz
suno_be3a0ca0-5c63-48eb-8426-5c978d6a1ba2_1,jazz
suno_a8f5f2fc-59eb-48e7-a9d8-b769517f9429_1,rock
suno_40e22d62-1e6e-4193-9286-ec55d368efa9_2,hiphop
suno_ca633c30-9a72-4f0c-b9f4-ed2b5ee48856_2,jazz
suno_07556b39-9d83-4b74-8a12-24fa9b380209_1,rock
suno_a009bdb6-9c92-4078-a655-8f6b0c236f6e_1,jazz
suno_a9afb864-794c-45cf-98e2-c15aa995bbcc_1,hiphop
suno_f0a21236-47d2-40bc-b206-12d03e2f539f_2,pop
suno_f50487a7-f87c-42a6-b5a5-8f1b7ba07496_1,hiphop
suno_4d03553a-e25f-4684-ab3a-cd0d0ae853e6_1,electronic
suno_556cdfd7-b6f5-4ec3-b8da-3ae7807eacdc_1,jazz
suno_129b2476-3931-4f38-8aaa-48b5f21bc846_1,country
suno_21df9e38-2afd-4067-ae8c-7c4bd0976761_1,rock
suno_f18ecfb1-1b0e-4c4a-be9a-ecf8ff9fa85b_1,rock
suno_511efbfd-6158-4669-bd4a-3a0471920318_2,rock
suno_6b76e95f-4a35-42cb-9df7-1a9eb967581e_1,blues
suno_070c4e18-447e-4550-84bf-49da9797463b_1,blues
suno_83aeb9ed-8afb-479e-93e3-4b5188d79786_2,jazz
suno_96b7eb88-c475-4f6e-bd4f-7c727ed85cd8_2,hiphop
suno_f69319a8-4ec9-430e-b9f0-94800dcb1eed_1,jazz
suno_b8d0f57a-7dbf-4a49-9ca4-8a3b802f6ad1_2,jazz
suno_845d3009-27c3-4d0f-a4d1-ce2b5c270654_1,hiphop
suno_b894ec92-2e22-40b4-9155-10101dbbb109_1,classical
suno_73456362-092f-4362-bca5-4c80c15844eb_2,hiphop
suno_b4ec42cf-624c-4db9-a304-fc5699cd33ae_1,classical
suno_1af1dbe3-9153-40de-86e4-1a2b0a26b434_2,rock
suno_342506e3-537f-499c-b017-caa6c84462c1_1,rock
suno_ac6c43b9-f877-452d-a28e-7a9c10fe2c1e_1,rock
suno_9b6fa851-1e60-4f4e-a59b-69b3ef8073ad_1,blues
suno_0ce9cbf9-4a49-463c-bf33-d47f0f9414ae_2,pop
suno_b8322667-515b-4205-bbb7-5e85a9e72c0e_1,country
suno_403e1b1a-9e75-420f-a38f-45708e6cbc92_1,rock
suno_a84c9dd6-fd62-4039-b99e-a0021ab5ace2_1,pop
suno_3f4ac96e-b700-4ee5-80f3-d273ceaf0cd6_1,pop
suno_9c7982fb-75a3-48fa-aa0d-345d17e3db81_1,rock
suno_ff1fb93c-89bc-4346-a0e7-eb6bd40c13f0_1,blues
suno_d6061678-9977-4362-b2c1-bda77f2ce4f7_1,pop
suno_ef045aa6-670b-48b4-ba17-d3ff429222a1_2,pop
suno_0f835086-c62f-4851-8e0a-f426b66ed8e5_2,country
suno_fe82379c-b00d-47da-be0d-dd46441670ef_1,hiphop
suno_869a2989-7395-4370-91e7-60930471f1bb_1,jazz
suno_b93735c0-d646-473b-8c50-8febf48434a2_1,blues
suno_4bde9c01-9f79-4519-89bb-7721bef0ffed_2,blues
suno_47199629-a652-4761-8bbf-e0296f110492_2,jazz
suno_0ce9cbf9-4a49-463c-bf33-d47f0f9414ae_1,pop
suno_2c309d6b-6673-41d6-ac98-f8894813bce4_1,rock
suno_917a68f0-3b63-472a-ac82-103ac829c230_1,classical
suno_a8854a82-02b0-49b4-923a-005fa5f8e25a_2,jazz
suno_9be6827d-098d-4a7f-a040-1b6d429bd773_1,pop
suno_9a612fa7-fd1c-4f89-8bf9-7a8e34d31a29_1,country
suno_78ea5b36-1134-4899-92e4-d359c415e155_1,country
suno_d670b18d-cd84-4cfa-9ef8-b77a482559ad_2,hiphop
suno_400419d6-fcab-453e-a032-214e370117c2_1,hiphop
suno_24fce7fe-1fd3-4cf9-a32a-7d05506c9647_1,country
suno_c921b0db-d290-421a-b8c3-e879b724dd55_2,classical
suno_637226cd-49bf-442f-bff0-bef5b9e78a9a_2,hiphop
suno_b2119276-deb7-477d-a964-a1f91f47c6df_1,classical
suno_b8aad0fd-2529-4ca3-b285-2f6d2e4592ae_1,pop
suno_5b36d178-d4db-4ce7-9519-7c3f8a7b443a_1,rock
suno_d6e7d23e-9934-4c86-9d5a-ea12d9e2e6c9_1,electronic
suno_12b1492d-2e33-423c-be35-c4431e9ec2fa_1,pop
suno_3375f99f-9b67-4701-998f-c1afdac0d571_1,classical
suno_4358ba4d-1336-403b-8a52-8bf413eecf6c_2,jazz
suno_8362267c-0818-4fbe-bfc2-36f1302b21c9_2,electronic
suno_1a2398c0-6ac7-46e4-8ba5-10b41c783d44_1,pop
suno_001bf932-68b6-47fe-8454-ae0ab991b459_2,hiphop
suno_26c241a4-abc5-4109-a22d-0b2626274371_1,jazz
suno_ffeb06c9-58a1-4d3e-93e5-ee79c099b794_2,electronic
suno_9bd1d224-d2a6-4518-8004-6264cd35bafa_1,pop
suno_a37b3410-8977-47c4-8aa0-078c233c90d6_2,hiphop
suno_55c87ca5-344f-45c0-be61-e1cdae1b31e3_1,classical
suno_db095184-a45e-443b-a6ea-d5e6526dc2fb_1,hiphop
suno_ccdc1722-fb23-4136-a4ca-0aeec1f14962_1,blues
suno_5ac1b273-a57f-4afc-8f8f-47ce5f99f97e_1,pop
suno_a019b57a-14d7-4917-aed6-220836b140ab_2,classical
suno_82c36cce-9c6a-40ae-902e-e581c4ea36ca_2,country
suno_9e54e17f-0067-4a90-af07-c7413a80ebdb_2,rock
suno_f1672efa-8529-4a0d-80e3-7683977e358e_1,classical
suno_28abd53f-d79e-4b3f-a837-0f5c30bc17a6_1,country
suno_91b83104-b8ad-47d7-b016-43ad9590aba1_2,classical
suno_12392e0c-3942-4a60-acf2-371c55a5890c_1,blues
suno_5384c023-4247-42b1-b641-f1699791eaa8_2,rock
suno_8bc53fb2-e59a-420e-b41a-f24dabec9c28_2,classical
suno_21bdd816-1ec0-4388-b890-306205733dd2_1,classical
suno_151e75bb-881b-40eb-96f9-358e6f54b05c_2,rock
suno_ee3993c5-26ad-45bb-ba71-8208bac571f6_1,blues
suno_98f8d279-c375-40de-bc5e-20ab50c30476_2,classical
suno_05cb7033-7104-4218-bcb5-a28b444ea608_2,electronic
suno_ba3e2e32-0512-4f6c-bf3d-36cac8e52ebf_2,classical
suno_198f3b7f-130e-4af1-898c-7a3b2357cb9e_2,electronic
suno_3fb46222-d42b-487d-8bbd-ac54f50575bf_2,classical
suno_d9d01031-1bc9-4cb0-af25-ae4d7055826a_2,country
suno_7e36e220-ad6a-4c0b-b848-bf628149942e_2,country
suno_dc468599-6e3f-4ac3-a2d2-097f3833b38a_2,jazz
suno_4f9bd112-0c10-4a8c-b042-df964e49e1bb_1,blues
suno_2bbaec5b-0b8d-472e-8d81-96b568bac31a_1,country
suno_5bd0d2c1-38ca-4ef4-bf85-6661f57af403_2,pop
suno_fc7cd502-8513-49b4-ae94-9cf081206a35_1,hiphop
suno_acaad14c-35d9-4c84-a02e-6891c40949dd_1,jazz
suno_4e79556c-59c5-4cd5-94ee-89bdf8116c14_1,rock
suno_d216171d-7f37-4610-a9b2-82f1e0c60760_2,classical
suno_13bb7d28-b6e0-4115-88fe-488a60df50dc_2,electronic
suno_f1b31995-c69b-4b9e-9fbd-d518c4bc19f6_1,country
suno_d8183755-56db-49d7-95b7-f052aacd87fb_2,jazz
suno_79742e3d-3c65-4a7a-919b-c78d43637074_1,blues
suno_023c290b-6956-4189-8dc9-02d3710bc56d_2,hiphop
suno_fe514138-a6a4-4d7f-9b5c-d69c3474d6ac_2,country
suno_89edcd9a-a22e-45b8-ad64-10c64bf19b7e_1,classical
suno_9a545b73-a06e-447a-994d-94825217f879_1,pop
suno_3c520a7e-03f1-4bc1-a11e-87459fd05c38_1,electronic
suno_f50487a7-f87c-42a6-b5a5-8f1b7ba07496_2,hiphop
suno_e28bbb48-aafe-4c9c-912d-896b425368a1_1,jazz
suno_dac6e098-83c9-4974-9bcd-e1272c0573c9_1,jazz
suno_5fc453ea-92f6-434e-bff5-6ffed8e0b8ac_1,rock
suno_68e5d14b-b86d-4f71-be98-d0c9e2470227_1,classical
suno_d74e9ad5-2713-4d23-bfa9-2d8f9a8bebb2_1,jazz
suno_ba3e2e32-0512-4f6c-bf3d-36cac8e52ebf_1,classical
suno_c1950195-1e1d-4c03-a632-d30f454ebe1e_2,blues
suno_786420dd-e09d-4f82-bde9-2c9e81cf3316_2,blues
suno_cf8f82be-084e-4626-8b71-fa35c94f0bcc_1,jazz
suno_e7691956-2f25-4e7b-aa30-60382bd20586_1,pop
suno_54ed788e-fb78-4c64-96f9-a2ac24c946cf_1,country
suno_2e07bc32-c483-443b-b20f-ca2cf7dbe8fa_1,country
suno_1d445026-9ac7-442a-8f42-8ab1e2960d62_1,jazz
suno_5f339664-252c-4f7e-8793-8e85180294d9_1,blues
suno_7db1523d-bbed-406a-9feb-4eb926b79756_2,blues
suno_d81b7f1e-dbf1-4d94-93b0-1e27525d5943_1,blues
suno_9e777f7d-63b9-48e3-806e-a68516492101_2,hiphop
suno_d25fa0a9-68b1-4219-b83f-0530522209fa_1,classical
suno_20f199a1-9de8-498d-909d-bd441020d52d_1,classical
suno_5577fcc2-e5c4-481a-8f73-32f24eaecce3_1,rock
suno_ed6af86e-81ac-4c68-bc1c-299550e80c51_1,rock
suno_e2507d1c-52eb-4929-9860-21ed832e9146_2,electronic
suno_8dcb65ba-2040-4a02-bc00-f15a7f204ccc_1,blues
suno_969281e0-dc1b-4ee1-865d-4820b4b3a034_1,hiphop
suno_59688df1-7233-43c7-afdf-0a342a3d8ca3_2,pop
suno_eda321be-d493-4189-bb66-7de310e928dc_2,country
suno_55521f46-21d3-46c8-b54a-dcc3488c3828_2,jazz
suno_6ef10581-1135-4a9d-93e0-a437d07b4efd_1,electronic
suno_d7415013-9d5d-44fc-95e5-707b868aafd5_1,hiphop
suno_fc72ddbc-464f-4654-bd4b-30762c763616_1,country
suno_34117d44-2688-4ee8-9995-5482516b8d8a_1,rock
suno_af4e1b57-5dad-4b40-b234-2df70559afd6_1,jazz
suno_3e7f5771-f4c0-4cf9-9a15-71cb48825d99_2,blues
suno_31dd80af-b080-473a-8fef-9f90ff1ce166_2,hiphop
suno_33ebc491-fe4f-40d8-9351-1499b4cffe41_1,blues
suno_b77b05e7-c1ad-476e-822b-02b7571de40c_2,jazz
suno_54300f80-9652-4775-aa51-af6fffd8e6d9_2,pop
suno_d373bad3-013b-41d4-a20c-18a3c90dd1bf_2,jazz
suno_5edc4fb1-f10f-464d-ac2b-1014556d0829_1,rock
suno_cb54c4ee-1dc0-406a-b0a8-7109a82588de_1,hiphop
suno_76efbd0e-a602-4ca4-8931-fcf2f28a9d9c_1,blues
suno_ca59b887-e085-48a4-b2a5-530409b43a21_1,classical
suno_417c8c34-917e-4a22-b15a-66a1378711ed_1,rock
suno_dc762cef-630b-4305-8868-9717058dc34e_1,blues
suno_789db252-b1fc-49ca-8ce7-a508bb854864_2,electronic
suno_6fb9de4c-55ff-4465-a7ad-262e7797bc98_1,classical
suno_3c52b7c5-a50a-4284-902c-5e78785b14fb_2,pop
suno_d055d4a0-9ffe-4fb4-868f-a9149f1bf1ba_1,jazz
suno_50edabaa-e7b1-4626-a786-a122704e0798_2,rock
suno_640998a7-7523-47fb-b971-193aa7746543_1,blues
suno_92722142-a522-45ff-b4c5-55ba99ff9110_1,electronic
suno_3a399c1d-d73c-48be-9db3-45f6d5a69785_2,rock
suno_2d9268bc-d311-4eda-a30b-caf17db0f24b_1,electronic
suno_37bd5e82-6567-4540-a3d3-9a433016240c_1,blues
suno_4e6af288-15bc-4621-b752-9d215a036a57_2,classical
suno_21c849fa-cd15-4fa7-a4d2-636ce45e553e_2,jazz
suno_34774a54-d748-455a-9cd1-5a83917f0819_1,hiphop
suno_9e777f7d-63b9-48e3-806e-a68516492101_1,hiphop
suno_d12d8d57-bf06-44d2-bc09-c08f1f782bed_1,jazz
suno_769fb9e1-ecd3-45f4-a456-a56884db755a_2,pop
suno_615a3271-db9f-4d2e-b58d-3c142d29d93f_2,pop
suno_ee3993c5-26ad-45bb-ba71-8208bac571f6_2,blues
suno_8362267c-0818-4fbe-bfc2-36f1302b21c9_1,electronic
suno_29131f1f-ba5e-45f0-b4eb-4e6892d84d4f_1,pop
suno_3a226cf9-89c5-4b0d-9381-3bf800c7581a_1,pop
suno_6ce6f21d-a1c6-403c-bb3a-a8ff614cbac6_2,pop
suno_dc762cef-630b-4305-8868-9717058dc34e_2,blues
suno_ac9d8ba0-7b3c-4057-ae5a-5a2fac1c7e07_1,electronic
suno_f20653c9-29ff-4ac7-be02-79627b833040_2,jazz
suno_ece59d74-2877-4539-990e-ef85e13e70d0_1,rock
suno_3dcc06bc-1667-43a8-914c-96d1dee07cbc_2,pop
suno_48be0b10-b3ae-424c-b5e8-b0f42d4ed8e9_2,pop
suno_668dc822-9588-4f75-b0a6-2fb503727268_1,rock
suno_0281df71-07d3-4e09-bf6d-ff52bdf829e0_1,hiphop
suno_e979a59e-291f-43ca-8f50-9da5ad4f8596_2,jazz
suno_7e7077e3-cc3e-4cb9-a894-f2a3baee513a_1,rock
suno_a2867d3c-5900-489c-9c10-0e2ca0ff1b73_2,blues
suno_abb136d2-366e-46d6-9aeb-a0b145480b5f_2,jazz
suno_c977027f-c578-441e-b415-90213ed2255d_2,rock
suno_b1579512-6881-4911-95b7-50be77501504_2,pop
suno_d5e2c477-77f6-44fa-90b4-06fae04a7f7b_2,electronic
suno_7ed82d4a-30ad-4609-a1d4-467939f42b82_2,electronic
suno_699749c5-39ea-4d7f-b9a9-90058f582616_2,electronic
suno_dace9305-568a-482a-ae6f-90617a17220c_2,rock
suno_3a0115a1-5ec1-44c0-95fb-45130d52a8be_2,country
suno_b6f34308-fe80-4b73-8e4e-6f48c646e52d_1,hiphop
suno_6593d649-573e-46e9-9577-24d5b22e9fdd_1,jazz
suno_157786e8-763c-4dec-a657-3213ab8285be_2,rock
suno_7c6173d5-3b50-4204-8ae0-440b26b21f1f_2,rock
suno_66881d85-651c-4c35-88cc-798bdb4d4483_2,classical
suno_2d87bb4f-4f03-4144-8e0a-a188a2b8b68b_1,rock
suno_6444f21d-df86-44b2-bda6-c18dd2735201_1,classical
suno_6ef10581-1135-4a9d-93e0-a437d07b4efd_2,electronic
suno_7ff77716-5e9d-4b7b-a0f3-e212a650e977_1,hiphop
suno_38266929-6177-4057-8749-a34d2b273db4_1,blues
suno_0c1ef9d2-6e27-4a8c-8f1b-36a129758361_2,electronic
suno_00155bbd-3b53-4f64-86c3-1368b60fe316_2,classical
suno_2b2144ac-8af6-40a8-871e-b64a11debbc9_2,electronic
suno_d462dc88-9fb3-4fbf-bbcf-14e6f6b42cc1_2,electronic
suno_96f1f5d8-31ff-4536-93a4-b48f46408fa6_2,hiphop
suno_79742e3d-3c65-4a7a-919b-c78d43637074_2,blues
suno_e5f6d551-8d26-4ac8-9c2b-29167e0177ce_2,country
suno_dbcad498-e005-403b-b179-b6e6390cb00b_2,jazz
suno_1960c6a6-6ad4-4f2a-8c6a-8af2d91286c7_2,hiphop
suno_af59a318-8ce0-4a3a-b0d9-ec919ebafd47_2,classical
suno_668dc822-9588-4f75-b0a6-2fb503727268_2,rock
suno_a40a5c77-28b4-4f0b-b435-100f3ce7e044_1,country
suno_3cabb06c-cff0-4d2b-9bec-3a32debf87dc_1,country
suno_2d839162-9585-4e06-bc26-0b48b998bca2_1,electronic
suno_67eab2a6-7acb-4aa3-8901-557a002167b3_1,electronic
suno_be210422-8bb6-4a15-a938-5d9133f375c4_1,jazz
suno_20cc2be6-430f-4018-8723-eab78b6e0b81_2,rock
suno_b90dcabf-9660-44d5-bb4e-1b4433b1998c_1,blues
suno_fe677233-f390-4540-85f8-4295cb63bf1f_2,country
suno_ce89102c-e423-4664-95e8-572969e4c8fd_2,country
suno_8daf129b-d5ad-4090-a249-67d5c3e07835_1,pop
suno_833c9a95-ceff-48b2-85d2-cc822aeec87a_1,electronic
suno_c0dcc792-f3ca-4eba-b142-63947ab28ed0_2,electronic
suno_5997a3eb-000d-4d30-b646-b9a4f524a9d1_1,pop
suno_cabf05c8-6d67-409a-9ecc-f835d207e90e_2,pop
suno_c7c498a3-f655-48c5-8e48-07a66ff8de6d_2,hiphop
suno_9c265fa1-2c53-41cd-b4fb-c52fca65ff30_1,pop
suno_0d9c02ba-e90d-4601-bd95-4cc6ba8009a9_2,classical
suno_87614c9c-f603-475c-9f3f-a8d540c37e7f_1,jazz
suno_7ef4a3f2-9bc6-4f27-b16d-5fc9e8199e33_1,hiphop
suno_45d85509-772d-49ec-be67-9d1b52bbb43e_2,hiphop
suno_ae7d49fe-d316-4d3d-a4e3-99cad53ff91f_1,blues
suno_b1e027a2-1606-459a-8c48-93e9da4c68c0_1,blues
suno_0624a3b0-ba53-4b80-9779-2128016d0e2a_2,electronic
suno_4002e8ed-8440-4dd5-9678-e232295eb8b9_1,country
suno_833c9a95-ceff-48b2-85d2-cc822aeec87a_2,electronic
suno_eda9f66d-4223-478b-b9f4-9da293df773f_1,rock
suno_c27b75d1-0990-4170-8228-0ae1366f126c_2,classical
suno_6e8f3830-7aa4-40c8-9ef8-16662da27c9c_2,classical
suno_a9182b76-d553-4ecd-9ff8-7518d95f2bd1_2,blues
suno_ceb77bbb-9cab-494a-989d-a04364a1ea3d_2,blues
suno_7391da6d-bb59-4eaf-bbc3-47715c5eb474_1,classical
suno_8ec9e80c-d50f-4656-b02b-97f13afe95b7_1,jazz
suno_19cb4980-30a2-4636-a474-0ed78a2444e1_1,pop
suno_66215d38-69e3-478f-ab4b-71994cdf6530_2,jazz
suno_37ce4a58-d034-434b-aae8-745b35d146c5_1,hiphop
suno_7de48173-b530-4822-94a4-2c25ef508a1a_2,hiphop
suno_a922f391-d216-433c-903f-119b7657d2da_1,country
suno_641a42d7-c05b-4e9e-9f72-f2d303685680_2,hiphop
suno_891b06be-3a0e-4178-9fa0-a519fa0001e4_2,rock
suno_2a4202af-2967-44ca-a781-a2054794540f_2,rock
suno_4e771de5-db47-44bb-a183-a8d307fa60e9_1,jazz
suno_32e5b5cd-ad0b-4e4c-b9d9-acc677aa10cd_2,country
suno_73330727-7b8c-4f98-ab64-0e7b16214ed3_2,pop
suno_fa29dd94-a02b-48d4-8c34-21cd95739d8f_2,electronic
suno_09718f7f-6acd-48f5-9db6-1e9e0f46604b_1,country
suno_9d8966d8-b03c-4b90-a630-5e7c69de34a3_2,pop
suno_df5b66a3-0a56-4455-a280-a4415f58b69b_2,blues
suno_accf9a96-57ab-4b2e-bf8d-1f81b55a3a13_1,jazz
suno_d235772c-6761-4010-ae01-235271acf6e9_1,classical
suno_c97958b7-f909-43e3-b377-095bec1a7cff_1,hiphop
suno_b63d7332-98af-473f-bf9f-95025061438c_1,electronic
suno_624655b1-e8e0-4993-96bd-16e4ffab08e4_2,rock
suno_30974393-da4e-465b-8b0c-e2beb27341be_1,pop
suno_3a68678b-6829-4402-ae8d-14bc33ebb865_1,electronic
suno_65b71e9f-d3ac-431d-9445-f219f65846a5_2,classical
suno_b92900b3-366e-4232-bdfc-1c2ff26c8de4_1,pop
suno_75cb61b0-0f5e-413a-990d-659ee3053f24_1,hiphop
suno_d81b7f1e-dbf1-4d94-93b0-1e27525d5943_2,blues
suno_b63d7332-98af-473f-bf9f-95025061438c_2,electronic
suno_4970cedb-3ab7-410f-bb1d-17b7d663300c_2,jazz
suno_c4ee5fc8-6ce7-4220-a914-60be9582399b_2,jazz
suno_2b703520-c9f5-4b38-a53a-fe29dc2215a7_2,pop
suno_9391ad8d-4678-4b63-a51c-add952a729c4_2,classical
suno_719f8e33-4700-415a-8d63-2406e4a7bcdd_1,electronic
suno_501c5ba4-b3ec-4091-acfc-a700a6bd857a_2,pop
suno_93db68cb-aa21-4ddd-bb87-dd6d9654adb1_2,jazz
suno_df43d14e-07e6-4113-b6cb-6682262f99d1_2,rock
suno_cadf60df-4091-470c-bb1b-1cc47172ceaf_1,rock
suno_eb23964b-e146-4b99-a212-0dac58182fc5_1,country
suno_f26990ad-d5c6-443a-b4b2-1a9d597946bc_1,jazz
suno_7e31d1a0-1ca1-4ec5-999e-c09de8695799_2,pop
suno_c38e2958-2556-482a-b593-747bd524e705_1,classical
suno_a8f5f2fc-59eb-48e7-a9d8-b769517f9429_2,rock
suno_e0e19a77-e2e4-4743-875d-1fa33919bee4_2,rock
suno_b6bc4ecb-d108-408e-9829-ffad20fb1760_2,rock
suno_0376a3a7-9fca-431c-96cd-5550da8698ad_1,blues
suno_ad2c4aaf-9896-42d7-9530-033f35691902_2,pop
suno_23e1cb01-f3cb-4539-840f-2a1507b8f856_1,pop
suno_bdb978ab-ffb6-49d4-88ee-2ec6226b729f_2,electronic
suno_23e1cb01-f3cb-4539-840f-2a1507b8f856_2,pop
suno_ef4e89b6-bbd8-420d-b3c6-4111a34f1499_2,jazz
suno_96dbfc4f-fa25-41eb-a1d4-ab3ecc414c84_2,classical
suno_34e9d846-7b21-48e5-9772-75d64e525a95_1,blues
suno_55521f46-21d3-46c8-b54a-dcc3488c3828_1,jazz
suno_3557dd75-1407-4dff-a96b-9555f394c0c4_1,pop
suno_60f7d8d7-9149-44ba-987f-ff6444714250_1,country
suno_ff2fe76c-c9ea-448d-9b1e-d6db867ce07d_1,electronic
suno_64897f31-6d51-4e19-9147-7e887f6a17e3_2,classical
suno_0df81103-d8f4-471d-a715-fcf836d0800a_1,pop
suno_09df11ad-16cb-43b1-9fba-85ae64f72b55_2,country
suno_33ebc491-fe4f-40d8-9351-1499b4cffe41_2,blues
suno_bffe0687-8fde-43c1-a103-fc5fcafba622_2,blues
suno_302766b6-d16e-4945-ae44-b98c9525a3fe_1,jazz
suno_0c33ec97-8223-482d-a574-bebf985c5ee1_1,hiphop
suno_a0dd327d-546b-40d3-b686-c91e2b882ae7_1,rock
suno_1191b5d2-486b-431e-b27b-fffa24fc654f_1,rock
suno_b9f3e5bd-cbe6-4b52-92e3-939c1a64f483_1,electronic
suno_6b76e95f-4a35-42cb-9df7-1a9eb967581e_2,blues
suno_de6867e0-83b0-458c-801b-bae9ed0f8a1e_1,country
suno_eb1a7070-f492-4c5d-8e9a-6201bc1f443e_1,country
suno_6254d40d-e86d-494c-a0bc-bcea88c68f3e_2,pop
suno_8bcea19b-7c6c-4d0b-adb3-da41a7fabdbb_1,rock
suno_09df11ad-16cb-43b1-9fba-85ae64f72b55_1,country
suno_8f3bcfc4-1b26-45e1-bad7-dadd737aaf3c_2,blues
suno_9aabc1e9-95c7-4dd8-b11c-f3a164a197f7_2,electronic
suno_1b455ba3-4d43-4dd7-b70d-13a1b88840fc_1,classical
suno_c30e89ef-b1c8-4f1e-b441-84b3ee648940_1,hiphop
suno_b450cf59-f9f3-48bf-bf0b-cfb22f0e47c3_2,country
suno_3717dbe9-ddcd-4b69-b91a-94ece730fb0a_1,jazz
suno_e500d020-2a6c-4560-a5dd-48bf8d62500a_2,blues
suno_9c96c1d4-4f41-4c1c-9193-d46a6cbc4317_1,country
suno_e8c1f977-cd48-409e-8f28-5a1a46190e70_1,classical
suno_07af0f97-d0b0-4c54-92a9-8d6284200c1f_1,jazz
suno_641824e0-64b2-40f4-8929-23587e35acfb_1,country
suno_2f108fa7-194c-4ee1-9c97-9cea1d76b3d6_2,classical
suno_24fce7fe-1fd3-4cf9-a32a-7d05506c9647_2,country
suno_0c0b9ed8-095f-4c09-b456-79ae24dd829e_2,blues
suno_8790f8df-02e5-46e8-a45e-609181289947_2,electronic
suno_80a22312-c4fd-4f6c-9419-be01d0aeb715_2,jazz
suno_b848cd12-213d-494f-9779-b9ae16071fd1_1,rock
suno_84c20d7b-5587-4ddd-9b90-8997a43e0a52_1,jazz
suno_be2fa915-7954-4609-8028-02492c4ae196_1,jazz
suno_a91f1de6-563f-4f93-8ec1-e7db76297eb6_2,pop
suno_5c7bc46a-6f6c-437f-8894-cf1cfa34ab45_1,blues
suno_64f2c769-dfeb-4acc-b36b-81046561e8e6_2,country
suno_d2f0bd81-5f30-4eec-a192-cab1cbb655da_1,rock
suno_311376ff-3e07-47b1-973f-08d64f05945e_2,rock
suno_7bd4f001-fdab-4707-9103-338cca60c5c5_1,jazz
suno_aa6d5fc6-1ca7-461c-afbd-fcba90a3f80f_2,hiphop
suno_8e4c92ba-8ab8-4d1e-8d26-a37b7fff8d9b_1,classical
suno_ece17695-7dd6-4ba7-a4eb-3ff067d382d9_1,jazz
suno_d8627e06-f594-4cbf-8727-48c880d3e5fd_1,pop
suno_c86e18ca-73c6-4a15-896f-0789abf2390f_1,rock
suno_bafb2830-cf82-4c6f-a830-03a54a0a188f_1,jazz
suno_11680416-5120-4b78-84de-cce343b10604_2,hiphop
suno_9a612fa7-fd1c-4f89-8bf9-7a8e34d31a29_2,country
suno_836678e9-4d73-45f6-94ae-04c50d779a2a_2,electronic
suno_ad5b0a08-da9e-44d2-8db9-e96996ab94db_1,classical
suno_6cc7f3f0-f692-49e2-9830-5e81a31a5ae1_2,country
suno_4f85e8c1-0b99-4a12-a14e-46075905ac6a_1,classical
suno_ca66ee72-d479-47b4-af3d-9bbd852bf905_1,electronic
suno_3ed0bd4f-7e21-4c38-8e93-d480cb622ecc_2,rock
suno_1565e6c9-49db-40e3-92aa-fb213c85dbea_2,jazz
suno_17d7a9c6-0f58-4eb6-b890-40a098051d87_2,electronic
suno_ccadb142-069a-43d4-9ac1-09787b783971_1,pop
suno_e9a58588-651e-492a-8d85-242392df3a08_2,hiphop
suno_1cb1c8fa-3a19-48cd-80dd-0d18daaf9a33_1,electronic
suno_e9ff8ca8-801d-4bc3-a5bf-236bf8e13ed7_1,electronic
suno_0399e14f-72f1-4b69-9341-59c9add11b15_2,pop
suno_23877c2a-9c1a-4c22-a490-1c6b3685d970_2,classical
suno_b3d58711-7e74-4cff-a342-9421d3eaaaa9_2,hiphop
suno_cbb8c7cf-7d9d-4656-b025-8cb292b50d3b_1,electronic
suno_dc7ed1ef-f97f-410e-9588-356c19344610_2,rock
suno_df5b66a3-0a56-4455-a280-a4415f58b69b_1,blues
suno_c4a5633f-856d-4ee8-964c-4c3246e5c388_1,pop
suno_d36f9ec5-6e34-4ee0-ac84-df1a405b39d6_1,jazz
suno_33662f74-409a-4c44-999b-ba55733d8712_2,pop
suno_93134fac-d0b5-44da-82ac-11fa4ba38b21_2,rock
suno_18a9ac94-7e17-4d9c-8dd1-2c6826a952eb_2,electronic
suno_fbd92016-e46a-4de6-b720-6f63ccf54978_2,electronic
suno_89723fb2-ccb9-4521-a294-3fe9ea42921f_2,rock
suno_ee2825af-ad97-4975-907d-db4f7631cfef_2,country
suno_7e3a06f9-7732-4fb1-b5ab-ae9c44b52866_2,electronic
suno_55ab990c-b469-48df-809b-7bfcf8825391_2,rock
suno_7126d051-a68b-463f-98c1-34c013a724fc_1,country
suno_4c03bc4e-6de5-40dc-a309-322e5a57232f_2,jazz
suno_e9e6d892-f9b8-43f1-91af-ab4ad5414e70_1,country
suno_324c76c9-1a1e-4930-8543-0959a8cf4ac0_1,country
suno_9c97cfb6-e686-417e-9c9e-8953d619dbf2_2,blues
suno_09848c16-8e78-494f-a01a-b3caeec26991_2,classical
suno_640ecb88-afef-4d05-87d5-933ce8b84256_2,electronic
suno_3aa58511-ff18-4609-845c-c5da3848db29_2,hiphop
suno_0f4f9413-836c-4021-bf40-e0d9405c8e17_2,classical
suno_238924f6-5435-4113-819b-0458be2c9bb4_1,electronic
suno_3906835e-4cb1-41d5-beeb-e5fbe7b91780_1,hiphop
suno_3c5cfce2-9dad-485b-90af-1ca37a89fb38_2,jazz
suno_a9111f20-47c4-4b82-8157-fb50b89da640_1,electronic
suno_a364eb19-7201-460a-b8f1-79327dfd8a3e_1,hiphop
suno_cbb9919e-4cfe-4187-b65c-f278ca6b2464_1,classical
suno_ac04e35d-c3b6-4b26-ae5c-6d6f2112edd9_1,jazz
suno_d1cc4a94-0968-4c00-abea-f3f2488b5f03_1,classical
suno_89982a84-c788-46cf-97f3-2372967c74a4_1,pop
suno_a982ea2e-785f-4e17-a798-4a539f0fece1_2,rock
suno_fcaafe90-fbda-488e-af33-70a7f6a023f4_2,hiphop
suno_0be9617a-d00c-4480-bd5b-9bb765b0df1f_1,rock
suno_0154ac0c-7407-4e20-a6e1-910bc3ff101d_1,electronic
suno_7b7795a9-b398-4272-ae17-eee0ae1f7ddf_2,jazz
suno_2cea6303-e9a5-47d1-b270-73379d479f9e_2,pop
suno_22e70dc0-3bb0-4901-840e-a8dd45e4436d_2,hiphop
suno_e15fede0-9a2d-4fdc-975b-5dafd35a46cd_1,electronic
suno_9305c6b4-1c37-4527-8443-a5c72a788d47_2,classical
suno_a6ea339a-246c-4812-8fdc-81129500b5e0_1,blues
suno_b2194799-766a-4482-bd53-09ae7f811aa8_1,electronic
suno_fe3d3305-3cb4-44ec-bf1b-3a5a6ef23d65_1,rock
suno_af031e86-646c-41ff-9ae7-681f607fbfc1_1,electronic
suno_7500feca-8247-4db2-b2e8-7693b48aa8c1_2,electronic
suno_45d85509-772d-49ec-be67-9d1b52bbb43e_1,hiphop
suno_89b771aa-8db1-45e6-aa25-222a54c1fba3_2,blues
suno_d32dfba1-cf7e-400c-8cf8-1e14566050cf_1,pop
suno_11680416-5120-4b78-84de-cce343b10604_1,hiphop
suno_38266929-6177-4057-8749-a34d2b273db4_2,blues
suno_7ff42a75-70f5-42cb-8585-31d63a4dce59_1,classical
suno_92034d31-1d32-4a52-b97a-203890115070_2,electronic
suno_804acdc7-a8cd-44c5-9cd5-79e70b944c24_2,blues
suno_f6070125-d65d-455a-b49f-bbeba3732663_1,jazz
suno_26612527-6f79-407a-9601-664eba44b215_2,classical
suno_eff2be75-7cb7-4652-b803-2ccfbe747d5f_1,country
suno_4be0469b-5069-4273-8c0c-6bb85f346523_2,jazz
suno_1240eb35-9298-4fa7-879b-51590d7b9148_1,hiphop
suno_0a784094-b19d-409d-a515-0f521c5944e5_2,pop
suno_ed3f2a7e-bfff-4efd-a197-0810ded376c1_2,hiphop
suno_b591635e-f9cf-41b0-8c75-486f28782bcd_1,rock
suno_917a1d18-b69f-47d1-95d9-1c1377e758a4_2,country
suno_ef9c36af-0d08-47d5-9b14-25943865a0e0_2,rock
suno_fab9b03b-aac1-45cb-896a-3cd698ddb051_1,pop
suno_9d95f64e-4a06-4560-9d47-cc0a9eb49d49_2,rock
suno_8159fd59-d6c9-436f-baba-82c639fad0fa_1,pop
suno_8d4200a3-e4ab-400c-8a3e-896c5af2ccee_1,classical
suno_1240eb35-9298-4fa7-879b-51590d7b9148_2,hiphop
suno_8b9289db-f931-4dd9-b0f6-02bd78dfcdfd_1,country
suno_d12d8d57-bf06-44d2-bc09-c08f1f782bed_2,jazz
suno_cb48d67f-ca4c-4fec-8bb4-cc68150e0447_1,pop
suno_0f08ece9-b6a7-44da-94eb-f8d003411712_2,pop
suno_1b455ba3-4d43-4dd7-b70d-13a1b88840fc_2,classical
suno_e78b1908-7b64-45c6-9c77-ac030110a2dc_2,classical
suno_f753d46c-6ca5-48b1-ade5-5d22b6682a80_2,rock
suno_a922f391-d216-433c-903f-119b7657d2da_2,country
suno_1ea8f8f7-1ca4-40f1-a3d4-3f05a288dad0_2,pop
suno_7dad7544-34d3-47be-a631-d7aefcf055b0_1,electronic
suno_b6f34308-fe80-4b73-8e4e-6f48c646e52d_2,hiphop
suno_7231f506-7906-4e1a-ad18-43321a8fc807_2,rock
suno_b12de102-8108-4619-932e-2dfeb3576c8e_1,pop
suno_38df134e-d63c-42d9-bd32-07d90dc28f96_2,hiphop
suno_2b915777-2224-42bc-92ab-cb593b7fe60e_1,jazz
suno_690eb79a-58cc-4625-8194-1786df12d650_2,hiphop
suno_4b7f3920-f6cb-4fd0-81f3-ace8ee7eea24_2,hiphop
suno_7365d1e9-00b6-4635-b08d-9a1c95786b54_2,rock
suno_a23078eb-7130-447d-8db5-a6be4db5aa43_1,electronic
suno_f0347b17-4f22-4aca-8c78-ce77a245cbc1_1,jazz
suno_3f1f9d4b-38d9-4b8e-af39-c3382c97151f_1,blues
suno_d2b7c349-3219-43ea-8f1d-974ced1f0e3f_1,pop
suno_b87492b1-a0a5-43fe-bcad-5b7b7d00e514_2,rock
suno_151e75bb-881b-40eb-96f9-358e6f54b05c_1,rock
suno_3dc2e17d-be57-41d9-8a33-be234aafd8ba_2,country
suno_b5afd2c1-649a-45a7-a1fc-b937e916ca4b_1,rock
suno_ceb83629-6bf3-4507-8fc1-a81e7e730da0_2,classical
suno_3f3d74ac-4335-43b0-b689-ac184237e25b_1,rock
suno_bb393811-b58c-4ca9-a3ec-6621474a83c9_2,rock
suno_19cb4980-30a2-4636-a474-0ed78a2444e1_2,pop
suno_20df7313-7c3a-404f-ac92-41d465a9fb80_2,pop
suno_bb3d3586-834c-4ecb-a570-c3a2cc2eac60_2,rock
suno_d25fa0a9-68b1-4219-b83f-0530522209fa_2,classical
suno_324c76c9-1a1e-4930-8543-0959a8cf4ac0_2,country
suno_81d46ae5-012e-4031-87b0-880192de8514_2,country
suno_1633139e-fe9d-424b-8e6d-4fc3ec8afd27_1,jazz
suno_fc6499b9-d1da-4bc1-b67d-fcd676a152af_2,jazz
suno_2fed30f1-3e36-4d63-9200-0fb3fdce2c10_1,jazz
suno_9c96c1d4-4f41-4c1c-9193-d46a6cbc4317_2,country
suno_2f2c67f7-b28a-456d-b357-9cf02ba995ec_2,country
suno_29131f1f-ba5e-45f0-b4eb-4e6892d84d4f_2,pop
suno_b12de102-8108-4619-932e-2dfeb3576c8e_2,pop
suno_3397511d-f0c2-4a57-90e0-15e7b041f0d3_1,hiphop
suno_8790f8df-02e5-46e8-a45e-609181289947_1,electronic
suno_7df6a5ed-9546-4cbc-90df-a120dbd86d8b_2,country
suno_7dd506ca-6c02-4030-bed0-6ebaedb65ce7_1,blues
suno_27cfd8c1-98db-49a3-ac2b-9fdaae3af249_2,classical
suno_525b4ebf-c7f7-4d30-9c8c-66d649f1285b_2,country
suno_c85fc2cf-b32b-4c21-b2bf-e0859d14e4af_2,hiphop
suno_f0c32596-0875-4cb4-abd1-423d5e61eccd_2,hiphop
suno_1a5a4953-5d2b-4caf-8259-5849ea631ffc_1,hiphop
suno_cefc762b-ff56-43b9-902c-75f1d025101d_2,rock
suno_00dc90d1-7dd6-475a-b6fc-7face593111a_1,hiphop
suno_a4112a7c-df74-4ed1-ba6d-367d8cc48cd0_1,pop
suno_933c0ce9-9816-476a-9dd9-6bf4dab22f9f_2,jazz
suno_a530509a-a757-46f1-a183-6d3fc828fafb_1,electronic
suno_f16cbd1d-930b-4441-b1e4-9c78de4f0b31_1,electronic
suno_68fbae60-f7e1-4155-ba68-e175add26335_1,country
suno_d0d2e7f9-bd40-4882-add7-e37cf5cc029a_2,hiphop
suno_60ca95c3-cae6-473b-abb1-c1102f4a5876_2,country
suno_f7d6a22b-c7c8-4de8-b2d1-67affc417a6d_1,jazz
suno_b1fed84f-db60-45f8-9eed-545359a858c6_2,electronic
suno_e7459980-5c83-4857-ac2b-3b659fd09b97_1,country
suno_e44b1546-01e3-4a32-a706-604142f5d585_2,classical
suno_256cb67a-f60b-42d2-9006-4a42e156ca66_1,rock
suno_254f6124-583d-4372-b480-3112b7ee2d41_2,jazz
suno_ad073ae3-2cb5-4358-8a6c-84045f14198a_2,pop
suno_e3d63426-88a9-450f-9c0a-3788b8d9659e_1,hiphop
suno_9a500be0-47c1-4fa3-ab78-fe9e77ab857b_2,country
suno_b72c9b64-c053-4244-bc92-1411746ee86b_1,rock
suno_4879d75e-6117-44b6-af85-df20ac8c20a9_1,electronic
suno_4c146980-5017-4ed5-b309-0d9ace9bf493_1,pop
suno_aba491d6-d3ac-4de1-b4d4-05888e446c27_1,pop
suno_d7c7bcc1-b60e-41a4-979f-e2740bc0e1c5_2,rock
suno_f7fc65d9-fb21-4fe2-a74d-87fda23bb1fa_2,classical
suno_cb97750a-b0ba-4f0a-98bb-2a258c06d96d_2,electronic
suno_ac04e35d-c3b6-4b26-ae5c-6d6f2112edd9_2,jazz
suno_51f76ab9-9eff-4cb6-829c-922730be2eec_1,jazz
suno_82d8e147-ef68-4299-bd8d-c4cfe6e9dae3_1,rock
suno_0f08ece9-b6a7-44da-94eb-f8d003411712_1,pop
suno_ccee98a4-af1b-4bae-9f05-3e775a24283c_1,rock
suno_53621496-7036-491b-b8cf-ec5ce8212838_1,rock
suno_c80f3139-4b9c-49f6-aeea-e5045b9516c2_1,blues
suno_215dfae7-3835-461c-8ae1-730044dd2abd_2,classical
suno_35f762c7-b264-41f1-b839-2c033e00273d_1,pop
suno_7c7a46c7-1eda-4786-8ddd-bdd5f0a2dac7_2,blues
suno_fc0e0250-a3a6-4018-9394-80547fe025d6_2,pop
suno_7efd6a6c-f9ee-44f3-bd98-51a4abcb3d2b_1,jazz
suno_cd1c245c-86d6-4bdd-96d4-3980ce45fe8f_1,jazz
suno_9aef1241-2a2c-40b1-8c09-3da50ab7d825_1,rock
suno_4006f068-187a-4a81-a63b-99995df75a15_1,electronic
suno_326e6e9d-60a8-49c1-a2d8-268057a1df47_1,hiphop
suno_3a7e5bf5-deb8-423e-b47f-55e72c7481a3_1,jazz
suno_e88ef5cf-0169-481e-a75b-608c10e3ce62_1,jazz
suno_889407e7-928d-4585-8a9f-3cf858f1a93d_1,electronic
suno_da066b89-1865-4067-800d-fd4919aa9bd1_2,blues
suno_c611117f-a0d8-4a13-93a0-554c9bf0c64d_2,blues
suno_9f6d7f60-36fa-42c1-a264-99e97f4671cd_1,pop
suno_85f06ecb-6f6b-4cbf-98b6-963cdc51a41a_1,jazz
suno_9f06e5ee-22c7-42e7-8dbe-75b912f48d8f_1,jazz
suno_efa3e7db-83ba-417f-a3ee-a903075e69dd_2,jazz
suno_2ee38fec-828f-41aa-bdea-29351c63f14a_2,rock
suno_34400463-0638-4f88-9949-a8619ab94c6d_1,jazz
suno_f51d7457-db76-45b7-88d2-dbe9a3b4bc91_2,electronic
suno_e2585499-f7f1-44b2-b153-68f408540b09_2,country
suno_4fef688b-6e67-498d-9ac2-6ad6679d2061_2,jazz
suno_9fd53d88-d79d-49f0-8030-aa68817b5a6c_2,pop
suno_6c9620e4-e095-4183-a3db-54f23f2212cc_1,pop
suno_cbb9919e-4cfe-4187-b65c-f278ca6b2464_2,classical
suno_789db252-b1fc-49ca-8ce7-a508bb854864_1,electronic
suno_32e5b5cd-ad0b-4e4c-b9d9-acc677aa10cd_1,country
suno_b96c17d9-32ff-4753-92b3-1868049303c6_2,pop
suno_9bc6c5d3-078b-4d71-b146-0e5483e6b0e0_2,country
suno_157786e8-763c-4dec-a657-3213ab8285be_1,rock
suno_3aa58511-ff18-4609-845c-c5da3848db29_1,hiphop
suno_c80f3139-4b9c-49f6-aeea-e5045b9516c2_2,blues
suno_b9485b2a-0d10-46fd-8832-59bf7eaa7dd1_2,rock
suno_e89d8aeb-6204-493e-a0a5-733c860e3137_1,jazz
suno_eba0ea8e-110a-4791-baf8-3a018d7227a9_1,electronic
suno_e772af52-3540-4ff5-8ec8-64bff91065b2_2,blues
suno_3adf63e4-0ae6-4fdf-a8d1-298b2fa5a7ce_1,pop
suno_b8dc289f-26bf-4dd5-83bf-d915c0e6f98b_1,rock
suno_59688df1-7233-43c7-afdf-0a342a3d8ca3_1,pop
suno_5ecdb26a-3cef-446a-a821-542670ab30e1_2,blues
suno_3bd43945-c619-4977-ae75-a483d591a13f_1,classical
suno_4358ba4d-1336-403b-8a52-8bf413eecf6c_1,jazz
suno_a451b6fa-841a-4463-abbd-8e3d1f4e66d3_2,jazz
suno_5f31ae89-83eb-404d-acf1-640a67875135_2,pop
suno_b4f27804-895f-4e12-8002-7f860c149b9c_1,electronic
suno_6417cd13-74a3-4a92-883c-360dde69b834_1,pop
suno_89d97985-9142-4e32-a682-6dac8677f169_1,pop
suno_d373bad3-013b-41d4-a20c-18a3c90dd1bf_1,jazz
suno_7ed82d4a-30ad-4609-a1d4-467939f42b82_1,electronic
suno_95e8d7c3-1750-4745-86cc-2d9301acd7a2_1,country
suno_1a55facc-9d72-4a87-a209-51faaf19aa37_2,electronic
suno_8c0a7058-4ca7-4430-b4b2-88e4108360d0_1,hiphop
suno_a5312ed4-3825-44c1-ac3d-4896af737476_1,classical
suno_3baade52-adec-480f-9fbc-7845668c5c78_1,classical
suno_a2246645-ee44-4e2c-99fc-3d79d38cdfdc_1,jazz
suno_a451b6fa-841a-4463-abbd-8e3d1f4e66d3_1,jazz
suno_f1b31995-c69b-4b9e-9fbd-d518c4bc19f6_2,country
suno_4198d005-38c3-40e4-8e31-640e1f4f126b_2,electronic
suno_db97bb86-780b-4773-8d39-08a27fc9ad50_2,rock
suno_7bf4f3aa-58eb-496f-bd61-7d9c7e80e6d2_1,blues
suno_74efc95c-5316-443c-8db7-c8246f2c1f13_1,jazz
suno_7dd506ca-6c02-4030-bed0-6ebaedb65ce7_2,blues
suno_b2d5a157-34aa-4293-bdf6-293684d4ef97_1,classical
suno_c3efdf41-70bb-42f1-aaa6-f2f4a413d3df_2,blues
suno_69b57829-f6bb-48ba-8359-68ef803b3385_2,electronic
suno_fe251ef4-3ec4-46a4-872b-400d2650efd2_1,country
suno_c212308c-b281-4bdf-92b7-06a956cbc2ee_1,classical
suno_0c3be6e6-7563-4bb2-ac18-9cf5a117c83b_2,country
suno_1e1b36cc-a3f0-4098-b619-7b6f7bfa9046_1,hiphop
suno_035834c4-ad57-40b8-808c-053b3ca4af81_2,blues
suno_f30c0952-8e62-4763-8a89-6a4eca8dad15_1,jazz
suno_66d38e5e-7f3e-4bd3-bad9-b3364be6dbc5_2,hiphop
suno_39409645-df5c-4fae-ac6d-fb61a292b2a6_1,blues
suno_c4d834c0-9029-4def-84f1-30c82cdc34c2_2,electronic
suno_e1f22988-199c-4d27-b6fb-f9d9c0411a47_2,classical
suno_55ca4ea2-2501-4211-9e39-d75bfcc82940_1,classical
suno_7f89d6b2-a7a0-40e0-8387-2c68426b93a8_2,pop
suno_6dfc16b0-9523-4359-bf21-a7132d948e28_2,rock
suno_712dd18a-4f2a-47e1-8abf-291696f2964e_2,classical
suno_9c833999-8661-4f10-ae68-fda4a27e8ddb_2,pop
suno_3a7e5bf5-deb8-423e-b47f-55e72c7481a3_2,jazz
suno_35b981a8-d92e-46cd-a378-c92085e3bb29_2,classical
suno_7655ec75-4b1b-4e51-ba9b-e3a44361f5ff_2,jazz
suno_f0347b17-4f22-4aca-8c78-ce77a245cbc1_2,jazz
suno_bbe8ea38-b51e-424f-9c68-71d3d6bbe74d_1,hiphop
suno_a6b2544c-4fc8-4c16-bac4-8bcae8600532_2,electronic
suno_4bca968f-7914-43b9-ae46-a3a7b62baf56_1,classical
suno_f0a21236-47d2-40bc-b206-12d03e2f539f_1,pop
suno_c30e89ef-b1c8-4f1e-b441-84b3ee648940_2,hiphop
suno_749516e7-ff87-42c6-9d5a-095a40f0af48_1,pop
suno_a153aa57-c332-4f34-aef7-1fac8dac9c7f_1,electronic
suno_28af4983-6944-4a16-ad35-b02fb89013e3_2,jazz
suno_baa60139-7522-4da8-a10c-f6514ce069c1_2,classical
suno_151a615a-7279-4967-b475-9af3f55e1201_1,rock
suno_b017eb16-5848-490d-b37d-a42d36c04573_2,jazz
suno_06de51be-cb97-494b-87bd-3bf527391e4f_2,pop
suno_b87e350c-2308-48e0-b1fb-0f7318cfef15_2,rock
suno_b41b31b8-f9e9-4ebb-b4c6-46c1226406e3_1,country
suno_18535728-72e7-4216-bb6e-22c57a8e3ca6_1,country
suno_04e58685-0bfd-4cbc-ba11-7717828caf55_1,electronic
suno_c5c2fb32-f2b3-4cea-a411-bb4db770621e_2,electronic
suno_3502fe0a-10c8-4c9e-a849-9840a3a184c1_1,electronic
suno_bd1a2fb5-996d-44b1-877f-68ffcbe73648_2,blues
suno_2e822018-25ec-46c6-8549-e664b9daa660_2,jazz
suno_7a8652d5-32c1-4a45-85a4-633cdb4b8aca_2,jazz
suno_794e64b8-2bd1-490d-9e1f-6b3cabc30b56_2,country
suno_238924f6-5435-4113-819b-0458be2c9bb4_2,electronic
suno_aa35e483-54d0-4dbb-843c-d6d4d9a35c32_1,classical
suno_933c0ce9-9816-476a-9dd9-6bf4dab22f9f_1,jazz
suno_dee74f21-dbda-4197-a516-54e3bd3178ec_2,country
suno_f9b8871a-478a-4bde-92e1-f79cfd3c2740_2,blues
suno_e3611b94-e770-467a-8d27-c85e6eca4ffc_2,hiphop
suno_558743ed-05a1-4e6e-b36a-082f96f605c3_1,jazz
suno_3225b7fe-9339-4874-8d7f-fc1d33aab163_1,electronic
suno_12ab5f45-aaba-448d-b739-9d8dab1e087a_2,jazz
suno_4002e8ed-8440-4dd5-9678-e232295eb8b9_2,country
suno_b92900b3-366e-4232-bdfc-1c2ff26c8de4_2,pop
suno_ab3236b9-416e-4515-a138-4c99a2393b79_1,classical
suno_b017eb16-5848-490d-b37d-a42d36c04573_1,jazz
suno_f6b46e2c-b6b2-4ac5-8f0b-a2861a1c60fa_1,pop
suno_ffeb06c9-58a1-4d3e-93e5-ee79c099b794_1,electronic
suno_44792b4c-65a4-4524-bfcb-62ac77d0c355_2,rock
suno_251518a4-0868-40d6-a662-81a8bfe15535_1,rock
suno_c977027f-c578-441e-b415-90213ed2255d_1,rock
suno_e58e4fe7-9702-492b-8794-ff09c81beded_1,pop
suno_c3bb7873-4466-4207-91b7-77e5861d1ab0_1,country
suno_1ea8f8f7-1ca4-40f1-a3d4-3f05a288dad0_1,pop
suno_d075bb6a-9380-48df-880a-9340b54da963_2,rock
suno_3b2c618b-a278-48a3-be6d-29eaed44a31d_2,rock
suno_3343558a-84f1-49f4-8696-cf8ccae461dd_2,rock
suno_c2299d19-97bb-47ba-bc76-a64472c5b603_2,classical
suno_ad52c564-cc8a-4bb9-978f-04ac032c5abc_2,electronic
suno_13bb7d28-b6e0-4115-88fe-488a60df50dc_1,electronic
suno_32b7fb86-49f8-46fe-9019-924807dcadfd_2,blues
suno_ad073ae3-2cb5-4358-8a6c-84045f14198a_1,pop
suno_783777ce-b875-4923-8609-512f2c841227_1,electronic
suno_13063e51-e8ca-49be-987d-648cf41f4ffd_1,hiphop
suno_bfc314e4-7ec3-421f-80e7-1fde4848c157_2,pop
suno_32eef550-1631-4c26-ad22-1f4453aac37e_2,blues
suno_a556a2b9-c7dc-4ef2-99d5-38ff3e07ca27_2,jazz
suno_d5cff4b8-e8af-4041-9a7f-02bddf70515f_2,classical
suno_4e771de5-db47-44bb-a183-a8d307fa60e9_2,jazz
suno_5d44110b-c61a-46d8-89dc-aa457cc951d5_2,pop
suno_13cac85c-41fc-41e6-941f-98aad1f956aa_2,hiphop
suno_bd0adb00-2b5b-4c1b-881e-97f756b937f9_1,country
suno_59259330-2e1d-460a-ae97-30ae4e6c0c77_1,hiphop
suno_35b981a8-d92e-46cd-a378-c92085e3bb29_1,classical
suno_3df80044-aeea-4754-852d-25094a68f49f_1,pop
suno_a6b2544c-4fc8-4c16-bac4-8bcae8600532_1,electronic
suno_48112200-8ecc-492b-b955-b91dbf6e966f_1,electronic
suno_e2585499-f7f1-44b2-b153-68f408540b09_1,country
suno_9c265fa1-2c53-41cd-b4fb-c52fca65ff30_2,pop
suno_21659eed-d008-45ef-817b-7b56f81950a9_2,hiphop
suno_fc6499b9-d1da-4bc1-b67d-fcd676a152af_1,jazz
suno_a23078eb-7130-447d-8db5-a6be4db5aa43_2,electronic
suno_a8854a82-02b0-49b4-923a-005fa5f8e25a_1,jazz
suno_77d2b7ea-51a8-44ae-8abe-04efc3fb1923_2,hiphop
suno_5c6a45d8-85bd-4077-b17e-f77093b2ce05_1,electronic
suno_32eef550-1631-4c26-ad22-1f4453aac37e_1,blues
suno_1ee3b3b9-ea71-4bea-8c46-f587a4a3e6ca_2,hiphop
suno_7f49091a-80eb-40ef-b11f-4a3b8cd4db6a_2,pop
suno_9bfef206-eab6-4b5b-b30a-e724668f5172_1,classical
suno_975c9792-40a7-427e-b237-aa3c1c3c5402_1,pop
suno_3a399c1d-d73c-48be-9db3-45f6d5a69785_1,rock
suno_4198d005-38c3-40e4-8e31-640e1f4f126b_1,electronic
suno_a8f7642b-affa-405b-a201-04fbbef174e1_1,hiphop
suno_47ba2b55-0fc6-41e2-bf9b-bd7ac1cc0d79_2,pop
suno_da066b89-1865-4067-800d-fd4919aa9bd1_1,blues
suno_a2fd4b96-7a6b-47e1-ba63-7c8787a935d2_1,jazz
suno_c5552ca7-95ec-48c8-ab16-88d4c3eb2a9d_2,hiphop
suno_7c6173d5-3b50-4204-8ae0-440b26b21f1f_1,rock
suno_cb3ec7c4-94e2-4b0f-b3cd-9a7fa87067e4_2,rock
suno_1aa6d31a-612e-4853-9b89-2216aa3b15ea_2,hiphop
suno_4bf46a00-3703-4124-8380-c2f10ee1be06_1,jazz
suno_f62fa1a8-57b1-4275-91d6-4dc49729b44f_2,rock
suno_a5312ed4-3825-44c1-ac3d-4896af737476_2,classical
suno_adf20f87-4ef6-4544-9e6b-e02ef360f19f_2,electronic
suno_cda4abd6-afce-4741-99d8-3f64e8d8d1e2_1,rock
suno_725ca375-dfb4-43d8-9614-aceb858bed3c_1,blues
suno_259c27bb-739b-4f17-b416-24ce4da1d8a6_2,electronic
suno_54ba92d4-072d-4ab4-bb80-796ca7dd6f4e_1,jazz
suno_6c67bbee-21d4-437a-9f27-5cf054a8cbb1_1,country
suno_7f49091a-80eb-40ef-b11f-4a3b8cd4db6a_1,pop
suno_3c2f402d-8c18-409d-a468-b546d8d782e4_2,classical
suno_0c33ec97-8223-482d-a574-bebf985c5ee1_2,hiphop
suno_e7cc9496-a75d-4669-b146-3db050633a5a_2,jazz
suno_bfdeb25e-8e04-42a8-b516-b705c2f46e65_1,electronic
suno_848e0f58-443c-4ada-976d-17d12ae74cd2_2,pop
suno_326e6e9d-60a8-49c1-a2d8-268057a1df47_2,hiphop
suno_3584f5ca-b500-45ff-af72-c7f95e720f01_2,blues
suno_704e8f36-27a5-49d9-97bc-2aab4f2ad619_1,pop
suno_2fadbc8d-88a0-45ca-bab3-7608f1cc1727_2,country
suno_e86ae9c1-ebe9-4023-8663-c06280762315_2,classical
suno_fc0e0250-a3a6-4018-9394-80547fe025d6_1,pop
suno_a2851003-1ac6-4397-a479-01bf571e1f42_2,electronic
suno_3b2c618b-a278-48a3-be6d-29eaed44a31d_1,rock
suno_b724274f-572f-4190-a277-b26702649507_1,pop
suno_1a55facc-9d72-4a87-a209-51faaf19aa37_1,electronic
suno_78ea5b36-1134-4899-92e4-d359c415e155_2,country
suno_e341e55a-7c7f-4565-84dc-a2f6bba9d973_2,hiphop
suno_b2194799-766a-4482-bd53-09ae7f811aa8_2,electronic
suno_7de48173-b530-4822-94a4-2c25ef508a1a_1,hiphop
suno_d85f1b4d-bbf3-408a-8370-3ce732804ff9_1,rock
suno_c3c528c7-f77d-46b1-8015-96eac842a3d4_2,country
suno_555fda54-4497-4bb3-9edb-a3ff63837f1f_1,rock
suno_44355ed3-fd9d-4425-b3af-22a945437c94_2,blues
suno_3c3fba14-676f-44bd-afce-6d7567d6ee0f_2,blues
suno_76caf260-8b57-4d58-bd54-fb8d5d7ce6e9_1,country
suno_b3d58711-7e74-4cff-a342-9421d3eaaaa9_1,hiphop
suno_f26f12e6-a99a-48fc-b210-820e4918f4a7_2,pop
suno_ed44cd60-27e6-4a3c-a165-1bd3915cca28_1,rock
suno_ee04cef9-cfa3-4cd1-b9ec-f565b96a95d5_2,electronic
suno_fe6ea416-99ac-4f41-91c7-128dc9a0e937_2,hiphop
suno_00e04ac4-e825-4553-8943-b7def7c4411e_1,hiphop
suno_d45a0b04-006c-43ee-8177-f3efb86c15b0_2,classical
suno_474847ab-f0a3-47d5-912f-cd655bf82539_1,hiphop
suno_819b3f2d-4f30-4c81-82ad-279901ba68a6_2,pop
suno_8da3834d-354b-42a3-83dc-eda6aa22d1ac_2,jazz
suno_ef8539f8-a184-4fb3-a282-71e3d8bb1740_2,hiphop
suno_87a7d73d-deab-47bb-9422-597f72ece3ba_1,jazz
suno_848e0f58-443c-4ada-976d-17d12ae74cd2_1,pop
suno_c7de2cb9-2b59-4bd5-ac25-3fc203ebc5e8_1,hiphop
suno_eca9aed4-e4f6-4bb1-858e-998b84ef53f9_1,rock
suno_e199bfab-e9ef-45c6-b398-5923230c958e_1,electronic
suno_f8e73dcd-d0b6-48be-a803-3424b5167818_1,jazz
suno_3dc2e17d-be57-41d9-8a33-be234aafd8ba_1,country
suno_2749d97c-53d9-4d9a-a953-f116e7853971_2,hiphop
suno_fd1053c9-2017-467f-99c2-ffb951c64f2d_2,blues
suno_bda02c77-eff9-4cb7-8994-9f96aab8cc10_2,jazz
suno_615a3271-db9f-4d2e-b58d-3c142d29d93f_1,pop
suno_08a6cdb6-f78b-4cad-abf5-d23767b9910e_2,blues
suno_e1ae4ac1-5b04-4d4b-ab2e-248f3e76b19d_2,blues
suno_eda321be-d493-4189-bb66-7de310e928dc_1,country
suno_bf9842c2-ce3a-42e0-94ae-e2dfc9b3d43c_2,rock
suno_d7c7bcc1-b60e-41a4-979f-e2740bc0e1c5_1,rock
suno_ad52c564-cc8a-4bb9-978f-04ac032c5abc_1,electronic
suno_640998a7-7523-47fb-b971-193aa7746543_2,blues
suno_4cf51a78-d2b5-4875-8a74-c37e7c79ad43_1,electronic
suno_a0dd327d-546b-40d3-b686-c91e2b882ae7_2,rock
suno_20b33032-8d2d-4f77-adbf-c36dd26b5207_1,blues
suno_ab4eca64-ca25-4451-9107-f2604e560701_2,classical
suno_89b1b3cc-d87f-449f-870c-ccad2be619f5_1,jazz
suno_0d3229eb-72ee-4154-b6ac-519358f2fafd_2,country
suno_c2299d19-97bb-47ba-bc76-a64472c5b603_1,classical
suno_819b3f2d-4f30-4c81-82ad-279901ba68a6_1,pop
suno_86ec582b-a9fb-4895-a95a-a2f74b4b3440_2,blues
suno_c4ee5fc8-6ce7-4220-a914-60be9582399b_1,jazz
suno_6781d96a-b018-4452-b345-091d36f0c2d0_1,country
suno_5f1b0f63-c390-4d19-89ba-aaf993489667_1,country
suno_4a82bb4e-8ac8-4d80-8b5f-a278653d1df4_2,rock
suno_1b14c59d-1381-4e8a-9f2d-7b35a18b66e0_2,pop
suno_cc5e7b54-32b3-45be-bc74-8da7b56ea908_2,blues
suno_381cb7c8-8c5c-44a5-8980-8ba220b45973_2,country
suno_0154ac0c-7407-4e20-a6e1-910bc3ff101d_2,electronic
suno_378cdcd8-b96a-4f05-842e-7abb3215d025_2,pop
suno_9d64274e-b10d-47ab-8129-b86cc1b958bb_1,electronic
suno_d09d89e4-7de8-4cfd-9233-f0fe0ac24811_1,jazz
suno_712dd18a-4f2a-47e1-8abf-291696f2964e_1,classical
suno_a460d017-dff5-4a2c-a134-854260f1f5ff_2,electronic
suno_11481ec9-9c95-487f-b7a3-17f56fd8cc52_1,rock
suno_3dd4aaa1-5465-4031-9a70-a5f2c3cd4977_2,blues
suno_70e22d39-48f1-4d19-8d52-15ae91066790_1,jazz
suno_2b703520-c9f5-4b38-a53a-fe29dc2215a7_1,pop
suno_f054442e-b2bd-4a87-9846-7c8b29a87a26_2,pop
suno_df157547-a8d8-4b21-a3d8-6696336a4cfa_1,pop
suno_b41b31b8-f9e9-4ebb-b4c6-46c1226406e3_2,country
suno_2e822018-25ec-46c6-8549-e664b9daa660_1,jazz
suno_3a313187-c671-4421-b41d-4c6e6a29abfe_1,jazz
suno_191becff-f51e-4397-891e-da1e5a95d83b_2,classical
suno_ece59d74-2877-4539-990e-ef85e13e70d0_2,rock
suno_afb9d759-e1d4-4689-9b9b-9ed66b979bbb_2,country
suno_abb136d2-366e-46d6-9aeb-a0b145480b5f_1,jazz
suno_b4b9634b-f730-4b22-b8b4-025239f69e6e_2,electronic
suno_07750bbd-eaac-4391-9283-a0b99f54ea90_2,classical
suno_4bde9c01-9f79-4519-89bb-7721bef0ffed_1,blues
suno_d03e672d-0d7b-440f-b5e5-d7c8ba3751bc_1,classical
suno_7b3d01d4-4f13-473a-a091-409c4b297910_2,electronic
suno_9d09de9b-6e01-45ba-8c93-7e3cd161df39_1,electronic
suno_52666162-fe27-4751-9b64-e8b6e2d9a66d_2,blues
suno_45735d5d-5064-414c-9fab-7c4af6ebfeeb_1,jazz
suno_ccdc1722-fb23-4136-a4ca-0aeec1f14962_2,blues
suno_056ba62d-ded4-4bcf-a3f2-13ebd179e5d3_1,blues
suno_ce8806fa-7569-4e09-a184-1d6de7fdeac9_2,classical
suno_e58e4fe7-9702-492b-8794-ff09c81beded_2,pop
suno_4317853b-c56e-45df-864a-cc9670a59d38_1,rock
suno_a613d4c5-04fc-45df-8d67-af152d0208b3_2,rock
suno_c8e799d1-9f39-4f0e-83e4-bb3a110c3d46_1,blues
suno_86b164fe-68c0-4fd6-b18c-31088f14367a_2,pop
suno_d9d01031-1bc9-4cb0-af25-ae4d7055826a_1,country
suno_219d1489-bf6c-4e87-b5d5-69f0a72b0128_2,jazz
suno_c403867a-3df1-4dae-b601-d64a6cdc4559_2,pop
suno_39409645-df5c-4fae-ac6d-fb61a292b2a6_2,blues
suno_68bc9446-4d79-4930-89e7-4bd5355b6bf5_2,pop
suno_769fb9e1-ecd3-45f4-a456-a56884db755a_1,pop
suno_711f767c-6c48-4d15-bfc1-39954ded41bb_1,country
suno_c1c75a20-9a69-4d4e-b63b-b96c921262b3_2,electronic
suno_e2507d1c-52eb-4929-9860-21ed832e9146_1,electronic
suno_5d634349-3464-4811-9442-644959a387b3_1,rock
suno_87ed59bb-5a97-4103-bde2-720b013adb09_2,classical
suno_353ce24c-c188-48fc-aa33-45cdc9116ffe_1,blues
suno_f4036bc8-fb19-43f4-9126-567200c60294_2,jazz
suno_d85f1b4d-bbf3-408a-8370-3ce732804ff9_2,rock
suno_219d1489-bf6c-4e87-b5d5-69f0a72b0128_1,jazz
suno_0fb5788b-bc0f-450d-8762-ec65185e257b_2,jazz
suno_555fda54-4497-4bb3-9edb-a3ff63837f1f_2,rock
suno_f0df1d54-0bff-4d37-a160-3a9284955b87_1,blues
suno_917a68f0-3b63-472a-ac82-103ac829c230_2,classical
suno_fc3733c9-3b4f-44d6-90d6-89bcedf24d6a_2,pop
suno_ccee98a4-af1b-4bae-9f05-3e775a24283c_2,rock
suno_5cbf2419-57c7-474f-b458-0a836bd8cf4c_1,electronic
suno_2f108fa7-194c-4ee1-9c97-9cea1d76b3d6_1,classical
suno_563e487a-dbfd-4b96-9e6a-089a7fe8a917_2,pop
suno_ff802887-e408-4448-8672-7d0b38e6cfb1_2,electronic
suno_9d09de9b-6e01-45ba-8c93-7e3cd161df39_2,electronic
suno_8c8a9a19-a0ad-475f-9b68-982d3dc83bee_1,jazz
suno_7126d051-a68b-463f-98c1-34c013a724fc_2,country
suno_51d4c21f-8e8b-4675-abc7-b0dd24b532ff_2,electronic
suno_7f89d6b2-a7a0-40e0-8387-2c68426b93a8_1,pop
suno_66d38e5e-7f3e-4bd3-bad9-b3364be6dbc5_1,hiphop
suno_c2eb945c-424b-4085-be69-ac11394d95bd_2,electronic
suno_d249064f-3792-4427-90a7-03a111e590ea_1,country
suno_3b7cdb95-337e-41fd-9712-4b76a90e9edd_2,blues
suno_ebce9cbe-29fa-4637-89cb-d81f7427582e_2,blues
suno_22992ec0-04fc-41b6-9196-38bc29ca37bd_2,blues
suno_ea8d43b3-7c43-467b-ad20-d06a3b0bd6c4_2,classical
suno_429354d0-ee80-479e-b9e4-81c2ac05f063_1,electronic
suno_7890d56c-6b68-4701-9117-b195fd0a12a0_2,hiphop
suno_4639f1cb-ffa3-43fc-9ef6-9e32fcd972c4_2,pop
suno_80d00050-000d-4c15-9820-9afb151fc9de_2,electronic
suno_d82e74f2-aae1-40bc-a405-82df2c3840d5_2,rock
suno_fbd92016-e46a-4de6-b720-6f63ccf54978_1,electronic
suno_f08d04bc-0bcd-482f-ab24-55ebf494a804_2,pop
suno_be8a5a39-7f5b-4ed9-bdc0-43bf38f76627_1,blues
suno_2095704c-9775-48c0-82f8-b9654fb3b237_1,rock
suno_0222414f-07f2-4b72-8f11-dcea64bdc084_1,jazz
suno_932c7f33-27d4-4e95-95e2-484d53aef2be_1,pop
suno_dace9305-568a-482a-ae6f-90617a17220c_1,rock
suno_cbb8c7cf-7d9d-4656-b025-8cb292b50d3b_2,electronic
suno_bd12e1ec-5333-4cce-ab45-154652c01d8d_2,classical
suno_378cdcd8-b96a-4f05-842e-7abb3215d025_1,pop
suno_cfc80247-32d9-446e-b829-f0250070dcbc_1,hiphop
suno_82c36cce-9c6a-40ae-902e-e581c4ea36ca_1,country
suno_2a721eab-b2b0-4b2a-8ba5-901a126f8aa0_2,blues
suno_95d390b5-53a9-408c-b595-89a4e120f007_2,rock
suno_12373e79-f147-486e-9d71-7a7076c40932_1,blues
suno_03ef56d4-1a4d-4d38-900e-ea4ab49fe57b_2,rock
suno_6a44d57a-17db-4718-a24f-1d3607be6318_1,rock
suno_4aca74ba-40c4-487d-9cd4-0a8495395408_2,pop
suno_eba0ea8e-110a-4791-baf8-3a018d7227a9_2,electronic
suno_1e1b36cc-a3f0-4098-b619-7b6f7bfa9046_2,hiphop
suno_27cfd8c1-98db-49a3-ac2b-9fdaae3af249_1,classical
suno_2ccb989d-dd6c-47c9-a15b-b81b016ae398_2,hiphop
suno_7577111f-9903-4888-b891-d735f64b2e17_1,classical
suno_1b9594b1-6c3a-4d16-9d1d-2db7d62f224e_1,country
suno_7bdbc0b7-9cfa-4cce-b915-324f6957694a_2,country
suno_d9ed81eb-837a-42a7-a64a-ca6583090a00_2,rock
suno_54ed788e-fb78-4c64-96f9-a2ac24c946cf_2,country
suno_8dcb65ba-2040-4a02-bc00-f15a7f204ccc_2,blues
suno_208d6475-1131-4ee8-be99-50a61250d1f4_1,electronic
suno_481afc15-0e8d-4d28-98ad-cd8a9d24f7cf_2,country
suno_a126ab01-401e-4cb9-8d3f-5b034f1acccb_1,electronic
suno_228f7b0c-5812-4407-836f-92d8cb58bd53_2,rock
suno_84fe5e58-5a97-47ec-a36f-9ccdde1a66ad_1,classical
suno_4c146980-5017-4ed5-b309-0d9ace9bf493_2,pop
suno_901c5858-a4f8-4480-9bfc-485c4e9716ed_1,country
suno_d3ef7146-f7a4-428b-8f9c-783d5a6ca596_2,blues
suno_1d3f9f65-e84b-4833-9b6b-8f94faf64187_2,blues
suno_f17d4eff-e245-4ef2-9732-6d3c56ab64cc_1,rock
suno_1cb1c8fa-3a19-48cd-80dd-0d18daaf9a33_2,electronic
suno_eb1a7070-f492-4c5d-8e9a-6201bc1f443e_2,country
suno_f9d4762d-7b12-4e16-b534-1eb482842fae_2,rock
suno_aca659de-7490-411e-b5ef-6d4de8aa9c16_1,classical
suno_8dd7a846-6caa-4b36-a120-11c2e8efd8d2_2,jazz
suno_75cb61b0-0f5e-413a-990d-659ee3053f24_2,hiphop
suno_c6be7c46-2c37-4bc6-b29f-0911fc7dfa3d_1,electronic
suno_3d4b6e6a-36b6-4f9a-88f3-7bda625a1af0_2,blues
suno_6cdd855d-0766-44c6-963a-34d3a13bf41d_2,jazz
suno_2c17ca0a-e1a6-4faf-9817-d5cad7af0ecf_2,electronic
suno_a9afb864-794c-45cf-98e2-c15aa995bbcc_2,hiphop
suno_3fb46222-d42b-487d-8bbd-ac54f50575bf_1,classical
suno_b450cf59-f9f3-48bf-bf0b-cfb22f0e47c3_1,country
suno_18bb8e24-914f-44c1-bac7-6a172ccaeda6_2,rock
suno_de4d9157-4571-4a54-8010-420794f7f7d4_1,pop
suno_4cf51a78-d2b5-4875-8a74-c37e7c79ad43_2,electronic
suno_89f92f4a-2a06-4893-ada7-5a4398074d1b_2,country
suno_76efbd0e-a602-4ca4-8931-fcf2f28a9d9c_2,blues
suno_f9b8871a-478a-4bde-92e1-f79cfd3c2740_1,blues
suno_2eda9390-4a44-4d5d-a167-30739ed10845_1,rock
suno_a4843a63-c2e0-4512-b544-789b1e24be1d_2,electronic
suno_074ce6e1-98b7-4ecb-ae62-b4f1accf02bf_2,blues
suno_5e4c5754-d3b9-4ad0-b476-a5ac742679ef_2,blues
suno_99659ecd-72f5-4358-9689-41b9319fd61b_1,blues
suno_052b1a1e-bf04-4034-9a42-61e2b1048bb8_2,pop
suno_dc7ed1ef-f97f-410e-9588-356c19344610_1,rock
suno_791835fd-6b71-4b65-81f4-f082d7341f9d_2,hiphop
suno_e6641c34-fa0e-49cd-a545-4053d26bcb3d_2,electronic
suno_296f8296-e7f3-46e6-b603-04b3dc6869f9_1,pop
suno_4879d75e-6117-44b6-af85-df20ac8c20a9_2,electronic
suno_9e54e17f-0067-4a90-af07-c7413a80ebdb_1,rock
suno_73456362-092f-4362-bca5-4c80c15844eb_1,hiphop
suno_a91f1de6-563f-4f93-8ec1-e7db76297eb6_1,pop
suno_16e1690f-0636-467a-938b-96498ff9e795_1,pop
suno_cfc80247-32d9-446e-b829-f0250070dcbc_2,hiphop
suno_1a2398c0-6ac7-46e4-8ba5-10b41c783d44_2,pop
suno_93134fac-d0b5-44da-82ac-11fa4ba38b21_1,rock
suno_d08de5af-f8e9-4744-a6b1-2360bf6884e2_2,jazz
suno_25722b8b-936b-413f-8d0c-9f10b6fe87ae_2,pop
suno_2531a8e6-f618-4ddf-8887-9da732e87951_1,country
suno_ff2fe76c-c9ea-448d-9b1e-d6db867ce07d_2,electronic
suno_0a19b4a4-03cc-400f-9e0f-4b8fca27a01a_1,country
suno_48153d79-922a-4922-a641-bf847c5b5c77_1,blues
suno_c5cb6799-7a2d-49b3-8822-c075c98d054e_2,classical
suno_52744fe0-9905-474f-b542-4323300bb426_2,blues
suno_8e4c92ba-8ab8-4d1e-8d26-a37b7fff8d9b_2,classical
suno_af36d5d3-3aec-4d7d-8d3c-f149695fe543_1,blues
suno_8a73b166-bad5-4af7-9439-7c04b30756c1_1,jazz
suno_47e694a2-a5b2-485f-82fa-64988fbed816_1,rock
suno_3c15aae7-1a0a-4504-9e5b-2b7f8fbea039_1,hiphop
suno_c7de2cb9-2b59-4bd5-ac25-3fc203ebc5e8_2,hiphop
suno_3b21f846-da65-4aff-9729-b96c96a19967_1,hiphop
suno_e75282d6-6ac5-49ce-b4b3-55e0c695fa36_1,rock
suno_ac9d8ba0-7b3c-4057-ae5a-5a2fac1c7e07_2,electronic
suno_cbcf3220-2b13-4fe9-bdfd-d7eae809cd53_2,electronic
suno_48e3c040-1eb0-4e72-be91-56097093cb91_1,rock
suno_b2d5a157-34aa-4293-bdf6-293684d4ef97_2,classical
suno_cbe3549c-a4b9-40b3-a2a9-cc264e1f6a64_1,pop
suno_68148ee8-f365-44c9-b6fd-6bf7b3bdf837_2,country
suno_af0d98b4-63e8-400b-999b-25e140aa8232_1,pop
suno_501c5ba4-b3ec-4091-acfc-a700a6bd857a_1,pop
suno_1033f264-c33f-440c-ac28-e430d4470ff3_2,rock
suno_bd78308b-22d4-4d2a-a7a7-05242d2d1388_1,country
suno_552331fa-ffa7-4f87-8386-6031dd2c2f85_1,jazz
suno_25722b8b-936b-413f-8d0c-9f10b6fe87ae_1,pop
suno_df8ce020-8029-4811-a040-9e044421c6ac_1,pop
suno_169cccf5-ac02-4f40-aec9-0b955fbb52d1_1,rock
suno_e2f4348c-e720-4a89-ba8b-e5a077882893_2,classical
suno_d5e2c477-77f6-44fa-90b4-06fae04a7f7b_1,electronic
suno_3f19bde4-2b86-44ea-965a-d843673f79e0_2,pop
suno_62689960-b1cb-44af-8fd3-4a06567e0ef8_1,electronic
suno_404b5c32-46ef-4cb9-a39e-84160b8f7151_1,electronic
suno_1faca4f8-eca6-419b-b4b5-8c5638e1c520_2,pop
suno_1ee6712b-35e4-41f7-97f7-da57229d3eda_1,country
suno_9c03d3b5-772e-48e2-872b-1151660a06a2_2,jazz
suno_96b7eb88-c475-4f6e-bd4f-7c727ed85cd8_1,hiphop
suno_cedc1b48-9331-47ce-813f-e2060ed4e918_1,country
suno_051233a4-a546-4c9c-8b7c-0d865a0033e1_2,electronic
suno_6c6da833-40c1-4e79-a912-e8dd0449ae0d_2,classical
suno_191bd281-0272-4089-866f-38bf601c0a17_1,jazz
suno_ae38184a-ca77-41c3-bcdc-c3dbe1f8fc7d_1,blues
suno_e30bdcd4-d220-4621-a52e-1248fd20ef23_1,pop
suno_ef04ab5d-2baa-4158-92bc-beeaa27fb579_1,blues
suno_83e71af7-175c-4c51-96ae-9a1c119370e6_2,hiphop
suno_3b21f846-da65-4aff-9729-b96c96a19967_2,hiphop
suno_ceb83629-6bf3-4507-8fc1-a81e7e730da0_1,classical
suno_33486c72-fc4e-4eb2-8ed6-1db15d0c2814_1,blues
suno_a6ea339a-246c-4812-8fdc-81129500b5e0_2,blues
suno_8284d6c5-1f8d-4aa2-bb92-37974c6bd211_2,country
suno_9a809c96-140a-4ca5-a3a2-2fa99684e7d8_2,jazz
suno_6250e476-4bf9-449b-942e-35dc0bc1731b_2,classical
suno_0be23d57-861f-434f-9de0-a38ca160edd9_2,hiphop
suno_37ce4a58-d034-434b-aae8-745b35d146c5_2,hiphop
suno_b7246a9e-a7c8-4afe-8cbb-ddce17bca941_1,jazz
suno_16f48ca9-d67d-408f-a6c7-0817b45f1f23_1,country
suno_1faca4f8-eca6-419b-b4b5-8c5638e1c520_1,pop
suno_b5406125-662c-4847-98de-bd01b3412c9d_1,pop
suno_ce5c8e4f-6f74-40ee-98b7-05141e3da994_1,country
suno_e5111eca-63a9-4da0-96bb-9cad9e78933a_1,rock
suno_c2bfaae7-735a-4b14-89df-6de1c780c073_2,classical
suno_66215d38-69e3-478f-ab4b-71994cdf6530_1,jazz
suno_481afc15-0e8d-4d28-98ad-cd8a9d24f7cf_1,country
suno_2bbaec5b-0b8d-472e-8d81-96b568bac31a_2,country
suno_08a6cdb6-f78b-4cad-abf5-d23767b9910e_1,blues
suno_a4112a7c-df74-4ed1-ba6d-367d8cc48cd0_2,pop
suno_3375f99f-9b67-4701-998f-c1afdac0d571_2,classical
suno_87614c9c-f603-475c-9f3f-a8d540c37e7f_2,jazz
suno_d571d1b3-cf6f-4696-ac27-39221ba27421_2,blues
suno_f89ede2c-ac20-4f28-a7ce-3f0cfdc3c7d1_2,blues
suno_2bec9911-dc39-45f6-bde7-a31d11b435ae_1,electronic
suno_624655b1-e8e0-4993-96bd-16e4ffab08e4_1,rock
suno_291cc0bc-27e2-4afa-8af7-8981e64985b3_2,pop
suno_851d4b81-e364-462a-a5bc-54e7d95feea0_1,electronic
suno_44355ed3-fd9d-4425-b3af-22a945437c94_1,blues
suno_07556b39-9d83-4b74-8a12-24fa9b380209_2,rock
suno_4fef688b-6e67-498d-9ac2-6ad6679d2061_1,jazz
suno_de1cce60-c9c9-44f4-8686-68af4d7f353e_1,pop
suno_69e6e1d7-c94f-436e-8b8e-eaa82c18666d_1,classical
suno_bfc314e4-7ec3-421f-80e7-1fde4848c157_1,pop
suno_aae3142f-85d5-482d-b948-ec3c58af4729_1,rock
suno_1eabc4e5-ff99-46aa-964e-d5c27e652e89_2,pop
suno_edcbe125-2d49-4412-a2a0-1d3b8e59da64_1,blues
suno_81c6b627-89d0-443a-b928-6b81715ca870_2,rock
suno_c2cce8b2-4454-4c09-9472-6e61c3481fcf_1,pop
suno_0399e14f-72f1-4b69-9341-59c9add11b15_1,pop
suno_6c59017a-48f7-47ec-a6d0-b9a1d202933e_2,jazz
suno_33c87bd3-5276-4302-855e-e999a1ac5fd3_1,pop
suno_3baade52-adec-480f-9fbc-7845668c5c78_2,classical
suno_1623d9c2-b6ed-4415-a658-929a5317c05a_2,rock
suno_50d922bc-2aaa-47be-9a16-7d44fa4f801f_2,country
suno_e8c1f977-cd48-409e-8f28-5a1a46190e70_2,classical
suno_6e8f3830-7aa4-40c8-9ef8-16662da27c9c_1,classical
suno_cdb5b059-66ee-4cef-97e2-cef4366df63e_1,blues
suno_6820db97-9b5e-4db2-862a-b9166883793d_2,rock
suno_28c02f68-fbc9-4c24-a2bb-4344768f24b4_1,electronic
suno_de6867e0-83b0-458c-801b-bae9ed0f8a1e_2,country
suno_a97865a9-0b23-4228-a0fd-d6bd2112b88c_2,jazz
suno_45b7821c-1681-4808-be82-b70fbdc9e914_1,rock
suno_d2f0bd81-5f30-4eec-a192-cab1cbb655da_2,rock
suno_264068af-82c3-46c3-9d76-f39b589b9396_1,pop
suno_a43a208d-0c47-425c-9a58-ab053b844eeb_2,rock
suno_bda02c77-eff9-4cb7-8994-9f96aab8cc10_1,jazz
suno_48be0b10-b3ae-424c-b5e8-b0f42d4ed8e9_1,pop
suno_4b2417ae-fcf6-43b6-8604-541fdf3e1395_1,hiphop
suno_a8d59ab4-2183-4e3a-920d-10a758988125_2,jazz
suno_ca85d614-015b-4066-af1e-ba14d05c0047_2,rock
suno_4b13b47f-c88a-4228-839a-f56512c25b12_2,country
suno_6bcd4cc2-db89-426b-ac84-2afb520080c8_1,rock
suno_3c520a7e-03f1-4bc1-a11e-87459fd05c38_2,electronic
suno_751f7978-7149-4310-a59d-2be324d7cf9e_1,pop
suno_3467cfba-40c9-4399-b175-e883361a08a3_2,pop
suno_7f44ed08-7d30-469e-9224-3462a1817913_1,rock
suno_219da5e5-c28e-4c1d-b2bf-0234ed519bf7_1,hiphop
suno_9ac80354-6103-437b-92dd-5f6ee2c52dce_2,hiphop
suno_d90998d9-374b-4458-9f2b-8c2b0f09bb4c_2,electronic
suno_b142ad8d-d3c8-4e23-8f94-42d561fc6247_1,rock
suno_0599a860-d315-4780-a846-d35220ef4a4c_1,rock
suno_2c17ca0a-e1a6-4faf-9817-d5cad7af0ecf_1,electronic
suno_33d3c63f-b438-4d0a-83ab-c3c454879b9c_1,electronic
suno_7bafe2a7-5479-48e7-9986-f6ac65bc3f5d_1,blues
suno_1277b349-a749-4752-9c93-cd0cf37a9972_2,jazz
suno_cd75e999-4c15-4caa-be96-b374d057c5b9_1,electronic
suno_a720f363-132e-41b7-a0da-ed3bf70a15f9_1,blues
suno_4809f9ff-6085-44fc-885c-a657b873de3d_2,blues
suno_e3611b94-e770-467a-8d27-c85e6eca4ffc_1,hiphop
suno_3ed0bd4f-7e21-4c38-8e93-d480cb622ecc_1,rock
suno_4f82f885-570c-43b1-b5cc-bb9a615b148b_2,country
suno_63924ef3-5916-4434-bf73-c44a1dda465f_2,pop
suno_fb37df94-b754-4d6a-91d6-fd714b4ffd9b_2,pop
suno_78e6b595-0168-4a13-9877-8372bcf89442_1,pop
suno_9ec1d85b-45af-4605-8118-242d1693bfcd_1,rock
suno_edcbe125-2d49-4412-a2a0-1d3b8e59da64_2,blues
suno_3c15aae7-1a0a-4504-9e5b-2b7f8fbea039_2,hiphop
suno_1b14c59d-1381-4e8a-9f2d-7b35a18b66e0_1,pop
suno_d1cc4a94-0968-4c00-abea-f3f2488b5f03_2,classical
suno_0f105c0d-c75f-463f-9a5d-a26162007f6e_1,blues
suno_ef04ab5d-2baa-4158-92bc-beeaa27fb579_2,blues
suno_21659eed-d008-45ef-817b-7b56f81950a9_1,hiphop
suno_1b5f834c-deb4-43c6-bf59-bbb0dd4cd27a_1,country
suno_9d8cc167-d847-4985-b10a-b2097a29c6ae_1,jazz
suno_a1dbf3da-8874-4430-a5f5-b9171dc68808_2,rock
suno_135a59dc-98b3-41c1-922f-63f1dbdf0e3a_1,country
suno_3a0115a1-5ec1-44c0-95fb-45130d52a8be_1,country
suno_69e6e1d7-c94f-436e-8b8e-eaa82c18666d_2,classical
suno_851d4b81-e364-462a-a5bc-54e7d95feea0_2,electronic
suno_3e7f5771-f4c0-4cf9-9a15-71cb48825d99_1,blues
suno_158771b7-a16b-4947-8311-2d737230b80d_1,country
suno_9c03d3b5-772e-48e2-872b-1151660a06a2_1,jazz
suno_03b93e7e-b962-428e-8780-f5abf55f28ed_2,country
suno_c4bf6bfb-ab69-4fc4-851b-3a6ea9bff38a_1,blues
suno_536431eb-5724-4892-bef6-4fed0a4bb141_2,jazz
suno_11826ce7-f25a-4cf4-b3e8-44fef978e857_1,pop
suno_f89ede2c-ac20-4f28-a7ce-3f0cfdc3c7d1_1,blues
suno_a19c9592-52fe-46d8-9978-91a97b6cfdb0_2,hiphop
suno_08d88438-b2e2-4d41-a40f-9325fa34dec2_2,blues
suno_904d930a-b1d3-4fbd-9f33-34583f55ac30_2,jazz
suno_ebfdab1d-d13a-473f-95b6-d8d413272834_1,pop
suno_ad0b68bf-b47d-448a-a682-1c6a38135ebe_1,rock
suno_fc2c0877-45f7-4fe3-96e5-85852984bd74_1,blues
suno_079d49b3-3503-4c95-8584-239d98f05f62_1,hiphop
suno_700faa0f-240d-498e-8984-be77962a328d_2,jazz
suno_f5050912-dfab-4b23-8939-1b1d5c42337e_1,classical
suno_c2c51643-95af-410c-8b5d-634aca2db87e_1,pop
suno_bd0adb00-2b5b-4c1b-881e-97f756b937f9_2,country
suno_6961e891-d48d-4ddf-8cec-82ef0026f6a0_2,hiphop
suno_d84c4bae-883a-4002-8e44-990fd0346032_2,pop
suno_06a7caab-0c67-4255-af8d-c8fc9caa589c_2,pop
suno_eca9aed4-e4f6-4bb1-858e-998b84ef53f9_2,rock
suno_c06b6802-1eb2-45ae-bf9d-7020349ef8c9_2,rock
suno_4970cedb-3ab7-410f-bb1d-17b7d663300c_1,jazz
suno_e1c3c5d0-f369-4fcf-a076-fa60be005fe2_1,rock
suno_14e1f8b2-33d8-46b4-8fab-a0d7cb369324_2,jazz
suno_b280da68-cdcc-4903-b7e8-bafd31b32552_1,pop
suno_8b4007ef-96a7-48dd-982b-62fad8c76cab_1,rock
suno_4f85e8c1-0b99-4a12-a14e-46075905ac6a_2,classical
suno_4006f068-187a-4a81-a63b-99995df75a15_2,electronic
suno_654e31b0-b188-48fe-93b4-124a41ff188b_2,classical
suno_690eb79a-58cc-4625-8194-1786df12d650_1,hiphop
suno_62689960-b1cb-44af-8fd3-4a06567e0ef8_2,electronic
suno_6a44d57a-17db-4718-a24f-1d3607be6318_2,rock
suno_3d7cd02e-5812-4711-ae29-271d16d3e923_2,blues
suno_c909c1cb-84a3-4fbb-86ef-5ca9d52665d7_1,blues
suno_afb8304f-d181-45bd-8de8-a3d6ab3e51af_1,country
suno_e6217664-8be5-4b3f-b6a1-0ab1906e09b2_2,classical
suno_fd5697ce-824c-446f-bfb8-093b4cc3a146_2,electronic
suno_23c3cd2c-ec8d-420c-ae6e-454c4afeb81f_1,electronic
suno_77d2b7ea-51a8-44ae-8abe-04efc3fb1923_1,hiphop
suno_27f17469-2235-4ba5-bbf3-15bddda2dcb9_2,blues
suno_f17cfa58-ad6a-49a1-8754-a0f46ca34e4b_2,jazz
suno_89d97985-9142-4e32-a682-6dac8677f169_2,pop
suno_ab4eca64-ca25-4451-9107-f2604e560701_1,classical
suno_8c19c7d0-3f25-46c0-961b-2f528f5147fe_2,jazz
suno_f830aefc-cda3-45ee-bfc4-4346acdb2c95_2,electronic
suno_da79becc-97f7-493a-b3b8-30912e20f550_2,classical
suno_33bb2cf6-1f6b-4769-b89e-173025965ba2_1,rock
suno_68fbd110-7ef8-48bb-9b0b-729cad96b001_1,rock
suno_04c5182f-1391-4e6f-bf7c-0db731aaec61_2,hiphop
suno_e28bbb48-aafe-4c9c-912d-896b425368a1_2,jazz
suno_c341d5f3-2de5-47dc-b78d-bf248496fe0f_2,pop
suno_23c9d272-4475-496f-a93a-962b91552262_2,pop
suno_2e07bc32-c483-443b-b20f-ca2cf7dbe8fa_2,country
suno_32eb9d97-2c36-41fc-894f-008c993b9390_2,classical
suno_43e663a2-478e-4faf-9c89-93e92beb42c7_1,hiphop
suno_5f31ae89-83eb-404d-acf1-640a67875135_1,pop
suno_fc3733c9-3b4f-44d6-90d6-89bcedf24d6a_1,pop
suno_2899ea8c-5afe-4d45-bcf0-9ab67d3cf004_1,hiphop
suno_f47c352d-b03d-4d74-bf1f-fee4cbed4be3_2,electronic
suno_5fc453ea-92f6-434e-bff5-6ffed8e0b8ac_2,rock
suno_901f41c4-6705-4ad0-8ee3-40c4e6416fd2_2,classical
suno_9aef1241-2a2c-40b1-8c09-3da50ab7d825_2,rock
suno_06a7caab-0c67-4255-af8d-c8fc9caa589c_1,pop
suno_38bc8f30-be34-4379-8de4-e0a16a565845_2,classical
suno_fe251ef4-3ec4-46a4-872b-400d2650efd2_2,country
suno_3e421c94-50a6-4689-a9d9-55d4048985ec_1,blues
suno_dd986c9e-e718-4878-bb09-3b6c58b0c07b_1,hiphop
suno_6adbc5ee-aaa3-4165-b11d-98dc4570eb33_1,rock
suno_88dd0541-5dbf-41fc-8f7a-79e506a65042_2,classical
suno_bafb2830-cf82-4c6f-a830-03a54a0a188f_2,jazz
suno_7b7795a9-b398-4272-ae17-eee0ae1f7ddf_1,jazz
suno_7d9fffc6-c49c-4f38-b025-17d6e4a357a1_2,electronic
suno_aedab5a1-9238-42a5-9501-b79f3908177a_2,rock
suno_a33dea82-7ee9-42bb-bb14-d5ead16ff717_1,rock
suno_09718f7f-6acd-48f5-9db6-1e9e0f46604b_2,country
suno_c7df233e-f7e2-43c0-841d-57c01deefd76_2,pop
suno_0622b6a5-ed08-4cbb-a3be-9fb841a9b1aa_1,electronic
suno_e054e81c-d2cf-4837-bebe-f6ac4d292349_1,country
suno_b93735c0-d646-473b-8c50-8febf48434a2_2,blues
suno_2536284f-0823-48db-a868-41b205b695ed_2,jazz
suno_0bda195b-4292-4505-ada4-ece737fc02a8_1,blues
suno_cafaba4a-51d7-4fbb-a308-e7b8c62b1a92_2,blues
suno_02c2a3dd-47b1-4907-a18e-023b1edd18ec_2,pop
suno_fbd46dd0-55db-451d-8d0a-f0314b6f7c59_1,classical
suno_a4ce2bea-2448-49c4-9fbd-61c6e6ac1ad1_2,blues
suno_9391ad8d-4678-4b63-a51c-add952a729c4_1,classical
suno_e5dc39cb-2918-44fc-8afe-49ddf1a629ab_2,jazz
suno_9a545b73-a06e-447a-994d-94825217f879_2,pop
suno_c4b7e2d7-4a20-42c8-9765-050c72a97652_2,country
suno_c6651752-26e3-4f9e-9f06-8721af4f6acb_2,country
suno_b8dc289f-26bf-4dd5-83bf-d915c0e6f98b_2,rock
suno_228f7b0c-5812-4407-836f-92d8cb58bd53_1,rock
suno_f9da378e-b575-49a3-8433-ee410b3e0382_2,hiphop
suno_95e41ac5-a9a0-49cf-b09a-b3ac12aec04d_2,blues
suno_8b0b5683-8b50-4914-9bc2-906ea08396d0_1,pop
suno_0da4a125-3576-4b66-a9b7-15835fdac093_1,hiphop
suno_cf737227-ea25-4c74-ac69-e1454c092bfe_1,country
suno_e27f4ee0-04a6-405d-9975-b50892eca518_2,country
suno_479b3e21-6a46-4b71-b91d-e4a9d9cd6a53_2,country
suno_ae786da7-213f-47cb-9029-0616c12b4ce3_2,rock
suno_6c59017a-48f7-47ec-a6d0-b9a1d202933e_1,jazz
suno_b2e996f4-d95b-4769-a779-1e2182cdc2a0_1,pop
suno_fe1bae29-d5bd-43ae-ad56-470911d0e0cb_2,blues
suno_c4d834c0-9029-4def-84f1-30c82cdc34c2_1,electronic
suno_219da5e5-c28e-4c1d-b2bf-0234ed519bf7_2,hiphop
suno_e88ef5cf-0169-481e-a75b-608c10e3ce62_2,jazz
suno_fe6ea803-9512-4f68-82d5-1ad2a7c4807a_1,rock
suno_7249d0e2-1e5a-4a2e-b44e-61c63f59af0c_1,electronic
suno_c96c7ef1-49a2-417c-ba33-7e3626fc3d54_1,jazz
suno_23877c2a-9c1a-4c22-a490-1c6b3685d970_1,classical
suno_2a28d8b5-b471-420f-813e-ab0b66eeb02e_1,classical
suno_acaad14c-35d9-4c84-a02e-6891c40949dd_2,jazz
suno_215dfae7-3835-461c-8ae1-730044dd2abd_1,classical
suno_34117d44-2688-4ee8-9995-5482516b8d8a_2,rock
suno_30373bd1-bacb-4fb8-b2a2-b4adf48383d4_2,rock
suno_9b3fe72c-e852-4da5-b0ad-8cf32818f1db_1,pop
suno_6854d92c-45ed-418b-99f5-56024eb1c3df_1,electronic
suno_6aba7a7c-bdb5-4891-9a7d-4b5bdd13cea5_2,classical
suno_878634cb-7b9a-4806-a16b-28a827a52366_1,classical
suno_085ae824-45d4-46b0-8b43-c584d53adb56_2,rock
suno_d32dfba1-cf7e-400c-8cf8-1e14566050cf_2,pop
suno_fb24d2cd-20ec-4aba-9cd1-d56b0b81a261_1,classical
suno_129b2476-3931-4f38-8aaa-48b5f21bc846_2,country
suno_2686e2df-45c0-4110-a715-68ef44e9e083_2,jazz
suno_11b94acf-6aa0-42ea-9afc-5f5359809d68_1,hiphop
suno_96f1f5d8-31ff-4536-93a4-b48f46408fa6_1,hiphop
suno_0d8a1900-61f7-4ae9-bdb6-ccbd27911151_2,hiphop
suno_1aa6d31a-612e-4853-9b89-2216aa3b15ea_1,hiphop
suno_b8e4e5e3-769e-4057-9be7-f60051bab6ac_1,hiphop
suno_9cec02ce-0a33-4cbd-b83f-880f8be81c0f_2,rock
suno_602347aa-c032-43d2-bbf5-6c8ffc71886d_1,jazz
suno_ea9519d9-f359-43c9-ac0d-21fa05f09bf6_2,classical
suno_dbcad498-e005-403b-b179-b6e6390cb00b_1,jazz
suno_17e9ac6b-9bad-46c1-8522-da1cb4c364f2_2,blues
suno_a2f53556-18a0-49a4-85d1-115449970405_2,pop
suno_e108746f-7b8d-4770-bcff-fceba827c0b6_1,classical
suno_e652aa36-fa48-4734-9709-9082bcd1e81f_1,jazz
suno_12b1492d-2e33-423c-be35-c4431e9ec2fa_2,pop
suno_ab188e9b-aa15-47b7-b7a7-83fc231943bb_2,rock
suno_92034d31-1d32-4a52-b97a-203890115070_1,electronic
suno_ea70fd9b-7cc1-4c09-ae2a-3e6fb9f08522_2,pop
suno_cd75e999-4c15-4caa-be96-b374d057c5b9_2,electronic
suno_bceb4d16-af4c-4a14-a137-e33a359b3a55_1,classical
suno_10013e70-d9e5-46d7-b37f-af04f5189e6a_1,hiphop
suno_cf4adc6e-68ae-44b8-a709-711d4a20d2bd_1,electronic
suno_f05efd8b-497c-4741-b307-af2ebe7165f5_2,classical
suno_7bf4f3aa-58eb-496f-bd61-7d9c7e80e6d2_2,blues
suno_250bfaba-0e21-4b90-b2bd-e8d4ecc18cfe_1,jazz
suno_c5552ca7-95ec-48c8-ab16-88d4c3eb2a9d_1,hiphop
suno_417c8c34-917e-4a22-b15a-66a1378711ed_2,rock
suno_37e74e10-0b15-489a-a9ef-47fc5366264d_2,jazz
suno_de5d6f2b-d173-4b1c-8fe8-b82c3ade35b2_2,jazz
suno_488262d4-05a7-4ca7-8318-5020fd71b2d0_2,electronic
suno_18c728f9-313b-453b-ad28-903e7eb2f858_2,classical
suno_a9111f20-47c4-4b82-8157-fb50b89da640_2,electronic
suno_f1429574-413a-4ff3-9fe8-8c75054287f8_2,rock
suno_8da3834d-354b-42a3-83dc-eda6aa22d1ac_1,jazz
suno_38bc8f30-be34-4379-8de4-e0a16a565845_1,classical
suno_d9aa30bc-df43-4271-bcb6-7b324fe0703d_2,jazz
suno_4be0469b-5069-4273-8c0c-6bb85f346523_1,jazz
suno_0be23d57-861f-434f-9de0-a38ca160edd9_1,hiphop
suno_786420dd-e09d-4f82-bde9-2c9e81cf3316_1,blues
suno_485d855b-674f-4101-8094-5b3a1345a700_1,rock
suno_05cb7033-7104-4218-bcb5-a28b444ea608_1,electronic
suno_c00a1965-7ef3-4e5d-a546-ad1d28169b3a_2,classical
suno_6e20d262-3398-485a-bc24-e8334da397e3_1,pop
suno_af0d98b4-63e8-400b-999b-25e140aa8232_2,pop
suno_d45a0b04-006c-43ee-8177-f3efb86c15b0_1,classical
suno_f0df1d54-0bff-4d37-a160-3a9284955b87_2,blues
suno_18a9ac94-7e17-4d9c-8dd1-2c6826a952eb_1,electronic
suno_eb6b4334-e10f-415c-9f93-a32edf0d5112_2,rock
suno_5955cebb-f211-439c-babb-0589dc2d2720_2,country
suno_8159fd59-d6c9-436f-baba-82c639fad0fa_2,pop
suno_3225b7fe-9339-4874-8d7f-fc1d33aab163_2,electronic
suno_e7459980-5c83-4857-ac2b-3b659fd09b97_2,country
suno_3819301f-a661-46e7-a820-d220da3a904d_2,rock
suno_2af55790-5274-4fa3-b399-1d3f63b1ec45_1,blues
suno_a467289e-3ed5-4e05-abe1-76dfe49f29b5_1,jazz
suno_2536284f-0823-48db-a868-41b205b695ed_1,jazz
suno_cad28a7a-345d-4dfa-8bcb-4c9c80ae3bd4_1,country
suno_32f21b60-1a8a-4270-891c-65851acb8492_2,hiphop
suno_7655ec75-4b1b-4e51-ba9b-e3a44361f5ff_1,jazz
suno_7c1887e8-a89b-402c-8139-56a21cc9af55_2,country
suno_b6326ae3-d9a0-4e74-8bdd-4433aca86019_1,electronic
suno_910a15d1-edd2-4134-adf6-e5b90673e097_1,blues
suno_1c2d6bad-c8c1-408b-9355-4e71ae45221e_1,country
suno_51a3b127-e21d-4df0-bbe5-59dfafb22f87_1,jazz
suno_72723f43-6f5d-4539-9be9-0a116266282e_1,electronic
suno_b4b46938-5342-4630-bb81-ca6b5f1edc1e_2,pop
suno_176c98ed-c8e5-4d71-813a-b3464522162e_2,country
suno_3cabb06c-cff0-4d2b-9bec-3a32debf87dc_2,country
suno_964c40d8-4c0e-4c32-87ab-1b2e7c2b4266_1,hiphop
suno_b129e026-1af3-4177-9a7b-304cf86a348b_2,blues
suno_97365602-da63-45dd-b370-7a5552a7aca2_1,country
suno_296f8296-e7f3-46e6-b603-04b3dc6869f9_2,pop
suno_4809f9ff-6085-44fc-885c-a657b873de3d_1,blues
suno_99febbf7-7d64-43b8-bf73-6ac9ad492c6a_2,electronic
suno_0043006b-2721-4b40-90ea-c2c1a1ef5c34_1,pop
suno_14299493-aa89-4360-9db7-23dbd1daf7dd_1,jazz
suno_191becff-f51e-4397-891e-da1e5a95d83b_1,classical
suno_4f9bd112-0c10-4a8c-b042-df964e49e1bb_2,blues
suno_db095184-a45e-443b-a6ea-d5e6526dc2fb_2,hiphop
suno_803c9c68-b570-405b-9843-a0d94e4f20c1_2,blues
suno_637226cd-49bf-442f-bff0-bef5b9e78a9a_1,hiphop
suno_e8378493-d1ce-44e1-8277-c6ddd184c80c_1,jazz
suno_17246885-d385-4492-ad76-68755570d4e4_2,pop
suno_34e9d846-7b21-48e5-9772-75d64e525a95_2,blues
suno_e540f3a4-31dd-4e62-a075-2d31ba52b4f3_2,electronic
suno_8b49c7a4-7660-43a1-954f-bce71c06a778_1,blues
suno_8c6ecb63-cff4-442c-9f93-3e8d4e39ea44_1,pop
suno_2f31db17-c743-4ec4-912a-d3eb516ec08a_2,blues
suno_af36d5d3-3aec-4d7d-8d3c-f149695fe543_2,blues
suno_0eecfa54-a82a-439f-9468-7f49511f4c8f_2,jazz
suno_191bd281-0272-4089-866f-38bf601c0a17_2,jazz
suno_3ab8ec35-74e5-4cc9-98a6-7dcd73591ae2_1,blues
suno_e9a58588-651e-492a-8d85-242392df3a08_1,hiphop
suno_070c4e18-447e-4550-84bf-49da9797463b_2,blues
suno_a720f363-132e-41b7-a0da-ed3bf70a15f9_2,blues
suno_804acdc7-a8cd-44c5-9cd5-79e70b944c24_1,blues
suno_aa38df63-f8ea-40ff-a83f-91bbb7d058f0_2,pop
suno_2749d97c-53d9-4d9a-a953-f116e7853971_1,hiphop
suno_4df6c7e4-0919-43d1-a717-1cafe1dba1d9_2,rock
suno_4bf46a00-3703-4124-8380-c2f10ee1be06_2,jazz
suno_379b3090-dad7-4943-9345-dd6066e31afc_1,classical
suno_a362ec96-290e-4fa8-baf6-2f0afe734308_1,country
suno_acfab6f7-c66b-4f53-af3d-19f070258712_2,jazz
suno_bffe0687-8fde-43c1-a103-fc5fcafba622_1,blues
suno_08a2b84d-eb57-45e2-b3ed-e0db5b27ee96_2,pop
suno_7500feca-8247-4db2-b2e8-7693b48aa8c1_1,electronic
suno_dc4d403f-00bb-4bee-98a5-84d3b58e6b1a_1,pop
suno_ef6d0c5a-39b9-4355-b154-f8c697a71491_2,blues
suno_225f24c8-a70e-4ca7-a7b8-435b4143ce49_1,blues
suno_f890488e-134f-478b-90d0-353a5ce588ec_2,pop
suno_d383c11e-549d-469e-a5fd-d2588e3a97f7_1,rock
suno_cc367507-4b40-4121-8ef6-84b786998108_2,pop
suno_bc1ce709-f762-4c73-9101-6de6caf661f6_2,electronic
suno_e1cdd233-2761-41cc-92d7-cbfb3cbbc93b_1,blues
suno_a2f53556-18a0-49a4-85d1-115449970405_1,pop
suno_5a53f5d4-5172-4886-9eb7-f401332eaebb_2,pop
suno_ca9cec77-174e-466c-a30a-e51e9c2178c1_1,pop
suno_67abec3a-38ca-4078-9827-bebac2b1bc0b_2,electronic
suno_4295ad16-0daf-4383-b8d7-f1ed431450a2_2,classical
suno_c909c1cb-84a3-4fbb-86ef-5ca9d52665d7_2,blues
suno_ca59b887-e085-48a4-b2a5-530409b43a21_2,classical
suno_051ac430-c060-4dc1-9eb8-61c73329f6f5_1,country
suno_26c241a4-abc5-4109-a22d-0b2626274371_2,jazz
suno_6f4c9a02-2bd6-4f34-97c0-c26f66c7c5ba_1,country
suno_67abec3a-38ca-4078-9827-bebac2b1bc0b_1,electronic
suno_1158553b-d8ba-40f7-8a36-cce0408481ef_1,classical
suno_a4c5ecb9-3bd2-4de6-9e34-c43ac578f1f6_1,classical
suno_c32e4db6-c05e-4d17-83da-7adf76e8b722_1,pop
suno_e978f61d-159f-459c-a7c2-a696f1cb94cf_1,classical
suno_558743ed-05a1-4e6e-b36a-082f96f605c3_2,jazz
suno_a4843a63-c2e0-4512-b544-789b1e24be1d_1,electronic
suno_cedc1b48-9331-47ce-813f-e2060ed4e918_2,country
suno_c4683485-cc5f-40f6-843d-0539021cc837_1,rock
suno_ebce9cbe-29fa-4637-89cb-d81f7427582e_1,blues
suno_1730e4f2-5ebd-4f43-bc30-3cb8708fb300_1,rock
suno_3e17a4db-36a4-4eca-b184-10279aa3892c_1,classical
suno_751f7978-7149-4310-a59d-2be324d7cf9e_2,pop
suno_e1c3c5d0-f369-4fcf-a076-fa60be005fe2_2,rock
suno_f478a4e4-4f76-49bd-84d9-2bdb925150be_2,pop
suno_3f3d74ac-4335-43b0-b689-ac184237e25b_2,rock
suno_a2851003-1ac6-4397-a479-01bf571e1f42_1,electronic
suno_bceb4d16-af4c-4a14-a137-e33a359b3a55_2,classical
suno_a530509a-a757-46f1-a183-6d3fc828fafb_2,electronic
suno_9017423a-0d06-4cf7-8dd0-36acbe379005_2,blues
suno_bb7edd83-1dff-4966-a806-2b225ad9107b_1,electronic
suno_e054e81c-d2cf-4837-bebe-f6ac4d292349_2,country
suno_cf4adc6e-68ae-44b8-a709-711d4a20d2bd_2,electronic
suno_31755325-c5fe-4230-b453-8610c8e7c0ea_1,blues
suno_aae3142f-85d5-482d-b948-ec3c58af4729_2,rock
suno_02c27ad5-cc99-4a54-99c7-0861cc203a4e_1,jazz
suno_e895091b-eabb-4647-add8-1e14ed51a525_2,rock
suno_3adf63e4-0ae6-4fdf-a8d1-298b2fa5a7ce_2,pop
