filename,num_sections,section_names,sections_json,error
001_Sophisticated_Savage.mp3,10,Chorus(A) 0.0-4.3s | Chorus(A) 4.3-4.8s | Chorus(A) 4.8-13.0s | Bridge(B) 13.0-13.8s | Bridge(C) 13.8-14.9s | Bridge(D) 14.9-20.8s | Bridge(E) 20.8-21.2s | Chorus(A) 21.2-23.6s | Bridge(F) 23.6-26.6s | Outro(G) 26.6-29.9s,"[{""start"": 0.0, ""end"": 4.27, ""duration"": 4.27, ""letter"": ""A"", ""name"": ""Chorus""}, {""start"": 4.27, ""end"": 4.83, ""duration"": 0.56, ""letter"": ""A"", ""name"": ""Chorus""}, {""start"": 4.83, ""end"": 13.0, ""duration"": 8.17, ""letter"": ""A"", ""name"": ""Chorus""}, {""start"": 13.0, ""end"": 13.75, ""duration"": 0.74, ""letter"": ""B"", ""name"": ""Bridge""}, {""start"": 13.75, ""end"": 14.86, ""duration"": 1.11, ""letter"": ""C"", ""name"": ""Bridge""}, {""start"": 14.86, ""end"": 20.81, ""duration"": 5.94, ""letter"": ""D"", ""name"": ""Bridge""}, {""start"": 20.81, ""end"": 21.18, ""duration"": 0.37, ""letter"": ""E"", ""name"": ""Bridge""}, {""start"": 21.18, ""end"": 23.59, ""duration"": 2.41, ""letter"": ""A"", ""name"": ""Chorus""}, {""start"": 23.59, ""end"": 26.56, ""duration"": 2.97, ""letter"": ""F"", ""name"": ""Bridge""}, {""start"": 26.56, ""end"": 29.91, ""duration"": 3.34, ""letter"": ""G"", ""name"": ""Outro""}]",
001_kioto-pro-cinematic-music.mp3,10,Chorus(A) 0.0-2.4s | Chorus(A) 2.4-6.1s | Verse(B) 6.1-11.2s | Verse(B) 11.2-14.3s | Bridge(C) 14.3-14.9s | Chorus(A) 14.9-17.8s | Chorus(A) 17.8-21.7s | Verse(B) 21.7-26.8s | Verse(B) 26.8-29.2s | Outro(D) 29.2-29.9s,"[{""start"": 0.0, ""end"": 2.41, ""duration"": 2.41, ""letter"": ""A"", ""name"": ""Chorus""}, {""start"": 2.41, ""end"": 6.13, ""duration"": 3.72, ""letter"": ""A"", ""name"": ""Chorus""}, {""start"": 6.13, ""end"": 11.15, ""duration"": 5.02, ""letter"": ""B"", ""name"": ""Verse""}, {""start"": 11.15, ""end"": 14.3, ""duration"": 3.16, ""letter"": ""B"", ""name"": ""Verse""}, {""start"": 14.3, ""end"": 14.86, ""duration"": 0.56, ""letter"": ""C"", ""name"": ""Bridge""}, {""start"": 14.86, ""end"": 17.83, ""duration"": 2.97, ""letter"": ""A"", ""name"": ""Chorus""}, {""start"": 17.83, ""end"": 21.73, ""duration"": 3.9, ""letter"": ""A"", ""name"": ""Chorus""}, {""start"": 21.73, ""end"": 26.75, ""duration"": 5.02, ""letter"": ""B"", ""name"": ""Verse""}, {""start"": 26.75, ""end"": 29.16, ""duration"": 2.41, ""letter"": ""B"", ""name"": ""Verse""}, {""start"": 29.16, ""end"": 29.91, ""duration"": 0.74, ""letter"": ""D"", ""name"": ""Outro""}]",
002_Song_X.mp3,10,Chorus(A) 0.0-2.2s | Chorus(A) 2.2-8.2s | Chorus(A) 8.2-12.1s | Bridge(B) 12.1-12.8s | Verse(C) 12.8-15.6s | Chorus(A) 15.6-19.5s | Bridge(D) 19.5-19.9s | Verse(C) 19.9-22.5s | Bridge(E) 22.5-23.2s | Verse(C) 23.2-29.9s,"[{""start"": 0.0, ""end"": 2.23, ""duration"": 2.23, ""letter"": ""A"", ""name"": ""Chorus""}, {""start"": 2.23, ""end"": 8.17, ""duration"": 5.94, ""letter"": ""A"", ""name"": ""Chorus""}, {""start"": 8.17, ""end"": 12.07, ""duration"": 3.9, ""letter"": ""A"", ""name"": ""Chorus""}, {""start"": 12.07, ""end"": 12.82, ""duration"": 0.74, ""letter"": ""B"", ""name"": ""Bridge""}, {""start"": 12.82, ""end"": 15.6, ""duration"": 2.79, ""letter"": ""C"", ""name"": ""Verse""}, {""start"": 15.6, ""end"": 19.5, ""duration"": 3.9, ""letter"": ""A"", ""name"": ""Chorus""}, {""start"": 19.5, ""end"": 19.88, ""duration"": 0.37, ""letter"": ""D"", ""name"": ""Bridge""}, {""start"": 19.88, ""end"": 22.48, ""duration"": 2.6, ""letter"": ""C"", ""name"": ""Verse""}, {""start"": 22.48, ""end"": 23.22, ""duration"": 0.74, ""letter"": ""E"", ""name"": ""Bridge""}, {""start"": 23.22, ""end"": 29.91, ""duration"": 6.69, ""letter"": ""C"", ""name"": ""Verse""}]",
003_My_Heart_Beats_Like_A_Hammer.mp3,10,Intro(A) 0.0-0.2s | Verse(B) 0.2-0.6s | Verse(C) 0.6-1.7s | Verse(C) 1.7-2.6s | Verse(D) 2.6-3.9s | Chorus(E) 3.9-7.1s | Chorus(E) 7.1-10.8s | Verse(D) 10.8-16.4s | Bridge(F) 16.4-16.7s | Chorus(E) 16.7-29.9s,"[{""start"": 0.0, ""end"": 0.19, ""duration"": 0.19, ""letter"": ""A"", ""name"": ""Intro""}, {""start"": 0.19, ""end"": 0.56, ""duration"": 0.37, ""letter"": ""B"", ""name"": ""Verse""}, {""start"": 0.56, ""end"": 1.67, ""duration"": 1.11, ""letter"": ""C"", ""name"": ""Verse""}, {""start"": 1.67, ""end"": 2.6, ""duration"": 0.93, ""letter"": ""C"", ""name"": ""Verse""}, {""start"": 2.6, ""end"": 3.9, ""duration"": 1.3, ""letter"": ""D"", ""name"": ""Verse""}, {""start"": 3.9, ""end"": 7.06, ""duration"": 3.16, ""letter"": ""E"", ""name"": ""Chorus""}, {""start"": 7.06, ""end"": 10.77, ""duration"": 3.72, ""letter"": ""E"", ""name"": ""Chorus""}, {""start"": 10.77, ""end"": 16.35, ""duration"": 5.57, ""letter"": ""D"", ""name"": ""Verse""}, {""start"": 16.35, ""end"": 16.72, ""duration"": 0.37, ""letter"": ""F"", ""name"": ""Bridge""}, {""start"": 16.72, ""end"": 29.91, ""duration"": 13.19, ""letter"": ""E"", ""name"": ""Chorus""}]",
003_going-the-way-of-the-wrangler.mp3,10,Chorus(A) 0.0-1.3s | Verse(B) 1.3-2.0s | Chorus(A) 2.0-9.8s | Chorus(A) 9.8-10.8s | Verse(C) 10.8-15.4s | Chorus(A) 15.4-18.8s | Bridge(D) 18.8-19.5s | Bridge(E) 19.5-22.1s | Verse(C) 22.1-26.9s | Verse(C) 26.9-29.9s,"[{""start"": 0.0, ""end"": 1.3, ""duration"": 1.3, ""letter"": ""A"", ""name"": ""Chorus""}, {""start"": 1.3, ""end"": 2.04, ""duration"": 0.74, ""letter"": ""B"", ""name"": ""Verse""}, {""start"": 2.04, ""end"": 9.85, ""duration"": 7.8, ""letter"": ""A"", ""name"": ""Chorus""}, {""start"": 9.85, ""end"": 10.77, ""duration"": 0.93, ""letter"": ""A"", ""name"": ""Chorus""}, {""start"": 10.77, ""end"": 15.42, ""duration"": 4.64, ""letter"": ""C"", ""name"": ""Verse""}, {""start"": 15.42, ""end"": 18.76, ""duration"": 3.34, ""letter"": ""A"", ""name"": ""Chorus""}, {""start"": 18.76, ""end"": 19.5, ""duration"": 0.74, ""letter"": ""D"", ""name"": ""Bridge""}, {""start"": 19.5, ""end"": 22.11, ""duration"": 2.6, ""letter"": ""E"", ""name"": ""Bridge""}, {""start"": 22.11, ""end"": 26.94, ""duration"": 4.83, ""letter"": ""C"", ""name"": ""Verse""}, {""start"": 26.94, ""end"": 29.91, ""duration"": 2.97, ""letter"": ""C"", ""name"": ""Verse""}]",
004_Finally_Here.mp3,10,Intro(A) 0.0-0.6s | Verse(B) 0.6-0.7s | Chorus(C) 0.7-3.9s | Chorus(C) 3.9-9.1s | Bridge(D) 9.1-10.2s | Chorus(C) 10.2-13.6s | Chorus(C) 13.6-16.5s | Bridge(E) 16.5-19.5s | Chorus(C) 19.5-27.9s | Outro(F) 27.9-29.9s,"[{""start"": 0.0, ""end"": 0.56, ""duration"": 0.56, ""letter"": ""A"", ""name"": ""Intro""}, {""start"": 0.56, ""end"": 0.74, ""duration"": 0.19, ""letter"": ""B"", ""name"": ""Verse""}, {""start"": 0.74, ""end"": 3.9, ""duration"": 3.16, ""letter"": ""C"", ""name"": ""Chorus""}, {""start"": 3.9, ""end"": 9.1, ""duration"": 5.2, ""letter"": ""C"", ""name"": ""Chorus""}, {""start"": 9.1, ""end"": 10.22, ""duration"": 1.11, ""letter"": ""D"", ""name"": ""Bridge""}, {""start"": 10.22, ""end"": 13.56, ""duration"": 3.34, ""letter"": ""C"", ""name"": ""Chorus""}, {""start"": 13.56, ""end"": 16.53, ""duration"": 2.97, ""letter"": ""C"", ""name"": ""Chorus""}, {""start"": 16.53, ""end"": 19.5, ""duration"": 2.97, ""letter"": ""E"", ""name"": ""Bridge""}, {""start"": 19.5, ""end"": 27.86, ""duration"": 8.36, ""letter"": ""C"", ""name"": ""Chorus""}, {""start"": 27.86, ""end"": 29.91, ""duration"": 2.04, ""letter"": ""F"", ""name"": ""Outro""}]",
004_jody-please-stop.mp3,10,Chorus(A) 0.0-1.7s | Verse(B) 1.7-2.2s | Verse(C) 2.2-3.7s | Verse(D) 3.7-4.6s | Verse(E) 4.6-10.2s | Bridge(F) 10.2-10.6s | Bridge(G) 10.6-12.8s | Bridge(H) 12.8-14.1s | Verse(E) 14.1-17.6s | Chorus(A) 17.6-29.9s,"[{""start"": 0.0, ""end"": 1.67, ""duration"": 1.67, ""letter"": ""A"", ""name"": ""Chorus""}, {""start"": 1.67, ""end"": 2.23, ""duration"": 0.56, ""letter"": ""B"", ""name"": ""Verse""}, {""start"": 2.23, ""end"": 3.72, ""duration"": 1.49, ""letter"": ""C"", ""name"": ""Verse""}, {""start"": 3.72, ""end"": 4.64, ""duration"": 0.93, ""letter"": ""D"", ""name"": ""Verse""}, {""start"": 4.64, ""end"": 10.22, ""duration"": 5.57, ""letter"": ""E"", ""name"": ""Verse""}, {""start"": 10.22, ""end"": 10.59, ""duration"": 0.37, ""letter"": ""F"", ""name"": ""Bridge""}, {""start"": 10.59, ""end"": 12.82, ""duration"": 2.23, ""letter"": ""G"", ""name"": ""Bridge""}, {""start"": 12.82, ""end"": 14.12, ""duration"": 1.3, ""letter"": ""H"", ""name"": ""Bridge""}, {""start"": 14.12, ""end"": 17.65, ""duration"": 3.53, ""letter"": ""E"", ""name"": ""Verse""}, {""start"": 17.65, ""end"": 29.91, ""duration"": 12.26, ""letter"": ""A"", ""name"": ""Chorus""}]",
005_Aint_No_Use.mp3,10,Intro(A) 0.0-0.6s | Chorus(B) 0.6-7.1s | Chorus(B) 7.1-12.1s | Chorus(B) 12.1-13.0s | Chorus(B) 13.0-17.5s | Bridge(C) 17.5-18.4s | Bridge(D) 18.4-19.7s | Bridge(E) 19.7-21.2s | Bridge(F) 21.2-23.6s | Chorus(B) 23.6-29.9s,"[{""start"": 0.0, ""end"": 0.56, ""duration"": 0.56, ""letter"": ""A"", ""name"": ""Intro""}, {""start"": 0.56, ""end"": 7.06, ""duration"": 6.5, ""letter"": ""B"", ""name"": ""Chorus""}, {""start"": 7.06, ""end"": 12.07, ""duration"": 5.02, ""letter"": ""B"", ""name"": ""Chorus""}, {""start"": 12.07, ""end"": 13.0, ""duration"": 0.93, ""letter"": ""B"", ""name"": ""Chorus""}, {""start"": 13.0, ""end"": 17.46, ""duration"": 4.46, ""letter"": ""B"", ""name"": ""Chorus""}, {""start"": 17.46, ""end"": 18.39, ""duration"": 0.93, ""letter"": ""C"", ""name"": ""Bridge""}, {""start"": 18.39, ""end"": 19.69, ""duration"": 1.3, ""letter"": ""D"", ""name"": ""Bridge""}, {""start"": 19.69, ""end"": 21.18, ""duration"": 1.49, ""letter"": ""E"", ""name"": ""Bridge""}, {""start"": 21.18, ""end"": 23.59, ""duration"": 2.41, ""letter"": ""F"", ""name"": ""Bridge""}, {""start"": 23.59, ""end"": 29.91, ""duration"": 6.32, ""letter"": ""B"", ""name"": ""Chorus""}]",
005_show-your-hand.mp3,10,Intro(A) 0.0-4.1s | Verse(B) 4.1-12.6s | Chorus(C) 12.6-16.7s | Chorus(C) 16.7-17.1s | Bridge(D) 17.1-17.6s | Bridge(E) 17.6-18.0s | Chorus(C) 18.0-19.7s | Chorus(C) 19.7-23.0s | Bridge(F) 23.0-24.0s | Chorus(C) 24.0-29.9s,"[{""start"": 0.0, ""end"": 4.09, ""duration"": 4.09, ""letter"": ""A"", ""name"": ""Intro""}, {""start"": 4.09, ""end"": 12.63, ""duration"": 8.54, ""letter"": ""B"", ""name"": ""Verse""}, {""start"": 12.63, ""end"": 16.72, ""duration"": 4.09, ""letter"": ""C"", ""name"": ""Chorus""}, {""start"": 16.72, ""end"": 17.09, ""duration"": 0.37, ""letter"": ""C"", ""name"": ""Chorus""}, {""start"": 17.09, ""end"": 17.65, ""duration"": 0.56, ""letter"": ""D"", ""name"": ""Bridge""}, {""start"": 17.65, ""end"": 18.02, ""duration"": 0.37, ""letter"": ""E"", ""name"": ""Bridge""}, {""start"": 18.02, ""end"": 19.69, ""duration"": 1.67, ""letter"": ""C"", ""name"": ""Chorus""}, {""start"": 19.69, ""end"": 23.03, ""duration"": 3.34, ""letter"": ""C"", ""name"": ""Chorus""}, {""start"": 23.03, ""end"": 23.96, ""duration"": 0.93, ""letter"": ""F"", ""name"": ""Bridge""}, {""start"": 23.96, ""end"": 29.91, ""duration"": 5.94, ""letter"": ""C"", ""name"": ""Chorus""}]",
006_Chant_Of_The_Moon.mp3,10,Chorus(A) 0.0-4.1s | Verse(B) 4.1-5.6s | Verse(C) 5.6-5.8s | Verse(D) 5.8-10.4s | Bridge(E) 10.4-13.0s | Bridge(F) 13.0-13.9s | Bridge(G) 13.9-19.9s | Bridge(H) 19.9-21.2s | Bridge(I) 21.2-22.3s | Bridge(J) 22.3-29.9s,"[{""start"": 0.0, ""end"": 4.09, ""duration"": 4.09, ""letter"": ""A"", ""name"": ""Chorus""}, {""start"": 4.09, ""end"": 5.57, ""duration"": 1.49, ""letter"": ""B"", ""name"": ""Verse""}, {""start"": 5.57, ""end"": 5.76, ""duration"": 0.19, ""letter"": ""C"", ""name"": ""Verse""}, {""start"": 5.76, ""end"": 10.4, ""duration"": 4.64, ""letter"": ""D"", ""name"": ""Verse""}, {""start"": 10.4, ""end"": 13.0, ""duration"": 2.6, ""letter"": ""E"", ""name"": ""Bridge""}, {""start"": 13.0, ""end"": 13.93, ""duration"": 0.93, ""letter"": ""F"", ""name"": ""Bridge""}, {""start"": 13.93, ""end"": 19.88, ""duration"": 5.94, ""letter"": ""G"", ""name"": ""Bridge""}, {""start"": 19.88, ""end"": 21.18, ""duration"": 1.3, ""letter"": ""H"", ""name"": ""Bridge""}, {""start"": 21.18, ""end"": 22.29, ""duration"": 1.11, ""letter"": ""I"", ""name"": ""Bridge""}, {""start"": 22.29, ""end"": 29.91, ""duration"": 7.62, ""letter"": ""J"", ""name"": ""Bridge""}]",
007_Without_A_Sound.mp3,10,Chorus(A) 0.0-7.6s | Verse(B) 7.6-12.3s | Chorus(A) 12.3-14.7s | Bridge(C) 14.7-16.0s | Verse(B) 16.0-17.6s | Verse(B) 17.6-19.5s | Chorus(A) 19.5-22.1s | Verse(B) 22.1-24.7s | Bridge(D) 24.7-26.2s | Chorus(A) 26.2-29.9s,"[{""start"": 0.0, ""end"": 7.62, ""duration"": 7.62, ""letter"": ""A"", ""name"": ""Chorus""}, {""start"": 7.62, ""end"": 12.26, ""duration"": 4.64, ""letter"": ""B"", ""name"": ""Verse""}, {""start"": 12.26, ""end"": 14.68, ""duration"": 2.41, ""letter"": ""A"", ""name"": ""Chorus""}, {""start"": 14.68, ""end"": 15.98, ""duration"": 1.3, ""letter"": ""C"", ""name"": ""Bridge""}, {""start"": 15.98, ""end"": 17.65, ""duration"": 1.67, ""letter"": ""B"", ""name"": ""Verse""}, {""start"": 17.65, ""end"": 19.5, ""duration"": 1.86, ""letter"": ""B"", ""name"": ""Verse""}, {""start"": 19.5, ""end"": 22.11, ""duration"": 2.6, ""letter"": ""A"", ""name"": ""Chorus""}, {""start"": 22.11, ""end"": 24.71, ""duration"": 2.6, ""letter"": ""B"", ""name"": ""Verse""}, {""start"": 24.71, ""end"": 26.19, ""duration"": 1.49, ""letter"": ""D"", ""name"": ""Bridge""}, {""start"": 26.19, ""end"": 29.91, ""duration"": 3.72, ""letter"": ""A"", ""name"": ""Chorus""}]",
008_I_Guess_I_Knew.mp3,,,,Input contains NaN.
009_From_This_Moment_On.mp3,10,Intro(A) 0.0-0.7s | Verse(B) 0.7-1.5s | Verse(C) 1.5-1.9s | Chorus(D) 1.9-4.1s | Verse(E) 4.1-5.9s | Chorus(D) 5.9-14.9s | Verse(E) 14.9-19.7s | Chorus(D) 19.7-21.9s | Verse(A) 21.9-27.5s | Verse(E) 27.5-29.9s,"[{""start"": 0.0, ""end"": 0.74, ""duration"": 0.74, ""letter"": ""A"", ""name"": ""Intro""}, {""start"": 0.74, ""end"": 1.49, ""duration"": 0.74, ""letter"": ""B"", ""name"": ""Verse""}, {""start"": 1.49, ""end"": 1.86, ""duration"": 0.37, ""letter"": ""C"", ""name"": ""Verse""}, {""start"": 1.86, ""end"": 4.09, ""duration"": 2.23, ""letter"": ""D"", ""name"": ""Chorus""}, {""start"": 4.09, ""end"": 5.94, ""duration"": 1.86, ""letter"": ""E"", ""name"": ""Verse""}, {""start"": 5.94, ""end"": 14.86, ""duration"": 8.92, ""letter"": ""D"", ""name"": ""Chorus""}, {""start"": 14.86, ""end"": 19.69, ""duration"": 4.83, ""letter"": ""E"", ""name"": ""Verse""}, {""start"": 19.69, ""end"": 21.92, ""duration"": 2.23, ""letter"": ""D"", ""name"": ""Chorus""}, {""start"": 21.92, ""end"": 27.49, ""duration"": 5.57, ""letter"": ""A"", ""name"": ""Verse""}, {""start"": 27.49, ""end"": 29.91, ""duration"": 2.41, ""letter"": ""E"", ""name"": ""Verse""}]",
010_My_Blackbirds_Are_Bluebirds_Now.mp3,10,Chorus(A) 0.0-4.5s | Chorus(A) 4.5-6.7s | Chorus(A) 6.7-8.5s | Chorus(A) 8.5-9.8s | Bridge(B) 9.8-10.2s | Chorus(A) 10.2-15.8s | Bridge(C) 15.8-17.1s | Chorus(A) 17.1-27.1s | Verse(D) 27.1-27.5s | Outro(E) 27.5-29.9s,"[{""start"": 0.0, ""end"": 4.46, ""duration"": 4.46, ""letter"": ""A"", ""name"": ""Chorus""}, {""start"": 4.46, ""end"": 6.69, ""duration"": 2.23, ""letter"": ""A"", ""name"": ""Chorus""}, {""start"": 6.69, ""end"": 8.54, ""duration"": 1.86, ""letter"": ""A"", ""name"": ""Chorus""}, {""start"": 8.54, ""end"": 9.85, ""duration"": 1.3, ""letter"": ""A"", ""name"": ""Chorus""}, {""start"": 9.85, ""end"": 10.22, ""duration"": 0.37, ""letter"": ""B"", ""name"": ""Bridge""}, {""start"": 10.22, ""end"": 15.79, ""duration"": 5.57, ""letter"": ""A"", ""name"": ""Chorus""}, {""start"": 15.79, ""end"": 17.09, ""duration"": 1.3, ""letter"": ""C"", ""name"": ""Bridge""}, {""start"": 17.09, ""end"": 27.12, ""duration"": 10.03, ""letter"": ""A"", ""name"": ""Chorus""}, {""start"": 27.12, ""end"": 27.49, ""duration"": 0.37, ""letter"": ""D"", ""name"": ""Verse""}, {""start"": 27.49, ""end"": 29.91, ""duration"": 2.41, ""letter"": ""E"", ""name"": ""Outro""}]",
011_Youre_My_Thrill.mp3,10,Chorus(A) 0.0-2.6s | Verse(B) 2.6-6.3s | Chorus(A) 6.3-11.2s | Verse(C) 11.2-15.8s | Bridge(D) 15.8-16.5s | Chorus(A) 16.5-19.5s | Bridge(E) 19.5-21.6s | Verse(C) 21.6-24.0s | Chorus(A) 24.0-27.3s | Verse(C) 27.3-29.9s,"[{""start"": 0.0, ""end"": 2.6, ""duration"": 2.6, ""letter"": ""A"", ""name"": ""Chorus""}, {""start"": 2.6, ""end"": 6.32, ""duration"": 3.72, ""letter"": ""B"", ""name"": ""Verse""}, {""start"": 6.32, ""end"": 11.15, ""duration"": 4.83, ""letter"": ""A"", ""name"": ""Chorus""}, {""start"": 11.15, ""end"": 15.79, ""duration"": 4.64, ""letter"": ""C"", ""name"": ""Verse""}, {""start"": 15.79, ""end"": 16.53, ""duration"": 0.74, ""letter"": ""D"", ""name"": ""Bridge""}, {""start"": 16.53, ""end"": 19.5, ""duration"": 2.97, ""letter"": ""A"", ""name"": ""Chorus""}, {""start"": 19.5, ""end"": 21.55, ""duration"": 2.04, ""letter"": ""E"", ""name"": ""Bridge""}, {""start"": 21.55, ""end"": 23.96, ""duration"": 2.41, ""letter"": ""C"", ""name"": ""Verse""}, {""start"": 23.96, ""end"": 27.31, ""duration"": 3.34, ""letter"": ""A"", ""name"": ""Chorus""}, {""start"": 27.31, ""end"": 29.91, ""duration"": 2.6, ""letter"": ""C"", ""name"": ""Verse""}]",
012_The_Only_Dream.mp3,10,Intro(A) 0.0-1.1s | Verse(B) 1.1-2.4s | Verse(C) 2.4-5.2s | Verse(D) 5.2-6.1s | Chorus(E) 6.1-9.5s | Chorus(E) 9.5-13.0s | Chorus(E) 13.0-18.8s | Bridge(F) 18.8-26.6s | Verse(G) 26.6-28.4s | Chorus(E) 28.4-29.9s,"[{""start"": 0.0, ""end"": 1.11, ""duration"": 1.11, ""letter"": ""A"", ""name"": ""Intro""}, {""start"": 1.11, ""end"": 2.41, ""duration"": 1.3, ""letter"": ""B"", ""name"": ""Verse""}, {""start"": 2.41, ""end"": 5.2, ""duration"": 2.79, ""letter"": ""C"", ""name"": ""Verse""}, {""start"": 5.2, ""end"": 6.13, ""duration"": 0.93, ""letter"": ""D"", ""name"": ""Verse""}, {""start"": 6.13, ""end"": 9.47, ""duration"": 3.34, ""letter"": ""E"", ""name"": ""Chorus""}, {""start"": 9.47, ""end"": 13.0, ""duration"": 3.53, ""letter"": ""E"", ""name"": ""Chorus""}, {""start"": 13.0, ""end"": 18.76, ""duration"": 5.76, ""letter"": ""E"", ""name"": ""Chorus""}, {""start"": 18.76, ""end"": 26.56, ""duration"": 7.8, ""letter"": ""F"", ""name"": ""Bridge""}, {""start"": 26.56, ""end"": 28.42, ""duration"": 1.86, ""letter"": ""G"", ""name"": ""Verse""}, {""start"": 28.42, ""end"": 29.91, ""duration"": 1.49, ""letter"": ""E"", ""name"": ""Chorus""}]",
013_Voodoo.mp3,10,Chorus(A) 0.0-3.7s | Verse(B) 3.7-4.3s | Chorus(A) 4.3-6.1s | Verse(C) 6.1-7.4s | Chorus(A) 7.4-8.2s | Chorus(A) 8.2-11.5s | Chorus(A) 11.5-13.4s | Chorus(A) 13.4-26.4s | Verse(B) 26.4-27.3s | Outro(D) 27.3-29.9s,"[{""start"": 0.0, ""end"": 3.72, ""duration"": 3.72, ""letter"": ""A"", ""name"": ""Chorus""}, {""start"": 3.72, ""end"": 4.27, ""duration"": 0.56, ""letter"": ""B"", ""name"": ""Verse""}, {""start"": 4.27, ""end"": 6.13, ""duration"": 1.86, ""letter"": ""A"", ""name"": ""Chorus""}, {""start"": 6.13, ""end"": 7.43, ""duration"": 1.3, ""letter"": ""C"", ""name"": ""Verse""}, {""start"": 7.43, ""end"": 8.17, ""duration"": 0.74, ""letter"": ""A"", ""name"": ""Chorus""}, {""start"": 8.17, ""end"": 11.52, ""duration"": 3.34, ""letter"": ""A"", ""name"": ""Chorus""}, {""start"": 11.52, ""end"": 13.37, ""duration"": 1.86, ""letter"": ""A"", ""name"": ""Chorus""}, {""start"": 13.37, ""end"": 26.38, ""duration"": 13.0, ""letter"": ""A"", ""name"": ""Chorus""}, {""start"": 26.38, ""end"": 27.31, ""duration"": 0.93, ""letter"": ""B"", ""name"": ""Verse""}, {""start"": 27.31, ""end"": 29.91, ""duration"": 2.6, ""letter"": ""D"", ""name"": ""Outro""}]",
014_Little_Grass_Shack.mp3,10,Chorus(A) 0.0-6.3s | Verse(B) 6.3-7.1s | Verse(C) 7.1-9.3s | Bridge(D) 9.3-12.1s | Verse(E) 12.1-13.9s | Chorus(A) 13.9-17.1s | Verse(E) 17.1-20.8s | Bridge(F) 20.8-22.3s | Bridge(G) 22.3-26.4s | Chorus(A) 26.4-29.9s,"[{""start"": 0.0, ""end"": 6.32, ""duration"": 6.32, ""letter"": ""A"", ""name"": ""Chorus""}, {""start"": 6.32, ""end"": 7.06, ""duration"": 0.74, ""letter"": ""B"", ""name"": ""Verse""}, {""start"": 7.06, ""end"": 9.29, ""duration"": 2.23, ""letter"": ""C"", ""name"": ""Verse""}, {""start"": 9.29, ""end"": 12.07, ""duration"": 2.79, ""letter"": ""D"", ""name"": ""Bridge""}, {""start"": 12.07, ""end"": 13.93, ""duration"": 1.86, ""letter"": ""E"", ""name"": ""Verse""}, {""start"": 13.93, ""end"": 17.09, ""duration"": 3.16, ""letter"": ""A"", ""name"": ""Chorus""}, {""start"": 17.09, ""end"": 20.81, ""duration"": 3.72, ""letter"": ""E"", ""name"": ""Verse""}, {""start"": 20.81, ""end"": 22.29, ""duration"": 1.49, ""letter"": ""F"", ""name"": ""Bridge""}, {""start"": 22.29, ""end"": 26.38, ""duration"": 4.09, ""letter"": ""G"", ""name"": ""Bridge""}, {""start"": 26.38, ""end"": 29.91, ""duration"": 3.53, ""letter"": ""A"", ""name"": ""Chorus""}]",
015_Desperado.mp3,10,Chorus(A) 0.0-6.9s | Chorus(A) 6.9-9.3s | Bridge(B) 9.3-10.0s | Chorus(A) 10.0-20.8s | Chorus(A) 20.8-22.5s | Chorus(A) 22.5-25.4s | Verse(C) 25.4-26.6s | Verse(D) 26.6-27.9s | Verse(E) 27.9-28.6s | Outro(F) 28.6-29.9s,"[{""start"": 0.0, ""end"": 6.87, ""duration"": 6.87, ""letter"": ""A"", ""name"": ""Chorus""}, {""start"": 6.87, ""end"": 9.29, ""duration"": 2.41, ""letter"": ""A"", ""name"": ""Chorus""}, {""start"": 9.29, ""end"": 10.03, ""duration"": 0.74, ""letter"": ""B"", ""name"": ""Bridge""}, {""start"": 10.03, ""end"": 20.81, ""duration"": 10.77, ""letter"": ""A"", ""name"": ""Chorus""}, {""start"": 20.81, ""end"": 22.48, ""duration"": 1.67, ""letter"": ""A"", ""name"": ""Chorus""}, {""start"": 22.48, ""end"": 25.45, ""duration"": 2.97, ""letter"": ""A"", ""name"": ""Chorus""}, {""start"": 25.45, ""end"": 26.56, ""duration"": 1.11, ""letter"": ""C"", ""name"": ""Verse""}, {""start"": 26.56, ""end"": 27.86, ""duration"": 1.3, ""letter"": ""D"", ""name"": ""Verse""}, {""start"": 27.86, ""end"": 28.61, ""duration"": 0.74, ""letter"": ""E"", ""name"": ""Verse""}, {""start"": 28.61, ""end"": 29.91, ""duration"": 1.3, ""letter"": ""F"", ""name"": ""Outro""}]",
016_Beyond_The_Reef.mp3,10,Chorus(A) 0.0-1.1s | Verse(B) 1.1-2.8s | Verse(C) 2.8-7.4s | Verse(D) 7.4-8.7s | Verse(C) 8.7-11.7s | Chorus(A) 11.7-14.5s | Bridge(E) 14.5-15.8s | Chorus(A) 15.8-24.0s | Bridge(F) 24.0-27.1s | Outro(G) 27.1-29.9s,"[{""start"": 0.0, ""end"": 1.11, ""duration"": 1.11, ""letter"": ""A"", ""name"": ""Chorus""}, {""start"": 1.11, ""end"": 2.79, ""duration"": 1.67, ""letter"": ""B"", ""name"": ""Verse""}, {""start"": 2.79, ""end"": 7.43, ""duration"": 4.64, ""letter"": ""C"", ""name"": ""Verse""}, {""start"": 7.43, ""end"": 8.73, ""duration"": 1.3, ""letter"": ""D"", ""name"": ""Verse""}, {""start"": 8.73, ""end"": 11.7, ""duration"": 2.97, ""letter"": ""C"", ""name"": ""Verse""}, {""start"": 11.7, ""end"": 14.49, ""duration"": 2.79, ""letter"": ""A"", ""name"": ""Chorus""}, {""start"": 14.49, ""end"": 15.79, ""duration"": 1.3, ""letter"": ""E"", ""name"": ""Bridge""}, {""start"": 15.79, ""end"": 23.96, ""duration"": 8.17, ""letter"": ""A"", ""name"": ""Chorus""}, {""start"": 23.96, ""end"": 27.12, ""duration"": 3.16, ""letter"": ""F"", ""name"": ""Bridge""}, {""start"": 27.12, ""end"": 29.91, ""duration"": 2.79, ""letter"": ""G"", ""name"": ""Outro""}]",
017_Stuck.mp3,10,Chorus(A) 0.0-1.9s | Chorus(A) 1.9-16.2s | Chorus(A) 16.2-18.0s | Chorus(A) 18.0-21.2s | Chorus(A) 21.2-22.1s | Verse(B) 22.1-22.9s | Chorus(A) 22.9-25.6s | Verse(B) 25.6-27.5s | Verse(C) 27.5-29.4s | Outro(D) 29.4-29.9s,"[{""start"": 0.0, ""end"": 1.86, ""duration"": 1.86, ""letter"": ""A"", ""name"": ""Chorus""}, {""start"": 1.86, ""end"": 16.16, ""duration"": 14.3, ""letter"": ""A"", ""name"": ""Chorus""}, {""start"": 16.16, ""end"": 18.02, ""duration"": 1.86, ""letter"": ""A"", ""name"": ""Chorus""}, {""start"": 18.02, ""end"": 21.18, ""duration"": 3.16, ""letter"": ""A"", ""name"": ""Chorus""}, {""start"": 21.18, ""end"": 22.11, ""duration"": 0.93, ""letter"": ""A"", ""name"": ""Chorus""}, {""start"": 22.11, ""end"": 22.85, ""duration"": 0.74, ""letter"": ""B"", ""name"": ""Verse""}, {""start"": 22.85, ""end"": 25.63, ""duration"": 2.79, ""letter"": ""A"", ""name"": ""Chorus""}, {""start"": 25.63, ""end"": 27.49, ""duration"": 1.86, ""letter"": ""B"", ""name"": ""Verse""}, {""start"": 27.49, ""end"": 29.35, ""duration"": 1.86, ""letter"": ""C"", ""name"": ""Verse""}, {""start"": 29.35, ""end"": 29.91, ""duration"": 0.56, ""letter"": ""D"", ""name"": ""Outro""}]",
018_Late_Late_Show.mp3,10,Intro(A) 0.0-0.4s | Chorus(B) 0.4-4.8s | Chorus(B) 4.8-8.9s | Bridge(C) 8.9-9.3s | Chorus(B) 9.3-15.1s | Chorus(B) 15.1-18.2s | Bridge(D) 18.2-20.1s | Bridge(E) 20.1-20.8s | Chorus(B) 20.8-24.1s | Chorus(B) 24.1-29.9s,"[{""start"": 0.0, ""end"": 0.37, ""duration"": 0.37, ""letter"": ""A"", ""name"": ""Intro""}, {""start"": 0.37, ""end"": 4.83, ""duration"": 4.46, ""letter"": ""B"", ""name"": ""Chorus""}, {""start"": 4.83, ""end"": 8.92, ""duration"": 4.09, ""letter"": ""B"", ""name"": ""Chorus""}, {""start"": 8.92, ""end"": 9.29, ""duration"": 0.37, ""letter"": ""C"", ""name"": ""Bridge""}, {""start"": 9.29, ""end"": 15.05, ""duration"": 5.76, ""letter"": ""B"", ""name"": ""Chorus""}, {""start"": 15.05, ""end"": 18.2, ""duration"": 3.16, ""letter"": ""B"", ""name"": ""Chorus""}, {""start"": 18.2, ""end"": 20.06, ""duration"": 1.86, ""letter"": ""D"", ""name"": ""Bridge""}, {""start"": 20.06, ""end"": 20.81, ""duration"": 0.74, ""letter"": ""E"", ""name"": ""Bridge""}, {""start"": 20.81, ""end"": 24.15, ""duration"": 3.34, ""letter"": ""B"", ""name"": ""Chorus""}, {""start"": 24.15, ""end"": 29.91, ""duration"": 5.76, ""letter"": ""B"", ""name"": ""Chorus""}]",
019_Ballad_Of_A_Gink.mp3,10,Chorus(A) 0.0-2.8s | Chorus(A) 2.8-4.8s | Chorus(A) 4.8-8.9s | Chorus(A) 8.9-12.3s | Chorus(A) 12.3-21.9s | Bridge(B) 21.9-22.7s | Verse(C) 22.7-24.5s | Bridge(D) 24.5-26.4s | Verse(E) 26.4-28.2s | Outro(C) 28.2-29.9s,"[{""start"": 0.0, ""end"": 2.79, ""duration"": 2.79, ""letter"": ""A"", ""name"": ""Chorus""}, {""start"": 2.79, ""end"": 4.83, ""duration"": 2.04, ""letter"": ""A"", ""name"": ""Chorus""}, {""start"": 4.83, ""end"": 8.92, ""duration"": 4.09, ""letter"": ""A"", ""name"": ""Chorus""}, {""start"": 8.92, ""end"": 12.26, ""duration"": 3.34, ""letter"": ""A"", ""name"": ""Chorus""}, {""start"": 12.26, ""end"": 21.92, ""duration"": 9.66, ""letter"": ""A"", ""name"": ""Chorus""}, {""start"": 21.92, ""end"": 22.66, ""duration"": 0.74, ""letter"": ""B"", ""name"": ""Bridge""}, {""start"": 22.66, ""end"": 24.52, ""duration"": 1.86, ""letter"": ""C"", ""name"": ""Verse""}, {""start"": 24.52, ""end"": 26.38, ""duration"": 1.86, ""letter"": ""D"", ""name"": ""Bridge""}, {""start"": 26.38, ""end"": 28.24, ""duration"": 1.86, ""letter"": ""E"", ""name"": ""Verse""}, {""start"": 28.24, ""end"": 29.91, ""duration"": 1.67, ""letter"": ""C"", ""name"": ""Outro""}]",
020_Hello_Heartstring.mp3,10,Chorus(A) 0.0-4.6s | Verse(B) 4.6-6.7s | Chorus(A) 6.7-12.4s | Bridge(C) 12.4-13.4s | Chorus(A) 13.4-15.6s | Bridge(D) 15.6-17.5s | Bridge(E) 17.5-17.8s | Verse(F) 17.8-22.7s | Verse(B) 22.7-27.5s | Outro(F) 27.5-29.9s,"[{""start"": 0.0, ""end"": 4.64, ""duration"": 4.64, ""letter"": ""A"", ""name"": ""Chorus""}, {""start"": 4.64, ""end"": 6.69, ""duration"": 2.04, ""letter"": ""B"", ""name"": ""Verse""}, {""start"": 6.69, ""end"": 12.45, ""duration"": 5.76, ""letter"": ""A"", ""name"": ""Chorus""}, {""start"": 12.45, ""end"": 13.37, ""duration"": 0.93, ""letter"": ""C"", ""name"": ""Bridge""}, {""start"": 13.37, ""end"": 15.6, ""duration"": 2.23, ""letter"": ""A"", ""name"": ""Chorus""}, {""start"": 15.6, ""end"": 17.46, ""duration"": 1.86, ""letter"": ""D"", ""name"": ""Bridge""}, {""start"": 17.46, ""end"": 17.83, ""duration"": 0.37, ""letter"": ""E"", ""name"": ""Bridge""}, {""start"": 17.83, ""end"": 22.66, ""duration"": 4.83, ""letter"": ""F"", ""name"": ""Verse""}, {""start"": 22.66, ""end"": 27.49, ""duration"": 4.83, ""letter"": ""B"", ""name"": ""Verse""}, {""start"": 27.49, ""end"": 29.91, ""duration"": 2.41, ""letter"": ""F"", ""name"": ""Outro""}]",
021_You_Showed_Me_The_Way.mp3,10,Intro(A) 0.0-1.5s | Chorus(B) 1.5-6.3s | Verse(C) 6.3-12.8s | Bridge(D) 12.8-14.9s | Chorus(B) 14.9-19.7s | Bridge(E) 19.7-21.4s | Bridge(F) 21.4-22.1s | Chorus(B) 22.1-26.0s | Verse(G) 26.0-26.9s | Outro(C) 26.9-29.9s,"[{""start"": 0.0, ""end"": 1.49, ""duration"": 1.49, ""letter"": ""A"", ""name"": ""Intro""}, {""start"": 1.49, ""end"": 6.32, ""duration"": 4.83, ""letter"": ""B"", ""name"": ""Chorus""}, {""start"": 6.32, ""end"": 12.82, ""duration"": 6.5, ""letter"": ""C"", ""name"": ""Verse""}, {""start"": 12.82, ""end"": 14.86, ""duration"": 2.04, ""letter"": ""D"", ""name"": ""Bridge""}, {""start"": 14.86, ""end"": 19.69, ""duration"": 4.83, ""letter"": ""B"", ""name"": ""Chorus""}, {""start"": 19.69, ""end"": 21.36, ""duration"": 1.67, ""letter"": ""E"", ""name"": ""Bridge""}, {""start"": 21.36, ""end"": 22.11, ""duration"": 0.74, ""letter"": ""F"", ""name"": ""Bridge""}, {""start"": 22.11, ""end"": 26.01, ""duration"": 3.9, ""letter"": ""B"", ""name"": ""Chorus""}, {""start"": 26.01, ""end"": 26.94, ""duration"": 0.93, ""letter"": ""G"", ""name"": ""Verse""}, {""start"": 26.94, ""end"": 29.91, ""duration"": 2.97, ""letter"": ""C"", ""name"": ""Outro""}]",
022_persimmon.mp3,10,Intro(A) 0.0-0.4s | Chorus(B) 0.4-3.3s | Chorus(B) 3.3-5.6s | Verse(C) 5.6-7.2s | Verse(D) 7.2-8.2s | Chorus(B) 8.2-20.4s | Bridge(E) 20.4-24.0s | Chorus(B) 24.0-26.8s | Verse(F) 26.8-27.5s | Chorus(B) 27.5-29.9s,"[{""start"": 0.0, ""end"": 0.37, ""duration"": 0.37, ""letter"": ""A"", ""name"": ""Intro""}, {""start"": 0.37, ""end"": 3.34, ""duration"": 2.97, ""letter"": ""B"", ""name"": ""Chorus""}, {""start"": 3.34, ""end"": 5.57, ""duration"": 2.23, ""letter"": ""B"", ""name"": ""Chorus""}, {""start"": 5.57, ""end"": 7.24, ""duration"": 1.67, ""letter"": ""C"", ""name"": ""Verse""}, {""start"": 7.24, ""end"": 8.17, ""duration"": 0.93, ""letter"": ""D"", ""name"": ""Verse""}, {""start"": 8.17, ""end"": 20.43, ""duration"": 12.26, ""letter"": ""B"", ""name"": ""Chorus""}, {""start"": 20.43, ""end"": 23.96, ""duration"": 3.53, ""letter"": ""E"", ""name"": ""Bridge""}, {""start"": 23.96, ""end"": 26.75, ""duration"": 2.79, ""letter"": ""B"", ""name"": ""Chorus""}, {""start"": 26.75, ""end"": 27.49, ""duration"": 0.74, ""letter"": ""F"", ""name"": ""Verse""}, {""start"": 27.49, ""end"": 29.91, ""duration"": 2.41, ""letter"": ""B"", ""name"": ""Chorus""}]",
023_07_Other_Side_Blues.mp3,10,Chorus(A) 0.0-5.6s | Chorus(A) 5.6-8.5s | Chorus(A) 8.5-16.4s | Bridge(B) 16.4-19.1s | Chorus(A) 19.1-21.0s | Chorus(A) 21.0-23.4s | Bridge(C) 23.4-24.3s | Verse(D) 24.3-25.8s | Chorus(A) 25.8-28.1s | Outro(D) 28.1-29.9s,"[{""start"": 0.0, ""end"": 5.57, ""duration"": 5.57, ""letter"": ""A"", ""name"": ""Chorus""}, {""start"": 5.57, ""end"": 8.54, ""duration"": 2.97, ""letter"": ""A"", ""name"": ""Chorus""}, {""start"": 8.54, ""end"": 16.35, ""duration"": 7.8, ""letter"": ""A"", ""name"": ""Chorus""}, {""start"": 16.35, ""end"": 19.13, ""duration"": 2.79, ""letter"": ""B"", ""name"": ""Bridge""}, {""start"": 19.13, ""end"": 20.99, ""duration"": 1.86, ""letter"": ""A"", ""name"": ""Chorus""}, {""start"": 20.99, ""end"": 23.41, ""duration"": 2.41, ""letter"": ""A"", ""name"": ""Chorus""}, {""start"": 23.41, ""end"": 24.33, ""duration"": 0.93, ""letter"": ""C"", ""name"": ""Bridge""}, {""start"": 24.33, ""end"": 25.82, ""duration"": 1.49, ""letter"": ""D"", ""name"": ""Verse""}, {""start"": 25.82, ""end"": 28.05, ""duration"": 2.23, ""letter"": ""A"", ""name"": ""Chorus""}, {""start"": 28.05, ""end"": 29.91, ""duration"": 1.86, ""letter"": ""D"", ""name"": ""Outro""}]",
024_nur-du.mp3,10,Chorus(A) 0.0-4.3s | Verse(B) 4.3-5.9s | Chorus(A) 5.9-8.2s | Verse(B) 8.2-9.7s | Bridge(C) 9.7-15.6s | Bridge(D) 15.6-17.8s | Chorus(A) 17.8-20.1s | Chorus(A) 20.1-24.7s | Bridge(E) 24.7-28.4s | Outro(F) 28.4-29.9s,"[{""start"": 0.0, ""end"": 4.27, ""duration"": 4.27, ""letter"": ""A"", ""name"": ""Chorus""}, {""start"": 4.27, ""end"": 5.94, ""duration"": 1.67, ""letter"": ""B"", ""name"": ""Verse""}, {""start"": 5.94, ""end"": 8.17, ""duration"": 2.23, ""letter"": ""A"", ""name"": ""Chorus""}, {""start"": 8.17, ""end"": 9.66, ""duration"": 1.49, ""letter"": ""B"", ""name"": ""Verse""}, {""start"": 9.66, ""end"": 15.6, ""duration"": 5.94, ""letter"": ""C"", ""name"": ""Bridge""}, {""start"": 15.6, ""end"": 17.83, ""duration"": 2.23, ""letter"": ""D"", ""name"": ""Bridge""}, {""start"": 17.83, ""end"": 20.06, ""duration"": 2.23, ""letter"": ""A"", ""name"": ""Chorus""}, {""start"": 20.06, ""end"": 24.71, ""duration"": 4.64, ""letter"": ""A"", ""name"": ""Chorus""}, {""start"": 24.71, ""end"": 28.42, ""duration"": 3.72, ""letter"": ""E"", ""name"": ""Bridge""}, {""start"": 28.42, ""end"": 29.91, ""duration"": 1.49, ""letter"": ""F"", ""name"": ""Outro""}]",
025_good-king-wenceslaus.mp3,10,Intro(A) 0.0-3.3s | Chorus(B) 3.3-7.1s | Verse(C) 7.1-8.4s | Chorus(B) 8.4-13.2s | Verse(C) 13.2-14.5s | Chorus(B) 14.5-18.6s | Bridge(D) 18.6-19.3s | Chorus(B) 19.3-25.8s | Verse(C) 25.8-28.4s | Outro(E) 28.4-29.9s,"[{""start"": 0.0, ""end"": 3.34, ""duration"": 3.34, ""letter"": ""A"", ""name"": ""Intro""}, {""start"": 3.34, ""end"": 7.06, ""duration"": 3.72, ""letter"": ""B"", ""name"": ""Chorus""}, {""start"": 7.06, ""end"": 8.36, ""duration"": 1.3, ""letter"": ""C"", ""name"": ""Verse""}, {""start"": 8.36, ""end"": 13.19, ""duration"": 4.83, ""letter"": ""B"", ""name"": ""Chorus""}, {""start"": 13.19, ""end"": 14.49, ""duration"": 1.3, ""letter"": ""C"", ""name"": ""Verse""}, {""start"": 14.49, ""end"": 18.58, ""duration"": 4.09, ""letter"": ""B"", ""name"": ""Chorus""}, {""start"": 18.58, ""end"": 19.32, ""duration"": 0.74, ""letter"": ""D"", ""name"": ""Bridge""}, {""start"": 19.32, ""end"": 25.82, ""duration"": 6.5, ""letter"": ""B"", ""name"": ""Chorus""}, {""start"": 25.82, ""end"": 28.42, ""duration"": 2.6, ""letter"": ""C"", ""name"": ""Verse""}, {""start"": 28.42, ""end"": 29.91, ""duration"": 1.49, ""letter"": ""E"", ""name"": ""Outro""}]",
026_06_-_Dazie_Mae_-_Dinner_in_Paris.mp3,10,Intro(A) 0.0-1.3s | Chorus(B) 1.3-4.1s | Chorus(B) 4.1-7.1s | Verse(C) 7.1-10.4s | Verse(D) 10.4-12.3s | Verse(E) 12.3-23.6s | Bridge(F) 23.6-24.7s | Verse(E) 24.7-27.3s | Verse(G) 27.3-28.1s | Outro(D) 28.1-29.9s,"[{""start"": 0.0, ""end"": 1.3, ""duration"": 1.3, ""letter"": ""A"", ""name"": ""Intro""}, {""start"": 1.3, ""end"": 4.09, ""duration"": 2.79, ""letter"": ""B"", ""name"": ""Chorus""}, {""start"": 4.09, ""end"": 7.06, ""duration"": 2.97, ""letter"": ""B"", ""name"": ""Chorus""}, {""start"": 7.06, ""end"": 10.4, ""duration"": 3.34, ""letter"": ""C"", ""name"": ""Verse""}, {""start"": 10.4, ""end"": 12.26, ""duration"": 1.86, ""letter"": ""D"", ""name"": ""Verse""}, {""start"": 12.26, ""end"": 23.59, ""duration"": 11.33, ""letter"": ""E"", ""name"": ""Verse""}, {""start"": 23.59, ""end"": 24.71, ""duration"": 1.11, ""letter"": ""F"", ""name"": ""Bridge""}, {""start"": 24.71, ""end"": 27.31, ""duration"": 2.6, ""letter"": ""E"", ""name"": ""Verse""}, {""start"": 27.31, ""end"": 28.05, ""duration"": 0.74, ""letter"": ""G"", ""name"": ""Verse""}, {""start"": 28.05, ""end"": 29.91, ""duration"": 1.86, ""letter"": ""D"", ""name"": ""Outro""}]",
027_Ill_Be_Blue.mp3,10,Chorus(A) 0.0-2.0s | Verse(B) 2.0-3.5s | Verse(C) 3.5-8.2s | Chorus(A) 8.2-10.4s | Chorus(A) 10.4-12.3s | Chorus(A) 12.3-19.1s | Bridge(D) 19.1-20.1s | Chorus(A) 20.1-25.1s | Chorus(A) 25.1-27.3s | Outro(E) 27.3-29.9s,"[{""start"": 0.0, ""end"": 2.04, ""duration"": 2.04, ""letter"": ""A"", ""name"": ""Chorus""}, {""start"": 2.04, ""end"": 3.53, ""duration"": 1.49, ""letter"": ""B"", ""name"": ""Verse""}, {""start"": 3.53, ""end"": 8.17, ""duration"": 4.64, ""letter"": ""C"", ""name"": ""Verse""}, {""start"": 8.17, ""end"": 10.4, ""duration"": 2.23, ""letter"": ""A"", ""name"": ""Chorus""}, {""start"": 10.4, ""end"": 12.26, ""duration"": 1.86, ""letter"": ""A"", ""name"": ""Chorus""}, {""start"": 12.26, ""end"": 19.13, ""duration"": 6.87, ""letter"": ""A"", ""name"": ""Chorus""}, {""start"": 19.13, ""end"": 20.06, ""duration"": 0.93, ""letter"": ""D"", ""name"": ""Bridge""}, {""start"": 20.06, ""end"": 25.08, ""duration"": 5.02, ""letter"": ""A"", ""name"": ""Chorus""}, {""start"": 25.08, ""end"": 27.31, ""duration"": 2.23, ""letter"": ""A"", ""name"": ""Chorus""}, {""start"": 27.31, ""end"": 29.91, ""duration"": 2.6, ""letter"": ""E"", ""name"": ""Outro""}]",
028_02_-_Dazie_Mae_-_The_Dice_Man.mp3,10,Chorus(A) 0.0-10.8s | Chorus(A) 10.8-14.5s | Chorus(A) 14.5-18.9s | Chorus(A) 18.9-22.5s | Chorus(A) 22.5-24.7s | Bridge(B) 24.7-25.3s | Bridge(C) 25.3-26.2s | Chorus(A) 26.2-26.9s | Chorus(A) 26.9-29.2s | Chorus(A) 29.2-29.9s,"[{""start"": 0.0, ""end"": 10.77, ""duration"": 10.77, ""letter"": ""A"", ""name"": ""Chorus""}, {""start"": 10.77, ""end"": 14.49, ""duration"": 3.72, ""letter"": ""A"", ""name"": ""Chorus""}, {""start"": 14.49, ""end"": 18.95, ""duration"": 4.46, ""letter"": ""A"", ""name"": ""Chorus""}, {""start"": 18.95, ""end"": 22.48, ""duration"": 3.53, ""letter"": ""A"", ""name"": ""Chorus""}, {""start"": 22.48, ""end"": 24.71, ""duration"": 2.23, ""letter"": ""A"", ""name"": ""Chorus""}, {""start"": 24.71, ""end"": 25.26, ""duration"": 0.56, ""letter"": ""B"", ""name"": ""Bridge""}, {""start"": 25.26, ""end"": 26.19, ""duration"": 0.93, ""letter"": ""C"", ""name"": ""Bridge""}, {""start"": 26.19, ""end"": 26.94, ""duration"": 0.74, ""letter"": ""A"", ""name"": ""Chorus""}, {""start"": 26.94, ""end"": 29.16, ""duration"": 2.23, ""letter"": ""A"", ""name"": ""Chorus""}, {""start"": 29.16, ""end"": 29.91, ""duration"": 0.74, ""letter"": ""A"", ""name"": ""Chorus""}]",
029_Red_Hot_Mama.mp3,10,Chorus(A) 0.0-3.5s | Verse(B) 3.5-6.9s | Verse(C) 6.9-9.8s | Chorus(A) 9.8-18.4s | Bridge(D) 18.4-20.1s | Bridge(E) 20.1-24.0s | Bridge(F) 24.0-25.8s | Verse(G) 25.8-26.0s | Verse(B) 26.0-28.8s | Outro(H) 28.8-29.9s,"[{""start"": 0.0, ""end"": 3.53, ""duration"": 3.53, ""letter"": ""A"", ""name"": ""Chorus""}, {""start"": 3.53, ""end"": 6.87, ""duration"": 3.34, ""letter"": ""B"", ""name"": ""Verse""}, {""start"": 6.87, ""end"": 9.85, ""duration"": 2.97, ""letter"": ""C"", ""name"": ""Verse""}, {""start"": 9.85, ""end"": 18.39, ""duration"": 8.54, ""letter"": ""A"", ""name"": ""Chorus""}, {""start"": 18.39, ""end"": 20.06, ""duration"": 1.67, ""letter"": ""D"", ""name"": ""Bridge""}, {""start"": 20.06, ""end"": 23.96, ""duration"": 3.9, ""letter"": ""E"", ""name"": ""Bridge""}, {""start"": 23.96, ""end"": 25.82, ""duration"": 1.86, ""letter"": ""F"", ""name"": ""Bridge""}, {""start"": 25.82, ""end"": 26.01, ""duration"": 0.19, ""letter"": ""G"", ""name"": ""Verse""}, {""start"": 26.01, ""end"": 28.79, ""duration"": 2.79, ""letter"": ""B"", ""name"": ""Verse""}, {""start"": 28.79, ""end"": 29.91, ""duration"": 1.11, ""letter"": ""H"", ""name"": ""Outro""}]",
030_Im_The_Last_Of_The_Red_Hot_Mamas.mp3,10,Chorus(A) 0.0-1.3s | Verse(B) 1.3-2.2s | Chorus(A) 2.2-6.9s | Chorus(A) 6.9-8.0s | Chorus(A) 8.0-15.4s | Chorus(A) 15.4-19.1s | Bridge(C) 19.1-19.5s | Bridge(D) 19.5-20.6s | Chorus(A) 20.6-26.9s | Chorus(A) 26.9-29.9s,"[{""start"": 0.0, ""end"": 1.3, ""duration"": 1.3, ""letter"": ""A"", ""name"": ""Chorus""}, {""start"": 1.3, ""end"": 2.23, ""duration"": 0.93, ""letter"": ""B"", ""name"": ""Verse""}, {""start"": 2.23, ""end"": 6.87, ""duration"": 4.64, ""letter"": ""A"", ""name"": ""Chorus""}, {""start"": 6.87, ""end"": 7.99, ""duration"": 1.11, ""letter"": ""A"", ""name"": ""Chorus""}, {""start"": 7.99, ""end"": 15.42, ""duration"": 7.43, ""letter"": ""A"", ""name"": ""Chorus""}, {""start"": 15.42, ""end"": 19.13, ""duration"": 3.72, ""letter"": ""A"", ""name"": ""Chorus""}, {""start"": 19.13, ""end"": 19.5, ""duration"": 0.37, ""letter"": ""C"", ""name"": ""Bridge""}, {""start"": 19.5, ""end"": 20.62, ""duration"": 1.11, ""letter"": ""D"", ""name"": ""Bridge""}, {""start"": 20.62, ""end"": 26.94, ""duration"": 6.32, ""letter"": ""A"", ""name"": ""Chorus""}, {""start"": 26.94, ""end"": 29.91, ""duration"": 2.97, ""letter"": ""A"", ""name"": ""Chorus""}]",
031_Has_Been_Blues.mp3,10,Chorus(A) 0.0-2.6s | Verse(B) 2.6-7.8s | Bridge(C) 7.8-9.5s | Bridge(D) 9.5-11.3s | Bridge(E) 11.3-14.7s | Chorus(A) 14.7-15.8s | Chorus(A) 15.8-18.9s | Bridge(F) 18.9-21.4s | Bridge(G) 21.4-27.3s | Outro(H) 27.3-29.9s,"[{""start"": 0.0, ""end"": 2.6, ""duration"": 2.6, ""letter"": ""A"", ""name"": ""Chorus""}, {""start"": 2.6, ""end"": 7.8, ""duration"": 5.2, ""letter"": ""B"", ""name"": ""Verse""}, {""start"": 7.8, ""end"": 9.47, ""duration"": 1.67, ""letter"": ""C"", ""name"": ""Bridge""}, {""start"": 9.47, ""end"": 11.33, ""duration"": 1.86, ""letter"": ""D"", ""name"": ""Bridge""}, {""start"": 11.33, ""end"": 14.68, ""duration"": 3.34, ""letter"": ""E"", ""name"": ""Bridge""}, {""start"": 14.68, ""end"": 15.79, ""duration"": 1.11, ""letter"": ""A"", ""name"": ""Chorus""}, {""start"": 15.79, ""end"": 18.95, ""duration"": 3.16, ""letter"": ""A"", ""name"": ""Chorus""}, {""start"": 18.95, ""end"": 21.36, ""duration"": 2.41, ""letter"": ""F"", ""name"": ""Bridge""}, {""start"": 21.36, ""end"": 27.31, ""duration"": 5.94, ""letter"": ""G"", ""name"": ""Bridge""}, {""start"": 27.31, ""end"": 29.91, ""duration"": 2.6, ""letter"": ""H"", ""name"": ""Outro""}]",
032_11_-_Dazie_Mae_-_Jamie_s_Song.mp3,10,Intro(A) 0.0-2.4s | Chorus(B) 2.4-7.4s | Verse(C) 7.4-8.5s | Chorus(B) 8.5-11.5s | Verse(D) 11.5-12.8s | Verse(C) 12.8-14.5s | Chorus(B) 14.5-22.3s | Verse(D) 22.3-24.7s | Bridge(E) 24.7-26.2s | Chorus(B) 26.2-29.9s,"[{""start"": 0.0, ""end"": 2.41, ""duration"": 2.41, ""letter"": ""A"", ""name"": ""Intro""}, {""start"": 2.41, ""end"": 7.43, ""duration"": 5.02, ""letter"": ""B"", ""name"": ""Chorus""}, {""start"": 7.43, ""end"": 8.54, ""duration"": 1.11, ""letter"": ""C"", ""name"": ""Verse""}, {""start"": 8.54, ""end"": 11.52, ""duration"": 2.97, ""letter"": ""B"", ""name"": ""Chorus""}, {""start"": 11.52, ""end"": 12.82, ""duration"": 1.3, ""letter"": ""D"", ""name"": ""Verse""}, {""start"": 12.82, ""end"": 14.49, ""duration"": 1.67, ""letter"": ""C"", ""name"": ""Verse""}, {""start"": 14.49, ""end"": 22.29, ""duration"": 7.8, ""letter"": ""B"", ""name"": ""Chorus""}, {""start"": 22.29, ""end"": 24.71, ""duration"": 2.41, ""letter"": ""D"", ""name"": ""Verse""}, {""start"": 24.71, ""end"": 26.19, ""duration"": 1.49, ""letter"": ""E"", ""name"": ""Bridge""}, {""start"": 26.19, ""end"": 29.91, ""duration"": 3.72, ""letter"": ""B"", ""name"": ""Chorus""}]",
033_07_-_Dazie_Mae_-_Time_With_My_Lover.mp3,10,Intro(A) 0.0-1.7s | Verse(B) 1.7-6.9s | Verse(C) 6.9-8.5s | Bridge(D) 8.5-11.0s | Chorus(E) 11.0-14.7s | Bridge(F) 14.7-15.2s | Bridge(G) 15.2-19.1s | Bridge(H) 19.1-21.7s | Chorus(E) 21.7-24.1s | Bridge(I) 24.1-29.9s,"[{""start"": 0.0, ""end"": 1.67, ""duration"": 1.67, ""letter"": ""A"", ""name"": ""Intro""}, {""start"": 1.67, ""end"": 6.87, ""duration"": 5.2, ""letter"": ""B"", ""name"": ""Verse""}, {""start"": 6.87, ""end"": 8.54, ""duration"": 1.67, ""letter"": ""C"", ""name"": ""Verse""}, {""start"": 8.54, ""end"": 10.96, ""duration"": 2.41, ""letter"": ""D"", ""name"": ""Bridge""}, {""start"": 10.96, ""end"": 14.68, ""duration"": 3.72, ""letter"": ""E"", ""name"": ""Chorus""}, {""start"": 14.68, ""end"": 15.23, ""duration"": 0.56, ""letter"": ""F"", ""name"": ""Bridge""}, {""start"": 15.23, ""end"": 19.13, ""duration"": 3.9, ""letter"": ""G"", ""name"": ""Bridge""}, {""start"": 19.13, ""end"": 21.73, ""duration"": 2.6, ""letter"": ""H"", ""name"": ""Bridge""}, {""start"": 21.73, ""end"": 24.15, ""duration"": 2.41, ""letter"": ""E"", ""name"": ""Chorus""}, {""start"": 24.15, ""end"": 29.91, ""duration"": 5.76, ""letter"": ""I"", ""name"": ""Bridge""}]",
034_05_-_Dazie_Mae_-_Double_Blues.mp3,10,Chorus(A) 0.0-4.6s | Chorus(A) 4.6-9.1s | Bridge(B) 9.1-9.5s | Bridge(C) 9.5-12.8s | Chorus(A) 12.8-15.6s | Chorus(A) 15.6-17.3s | Verse(D) 17.3-21.9s | Verse(D) 21.9-24.7s | Bridge(E) 24.7-28.4s | Outro(F) 28.4-29.9s,"[{""start"": 0.0, ""end"": 4.64, ""duration"": 4.64, ""letter"": ""A"", ""name"": ""Chorus""}, {""start"": 4.64, ""end"": 9.1, ""duration"": 4.46, ""letter"": ""A"", ""name"": ""Chorus""}, {""start"": 9.1, ""end"": 9.47, ""duration"": 0.37, ""letter"": ""B"", ""name"": ""Bridge""}, {""start"": 9.47, ""end"": 12.82, ""duration"": 3.34, ""letter"": ""C"", ""name"": ""Bridge""}, {""start"": 12.82, ""end"": 15.6, ""duration"": 2.79, ""letter"": ""A"", ""name"": ""Chorus""}, {""start"": 15.6, ""end"": 17.28, ""duration"": 1.67, ""letter"": ""A"", ""name"": ""Chorus""}, {""start"": 17.28, ""end"": 21.92, ""duration"": 4.64, ""letter"": ""D"", ""name"": ""Verse""}, {""start"": 21.92, ""end"": 24.71, ""duration"": 2.79, ""letter"": ""D"", ""name"": ""Verse""}, {""start"": 24.71, ""end"": 28.42, ""duration"": 3.72, ""letter"": ""E"", ""name"": ""Bridge""}, {""start"": 28.42, ""end"": 29.91, ""duration"": 1.49, ""letter"": ""F"", ""name"": ""Outro""}]",
035_Reuben_Rag.mp3,10,Chorus(A) 0.0-2.2s | Verse(B) 2.2-2.4s | Chorus(A) 2.4-5.2s | Chorus(A) 5.2-9.8s | Chorus(A) 9.8-10.8s | Verse(C) 10.8-18.2s | Chorus(A) 18.2-19.1s | Bridge(D) 19.1-19.7s | Chorus(A) 19.7-26.4s | Outro(C) 26.4-29.9s,"[{""start"": 0.0, ""end"": 2.23, ""duration"": 2.23, ""letter"": ""A"", ""name"": ""Chorus""}, {""start"": 2.23, ""end"": 2.41, ""duration"": 0.19, ""letter"": ""B"", ""name"": ""Verse""}, {""start"": 2.41, ""end"": 5.2, ""duration"": 2.79, ""letter"": ""A"", ""name"": ""Chorus""}, {""start"": 5.2, ""end"": 9.85, ""duration"": 4.64, ""letter"": ""A"", ""name"": ""Chorus""}, {""start"": 9.85, ""end"": 10.77, ""duration"": 0.93, ""letter"": ""A"", ""name"": ""Chorus""}, {""start"": 10.77, ""end"": 18.2, ""duration"": 7.43, ""letter"": ""C"", ""name"": ""Verse""}, {""start"": 18.2, ""end"": 19.13, ""duration"": 0.93, ""letter"": ""A"", ""name"": ""Chorus""}, {""start"": 19.13, ""end"": 19.69, ""duration"": 0.56, ""letter"": ""D"", ""name"": ""Bridge""}, {""start"": 19.69, ""end"": 26.38, ""duration"": 6.69, ""letter"": ""A"", ""name"": ""Chorus""}, {""start"": 26.38, ""end"": 29.91, ""duration"": 3.53, ""letter"": ""C"", ""name"": ""Outro""}]",
036_Thinking_Of_You.mp3,10,Intro(A) 0.0-0.9s | Verse(B) 0.9-2.8s | Verse(C) 2.8-3.3s | Verse(A) 3.3-17.5s | Bridge(D) 17.5-17.6s | Chorus(E) 17.6-23.2s | Verse(B) 23.2-25.3s | Bridge(F) 25.3-26.4s | Chorus(E) 26.4-28.4s | Chorus(E) 28.4-29.9s,"[{""start"": 0.0, ""end"": 0.93, ""duration"": 0.93, ""letter"": ""A"", ""name"": ""Intro""}, {""start"": 0.93, ""end"": 2.79, ""duration"": 1.86, ""letter"": ""B"", ""name"": ""Verse""}, {""start"": 2.79, ""end"": 3.34, ""duration"": 0.56, ""letter"": ""C"", ""name"": ""Verse""}, {""start"": 3.34, ""end"": 17.46, ""duration"": 14.12, ""letter"": ""A"", ""name"": ""Verse""}, {""start"": 17.46, ""end"": 17.65, ""duration"": 0.19, ""letter"": ""D"", ""name"": ""Bridge""}, {""start"": 17.65, ""end"": 23.22, ""duration"": 5.57, ""letter"": ""E"", ""name"": ""Chorus""}, {""start"": 23.22, ""end"": 25.26, ""duration"": 2.04, ""letter"": ""B"", ""name"": ""Verse""}, {""start"": 25.26, ""end"": 26.38, ""duration"": 1.11, ""letter"": ""F"", ""name"": ""Bridge""}, {""start"": 26.38, ""end"": 28.42, ""duration"": 2.04, ""letter"": ""E"", ""name"": ""Chorus""}, {""start"": 28.42, ""end"": 29.91, ""duration"": 1.49, ""letter"": ""E"", ""name"": ""Chorus""}]",
037_08_-_Dazie_Mae_-_Citizen_s_Arrest.mp3,10,Chorus(A) 0.0-9.5s | Chorus(A) 9.5-11.9s | Chorus(A) 11.9-15.6s | Chorus(A) 15.6-18.2s | Chorus(A) 18.2-20.4s | Bridge(B) 20.4-20.8s | Chorus(A) 20.8-24.5s | Bridge(C) 24.5-26.6s | Verse(D) 26.6-28.1s | Outro(E) 28.1-29.9s,"[{""start"": 0.0, ""end"": 9.47, ""duration"": 9.47, ""letter"": ""A"", ""name"": ""Chorus""}, {""start"": 9.47, ""end"": 11.89, ""duration"": 2.41, ""letter"": ""A"", ""name"": ""Chorus""}, {""start"": 11.89, ""end"": 15.6, ""duration"": 3.72, ""letter"": ""A"", ""name"": ""Chorus""}, {""start"": 15.6, ""end"": 18.2, ""duration"": 2.6, ""letter"": ""A"", ""name"": ""Chorus""}, {""start"": 18.2, ""end"": 20.43, ""duration"": 2.23, ""letter"": ""A"", ""name"": ""Chorus""}, {""start"": 20.43, ""end"": 20.81, ""duration"": 0.37, ""letter"": ""B"", ""name"": ""Bridge""}, {""start"": 20.81, ""end"": 24.52, ""duration"": 3.72, ""letter"": ""A"", ""name"": ""Chorus""}, {""start"": 24.52, ""end"": 26.56, ""duration"": 2.04, ""letter"": ""C"", ""name"": ""Bridge""}, {""start"": 26.56, ""end"": 28.05, ""duration"": 1.49, ""letter"": ""D"", ""name"": ""Verse""}, {""start"": 28.05, ""end"": 29.91, ""duration"": 1.86, ""letter"": ""E"", ""name"": ""Outro""}]",
038_01_-_Dazie_Mae_-_Sad_Depressed___Lonely__don_t_clap_your_hands.mp3,10,Chorus(A) 0.0-3.3s | Verse(B) 3.3-4.6s | Verse(C) 4.6-8.2s | Bridge(D) 8.2-8.4s | Chorus(A) 8.4-14.7s | Chorus(A) 14.7-21.2s | Bridge(E) 21.2-21.4s | Bridge(F) 21.4-22.5s | Verse(C) 22.5-27.3s | Chorus(A) 27.3-29.9s,"[{""start"": 0.0, ""end"": 3.34, ""duration"": 3.34, ""letter"": ""A"", ""name"": ""Chorus""}, {""start"": 3.34, ""end"": 4.64, ""duration"": 1.3, ""letter"": ""B"", ""name"": ""Verse""}, {""start"": 4.64, ""end"": 8.17, ""duration"": 3.53, ""letter"": ""C"", ""name"": ""Verse""}, {""start"": 8.17, ""end"": 8.36, ""duration"": 0.19, ""letter"": ""D"", ""name"": ""Bridge""}, {""start"": 8.36, ""end"": 14.68, ""duration"": 6.32, ""letter"": ""A"", ""name"": ""Chorus""}, {""start"": 14.68, ""end"": 21.18, ""duration"": 6.5, ""letter"": ""A"", ""name"": ""Chorus""}, {""start"": 21.18, ""end"": 21.36, ""duration"": 0.19, ""letter"": ""E"", ""name"": ""Bridge""}, {""start"": 21.36, ""end"": 22.48, ""duration"": 1.11, ""letter"": ""F"", ""name"": ""Bridge""}, {""start"": 22.48, ""end"": 27.31, ""duration"": 4.83, ""letter"": ""C"", ""name"": ""Verse""}, {""start"": 27.31, ""end"": 29.91, ""duration"": 2.6, ""letter"": ""A"", ""name"": ""Chorus""}]",
039_13_-_Dazie_Mae_-_The_Demon_Inside_Your_Head.mp3,10,Chorus(A) 0.0-4.1s | Verse(B) 4.1-5.9s | Chorus(A) 5.9-9.1s | Chorus(A) 9.1-12.6s | Chorus(A) 12.6-15.4s | Bridge(C) 15.4-18.9s | Bridge(D) 18.9-24.3s | Bridge(E) 24.3-25.4s | Verse(F) 25.4-25.6s | Chorus(A) 25.6-29.9s,"[{""start"": 0.0, ""end"": 4.09, ""duration"": 4.09, ""letter"": ""A"", ""name"": ""Chorus""}, {""start"": 4.09, ""end"": 5.94, ""duration"": 1.86, ""letter"": ""B"", ""name"": ""Verse""}, {""start"": 5.94, ""end"": 9.1, ""duration"": 3.16, ""letter"": ""A"", ""name"": ""Chorus""}, {""start"": 9.1, ""end"": 12.63, ""duration"": 3.53, ""letter"": ""A"", ""name"": ""Chorus""}, {""start"": 12.63, ""end"": 15.42, ""duration"": 2.79, ""letter"": ""A"", ""name"": ""Chorus""}, {""start"": 15.42, ""end"": 18.95, ""duration"": 3.53, ""letter"": ""C"", ""name"": ""Bridge""}, {""start"": 18.95, ""end"": 24.33, ""duration"": 5.39, ""letter"": ""D"", ""name"": ""Bridge""}, {""start"": 24.33, ""end"": 25.45, ""duration"": 1.11, ""letter"": ""E"", ""name"": ""Bridge""}, {""start"": 25.45, ""end"": 25.63, ""duration"": 0.19, ""letter"": ""F"", ""name"": ""Verse""}, {""start"": 25.63, ""end"": 29.91, ""duration"": 4.27, ""letter"": ""A"", ""name"": ""Chorus""}]",
040_12_-_Dazie_Mae_-_The_Winter_Of_My_First_Love.mp3,10,Chorus(A) 0.0-2.2s | Verse(B) 2.2-3.9s | Verse(C) 3.9-4.6s | Chorus(A) 4.6-13.6s | Bridge(D) 13.6-14.3s | Verse(E) 14.3-16.2s | Chorus(A) 16.2-25.8s | Verse(E) 25.8-27.1s | Verse(E) 27.1-27.9s | Chorus(A) 27.9-29.9s,"[{""start"": 0.0, ""end"": 2.23, ""duration"": 2.23, ""letter"": ""A"", ""name"": ""Chorus""}, {""start"": 2.23, ""end"": 3.9, ""duration"": 1.67, ""letter"": ""B"", ""name"": ""Verse""}, {""start"": 3.9, ""end"": 4.64, ""duration"": 0.74, ""letter"": ""C"", ""name"": ""Verse""}, {""start"": 4.64, ""end"": 13.56, ""duration"": 8.92, ""letter"": ""A"", ""name"": ""Chorus""}, {""start"": 13.56, ""end"": 14.3, ""duration"": 0.74, ""letter"": ""D"", ""name"": ""Bridge""}, {""start"": 14.3, ""end"": 16.16, ""duration"": 1.86, ""letter"": ""E"", ""name"": ""Verse""}, {""start"": 16.16, ""end"": 25.82, ""duration"": 9.66, ""letter"": ""A"", ""name"": ""Chorus""}, {""start"": 25.82, ""end"": 27.12, ""duration"": 1.3, ""letter"": ""E"", ""name"": ""Verse""}, {""start"": 27.12, ""end"": 27.86, ""duration"": 0.74, ""letter"": ""E"", ""name"": ""Verse""}, {""start"": 27.86, ""end"": 29.91, ""duration"": 2.04, ""letter"": ""A"", ""name"": ""Chorus""}]",
041_10_-_Dazie_Mae_-_Our_Love_Will_Never_Fold.mp3,10,Intro(A) 0.0-2.2s | Verse(A) 2.2-9.7s | Chorus(B) 9.7-15.1s | Chorus(B) 15.1-17.6s | Bridge(C) 17.6-17.8s | Verse(D) 17.8-20.2s | Chorus(B) 20.2-22.5s | Bridge(E) 22.5-25.1s | Verse(D) 25.1-27.9s | Verse(D) 27.9-29.9s,"[{""start"": 0.0, ""end"": 2.23, ""duration"": 2.23, ""letter"": ""A"", ""name"": ""Intro""}, {""start"": 2.23, ""end"": 9.66, ""duration"": 7.43, ""letter"": ""A"", ""name"": ""Verse""}, {""start"": 9.66, ""end"": 15.05, ""duration"": 5.39, ""letter"": ""B"", ""name"": ""Chorus""}, {""start"": 15.05, ""end"": 17.65, ""duration"": 2.6, ""letter"": ""B"", ""name"": ""Chorus""}, {""start"": 17.65, ""end"": 17.83, ""duration"": 0.19, ""letter"": ""C"", ""name"": ""Bridge""}, {""start"": 17.83, ""end"": 20.25, ""duration"": 2.41, ""letter"": ""D"", ""name"": ""Verse""}, {""start"": 20.25, ""end"": 22.48, ""duration"": 2.23, ""letter"": ""B"", ""name"": ""Chorus""}, {""start"": 22.48, ""end"": 25.08, ""duration"": 2.6, ""letter"": ""E"", ""name"": ""Bridge""}, {""start"": 25.08, ""end"": 27.86, ""duration"": 2.79, ""letter"": ""D"", ""name"": ""Verse""}, {""start"": 27.86, ""end"": 29.91, ""duration"": 2.04, ""letter"": ""D"", ""name"": ""Verse""}]",
042_Bessemer.mp3,10,Chorus(A) 0.0-3.9s | Verse(B) 3.9-5.2s | Chorus(A) 5.2-6.5s | Verse(C) 6.5-7.4s | Chorus(A) 7.4-10.6s | Bridge(D) 10.6-11.0s | Chorus(A) 11.0-20.2s | Chorus(A) 20.2-23.0s | Verse(C) 23.0-24.1s | Chorus(A) 24.1-29.9s,"[{""start"": 0.0, ""end"": 3.9, ""duration"": 3.9, ""letter"": ""A"", ""name"": ""Chorus""}, {""start"": 3.9, ""end"": 5.2, ""duration"": 1.3, ""letter"": ""B"", ""name"": ""Verse""}, {""start"": 5.2, ""end"": 6.5, ""duration"": 1.3, ""letter"": ""A"", ""name"": ""Chorus""}, {""start"": 6.5, ""end"": 7.43, ""duration"": 0.93, ""letter"": ""C"", ""name"": ""Verse""}, {""start"": 7.43, ""end"": 10.59, ""duration"": 3.16, ""letter"": ""A"", ""name"": ""Chorus""}, {""start"": 10.59, ""end"": 10.96, ""duration"": 0.37, ""letter"": ""D"", ""name"": ""Bridge""}, {""start"": 10.96, ""end"": 20.25, ""duration"": 9.29, ""letter"": ""A"", ""name"": ""Chorus""}, {""start"": 20.25, ""end"": 23.03, ""duration"": 2.79, ""letter"": ""A"", ""name"": ""Chorus""}, {""start"": 23.03, ""end"": 24.15, ""duration"": 1.11, ""letter"": ""C"", ""name"": ""Verse""}, {""start"": 24.15, ""end"": 29.91, ""duration"": 5.76, ""letter"": ""A"", ""name"": ""Chorus""}]",
043_Some_Of_These_Days.mp3,10,Chorus(A) 0.0-1.7s | Verse(B) 1.7-2.8s | Chorus(A) 2.8-6.9s | Chorus(A) 6.9-13.2s | Bridge(C) 13.2-14.9s | Verse(D) 14.9-17.6s | Verse(E) 17.6-19.7s | Verse(D) 19.7-21.9s | Verse(E) 21.9-23.2s | Bridge(F) 23.2-29.9s,"[{""start"": 0.0, ""end"": 1.67, ""duration"": 1.67, ""letter"": ""A"", ""name"": ""Chorus""}, {""start"": 1.67, ""end"": 2.79, ""duration"": 1.11, ""letter"": ""B"", ""name"": ""Verse""}, {""start"": 2.79, ""end"": 6.87, ""duration"": 4.09, ""letter"": ""A"", ""name"": ""Chorus""}, {""start"": 6.87, ""end"": 13.19, ""duration"": 6.32, ""letter"": ""A"", ""name"": ""Chorus""}, {""start"": 13.19, ""end"": 14.86, ""duration"": 1.67, ""letter"": ""C"", ""name"": ""Bridge""}, {""start"": 14.86, ""end"": 17.65, ""duration"": 2.79, ""letter"": ""D"", ""name"": ""Verse""}, {""start"": 17.65, ""end"": 19.69, ""duration"": 2.04, ""letter"": ""E"", ""name"": ""Verse""}, {""start"": 19.69, ""end"": 21.92, ""duration"": 2.23, ""letter"": ""D"", ""name"": ""Verse""}, {""start"": 21.92, ""end"": 23.22, ""duration"": 1.3, ""letter"": ""E"", ""name"": ""Verse""}, {""start"": 23.22, ""end"": 29.91, ""duration"": 6.69, ""letter"": ""F"", ""name"": ""Bridge""}]",
044_03_-_Dazie_Mae_-_The_Bottlefield_Song.mp3,10,Chorus(A) 0.0-4.5s | Verse(B) 4.5-5.4s | Chorus(A) 5.4-12.6s | Bridge(C) 12.6-13.2s | Bridge(D) 13.2-17.8s | Chorus(A) 17.8-20.8s | Bridge(E) 20.8-21.4s | Bridge(F) 21.4-24.0s | Bridge(G) 24.0-26.2s | Outro(H) 26.2-29.9s,"[{""start"": 0.0, ""end"": 4.46, ""duration"": 4.46, ""letter"": ""A"", ""name"": ""Chorus""}, {""start"": 4.46, ""end"": 5.39, ""duration"": 0.93, ""letter"": ""B"", ""name"": ""Verse""}, {""start"": 5.39, ""end"": 12.63, ""duration"": 7.24, ""letter"": ""A"", ""name"": ""Chorus""}, {""start"": 12.63, ""end"": 13.19, ""duration"": 0.56, ""letter"": ""C"", ""name"": ""Bridge""}, {""start"": 13.19, ""end"": 17.83, ""duration"": 4.64, ""letter"": ""D"", ""name"": ""Bridge""}, {""start"": 17.83, ""end"": 20.81, ""duration"": 2.97, ""letter"": ""A"", ""name"": ""Chorus""}, {""start"": 20.81, ""end"": 21.36, ""duration"": 0.56, ""letter"": ""E"", ""name"": ""Bridge""}, {""start"": 21.36, ""end"": 23.96, ""duration"": 2.6, ""letter"": ""F"", ""name"": ""Bridge""}, {""start"": 23.96, ""end"": 26.19, ""duration"": 2.23, ""letter"": ""G"", ""name"": ""Bridge""}, {""start"": 26.19, ""end"": 29.91, ""duration"": 3.72, ""letter"": ""H"", ""name"": ""Outro""}]",
045_04_-_Dazie_Mae_-_Can_t_Take_No_Chances.mp3,10,Chorus(A) 0.0-1.5s | Verse(B) 1.5-5.8s | Verse(C) 5.8-6.5s | Chorus(A) 6.5-11.0s | Bridge(D) 11.0-11.9s | Bridge(E) 11.9-12.8s | Bridge(F) 12.8-13.6s | Chorus(A) 13.6-24.0s | Chorus(A) 24.0-26.4s | Chorus(A) 26.4-29.9s,"[{""start"": 0.0, ""end"": 1.49, ""duration"": 1.49, ""letter"": ""A"", ""name"": ""Chorus""}, {""start"": 1.49, ""end"": 5.76, ""duration"": 4.27, ""letter"": ""B"", ""name"": ""Verse""}, {""start"": 5.76, ""end"": 6.5, ""duration"": 0.74, ""letter"": ""C"", ""name"": ""Verse""}, {""start"": 6.5, ""end"": 10.96, ""duration"": 4.46, ""letter"": ""A"", ""name"": ""Chorus""}, {""start"": 10.96, ""end"": 11.89, ""duration"": 0.93, ""letter"": ""D"", ""name"": ""Bridge""}, {""start"": 11.89, ""end"": 12.82, ""duration"": 0.93, ""letter"": ""E"", ""name"": ""Bridge""}, {""start"": 12.82, ""end"": 13.56, ""duration"": 0.74, ""letter"": ""F"", ""name"": ""Bridge""}, {""start"": 13.56, ""end"": 23.96, ""duration"": 10.4, ""letter"": ""A"", ""name"": ""Chorus""}, {""start"": 23.96, ""end"": 26.38, ""duration"": 2.41, ""letter"": ""A"", ""name"": ""Chorus""}, {""start"": 26.38, ""end"": 29.91, ""duration"": 3.53, ""letter"": ""A"", ""name"": ""Chorus""}]",
046_09_-_Dazie_Mae_-_Frozen_on_the_Outskirts_of_your_Heart.mp3,10,Chorus(A) 0.0-6.5s | Chorus(A) 6.5-10.6s | Bridge(B) 10.6-11.5s | Chorus(A) 11.5-13.6s | Chorus(A) 13.6-15.6s | Chorus(A) 15.6-18.6s | Bridge(C) 18.6-18.9s | Chorus(A) 18.9-23.6s | Chorus(A) 23.6-26.6s | Chorus(A) 26.6-29.9s,"[{""start"": 0.0, ""end"": 6.5, ""duration"": 6.5, ""letter"": ""A"", ""name"": ""Chorus""}, {""start"": 6.5, ""end"": 10.59, ""duration"": 4.09, ""letter"": ""A"", ""name"": ""Chorus""}, {""start"": 10.59, ""end"": 11.52, ""duration"": 0.93, ""letter"": ""B"", ""name"": ""Bridge""}, {""start"": 11.52, ""end"": 13.56, ""duration"": 2.04, ""letter"": ""A"", ""name"": ""Chorus""}, {""start"": 13.56, ""end"": 15.6, ""duration"": 2.04, ""letter"": ""A"", ""name"": ""Chorus""}, {""start"": 15.6, ""end"": 18.58, ""duration"": 2.97, ""letter"": ""A"", ""name"": ""Chorus""}, {""start"": 18.58, ""end"": 18.95, ""duration"": 0.37, ""letter"": ""C"", ""name"": ""Bridge""}, {""start"": 18.95, ""end"": 23.59, ""duration"": 4.64, ""letter"": ""A"", ""name"": ""Chorus""}, {""start"": 23.59, ""end"": 26.56, ""duration"": 2.97, ""letter"": ""A"", ""name"": ""Chorus""}, {""start"": 26.56, ""end"": 29.91, ""duration"": 3.34, ""letter"": ""A"", ""name"": ""Chorus""}]",
047_The_Way_I_Feel_Today.mp3,10,Chorus(A) 0.0-2.6s | Verse(B) 2.6-4.1s | Verse(C) 4.1-8.7s | Chorus(A) 8.7-12.8s | Verse(C) 12.8-17.1s | Chorus(A) 17.1-20.4s | Bridge(D) 20.4-22.7s | Verse(C) 22.7-26.4s | Verse(E) 26.4-27.9s | Outro(F) 27.9-29.9s,"[{""start"": 0.0, ""end"": 2.6, ""duration"": 2.6, ""letter"": ""A"", ""name"": ""Chorus""}, {""start"": 2.6, ""end"": 4.09, ""duration"": 1.49, ""letter"": ""B"", ""name"": ""Verse""}, {""start"": 4.09, ""end"": 8.73, ""duration"": 4.64, ""letter"": ""C"", ""name"": ""Verse""}, {""start"": 8.73, ""end"": 12.82, ""duration"": 4.09, ""letter"": ""A"", ""name"": ""Chorus""}, {""start"": 12.82, ""end"": 17.09, ""duration"": 4.27, ""letter"": ""C"", ""name"": ""Verse""}, {""start"": 17.09, ""end"": 20.43, ""duration"": 3.34, ""letter"": ""A"", ""name"": ""Chorus""}, {""start"": 20.43, ""end"": 22.66, ""duration"": 2.23, ""letter"": ""D"", ""name"": ""Bridge""}, {""start"": 22.66, ""end"": 26.38, ""duration"": 3.72, ""letter"": ""C"", ""name"": ""Verse""}, {""start"": 26.38, ""end"": 27.86, ""duration"": 1.49, ""letter"": ""E"", ""name"": ""Verse""}, {""start"": 27.86, ""end"": 29.91, ""duration"": 2.04, ""letter"": ""F"", ""name"": ""Outro""}]",
048_International_Rag.mp3,10,Chorus(A) 0.0-7.1s | Verse(B) 7.1-7.4s | Verse(C) 7.4-9.1s | Chorus(A) 9.1-10.2s | Verse(C) 10.2-11.2s | Chorus(A) 11.2-15.4s | Chorus(A) 15.4-18.0s | Chorus(A) 18.0-24.0s | Verse(B) 24.0-24.3s | Chorus(A) 24.3-29.9s,"[{""start"": 0.0, ""end"": 7.06, ""duration"": 7.06, ""letter"": ""A"", ""name"": ""Chorus""}, {""start"": 7.06, ""end"": 7.43, ""duration"": 0.37, ""letter"": ""B"", ""name"": ""Verse""}, {""start"": 7.43, ""end"": 9.1, ""duration"": 1.67, ""letter"": ""C"", ""name"": ""Verse""}, {""start"": 9.1, ""end"": 10.22, ""duration"": 1.11, ""letter"": ""A"", ""name"": ""Chorus""}, {""start"": 10.22, ""end"": 11.15, ""duration"": 0.93, ""letter"": ""C"", ""name"": ""Verse""}, {""start"": 11.15, ""end"": 15.42, ""duration"": 4.27, ""letter"": ""A"", ""name"": ""Chorus""}, {""start"": 15.42, ""end"": 18.02, ""duration"": 2.6, ""letter"": ""A"", ""name"": ""Chorus""}, {""start"": 18.02, ""end"": 23.96, ""duration"": 5.94, ""letter"": ""A"", ""name"": ""Chorus""}, {""start"": 23.96, ""end"": 24.33, ""duration"": 0.37, ""letter"": ""B"", ""name"": ""Verse""}, {""start"": 24.33, ""end"": 29.91, ""duration"": 5.57, ""letter"": ""A"", ""name"": ""Chorus""}]",
049_Konflikt.mp3,10,Chorus(A) 0.0-4.6s | Verse(B) 4.6-6.1s | Verse(C) 6.1-7.4s | Verse(D) 7.4-7.6s | Verse(C) 7.6-18.0s | Verse(E) 18.0-19.5s | Verse(E) 19.5-22.9s | Bridge(F) 22.9-24.0s | Bridge(G) 24.0-28.4s | Chorus(A) 28.4-29.9s,"[{""start"": 0.0, ""end"": 4.64, ""duration"": 4.64, ""letter"": ""A"", ""name"": ""Chorus""}, {""start"": 4.64, ""end"": 6.13, ""duration"": 1.49, ""letter"": ""B"", ""name"": ""Verse""}, {""start"": 6.13, ""end"": 7.43, ""duration"": 1.3, ""letter"": ""C"", ""name"": ""Verse""}, {""start"": 7.43, ""end"": 7.62, ""duration"": 0.19, ""letter"": ""D"", ""name"": ""Verse""}, {""start"": 7.62, ""end"": 18.02, ""duration"": 10.4, ""letter"": ""C"", ""name"": ""Verse""}, {""start"": 18.02, ""end"": 19.5, ""duration"": 1.49, ""letter"": ""E"", ""name"": ""Verse""}, {""start"": 19.5, ""end"": 22.85, ""duration"": 3.34, ""letter"": ""E"", ""name"": ""Verse""}, {""start"": 22.85, ""end"": 23.96, ""duration"": 1.11, ""letter"": ""F"", ""name"": ""Bridge""}, {""start"": 23.96, ""end"": 28.42, ""duration"": 4.46, ""letter"": ""G"", ""name"": ""Bridge""}, {""start"": 28.42, ""end"": 29.91, ""duration"": 1.49, ""letter"": ""A"", ""name"": ""Chorus""}]",
050_WM030-04-SidPeacock04mp3.mp3,10,Chorus(A) 0.0-1.3s | Chorus(A) 1.3-5.2s | Chorus(A) 5.2-9.7s | Bridge(B) 9.7-10.6s | Bridge(C) 10.6-11.3s | Chorus(A) 11.3-13.9s | Bridge(D) 13.9-16.4s | Chorus(A) 16.4-19.1s | Bridge(E) 19.1-21.2s | Chorus(A) 21.2-29.9s,"[{""start"": 0.0, ""end"": 1.3, ""duration"": 1.3, ""letter"": ""A"", ""name"": ""Chorus""}, {""start"": 1.3, ""end"": 5.2, ""duration"": 3.9, ""letter"": ""A"", ""name"": ""Chorus""}, {""start"": 5.2, ""end"": 9.66, ""duration"": 4.46, ""letter"": ""A"", ""name"": ""Chorus""}, {""start"": 9.66, ""end"": 10.59, ""duration"": 0.93, ""letter"": ""B"", ""name"": ""Bridge""}, {""start"": 10.59, ""end"": 11.33, ""duration"": 0.74, ""letter"": ""C"", ""name"": ""Bridge""}, {""start"": 11.33, ""end"": 13.93, ""duration"": 2.6, ""letter"": ""A"", ""name"": ""Chorus""}, {""start"": 13.93, ""end"": 16.35, ""duration"": 2.41, ""letter"": ""D"", ""name"": ""Bridge""}, {""start"": 16.35, ""end"": 19.13, ""duration"": 2.79, ""letter"": ""A"", ""name"": ""Chorus""}, {""start"": 19.13, ""end"": 21.18, ""duration"": 2.04, ""letter"": ""E"", ""name"": ""Bridge""}, {""start"": 21.18, ""end"": 29.91, ""duration"": 8.73, ""letter"": ""A"", ""name"": ""Chorus""}]",
051_No_More_Blues.mp3,10,Chorus(A) 0.0-0.6s | Chorus(A) 0.6-3.3s | Chorus(A) 3.3-8.7s | Verse(B) 8.7-9.8s | Bridge(C) 9.8-13.8s | Chorus(A) 13.8-17.6s | Chorus(A) 17.6-23.2s | Verse(B) 23.2-26.8s | Verse(D) 26.8-28.6s | Verse(B) 28.6-29.9s,"[{""start"": 0.0, ""end"": 0.56, ""duration"": 0.56, ""letter"": ""A"", ""name"": ""Chorus""}, {""start"": 0.56, ""end"": 3.34, ""duration"": 2.79, ""letter"": ""A"", ""name"": ""Chorus""}, {""start"": 3.34, ""end"": 8.73, ""duration"": 5.39, ""letter"": ""A"", ""name"": ""Chorus""}, {""start"": 8.73, ""end"": 9.85, ""duration"": 1.11, ""letter"": ""B"", ""name"": ""Verse""}, {""start"": 9.85, ""end"": 13.75, ""duration"": 3.9, ""letter"": ""C"", ""name"": ""Bridge""}, {""start"": 13.75, ""end"": 17.65, ""duration"": 3.9, ""letter"": ""A"", ""name"": ""Chorus""}, {""start"": 17.65, ""end"": 23.22, ""duration"": 5.57, ""letter"": ""A"", ""name"": ""Chorus""}, {""start"": 23.22, ""end"": 26.75, ""duration"": 3.53, ""letter"": ""B"", ""name"": ""Verse""}, {""start"": 26.75, ""end"": 28.61, ""duration"": 1.86, ""letter"": ""D"", ""name"": ""Verse""}, {""start"": 28.61, ""end"": 29.91, ""duration"": 1.3, ""letter"": ""B"", ""name"": ""Verse""}]",
052_Blue_Monk.mp3,10,Chorus(A) 0.0-3.0s | Verse(B) 3.0-8.2s | Chorus(A) 8.2-16.4s | Bridge(C) 16.4-17.6s | Chorus(A) 17.6-21.9s | Bridge(D) 21.9-23.4s | Bridge(E) 23.4-25.3s | Chorus(A) 25.3-26.6s | Verse(F) 26.6-28.6s | Outro(G) 28.6-29.9s,"[{""start"": 0.0, ""end"": 2.97, ""duration"": 2.97, ""letter"": ""A"", ""name"": ""Chorus""}, {""start"": 2.97, ""end"": 8.17, ""duration"": 5.2, ""letter"": ""B"", ""name"": ""Verse""}, {""start"": 8.17, ""end"": 16.35, ""duration"": 8.17, ""letter"": ""A"", ""name"": ""Chorus""}, {""start"": 16.35, ""end"": 17.65, ""duration"": 1.3, ""letter"": ""C"", ""name"": ""Bridge""}, {""start"": 17.65, ""end"": 21.92, ""duration"": 4.27, ""letter"": ""A"", ""name"": ""Chorus""}, {""start"": 21.92, ""end"": 23.41, ""duration"": 1.49, ""letter"": ""D"", ""name"": ""Bridge""}, {""start"": 23.41, ""end"": 25.26, ""duration"": 1.86, ""letter"": ""E"", ""name"": ""Bridge""}, {""start"": 25.26, ""end"": 26.56, ""duration"": 1.3, ""letter"": ""A"", ""name"": ""Chorus""}, {""start"": 26.56, ""end"": 28.61, ""duration"": 2.04, ""letter"": ""F"", ""name"": ""Verse""}, {""start"": 28.61, ""end"": 29.91, ""duration"": 1.3, ""letter"": ""G"", ""name"": ""Outro""}]",
053_WM030-01-SidPeacock01mp3.mp3,10,Intro(A) 0.0-1.3s | Verse(B) 1.3-3.0s | Verse(C) 3.0-5.0s | Chorus(D) 5.0-18.4s | Verse(C) 18.4-19.1s | Chorus(D) 19.1-21.6s | Bridge(E) 21.6-23.8s | Verse(A) 23.8-25.8s | Verse(F) 25.8-26.9s | Chorus(D) 26.9-29.9s,"[{""start"": 0.0, ""end"": 1.3, ""duration"": 1.3, ""letter"": ""A"", ""name"": ""Intro""}, {""start"": 1.3, ""end"": 2.97, ""duration"": 1.67, ""letter"": ""B"", ""name"": ""Verse""}, {""start"": 2.97, ""end"": 5.02, ""duration"": 2.04, ""letter"": ""C"", ""name"": ""Verse""}, {""start"": 5.02, ""end"": 18.39, ""duration"": 13.37, ""letter"": ""D"", ""name"": ""Chorus""}, {""start"": 18.39, ""end"": 19.13, ""duration"": 0.74, ""letter"": ""C"", ""name"": ""Verse""}, {""start"": 19.13, ""end"": 21.55, ""duration"": 2.41, ""letter"": ""D"", ""name"": ""Chorus""}, {""start"": 21.55, ""end"": 23.78, ""duration"": 2.23, ""letter"": ""E"", ""name"": ""Bridge""}, {""start"": 23.78, ""end"": 25.82, ""duration"": 2.04, ""letter"": ""A"", ""name"": ""Verse""}, {""start"": 25.82, ""end"": 26.94, ""duration"": 1.11, ""letter"": ""F"", ""name"": ""Verse""}, {""start"": 26.94, ""end"": 29.91, ""duration"": 2.97, ""letter"": ""D"", ""name"": ""Chorus""}]",
054_Caravan.mp3,10,Chorus(A) 0.0-1.7s | Chorus(A) 1.7-9.7s | Bridge(B) 9.7-11.2s | Chorus(A) 11.2-12.8s | Chorus(A) 12.8-15.6s | Chorus(A) 15.6-20.1s | Chorus(A) 20.1-21.7s | Verse(C) 21.7-24.9s | Bridge(D) 24.9-29.0s | Outro(C) 29.0-29.9s,"[{""start"": 0.0, ""end"": 1.67, ""duration"": 1.67, ""letter"": ""A"", ""name"": ""Chorus""}, {""start"": 1.67, ""end"": 9.66, ""duration"": 7.99, ""letter"": ""A"", ""name"": ""Chorus""}, {""start"": 9.66, ""end"": 11.15, ""duration"": 1.49, ""letter"": ""B"", ""name"": ""Bridge""}, {""start"": 11.15, ""end"": 12.82, ""duration"": 1.67, ""letter"": ""A"", ""name"": ""Chorus""}, {""start"": 12.82, ""end"": 15.6, ""duration"": 2.79, ""letter"": ""A"", ""name"": ""Chorus""}, {""start"": 15.6, ""end"": 20.06, ""duration"": 4.46, ""letter"": ""A"", ""name"": ""Chorus""}, {""start"": 20.06, ""end"": 21.73, ""duration"": 1.67, ""letter"": ""A"", ""name"": ""Chorus""}, {""start"": 21.73, ""end"": 24.89, ""duration"": 3.16, ""letter"": ""C"", ""name"": ""Verse""}, {""start"": 24.89, ""end"": 28.98, ""duration"": 4.09, ""letter"": ""D"", ""name"": ""Bridge""}, {""start"": 28.98, ""end"": 29.91, ""duration"": 0.93, ""letter"": ""C"", ""name"": ""Outro""}]",
055_Arana.mp3,10,Chorus(A) 0.0-3.2s | Chorus(A) 3.2-5.2s | Chorus(A) 5.2-6.1s | Verse(B) 6.1-6.7s | Chorus(A) 6.7-17.3s | Bridge(C) 17.3-17.6s | Chorus(A) 17.6-19.5s | Bridge(D) 19.5-28.6s | Chorus(A) 28.6-29.4s | Outro(E) 29.4-29.9s,"[{""start"": 0.0, ""end"": 3.16, ""duration"": 3.16, ""letter"": ""A"", ""name"": ""Chorus""}, {""start"": 3.16, ""end"": 5.2, ""duration"": 2.04, ""letter"": ""A"", ""name"": ""Chorus""}, {""start"": 5.2, ""end"": 6.13, ""duration"": 0.93, ""letter"": ""A"", ""name"": ""Chorus""}, {""start"": 6.13, ""end"": 6.69, ""duration"": 0.56, ""letter"": ""B"", ""name"": ""Verse""}, {""start"": 6.69, ""end"": 17.28, ""duration"": 10.59, ""letter"": ""A"", ""name"": ""Chorus""}, {""start"": 17.28, ""end"": 17.65, ""duration"": 0.37, ""letter"": ""C"", ""name"": ""Bridge""}, {""start"": 17.65, ""end"": 19.5, ""duration"": 1.86, ""letter"": ""A"", ""name"": ""Chorus""}, {""start"": 19.5, ""end"": 28.61, ""duration"": 9.1, ""letter"": ""D"", ""name"": ""Bridge""}, {""start"": 28.61, ""end"": 29.35, ""duration"": 0.74, ""letter"": ""A"", ""name"": ""Chorus""}, {""start"": 29.35, ""end"": 29.91, ""duration"": 0.56, ""letter"": ""E"", ""name"": ""Outro""}]",
056_Avenue_B.mp3,10,Intro(A) 0.0-1.1s | Chorus(B) 1.1-4.5s | Verse(C) 4.5-4.8s | Verse(D) 4.8-13.4s | Bridge(E) 13.4-14.9s | Verse(C) 14.9-15.6s | Chorus(B) 15.6-20.1s | Chorus(B) 20.1-21.6s | Chorus(B) 21.6-27.3s | Chorus(B) 27.3-29.9s,"[{""start"": 0.0, ""end"": 1.11, ""duration"": 1.11, ""letter"": ""A"", ""name"": ""Intro""}, {""start"": 1.11, ""end"": 4.46, ""duration"": 3.34, ""letter"": ""B"", ""name"": ""Chorus""}, {""start"": 4.46, ""end"": 4.83, ""duration"": 0.37, ""letter"": ""C"", ""name"": ""Verse""}, {""start"": 4.83, ""end"": 13.37, ""duration"": 8.54, ""letter"": ""D"", ""name"": ""Verse""}, {""start"": 13.37, ""end"": 14.86, ""duration"": 1.49, ""letter"": ""E"", ""name"": ""Bridge""}, {""start"": 14.86, ""end"": 15.6, ""duration"": 0.74, ""letter"": ""C"", ""name"": ""Verse""}, {""start"": 15.6, ""end"": 20.06, ""duration"": 4.46, ""letter"": ""B"", ""name"": ""Chorus""}, {""start"": 20.06, ""end"": 21.55, ""duration"": 1.49, ""letter"": ""B"", ""name"": ""Chorus""}, {""start"": 21.55, ""end"": 27.31, ""duration"": 5.76, ""letter"": ""B"", ""name"": ""Chorus""}, {""start"": 27.31, ""end"": 29.91, ""duration"": 2.6, ""letter"": ""B"", ""name"": ""Chorus""}]",
057_Balkan_improvisation.mp3,10,Chorus(A) 0.0-5.2s | Verse(B) 5.2-6.7s | Verse(C) 6.7-9.3s | Bridge(D) 9.3-9.7s | Bridge(E) 9.7-10.0s | Bridge(F) 10.0-10.8s | Bridge(G) 10.8-11.0s | Verse(C) 11.0-13.2s | Bridge(H) 13.2-14.3s | Chorus(A) 14.3-29.9s,"[{""start"": 0.0, ""end"": 5.2, ""duration"": 5.2, ""letter"": ""A"", ""name"": ""Chorus""}, {""start"": 5.2, ""end"": 6.69, ""duration"": 1.49, ""letter"": ""B"", ""name"": ""Verse""}, {""start"": 6.69, ""end"": 9.29, ""duration"": 2.6, ""letter"": ""C"", ""name"": ""Verse""}, {""start"": 9.29, ""end"": 9.66, ""duration"": 0.37, ""letter"": ""D"", ""name"": ""Bridge""}, {""start"": 9.66, ""end"": 10.03, ""duration"": 0.37, ""letter"": ""E"", ""name"": ""Bridge""}, {""start"": 10.03, ""end"": 10.77, ""duration"": 0.74, ""letter"": ""F"", ""name"": ""Bridge""}, {""start"": 10.77, ""end"": 10.96, ""duration"": 0.19, ""letter"": ""G"", ""name"": ""Bridge""}, {""start"": 10.96, ""end"": 13.19, ""duration"": 2.23, ""letter"": ""C"", ""name"": ""Verse""}, {""start"": 13.19, ""end"": 14.3, ""duration"": 1.11, ""letter"": ""H"", ""name"": ""Bridge""}, {""start"": 14.3, ""end"": 29.91, ""duration"": 15.6, ""letter"": ""A"", ""name"": ""Chorus""}]",
058_WM030-07-SidPeacock07mp3.mp3,10,Chorus(A) 0.0-1.5s | Verse(B) 1.5-1.9s | Chorus(A) 1.9-4.5s | Verse(C) 4.5-6.9s | Verse(D) 6.9-11.3s | Chorus(A) 11.3-15.6s | Chorus(A) 15.6-17.6s | Chorus(A) 17.6-26.8s | Verse(E) 26.8-26.9s | Chorus(A) 26.9-29.9s,"[{""start"": 0.0, ""end"": 1.49, ""duration"": 1.49, ""letter"": ""A"", ""name"": ""Chorus""}, {""start"": 1.49, ""end"": 1.86, ""duration"": 0.37, ""letter"": ""B"", ""name"": ""Verse""}, {""start"": 1.86, ""end"": 4.46, ""duration"": 2.6, ""letter"": ""A"", ""name"": ""Chorus""}, {""start"": 4.46, ""end"": 6.87, ""duration"": 2.41, ""letter"": ""C"", ""name"": ""Verse""}, {""start"": 6.87, ""end"": 11.33, ""duration"": 4.46, ""letter"": ""D"", ""name"": ""Verse""}, {""start"": 11.33, ""end"": 15.6, ""duration"": 4.27, ""letter"": ""A"", ""name"": ""Chorus""}, {""start"": 15.6, ""end"": 17.65, ""duration"": 2.04, ""letter"": ""A"", ""name"": ""Chorus""}, {""start"": 17.65, ""end"": 26.75, ""duration"": 9.1, ""letter"": ""A"", ""name"": ""Chorus""}, {""start"": 26.75, ""end"": 26.94, ""duration"": 0.19, ""letter"": ""E"", ""name"": ""Verse""}, {""start"": 26.94, ""end"": 29.91, ""duration"": 2.97, ""letter"": ""A"", ""name"": ""Chorus""}]",
059_WM030-02-SidPeacock02mp3.mp3,10,Intro(A) 0.0-2.6s | Verse(B) 2.6-4.3s | Chorus(C) 4.3-13.4s | Bridge(D) 13.4-15.1s | Chorus(C) 15.1-17.6s | Bridge(E) 17.6-19.1s | Bridge(F) 19.1-19.7s | Chorus(C) 19.7-22.5s | Chorus(C) 22.5-28.2s | Outro(G) 28.2-29.9s,"[{""start"": 0.0, ""end"": 2.6, ""duration"": 2.6, ""letter"": ""A"", ""name"": ""Intro""}, {""start"": 2.6, ""end"": 4.27, ""duration"": 1.67, ""letter"": ""B"", ""name"": ""Verse""}, {""start"": 4.27, ""end"": 13.37, ""duration"": 9.1, ""letter"": ""C"", ""name"": ""Chorus""}, {""start"": 13.37, ""end"": 15.05, ""duration"": 1.67, ""letter"": ""D"", ""name"": ""Bridge""}, {""start"": 15.05, ""end"": 17.65, ""duration"": 2.6, ""letter"": ""C"", ""name"": ""Chorus""}, {""start"": 17.65, ""end"": 19.13, ""duration"": 1.49, ""letter"": ""E"", ""name"": ""Bridge""}, {""start"": 19.13, ""end"": 19.69, ""duration"": 0.56, ""letter"": ""F"", ""name"": ""Bridge""}, {""start"": 19.69, ""end"": 22.48, ""duration"": 2.79, ""letter"": ""C"", ""name"": ""Chorus""}, {""start"": 22.48, ""end"": 28.24, ""duration"": 5.76, ""letter"": ""C"", ""name"": ""Chorus""}, {""start"": 28.24, ""end"": 29.91, ""duration"": 1.67, ""letter"": ""G"", ""name"": ""Outro""}]",
060_Song_for_Bilbao.mp3,10,Intro(A) 0.0-1.3s | Verse(B) 1.3-3.0s | Chorus(C) 3.0-8.5s | Chorus(C) 8.5-14.3s | Verse(D) 14.3-16.4s | Verse(E) 16.4-18.4s | Verse(F) 18.4-22.7s | Verse(D) 22.7-24.7s | Verse(E) 24.7-27.9s | Outro(F) 27.9-29.9s,"[{""start"": 0.0, ""end"": 1.3, ""duration"": 1.3, ""letter"": ""A"", ""name"": ""Intro""}, {""start"": 1.3, ""end"": 2.97, ""duration"": 1.67, ""letter"": ""B"", ""name"": ""Verse""}, {""start"": 2.97, ""end"": 8.54, ""duration"": 5.57, ""letter"": ""C"", ""name"": ""Chorus""}, {""start"": 8.54, ""end"": 14.3, ""duration"": 5.76, ""letter"": ""C"", ""name"": ""Chorus""}, {""start"": 14.3, ""end"": 16.35, ""duration"": 2.04, ""letter"": ""D"", ""name"": ""Verse""}, {""start"": 16.35, ""end"": 18.39, ""duration"": 2.04, ""letter"": ""E"", ""name"": ""Verse""}, {""start"": 18.39, ""end"": 22.66, ""duration"": 4.27, ""letter"": ""F"", ""name"": ""Verse""}, {""start"": 22.66, ""end"": 24.71, ""duration"": 2.04, ""letter"": ""D"", ""name"": ""Verse""}, {""start"": 24.71, ""end"": 27.86, ""duration"": 3.16, ""letter"": ""E"", ""name"": ""Verse""}, {""start"": 27.86, ""end"": 29.91, ""duration"": 2.04, ""letter"": ""F"", ""name"": ""Outro""}]",
061_C-mol_blues.mp3,10,Chorus(A) 0.0-7.4s | Verse(B) 7.4-8.0s | Chorus(A) 8.0-11.5s | Bridge(C) 11.5-12.1s | Chorus(A) 12.1-15.8s | Chorus(A) 15.8-17.6s | Chorus(A) 17.6-21.0s | Bridge(D) 21.0-24.5s | Bridge(E) 24.5-26.8s | Chorus(A) 26.8-29.9s,"[{""start"": 0.0, ""end"": 7.43, ""duration"": 7.43, ""letter"": ""A"", ""name"": ""Chorus""}, {""start"": 7.43, ""end"": 7.99, ""duration"": 0.56, ""letter"": ""B"", ""name"": ""Verse""}, {""start"": 7.99, ""end"": 11.52, ""duration"": 3.53, ""letter"": ""A"", ""name"": ""Chorus""}, {""start"": 11.52, ""end"": 12.07, ""duration"": 0.56, ""letter"": ""C"", ""name"": ""Bridge""}, {""start"": 12.07, ""end"": 15.79, ""duration"": 3.72, ""letter"": ""A"", ""name"": ""Chorus""}, {""start"": 15.79, ""end"": 17.65, ""duration"": 1.86, ""letter"": ""A"", ""name"": ""Chorus""}, {""start"": 17.65, ""end"": 20.99, ""duration"": 3.34, ""letter"": ""A"", ""name"": ""Chorus""}, {""start"": 20.99, ""end"": 24.52, ""duration"": 3.53, ""letter"": ""D"", ""name"": ""Bridge""}, {""start"": 24.52, ""end"": 26.75, ""duration"": 2.23, ""letter"": ""E"", ""name"": ""Bridge""}, {""start"": 26.75, ""end"": 29.91, ""duration"": 3.16, ""letter"": ""A"", ""name"": ""Chorus""}]",
062_Blue_bossa.mp3,10,Chorus(A) 0.0-5.2s | Verse(B) 5.2-5.8s | Verse(C) 5.8-11.9s | Bridge(D) 11.9-12.6s | Bridge(E) 12.6-14.1s | Chorus(A) 14.1-20.4s | Verse(C) 20.4-25.1s | Verse(B) 25.1-25.4s | Verse(C) 25.4-27.3s | Chorus(A) 27.3-29.9s,"[{""start"": 0.0, ""end"": 5.2, ""duration"": 5.2, ""letter"": ""A"", ""name"": ""Chorus""}, {""start"": 5.2, ""end"": 5.76, ""duration"": 0.56, ""letter"": ""B"", ""name"": ""Verse""}, {""start"": 5.76, ""end"": 11.89, ""duration"": 6.13, ""letter"": ""C"", ""name"": ""Verse""}, {""start"": 11.89, ""end"": 12.63, ""duration"": 0.74, ""letter"": ""D"", ""name"": ""Bridge""}, {""start"": 12.63, ""end"": 14.12, ""duration"": 1.49, ""letter"": ""E"", ""name"": ""Bridge""}, {""start"": 14.12, ""end"": 20.43, ""duration"": 6.32, ""letter"": ""A"", ""name"": ""Chorus""}, {""start"": 20.43, ""end"": 25.08, ""duration"": 4.64, ""letter"": ""C"", ""name"": ""Verse""}, {""start"": 25.08, ""end"": 25.45, ""duration"": 0.37, ""letter"": ""B"", ""name"": ""Verse""}, {""start"": 25.45, ""end"": 27.31, ""duration"": 1.86, ""letter"": ""C"", ""name"": ""Verse""}, {""start"": 27.31, ""end"": 29.91, ""duration"": 2.6, ""letter"": ""A"", ""name"": ""Chorus""}]",
063_WM030-03-SidPeacock03mp3.mp3,10,Chorus(A) 0.0-4.8s | Verse(B) 4.8-6.5s | Verse(C) 6.5-9.7s | Chorus(A) 9.7-16.2s | Verse(C) 16.2-19.5s | Bridge(D) 19.5-20.8s | Bridge(E) 20.8-23.6s | Bridge(F) 23.6-25.4s | Verse(G) 25.4-28.6s | Outro(H) 28.6-29.9s,"[{""start"": 0.0, ""end"": 4.83, ""duration"": 4.83, ""letter"": ""A"", ""name"": ""Chorus""}, {""start"": 4.83, ""end"": 6.5, ""duration"": 1.67, ""letter"": ""B"", ""name"": ""Verse""}, {""start"": 6.5, ""end"": 9.66, ""duration"": 3.16, ""letter"": ""C"", ""name"": ""Verse""}, {""start"": 9.66, ""end"": 16.16, ""duration"": 6.5, ""letter"": ""A"", ""name"": ""Chorus""}, {""start"": 16.16, ""end"": 19.5, ""duration"": 3.34, ""letter"": ""C"", ""name"": ""Verse""}, {""start"": 19.5, ""end"": 20.81, ""duration"": 1.3, ""letter"": ""D"", ""name"": ""Bridge""}, {""start"": 20.81, ""end"": 23.59, ""duration"": 2.79, ""letter"": ""E"", ""name"": ""Bridge""}, {""start"": 23.59, ""end"": 25.45, ""duration"": 1.86, ""letter"": ""F"", ""name"": ""Bridge""}, {""start"": 25.45, ""end"": 28.61, ""duration"": 3.16, ""letter"": ""G"", ""name"": ""Verse""}, {""start"": 28.61, ""end"": 29.91, ""duration"": 1.3, ""letter"": ""H"", ""name"": ""Outro""}]",
064_WM030-06-SidPeacock06mp3.mp3,10,Chorus(A) 0.0-5.9s | Verse(B) 5.9-6.7s | Chorus(A) 6.7-16.0s | Bridge(C) 16.0-17.6s | Bridge(D) 17.6-18.6s | Verse(E) 18.6-22.1s | Bridge(F) 22.1-23.2s | Bridge(G) 23.2-24.0s | Bridge(H) 24.0-25.4s | Outro(E) 25.4-29.9s,"[{""start"": 0.0, ""end"": 5.94, ""duration"": 5.94, ""letter"": ""A"", ""name"": ""Chorus""}, {""start"": 5.94, ""end"": 6.69, ""duration"": 0.74, ""letter"": ""B"", ""name"": ""Verse""}, {""start"": 6.69, ""end"": 15.98, ""duration"": 9.29, ""letter"": ""A"", ""name"": ""Chorus""}, {""start"": 15.98, ""end"": 17.65, ""duration"": 1.67, ""letter"": ""C"", ""name"": ""Bridge""}, {""start"": 17.65, ""end"": 18.58, ""duration"": 0.93, ""letter"": ""D"", ""name"": ""Bridge""}, {""start"": 18.58, ""end"": 22.11, ""duration"": 3.53, ""letter"": ""E"", ""name"": ""Verse""}, {""start"": 22.11, ""end"": 23.22, ""duration"": 1.11, ""letter"": ""F"", ""name"": ""Bridge""}, {""start"": 23.22, ""end"": 23.96, ""duration"": 0.74, ""letter"": ""G"", ""name"": ""Bridge""}, {""start"": 23.96, ""end"": 25.45, ""duration"": 1.49, ""letter"": ""H"", ""name"": ""Bridge""}, {""start"": 25.45, ""end"": 29.91, ""duration"": 4.46, ""letter"": ""E"", ""name"": ""Outro""}]",
065_Kurina_blues.mp3,10,Chorus(A) 0.0-3.3s | Verse(B) 3.3-6.5s | Chorus(A) 6.5-12.3s | Chorus(A) 12.3-14.1s | Verse(C) 14.1-18.4s | Chorus(A) 18.4-22.1s | Bridge(D) 22.1-24.9s | Bridge(E) 24.9-25.4s | Verse(C) 25.4-28.8s | Verse(C) 28.8-29.9s,"[{""start"": 0.0, ""end"": 3.34, ""duration"": 3.34, ""letter"": ""A"", ""name"": ""Chorus""}, {""start"": 3.34, ""end"": 6.5, ""duration"": 3.16, ""letter"": ""B"", ""name"": ""Verse""}, {""start"": 6.5, ""end"": 12.26, ""duration"": 5.76, ""letter"": ""A"", ""name"": ""Chorus""}, {""start"": 12.26, ""end"": 14.12, ""duration"": 1.86, ""letter"": ""A"", ""name"": ""Chorus""}, {""start"": 14.12, ""end"": 18.39, ""duration"": 4.27, ""letter"": ""C"", ""name"": ""Verse""}, {""start"": 18.39, ""end"": 22.11, ""duration"": 3.72, ""letter"": ""A"", ""name"": ""Chorus""}, {""start"": 22.11, ""end"": 24.89, ""duration"": 2.79, ""letter"": ""D"", ""name"": ""Bridge""}, {""start"": 24.89, ""end"": 25.45, ""duration"": 0.56, ""letter"": ""E"", ""name"": ""Bridge""}, {""start"": 25.45, ""end"": 28.79, ""duration"": 3.34, ""letter"": ""C"", ""name"": ""Verse""}, {""start"": 28.79, ""end"": 29.91, ""duration"": 1.11, ""letter"": ""C"", ""name"": ""Verse""}]",
066_WM030-05-SidPeacock05mp3.mp3,10,Chorus(A) 0.0-3.9s | Verse(B) 3.9-4.6s | Verse(C) 4.6-5.9s | Verse(D) 5.9-9.3s | Bridge(E) 9.3-10.6s | Bridge(F) 10.6-13.0s | Bridge(G) 13.0-16.5s | Bridge(H) 16.5-17.5s | Chorus(A) 17.5-19.9s | Bridge(I) 19.9-29.9s,"[{""start"": 0.0, ""end"": 3.9, ""duration"": 3.9, ""letter"": ""A"", ""name"": ""Chorus""}, {""start"": 3.9, ""end"": 4.64, ""duration"": 0.74, ""letter"": ""B"", ""name"": ""Verse""}, {""start"": 4.64, ""end"": 5.94, ""duration"": 1.3, ""letter"": ""C"", ""name"": ""Verse""}, {""start"": 5.94, ""end"": 9.29, ""duration"": 3.34, ""letter"": ""D"", ""name"": ""Verse""}, {""start"": 9.29, ""end"": 10.59, ""duration"": 1.3, ""letter"": ""E"", ""name"": ""Bridge""}, {""start"": 10.59, ""end"": 13.0, ""duration"": 2.41, ""letter"": ""F"", ""name"": ""Bridge""}, {""start"": 13.0, ""end"": 16.53, ""duration"": 3.53, ""letter"": ""G"", ""name"": ""Bridge""}, {""start"": 16.53, ""end"": 17.46, ""duration"": 0.93, ""letter"": ""H"", ""name"": ""Bridge""}, {""start"": 17.46, ""end"": 19.88, ""duration"": 2.41, ""letter"": ""A"", ""name"": ""Chorus""}, {""start"": 19.88, ""end"": 29.91, ""duration"": 10.03, ""letter"": ""I"", ""name"": ""Bridge""}]",
067_As_Lovers_Do.mp3,10,Chorus(A) 0.0-2.2s | Verse(B) 2.2-5.0s | Verse(C) 5.0-7.6s | Bridge(D) 7.6-16.0s | Bridge(E) 16.0-17.8s | Bridge(F) 17.8-23.0s | Bridge(G) 23.0-24.3s | Bridge(H) 24.3-26.6s | Verse(I) 26.6-29.2s | Outro(J) 29.2-29.9s,"[{""start"": 0.0, ""end"": 2.23, ""duration"": 2.23, ""letter"": ""A"", ""name"": ""Chorus""}, {""start"": 2.23, ""end"": 5.02, ""duration"": 2.79, ""letter"": ""B"", ""name"": ""Verse""}, {""start"": 5.02, ""end"": 7.62, ""duration"": 2.6, ""letter"": ""C"", ""name"": ""Verse""}, {""start"": 7.62, ""end"": 15.98, ""duration"": 8.36, ""letter"": ""D"", ""name"": ""Bridge""}, {""start"": 15.98, ""end"": 17.83, ""duration"": 1.86, ""letter"": ""E"", ""name"": ""Bridge""}, {""start"": 17.83, ""end"": 23.03, ""duration"": 5.2, ""letter"": ""F"", ""name"": ""Bridge""}, {""start"": 23.03, ""end"": 24.33, ""duration"": 1.3, ""letter"": ""G"", ""name"": ""Bridge""}, {""start"": 24.33, ""end"": 26.56, ""duration"": 2.23, ""letter"": ""H"", ""name"": ""Bridge""}, {""start"": 26.56, ""end"": 29.16, ""duration"": 2.6, ""letter"": ""I"", ""name"": ""Verse""}, {""start"": 29.16, ""end"": 29.91, ""duration"": 0.74, ""letter"": ""J"", ""name"": ""Outro""}]",
068_Mistress_of_Pink_Noise.mp3,10,Verse(A) 0.0-7.2s | Chorus(B) 7.2-12.1s | Bridge(C) 12.1-13.2s | Chorus(B) 13.2-14.9s | Chorus(B) 14.9-16.5s | Verse(A) 16.5-18.2s | Chorus(B) 18.2-24.1s | Chorus(B) 24.1-25.8s | Verse(D) 25.8-27.3s | Outro(E) 27.3-29.9s,"[{""start"": 0.0, ""end"": 7.24, ""duration"": 7.24, ""letter"": ""A"", ""name"": ""Verse""}, {""start"": 7.24, ""end"": 12.07, ""duration"": 4.83, ""letter"": ""B"", ""name"": ""Chorus""}, {""start"": 12.07, ""end"": 13.19, ""duration"": 1.11, ""letter"": ""C"", ""name"": ""Bridge""}, {""start"": 13.19, ""end"": 14.86, ""duration"": 1.67, ""letter"": ""B"", ""name"": ""Chorus""}, {""start"": 14.86, ""end"": 16.53, ""duration"": 1.67, ""letter"": ""B"", ""name"": ""Chorus""}, {""start"": 16.53, ""end"": 18.2, ""duration"": 1.67, ""letter"": ""A"", ""name"": ""Verse""}, {""start"": 18.2, ""end"": 24.15, ""duration"": 5.94, ""letter"": ""B"", ""name"": ""Chorus""}, {""start"": 24.15, ""end"": 25.82, ""duration"": 1.67, ""letter"": ""B"", ""name"": ""Chorus""}, {""start"": 25.82, ""end"": 27.31, ""duration"": 1.49, ""letter"": ""D"", ""name"": ""Verse""}, {""start"": 27.31, ""end"": 29.91, ""duration"": 2.6, ""letter"": ""E"", ""name"": ""Outro""}]",
069_ashes-of-paradise.mp3,10,Chorus(A) 0.0-4.3s | Chorus(A) 4.3-6.3s | Chorus(A) 6.3-13.4s | Verse(B) 13.4-15.4s | Bridge(C) 15.4-15.8s | Bridge(D) 15.8-20.1s | Chorus(A) 20.1-23.4s | Bridge(E) 23.4-24.3s | Verse(B) 24.3-26.4s | Chorus(A) 26.4-29.9s,"[{""start"": 0.0, ""end"": 4.27, ""duration"": 4.27, ""letter"": ""A"", ""name"": ""Chorus""}, {""start"": 4.27, ""end"": 6.32, ""duration"": 2.04, ""letter"": ""A"", ""name"": ""Chorus""}, {""start"": 6.32, ""end"": 13.37, ""duration"": 7.06, ""letter"": ""A"", ""name"": ""Chorus""}, {""start"": 13.37, ""end"": 15.42, ""duration"": 2.04, ""letter"": ""B"", ""name"": ""Verse""}, {""start"": 15.42, ""end"": 15.79, ""duration"": 0.37, ""letter"": ""C"", ""name"": ""Bridge""}, {""start"": 15.79, ""end"": 20.06, ""duration"": 4.27, ""letter"": ""D"", ""name"": ""Bridge""}, {""start"": 20.06, ""end"": 23.41, ""duration"": 3.34, ""letter"": ""A"", ""name"": ""Chorus""}, {""start"": 23.41, ""end"": 24.33, ""duration"": 0.93, ""letter"": ""E"", ""name"": ""Bridge""}, {""start"": 24.33, ""end"": 26.38, ""duration"": 2.04, ""letter"": ""B"", ""name"": ""Verse""}, {""start"": 26.38, ""end"": 29.91, ""duration"": 3.53, ""letter"": ""A"", ""name"": ""Chorus""}]",
070_Thief_of_a_Day.mp3,10,Chorus(A) 0.0-3.7s | Verse(B) 3.7-4.3s | Verse(C) 4.3-5.6s | Chorus(A) 5.6-8.9s | Verse(B) 8.9-9.5s | Chorus(A) 9.5-10.2s | Bridge(D) 10.2-10.8s | Chorus(A) 10.8-13.0s | Chorus(A) 13.0-23.8s | Bridge(E) 23.8-29.9s,"[{""start"": 0.0, ""end"": 3.72, ""duration"": 3.72, ""letter"": ""A"", ""name"": ""Chorus""}, {""start"": 3.72, ""end"": 4.27, ""duration"": 0.56, ""letter"": ""B"", ""name"": ""Verse""}, {""start"": 4.27, ""end"": 5.57, ""duration"": 1.3, ""letter"": ""C"", ""name"": ""Verse""}, {""start"": 5.57, ""end"": 8.92, ""duration"": 3.34, ""letter"": ""A"", ""name"": ""Chorus""}, {""start"": 8.92, ""end"": 9.47, ""duration"": 0.56, ""letter"": ""B"", ""name"": ""Verse""}, {""start"": 9.47, ""end"": 10.22, ""duration"": 0.74, ""letter"": ""A"", ""name"": ""Chorus""}, {""start"": 10.22, ""end"": 10.77, ""duration"": 0.56, ""letter"": ""D"", ""name"": ""Bridge""}, {""start"": 10.77, ""end"": 13.0, ""duration"": 2.23, ""letter"": ""A"", ""name"": ""Chorus""}, {""start"": 13.0, ""end"": 23.78, ""duration"": 10.77, ""letter"": ""A"", ""name"": ""Chorus""}, {""start"": 23.78, ""end"": 29.91, ""duration"": 6.13, ""letter"": ""E"", ""name"": ""Bridge""}]",
071_Low_Leaves_of_Summertime.mp3,10,Intro(A) 0.0-0.9s | Chorus(B) 0.9-6.3s | Chorus(B) 6.3-15.6s | Bridge(C) 15.6-16.4s | Chorus(B) 16.4-19.5s | Chorus(B) 19.5-24.3s | Bridge(D) 24.3-25.4s | Chorus(B) 25.4-28.1s | Verse(E) 28.1-29.0s | Outro(F) 29.0-29.9s,"[{""start"": 0.0, ""end"": 0.93, ""duration"": 0.93, ""letter"": ""A"", ""name"": ""Intro""}, {""start"": 0.93, ""end"": 6.32, ""duration"": 5.39, ""letter"": ""B"", ""name"": ""Chorus""}, {""start"": 6.32, ""end"": 15.6, ""duration"": 9.29, ""letter"": ""B"", ""name"": ""Chorus""}, {""start"": 15.6, ""end"": 16.35, ""duration"": 0.74, ""letter"": ""C"", ""name"": ""Bridge""}, {""start"": 16.35, ""end"": 19.5, ""duration"": 3.16, ""letter"": ""B"", ""name"": ""Chorus""}, {""start"": 19.5, ""end"": 24.33, ""duration"": 4.83, ""letter"": ""B"", ""name"": ""Chorus""}, {""start"": 24.33, ""end"": 25.45, ""duration"": 1.11, ""letter"": ""D"", ""name"": ""Bridge""}, {""start"": 25.45, ""end"": 28.05, ""duration"": 2.6, ""letter"": ""B"", ""name"": ""Chorus""}, {""start"": 28.05, ""end"": 28.98, ""duration"": 0.93, ""letter"": ""E"", ""name"": ""Verse""}, {""start"": 28.98, ""end"": 29.91, ""duration"": 0.93, ""letter"": ""F"", ""name"": ""Outro""}]",
072_heart-like-a-wave.mp3,10,Chorus(A) 0.0-2.0s | Verse(B) 2.0-5.6s | Chorus(A) 5.6-13.9s | Bridge(C) 13.9-14.3s | Chorus(A) 14.3-17.8s | Verse(B) 17.8-19.7s | Verse(B) 19.7-26.0s | Verse(D) 26.0-26.6s | Verse(E) 26.6-28.2s | Outro(F) 28.2-29.9s,"[{""start"": 0.0, ""end"": 2.04, ""duration"": 2.04, ""letter"": ""A"", ""name"": ""Chorus""}, {""start"": 2.04, ""end"": 5.57, ""duration"": 3.53, ""letter"": ""B"", ""name"": ""Verse""}, {""start"": 5.57, ""end"": 13.93, ""duration"": 8.36, ""letter"": ""A"", ""name"": ""Chorus""}, {""start"": 13.93, ""end"": 14.3, ""duration"": 0.37, ""letter"": ""C"", ""name"": ""Bridge""}, {""start"": 14.3, ""end"": 17.83, ""duration"": 3.53, ""letter"": ""A"", ""name"": ""Chorus""}, {""start"": 17.83, ""end"": 19.69, ""duration"": 1.86, ""letter"": ""B"", ""name"": ""Verse""}, {""start"": 19.69, ""end"": 26.01, ""duration"": 6.32, ""letter"": ""B"", ""name"": ""Verse""}, {""start"": 26.01, ""end"": 26.56, ""duration"": 0.56, ""letter"": ""D"", ""name"": ""Verse""}, {""start"": 26.56, ""end"": 28.24, ""duration"": 1.67, ""letter"": ""E"", ""name"": ""Verse""}, {""start"": 28.24, ""end"": 29.91, ""duration"": 1.67, ""letter"": ""F"", ""name"": ""Outro""}]",
073_TheKeeper.mp3,10,Chorus(A) 0.0-5.2s | Verse(B) 5.2-7.8s | Bridge(C) 7.8-9.1s | Verse(D) 9.1-12.4s | Bridge(E) 12.4-15.8s | Verse(B) 15.8-18.6s | Bridge(F) 18.6-19.9s | Bridge(G) 19.9-21.4s | Verse(D) 21.4-26.9s | Chorus(A) 26.9-29.9s,"[{""start"": 0.0, ""end"": 5.2, ""duration"": 5.2, ""letter"": ""A"", ""name"": ""Chorus""}, {""start"": 5.2, ""end"": 7.8, ""duration"": 2.6, ""letter"": ""B"", ""name"": ""Verse""}, {""start"": 7.8, ""end"": 9.1, ""duration"": 1.3, ""letter"": ""C"", ""name"": ""Bridge""}, {""start"": 9.1, ""end"": 12.45, ""duration"": 3.34, ""letter"": ""D"", ""name"": ""Verse""}, {""start"": 12.45, ""end"": 15.79, ""duration"": 3.34, ""letter"": ""E"", ""name"": ""Bridge""}, {""start"": 15.79, ""end"": 18.58, ""duration"": 2.79, ""letter"": ""B"", ""name"": ""Verse""}, {""start"": 18.58, ""end"": 19.88, ""duration"": 1.3, ""letter"": ""F"", ""name"": ""Bridge""}, {""start"": 19.88, ""end"": 21.36, ""duration"": 1.49, ""letter"": ""G"", ""name"": ""Bridge""}, {""start"": 21.36, ""end"": 26.94, ""duration"": 5.57, ""letter"": ""D"", ""name"": ""Verse""}, {""start"": 26.94, ""end"": 29.91, ""duration"": 2.97, ""letter"": ""A"", ""name"": ""Chorus""}]",
074_Ann_Alee_-_Infant_Holy2C_Infant_Lowly.mp3,10,Chorus(A) 0.0-1.9s | Verse(B) 1.9-3.0s | Chorus(A) 3.0-5.9s | Verse(C) 5.9-7.6s | Chorus(A) 7.6-13.4s | Bridge(D) 13.4-14.5s | Chorus(A) 14.5-22.1s | Bridge(E) 22.1-24.5s | Verse(C) 24.5-26.6s | Outro(F) 26.6-29.9s,"[{""start"": 0.0, ""end"": 1.86, ""duration"": 1.86, ""letter"": ""A"", ""name"": ""Chorus""}, {""start"": 1.86, ""end"": 2.97, ""duration"": 1.11, ""letter"": ""B"", ""name"": ""Verse""}, {""start"": 2.97, ""end"": 5.94, ""duration"": 2.97, ""letter"": ""A"", ""name"": ""Chorus""}, {""start"": 5.94, ""end"": 7.62, ""duration"": 1.67, ""letter"": ""C"", ""name"": ""Verse""}, {""start"": 7.62, ""end"": 13.37, ""duration"": 5.76, ""letter"": ""A"", ""name"": ""Chorus""}, {""start"": 13.37, ""end"": 14.49, ""duration"": 1.11, ""letter"": ""D"", ""name"": ""Bridge""}, {""start"": 14.49, ""end"": 22.11, ""duration"": 7.62, ""letter"": ""A"", ""name"": ""Chorus""}, {""start"": 22.11, ""end"": 24.52, ""duration"": 2.41, ""letter"": ""E"", ""name"": ""Bridge""}, {""start"": 24.52, ""end"": 26.56, ""duration"": 2.04, ""letter"": ""C"", ""name"": ""Verse""}, {""start"": 26.56, ""end"": 29.91, ""duration"": 3.34, ""letter"": ""F"", ""name"": ""Outro""}]",
075_any-single-thing.mp3,10,Chorus(A) 0.0-1.7s | Verse(B) 1.7-3.5s | Verse(C) 3.5-5.8s | Verse(D) 5.8-7.2s | Chorus(A) 7.2-19.7s | Verse(E) 19.7-23.4s | Verse(E) 23.4-25.6s | Verse(E) 25.6-28.1s | Chorus(A) 28.1-29.2s | Outro(F) 29.2-29.9s,"[{""start"": 0.0, ""end"": 1.67, ""duration"": 1.67, ""letter"": ""A"", ""name"": ""Chorus""}, {""start"": 1.67, ""end"": 3.53, ""duration"": 1.86, ""letter"": ""B"", ""name"": ""Verse""}, {""start"": 3.53, ""end"": 5.76, ""duration"": 2.23, ""letter"": ""C"", ""name"": ""Verse""}, {""start"": 5.76, ""end"": 7.24, ""duration"": 1.49, ""letter"": ""D"", ""name"": ""Verse""}, {""start"": 7.24, ""end"": 19.69, ""duration"": 12.45, ""letter"": ""A"", ""name"": ""Chorus""}, {""start"": 19.69, ""end"": 23.41, ""duration"": 3.72, ""letter"": ""E"", ""name"": ""Verse""}, {""start"": 23.41, ""end"": 25.63, ""duration"": 2.23, ""letter"": ""E"", ""name"": ""Verse""}, {""start"": 25.63, ""end"": 28.05, ""duration"": 2.41, ""letter"": ""E"", ""name"": ""Verse""}, {""start"": 28.05, ""end"": 29.16, ""duration"": 1.11, ""letter"": ""A"", ""name"": ""Chorus""}, {""start"": 29.16, ""end"": 29.91, ""duration"": 0.74, ""letter"": ""F"", ""name"": ""Outro""}]",
076_baby-write.mp3,10,Chorus(A) 0.0-2.8s | Verse(B) 2.8-5.2s | Chorus(A) 5.2-9.5s | Verse(C) 9.5-11.2s | Chorus(A) 11.2-19.9s | Bridge(D) 19.9-21.6s | Chorus(A) 21.6-23.2s | Verse(C) 23.2-24.7s | Bridge(E) 24.7-26.2s | Outro(F) 26.2-29.9s,"[{""start"": 0.0, ""end"": 2.79, ""duration"": 2.79, ""letter"": ""A"", ""name"": ""Chorus""}, {""start"": 2.79, ""end"": 5.2, ""duration"": 2.41, ""letter"": ""B"", ""name"": ""Verse""}, {""start"": 5.2, ""end"": 9.47, ""duration"": 4.27, ""letter"": ""A"", ""name"": ""Chorus""}, {""start"": 9.47, ""end"": 11.15, ""duration"": 1.67, ""letter"": ""C"", ""name"": ""Verse""}, {""start"": 11.15, ""end"": 19.88, ""duration"": 8.73, ""letter"": ""A"", ""name"": ""Chorus""}, {""start"": 19.88, ""end"": 21.55, ""duration"": 1.67, ""letter"": ""D"", ""name"": ""Bridge""}, {""start"": 21.55, ""end"": 23.22, ""duration"": 1.67, ""letter"": ""A"", ""name"": ""Chorus""}, {""start"": 23.22, ""end"": 24.71, ""duration"": 1.49, ""letter"": ""C"", ""name"": ""Verse""}, {""start"": 24.71, ""end"": 26.19, ""duration"": 1.49, ""letter"": ""E"", ""name"": ""Bridge""}, {""start"": 26.19, ""end"": 29.91, ""duration"": 3.72, ""letter"": ""F"", ""name"": ""Outro""}]",
077_goodbye-jazz.mp3,10,Chorus(A) 0.0-3.7s | Chorus(A) 3.7-5.8s | Chorus(A) 5.8-8.7s | Chorus(A) 8.7-12.1s | Chorus(A) 12.1-14.9s | Chorus(A) 14.9-15.8s | Verse(B) 15.8-18.8s | Verse(B) 18.8-19.7s | Chorus(A) 19.7-28.8s | Outro(C) 28.8-29.9s,"[{""start"": 0.0, ""end"": 3.72, ""duration"": 3.72, ""letter"": ""A"", ""name"": ""Chorus""}, {""start"": 3.72, ""end"": 5.76, ""duration"": 2.04, ""letter"": ""A"", ""name"": ""Chorus""}, {""start"": 5.76, ""end"": 8.73, ""duration"": 2.97, ""letter"": ""A"", ""name"": ""Chorus""}, {""start"": 8.73, ""end"": 12.07, ""duration"": 3.34, ""letter"": ""A"", ""name"": ""Chorus""}, {""start"": 12.07, ""end"": 14.86, ""duration"": 2.79, ""letter"": ""A"", ""name"": ""Chorus""}, {""start"": 14.86, ""end"": 15.79, ""duration"": 0.93, ""letter"": ""A"", ""name"": ""Chorus""}, {""start"": 15.79, ""end"": 18.76, ""duration"": 2.97, ""letter"": ""B"", ""name"": ""Verse""}, {""start"": 18.76, ""end"": 19.69, ""duration"": 0.93, ""letter"": ""B"", ""name"": ""Verse""}, {""start"": 19.69, ""end"": 28.79, ""duration"": 9.1, ""letter"": ""A"", ""name"": ""Chorus""}, {""start"": 28.79, ""end"": 29.91, ""duration"": 1.11, ""letter"": ""C"", ""name"": ""Outro""}]",
078_wohin.mp3,10,Chorus(A) 0.0-5.2s | Verse(B) 5.2-8.0s | Chorus(A) 8.0-9.7s | Verse(B) 9.7-10.2s | Chorus(A) 10.2-21.0s | Bridge(C) 21.0-22.7s | Bridge(D) 22.7-26.0s | Verse(E) 26.0-26.6s | Chorus(A) 26.6-28.2s | Chorus(A) 28.2-29.9s,"[{""start"": 0.0, ""end"": 5.2, ""duration"": 5.2, ""letter"": ""A"", ""name"": ""Chorus""}, {""start"": 5.2, ""end"": 7.99, ""duration"": 2.79, ""letter"": ""B"", ""name"": ""Verse""}, {""start"": 7.99, ""end"": 9.66, ""duration"": 1.67, ""letter"": ""A"", ""name"": ""Chorus""}, {""start"": 9.66, ""end"": 10.22, ""duration"": 0.56, ""letter"": ""B"", ""name"": ""Verse""}, {""start"": 10.22, ""end"": 20.99, ""duration"": 10.77, ""letter"": ""A"", ""name"": ""Chorus""}, {""start"": 20.99, ""end"": 22.66, ""duration"": 1.67, ""letter"": ""C"", ""name"": ""Bridge""}, {""start"": 22.66, ""end"": 26.01, ""duration"": 3.34, ""letter"": ""D"", ""name"": ""Bridge""}, {""start"": 26.01, ""end"": 26.56, ""duration"": 0.56, ""letter"": ""E"", ""name"": ""Verse""}, {""start"": 26.56, ""end"": 28.24, ""duration"": 1.67, ""letter"": ""A"", ""name"": ""Chorus""}, {""start"": 28.24, ""end"": 29.91, ""duration"": 1.67, ""letter"": ""A"", ""name"": ""Chorus""}]",
079_shelter-from-the-storm.mp3,10,Chorus(A) 0.0-3.9s | Verse(B) 3.9-6.9s | Verse(B) 6.9-13.0s | Verse(C) 13.0-14.1s | Bridge(D) 14.1-18.4s | Chorus(A) 18.4-21.9s | Verse(C) 21.9-22.9s | Chorus(A) 22.9-27.3s | Verse(E) 27.3-28.6s | Chorus(A) 28.6-29.9s,"[{""start"": 0.0, ""end"": 3.9, ""duration"": 3.9, ""letter"": ""A"", ""name"": ""Chorus""}, {""start"": 3.9, ""end"": 6.87, ""duration"": 2.97, ""letter"": ""B"", ""name"": ""Verse""}, {""start"": 6.87, ""end"": 13.0, ""duration"": 6.13, ""letter"": ""B"", ""name"": ""Verse""}, {""start"": 13.0, ""end"": 14.12, ""duration"": 1.11, ""letter"": ""C"", ""name"": ""Verse""}, {""start"": 14.12, ""end"": 18.39, ""duration"": 4.27, ""letter"": ""D"", ""name"": ""Bridge""}, {""start"": 18.39, ""end"": 21.92, ""duration"": 3.53, ""letter"": ""A"", ""name"": ""Chorus""}, {""start"": 21.92, ""end"": 22.85, ""duration"": 0.93, ""letter"": ""C"", ""name"": ""Verse""}, {""start"": 22.85, ""end"": 27.31, ""duration"": 4.46, ""letter"": ""A"", ""name"": ""Chorus""}, {""start"": 27.31, ""end"": 28.61, ""duration"": 1.3, ""letter"": ""E"", ""name"": ""Verse""}, {""start"": 28.61, ""end"": 29.91, ""duration"": 1.3, ""letter"": ""A"", ""name"": ""Chorus""}]",
080_manchmal.mp3,10,Intro(A) 0.0-1.1s | Verse(B) 1.1-1.9s | Verse(C) 1.9-3.7s | Verse(D) 3.7-4.1s | Chorus(E) 4.1-7.4s | Chorus(E) 7.4-11.2s | Chorus(E) 11.2-16.9s | Bridge(F) 16.9-20.2s | Chorus(E) 20.2-24.1s | Chorus(E) 24.1-29.9s,"[{""start"": 0.0, ""end"": 1.11, ""duration"": 1.11, ""letter"": ""A"", ""name"": ""Intro""}, {""start"": 1.11, ""end"": 1.86, ""duration"": 0.74, ""letter"": ""B"", ""name"": ""Verse""}, {""start"": 1.86, ""end"": 3.72, ""duration"": 1.86, ""letter"": ""C"", ""name"": ""Verse""}, {""start"": 3.72, ""end"": 4.09, ""duration"": 0.37, ""letter"": ""D"", ""name"": ""Verse""}, {""start"": 4.09, ""end"": 7.43, ""duration"": 3.34, ""letter"": ""E"", ""name"": ""Chorus""}, {""start"": 7.43, ""end"": 11.15, ""duration"": 3.72, ""letter"": ""E"", ""name"": ""Chorus""}, {""start"": 11.15, ""end"": 16.9, ""duration"": 5.76, ""letter"": ""E"", ""name"": ""Chorus""}, {""start"": 16.9, ""end"": 20.25, ""duration"": 3.34, ""letter"": ""F"", ""name"": ""Bridge""}, {""start"": 20.25, ""end"": 24.15, ""duration"": 3.9, ""letter"": ""E"", ""name"": ""Chorus""}, {""start"": 24.15, ""end"": 29.91, ""duration"": 5.76, ""letter"": ""E"", ""name"": ""Chorus""}]",
081_jazz-for-the-soul.mp3,10,Chorus(A) 0.0-3.3s | Verse(B) 3.3-7.4s | Verse(C) 7.4-8.4s | Chorus(A) 8.4-11.0s | Bridge(D) 11.0-15.2s | Chorus(A) 15.2-19.3s | Verse(B) 19.3-23.4s | Verse(E) 23.4-25.1s | Bridge(F) 25.1-27.3s | Outro(E) 27.3-29.9s,"[{""start"": 0.0, ""end"": 3.34, ""duration"": 3.34, ""letter"": ""A"", ""name"": ""Chorus""}, {""start"": 3.34, ""end"": 7.43, ""duration"": 4.09, ""letter"": ""B"", ""name"": ""Verse""}, {""start"": 7.43, ""end"": 8.36, ""duration"": 0.93, ""letter"": ""C"", ""name"": ""Verse""}, {""start"": 8.36, ""end"": 10.96, ""duration"": 2.6, ""letter"": ""A"", ""name"": ""Chorus""}, {""start"": 10.96, ""end"": 15.23, ""duration"": 4.27, ""letter"": ""D"", ""name"": ""Bridge""}, {""start"": 15.23, ""end"": 19.32, ""duration"": 4.09, ""letter"": ""A"", ""name"": ""Chorus""}, {""start"": 19.32, ""end"": 23.41, ""duration"": 4.09, ""letter"": ""B"", ""name"": ""Verse""}, {""start"": 23.41, ""end"": 25.08, ""duration"": 1.67, ""letter"": ""E"", ""name"": ""Verse""}, {""start"": 25.08, ""end"": 27.31, ""duration"": 2.23, ""letter"": ""F"", ""name"": ""Bridge""}, {""start"": 27.31, ""end"": 29.91, ""duration"": 2.6, ""letter"": ""E"", ""name"": ""Outro""}]",
082_among-the-stars.mp3,10,Intro(A) 0.0-1.5s | Chorus(B) 1.5-6.3s | Verse(A) 6.3-8.4s | Verse(C) 8.4-10.6s | Bridge(D) 10.6-11.7s | Verse(C) 11.7-13.9s | Chorus(B) 13.9-16.5s | Bridge(E) 16.5-17.5s | Chorus(B) 17.5-22.1s | Chorus(B) 22.1-29.9s,"[{""start"": 0.0, ""end"": 1.49, ""duration"": 1.49, ""letter"": ""A"", ""name"": ""Intro""}, {""start"": 1.49, ""end"": 6.32, ""duration"": 4.83, ""letter"": ""B"", ""name"": ""Chorus""}, {""start"": 6.32, ""end"": 8.36, ""duration"": 2.04, ""letter"": ""A"", ""name"": ""Verse""}, {""start"": 8.36, ""end"": 10.59, ""duration"": 2.23, ""letter"": ""C"", ""name"": ""Verse""}, {""start"": 10.59, ""end"": 11.7, ""duration"": 1.11, ""letter"": ""D"", ""name"": ""Bridge""}, {""start"": 11.7, ""end"": 13.93, ""duration"": 2.23, ""letter"": ""C"", ""name"": ""Verse""}, {""start"": 13.93, ""end"": 16.53, ""duration"": 2.6, ""letter"": ""B"", ""name"": ""Chorus""}, {""start"": 16.53, ""end"": 17.46, ""duration"": 0.93, ""letter"": ""E"", ""name"": ""Bridge""}, {""start"": 17.46, ""end"": 22.11, ""duration"": 4.64, ""letter"": ""B"", ""name"": ""Chorus""}, {""start"": 22.11, ""end"": 29.91, ""duration"": 7.8, ""letter"": ""B"", ""name"": ""Chorus""}]",
083_on-the-other-side.mp3,10,Chorus(A) 0.0-3.2s | Verse(B) 3.2-10.4s | Verse(C) 10.4-15.4s | Bridge(D) 15.4-16.7s | Verse(E) 16.7-18.0s | Chorus(A) 18.0-21.0s | Verse(E) 21.0-22.5s | Verse(C) 22.5-24.0s | Chorus(A) 24.0-26.9s | Outro(F) 26.9-29.9s,"[{""start"": 0.0, ""end"": 3.16, ""duration"": 3.16, ""letter"": ""A"", ""name"": ""Chorus""}, {""start"": 3.16, ""end"": 10.4, ""duration"": 7.24, ""letter"": ""B"", ""name"": ""Verse""}, {""start"": 10.4, ""end"": 15.42, ""duration"": 5.02, ""letter"": ""C"", ""name"": ""Verse""}, {""start"": 15.42, ""end"": 16.72, ""duration"": 1.3, ""letter"": ""D"", ""name"": ""Bridge""}, {""start"": 16.72, ""end"": 18.02, ""duration"": 1.3, ""letter"": ""E"", ""name"": ""Verse""}, {""start"": 18.02, ""end"": 20.99, ""duration"": 2.97, ""letter"": ""A"", ""name"": ""Chorus""}, {""start"": 20.99, ""end"": 22.48, ""duration"": 1.49, ""letter"": ""E"", ""name"": ""Verse""}, {""start"": 22.48, ""end"": 23.96, ""duration"": 1.49, ""letter"": ""C"", ""name"": ""Verse""}, {""start"": 23.96, ""end"": 26.94, ""duration"": 2.97, ""letter"": ""A"", ""name"": ""Chorus""}, {""start"": 26.94, ""end"": 29.91, ""duration"": 2.97, ""letter"": ""F"", ""name"": ""Outro""}]",
084_a-serpent-i-did-hear.mp3,10,Intro(A) 0.0-1.3s | Chorus(B) 1.3-1.9s | Verse(C) 1.9-3.5s | Chorus(B) 3.5-6.9s | Verse(D) 6.9-7.4s | Verse(E) 7.4-9.3s | Chorus(B) 9.3-12.3s | Verse(C) 12.3-14.1s | Bridge(F) 14.1-15.6s | Chorus(B) 15.6-29.9s,"[{""start"": 0.0, ""end"": 1.3, ""duration"": 1.3, ""letter"": ""A"", ""name"": ""Intro""}, {""start"": 1.3, ""end"": 1.86, ""duration"": 0.56, ""letter"": ""B"", ""name"": ""Chorus""}, {""start"": 1.86, ""end"": 3.53, ""duration"": 1.67, ""letter"": ""C"", ""name"": ""Verse""}, {""start"": 3.53, ""end"": 6.87, ""duration"": 3.34, ""letter"": ""B"", ""name"": ""Chorus""}, {""start"": 6.87, ""end"": 7.43, ""duration"": 0.56, ""letter"": ""D"", ""name"": ""Verse""}, {""start"": 7.43, ""end"": 9.29, ""duration"": 1.86, ""letter"": ""E"", ""name"": ""Verse""}, {""start"": 9.29, ""end"": 12.26, ""duration"": 2.97, ""letter"": ""B"", ""name"": ""Chorus""}, {""start"": 12.26, ""end"": 14.12, ""duration"": 1.86, ""letter"": ""C"", ""name"": ""Verse""}, {""start"": 14.12, ""end"": 15.6, ""duration"": 1.49, ""letter"": ""F"", ""name"": ""Bridge""}, {""start"": 15.6, ""end"": 29.91, ""duration"": 14.3, ""letter"": ""B"", ""name"": ""Chorus""}]",
085_02_My_Only_Friend.mp3,10,Chorus(A) 0.0-4.1s | Verse(B) 4.1-6.3s | Verse(C) 6.3-7.2s | Chorus(A) 7.2-15.1s | Verse(D) 15.1-16.0s | Chorus(A) 16.0-18.9s | Bridge(E) 18.9-19.9s | Verse(D) 19.9-21.7s | Chorus(A) 21.7-22.7s | Chorus(A) 22.7-29.9s,"[{""start"": 0.0, ""end"": 4.09, ""duration"": 4.09, ""letter"": ""A"", ""name"": ""Chorus""}, {""start"": 4.09, ""end"": 6.32, ""duration"": 2.23, ""letter"": ""B"", ""name"": ""Verse""}, {""start"": 6.32, ""end"": 7.24, ""duration"": 0.93, ""letter"": ""C"", ""name"": ""Verse""}, {""start"": 7.24, ""end"": 15.05, ""duration"": 7.8, ""letter"": ""A"", ""name"": ""Chorus""}, {""start"": 15.05, ""end"": 15.98, ""duration"": 0.93, ""letter"": ""D"", ""name"": ""Verse""}, {""start"": 15.98, ""end"": 18.95, ""duration"": 2.97, ""letter"": ""A"", ""name"": ""Chorus""}, {""start"": 18.95, ""end"": 19.88, ""duration"": 0.93, ""letter"": ""E"", ""name"": ""Bridge""}, {""start"": 19.88, ""end"": 21.73, ""duration"": 1.86, ""letter"": ""D"", ""name"": ""Verse""}, {""start"": 21.73, ""end"": 22.66, ""duration"": 0.93, ""letter"": ""A"", ""name"": ""Chorus""}, {""start"": 22.66, ""end"": 29.91, ""duration"": 7.24, ""letter"": ""A"", ""name"": ""Chorus""}]",
086_05_Lonesome_People.mp3,10,Intro(A) 0.0-0.6s | Verse(B) 0.6-3.7s | Verse(C) 3.7-8.2s | Bridge(D) 8.2-10.2s | Chorus(E) 10.2-13.6s | Bridge(F) 13.6-16.2s | Verse(G) 16.2-22.1s | Bridge(H) 22.1-23.2s | Verse(G) 23.2-24.7s | Chorus(E) 24.7-29.9s,"[{""start"": 0.0, ""end"": 0.56, ""duration"": 0.56, ""letter"": ""A"", ""name"": ""Intro""}, {""start"": 0.56, ""end"": 3.72, ""duration"": 3.16, ""letter"": ""B"", ""name"": ""Verse""}, {""start"": 3.72, ""end"": 8.17, ""duration"": 4.46, ""letter"": ""C"", ""name"": ""Verse""}, {""start"": 8.17, ""end"": 10.22, ""duration"": 2.04, ""letter"": ""D"", ""name"": ""Bridge""}, {""start"": 10.22, ""end"": 13.56, ""duration"": 3.34, ""letter"": ""E"", ""name"": ""Chorus""}, {""start"": 13.56, ""end"": 16.16, ""duration"": 2.6, ""letter"": ""F"", ""name"": ""Bridge""}, {""start"": 16.16, ""end"": 22.11, ""duration"": 5.94, ""letter"": ""G"", ""name"": ""Verse""}, {""start"": 22.11, ""end"": 23.22, ""duration"": 1.11, ""letter"": ""H"", ""name"": ""Bridge""}, {""start"": 23.22, ""end"": 24.71, ""duration"": 1.49, ""letter"": ""G"", ""name"": ""Verse""}, {""start"": 24.71, ""end"": 29.91, ""duration"": 5.2, ""letter"": ""E"", ""name"": ""Chorus""}]",
087_Games.mp3,10,Chorus(A) 0.0-6.3s | Verse(B) 6.3-7.4s | Chorus(A) 7.4-11.0s | Bridge(C) 11.0-15.2s | Chorus(A) 15.2-17.6s | Bridge(D) 17.6-19.3s | Chorus(A) 19.3-24.3s | Bridge(E) 24.3-25.1s | Bridge(F) 25.1-26.0s | Chorus(A) 26.0-29.9s,"[{""start"": 0.0, ""end"": 6.32, ""duration"": 6.32, ""letter"": ""A"", ""name"": ""Chorus""}, {""start"": 6.32, ""end"": 7.43, ""duration"": 1.11, ""letter"": ""B"", ""name"": ""Verse""}, {""start"": 7.43, ""end"": 10.96, ""duration"": 3.53, ""letter"": ""A"", ""name"": ""Chorus""}, {""start"": 10.96, ""end"": 15.23, ""duration"": 4.27, ""letter"": ""C"", ""name"": ""Bridge""}, {""start"": 15.23, ""end"": 17.65, ""duration"": 2.41, ""letter"": ""A"", ""name"": ""Chorus""}, {""start"": 17.65, ""end"": 19.32, ""duration"": 1.67, ""letter"": ""D"", ""name"": ""Bridge""}, {""start"": 19.32, ""end"": 24.33, ""duration"": 5.02, ""letter"": ""A"", ""name"": ""Chorus""}, {""start"": 24.33, ""end"": 25.08, ""duration"": 0.74, ""letter"": ""E"", ""name"": ""Bridge""}, {""start"": 25.08, ""end"": 26.01, ""duration"": 0.93, ""letter"": ""F"", ""name"": ""Bridge""}, {""start"": 26.01, ""end"": 29.91, ""duration"": 3.9, ""letter"": ""A"", ""name"": ""Chorus""}]",
088_01_introduction_1037.mp3,10,Intro(A) 0.0-0.4s | Chorus(B) 0.4-9.3s | Chorus(B) 9.3-16.2s | Chorus(B) 16.2-18.0s | Bridge(C) 18.0-19.5s | Bridge(D) 19.5-20.2s | Verse(E) 20.2-21.2s | Verse(E) 21.2-23.8s | Verse(F) 23.8-24.5s | Outro(A) 24.5-26.8s,"[{""start"": 0.0, ""end"": 0.37, ""duration"": 0.37, ""letter"": ""A"", ""name"": ""Intro""}, {""start"": 0.37, ""end"": 9.29, ""duration"": 8.92, ""letter"": ""B"", ""name"": ""Chorus""}, {""start"": 9.29, ""end"": 16.16, ""duration"": 6.87, ""letter"": ""B"", ""name"": ""Chorus""}, {""start"": 16.16, ""end"": 18.02, ""duration"": 1.86, ""letter"": ""B"", ""name"": ""Chorus""}, {""start"": 18.02, ""end"": 19.5, ""duration"": 1.49, ""letter"": ""C"", ""name"": ""Bridge""}, {""start"": 19.5, ""end"": 20.25, ""duration"": 0.74, ""letter"": ""D"", ""name"": ""Bridge""}, {""start"": 20.25, ""end"": 21.18, ""duration"": 0.93, ""letter"": ""E"", ""name"": ""Verse""}, {""start"": 21.18, ""end"": 23.78, ""duration"": 2.6, ""letter"": ""E"", ""name"": ""Verse""}, {""start"": 23.78, ""end"": 24.52, ""duration"": 0.74, ""letter"": ""F"", ""name"": ""Verse""}, {""start"": 24.52, ""end"": 26.75, ""duration"": 2.23, ""letter"": ""A"", ""name"": ""Outro""}]",
089_08_Drifting__Floating.mp3,10,Chorus(A) 0.0-11.7s | Bridge(B) 11.7-12.3s | Chorus(A) 12.3-19.5s | Bridge(C) 19.5-20.4s | Bridge(D) 20.4-21.6s | Bridge(E) 21.6-22.1s | Bridge(F) 22.1-23.4s | Bridge(G) 23.4-24.9s | Bridge(H) 24.9-26.6s | Chorus(A) 26.6-29.9s,"[{""start"": 0.0, ""end"": 11.7, ""duration"": 11.7, ""letter"": ""A"", ""name"": ""Chorus""}, {""start"": 11.7, ""end"": 12.26, ""duration"": 0.56, ""letter"": ""B"", ""name"": ""Bridge""}, {""start"": 12.26, ""end"": 19.5, ""duration"": 7.24, ""letter"": ""A"", ""name"": ""Chorus""}, {""start"": 19.5, ""end"": 20.43, ""duration"": 0.93, ""letter"": ""C"", ""name"": ""Bridge""}, {""start"": 20.43, ""end"": 21.55, ""duration"": 1.11, ""letter"": ""D"", ""name"": ""Bridge""}, {""start"": 21.55, ""end"": 22.11, ""duration"": 0.56, ""letter"": ""E"", ""name"": ""Bridge""}, {""start"": 22.11, ""end"": 23.41, ""duration"": 1.3, ""letter"": ""F"", ""name"": ""Bridge""}, {""start"": 23.41, ""end"": 24.89, ""duration"": 1.49, ""letter"": ""G"", ""name"": ""Bridge""}, {""start"": 24.89, ""end"": 26.56, ""duration"": 1.67, ""letter"": ""H"", ""name"": ""Bridge""}, {""start"": 26.56, ""end"": 29.91, ""duration"": 3.34, ""letter"": ""A"", ""name"": ""Chorus""}]",
090_07_Gone_With_The_Wind.mp3,10,Verse(A) 0.0-4.8s | Verse(B) 4.8-6.3s | Verse(C) 6.3-18.2s | Chorus(D) 18.2-19.7s | Bridge(E) 19.7-21.9s | Bridge(F) 21.9-23.2s | Chorus(D) 23.2-25.1s | Bridge(G) 25.1-26.6s | Verse(C) 26.6-28.6s | Chorus(D) 28.6-29.9s,"[{""start"": 0.0, ""end"": 4.83, ""duration"": 4.83, ""letter"": ""A"", ""name"": ""Verse""}, {""start"": 4.83, ""end"": 6.32, ""duration"": 1.49, ""letter"": ""B"", ""name"": ""Verse""}, {""start"": 6.32, ""end"": 18.2, ""duration"": 11.89, ""letter"": ""C"", ""name"": ""Verse""}, {""start"": 18.2, ""end"": 19.69, ""duration"": 1.49, ""letter"": ""D"", ""name"": ""Chorus""}, {""start"": 19.69, ""end"": 21.92, ""duration"": 2.23, ""letter"": ""E"", ""name"": ""Bridge""}, {""start"": 21.92, ""end"": 23.22, ""duration"": 1.3, ""letter"": ""F"", ""name"": ""Bridge""}, {""start"": 23.22, ""end"": 25.08, ""duration"": 1.86, ""letter"": ""D"", ""name"": ""Chorus""}, {""start"": 25.08, ""end"": 26.56, ""duration"": 1.49, ""letter"": ""G"", ""name"": ""Bridge""}, {""start"": 26.56, ""end"": 28.61, ""duration"": 2.04, ""letter"": ""C"", ""name"": ""Verse""}, {""start"": 28.61, ""end"": 29.91, ""duration"": 1.3, ""letter"": ""D"", ""name"": ""Chorus""}]",
091_04_Rebels_Outlaws_Misfits.mp3,10,Chorus(A) 0.0-3.0s | Verse(B) 3.0-4.5s | Verse(C) 4.5-5.2s | Verse(D) 5.2-7.1s | Chorus(A) 7.1-20.1s | Chorus(A) 20.1-22.3s | Bridge(E) 22.3-22.5s | Bridge(F) 22.5-24.7s | Chorus(A) 24.7-28.6s | Chorus(A) 28.6-29.9s,"[{""start"": 0.0, ""end"": 2.97, ""duration"": 2.97, ""letter"": ""A"", ""name"": ""Chorus""}, {""start"": 2.97, ""end"": 4.46, ""duration"": 1.49, ""letter"": ""B"", ""name"": ""Verse""}, {""start"": 4.46, ""end"": 5.2, ""duration"": 0.74, ""letter"": ""C"", ""name"": ""Verse""}, {""start"": 5.2, ""end"": 7.06, ""duration"": 1.86, ""letter"": ""D"", ""name"": ""Verse""}, {""start"": 7.06, ""end"": 20.06, ""duration"": 13.0, ""letter"": ""A"", ""name"": ""Chorus""}, {""start"": 20.06, ""end"": 22.29, ""duration"": 2.23, ""letter"": ""A"", ""name"": ""Chorus""}, {""start"": 22.29, ""end"": 22.48, ""duration"": 0.19, ""letter"": ""E"", ""name"": ""Bridge""}, {""start"": 22.48, ""end"": 24.71, ""duration"": 2.23, ""letter"": ""F"", ""name"": ""Bridge""}, {""start"": 24.71, ""end"": 28.61, ""duration"": 3.9, ""letter"": ""A"", ""name"": ""Chorus""}, {""start"": 28.61, ""end"": 29.91, ""duration"": 1.3, ""letter"": ""A"", ""name"": ""Chorus""}]",
092_03_Back_On_The_Right_Track.mp3,10,Chorus(A) 0.0-3.5s | Verse(B) 3.5-4.6s | Verse(C) 4.6-7.6s | Bridge(D) 7.6-11.9s | Bridge(E) 11.9-16.4s | Bridge(F) 16.4-17.6s | Chorus(A) 17.6-22.7s | Bridge(G) 22.7-24.7s | Chorus(A) 24.7-28.4s | Outro(H) 28.4-29.9s,"[{""start"": 0.0, ""end"": 3.53, ""duration"": 3.53, ""letter"": ""A"", ""name"": ""Chorus""}, {""start"": 3.53, ""end"": 4.64, ""duration"": 1.11, ""letter"": ""B"", ""name"": ""Verse""}, {""start"": 4.64, ""end"": 7.62, ""duration"": 2.97, ""letter"": ""C"", ""name"": ""Verse""}, {""start"": 7.62, ""end"": 11.89, ""duration"": 4.27, ""letter"": ""D"", ""name"": ""Bridge""}, {""start"": 11.89, ""end"": 16.35, ""duration"": 4.46, ""letter"": ""E"", ""name"": ""Bridge""}, {""start"": 16.35, ""end"": 17.65, ""duration"": 1.3, ""letter"": ""F"", ""name"": ""Bridge""}, {""start"": 17.65, ""end"": 22.66, ""duration"": 5.02, ""letter"": ""A"", ""name"": ""Chorus""}, {""start"": 22.66, ""end"": 24.71, ""duration"": 2.04, ""letter"": ""G"", ""name"": ""Bridge""}, {""start"": 24.71, ""end"": 28.42, ""duration"": 3.72, ""letter"": ""A"", ""name"": ""Chorus""}, {""start"": 28.42, ""end"": 29.91, ""duration"": 1.49, ""letter"": ""H"", ""name"": ""Outro""}]",
093_06_Never_Speak_To_Strangers.mp3,10,Intro(A) 0.0-0.9s | Chorus(B) 0.9-6.9s | Verse(C) 6.9-8.4s | Chorus(B) 8.4-15.6s | Bridge(D) 15.6-16.5s | Chorus(B) 16.5-18.2s | Verse(C) 18.2-19.7s | Chorus(B) 19.7-21.2s | Chorus(B) 21.2-23.8s | Bridge(E) 23.8-29.9s,"[{""start"": 0.0, ""end"": 0.93, ""duration"": 0.93, ""letter"": ""A"", ""name"": ""Intro""}, {""start"": 0.93, ""end"": 6.87, ""duration"": 5.94, ""letter"": ""B"", ""name"": ""Chorus""}, {""start"": 6.87, ""end"": 8.36, ""duration"": 1.49, ""letter"": ""C"", ""name"": ""Verse""}, {""start"": 8.36, ""end"": 15.6, ""duration"": 7.24, ""letter"": ""B"", ""name"": ""Chorus""}, {""start"": 15.6, ""end"": 16.53, ""duration"": 0.93, ""letter"": ""D"", ""name"": ""Bridge""}, {""start"": 16.53, ""end"": 18.2, ""duration"": 1.67, ""letter"": ""B"", ""name"": ""Chorus""}, {""start"": 18.2, ""end"": 19.69, ""duration"": 1.49, ""letter"": ""C"", ""name"": ""Verse""}, {""start"": 19.69, ""end"": 21.18, ""duration"": 1.49, ""letter"": ""B"", ""name"": ""Chorus""}, {""start"": 21.18, ""end"": 23.78, ""duration"": 2.6, ""letter"": ""B"", ""name"": ""Chorus""}, {""start"": 23.78, ""end"": 29.91, ""duration"": 6.13, ""letter"": ""E"", ""name"": ""Bridge""}]",
094_epstein-bros-blues-nokings-xxx.mp3,10,Chorus(A) 0.0-1.3s | Verse(B) 1.3-3.2s | Verse(C) 3.2-5.0s | Verse(B) 5.0-8.4s | Bridge(D) 8.4-10.0s | Verse(C) 10.0-16.5s | Chorus(A) 16.5-17.5s | Chorus(A) 17.5-26.6s | Verse(E) 26.6-27.1s | Verse(B) 27.1-29.9s,"[{""start"": 0.0, ""end"": 1.3, ""duration"": 1.3, ""letter"": ""A"", ""name"": ""Chorus""}, {""start"": 1.3, ""end"": 3.16, ""duration"": 1.86, ""letter"": ""B"", ""name"": ""Verse""}, {""start"": 3.16, ""end"": 5.02, ""duration"": 1.86, ""letter"": ""C"", ""name"": ""Verse""}, {""start"": 5.02, ""end"": 8.36, ""duration"": 3.34, ""letter"": ""B"", ""name"": ""Verse""}, {""start"": 8.36, ""end"": 10.03, ""duration"": 1.67, ""letter"": ""D"", ""name"": ""Bridge""}, {""start"": 10.03, ""end"": 16.53, ""duration"": 6.5, ""letter"": ""C"", ""name"": ""Verse""}, {""start"": 16.53, ""end"": 17.46, ""duration"": 0.93, ""letter"": ""A"", ""name"": ""Chorus""}, {""start"": 17.46, ""end"": 26.56, ""duration"": 9.1, ""letter"": ""A"", ""name"": ""Chorus""}, {""start"": 26.56, ""end"": 27.12, ""duration"": 0.56, ""letter"": ""E"", ""name"": ""Verse""}, {""start"": 27.12, ""end"": 29.91, ""duration"": 2.79, ""letter"": ""B"", ""name"": ""Verse""}]",
095_american-taliban-blues-nokings-xxx.mp3,10,Chorus(A) 0.0-1.5s | Verse(B) 1.5-5.0s | Verse(C) 5.0-5.6s | Chorus(A) 5.6-10.2s | Bridge(D) 10.2-11.2s | Chorus(A) 11.2-14.1s | Verse(B) 14.1-17.6s | Bridge(E) 17.6-22.3s | Bridge(F) 22.3-23.0s | Chorus(A) 23.0-29.9s,"[{""start"": 0.0, ""end"": 1.49, ""duration"": 1.49, ""letter"": ""A"", ""name"": ""Chorus""}, {""start"": 1.49, ""end"": 5.02, ""duration"": 3.53, ""letter"": ""B"", ""name"": ""Verse""}, {""start"": 5.02, ""end"": 5.57, ""duration"": 0.56, ""letter"": ""C"", ""name"": ""Verse""}, {""start"": 5.57, ""end"": 10.22, ""duration"": 4.64, ""letter"": ""A"", ""name"": ""Chorus""}, {""start"": 10.22, ""end"": 11.15, ""duration"": 0.93, ""letter"": ""D"", ""name"": ""Bridge""}, {""start"": 11.15, ""end"": 14.12, ""duration"": 2.97, ""letter"": ""A"", ""name"": ""Chorus""}, {""start"": 14.12, ""end"": 17.65, ""duration"": 3.53, ""letter"": ""B"", ""name"": ""Verse""}, {""start"": 17.65, ""end"": 22.29, ""duration"": 4.64, ""letter"": ""E"", ""name"": ""Bridge""}, {""start"": 22.29, ""end"": 23.03, ""duration"": 0.74, ""letter"": ""F"", ""name"": ""Bridge""}, {""start"": 23.03, ""end"": 29.91, ""duration"": 6.87, ""letter"": ""A"", ""name"": ""Chorus""}]",
096_Body_amp_Soulmp3.mp3,10,Verse(A) 0.0-5.0s | Verse(B) 5.0-5.9s | Verse(C) 5.9-6.3s | Verse(D) 6.3-7.2s | Verse(E) 7.2-9.8s | Bridge(F) 9.8-12.4s | Bridge(G) 12.4-16.4s | Chorus(H) 16.4-23.2s | Chorus(H) 23.2-26.0s | Chorus(H) 26.0-29.9s,"[{""start"": 0.0, ""end"": 5.02, ""duration"": 5.02, ""letter"": ""A"", ""name"": ""Verse""}, {""start"": 5.02, ""end"": 5.94, ""duration"": 0.93, ""letter"": ""B"", ""name"": ""Verse""}, {""start"": 5.94, ""end"": 6.32, ""duration"": 0.37, ""letter"": ""C"", ""name"": ""Verse""}, {""start"": 6.32, ""end"": 7.24, ""duration"": 0.93, ""letter"": ""D"", ""name"": ""Verse""}, {""start"": 7.24, ""end"": 9.85, ""duration"": 2.6, ""letter"": ""E"", ""name"": ""Verse""}, {""start"": 9.85, ""end"": 12.45, ""duration"": 2.6, ""letter"": ""F"", ""name"": ""Bridge""}, {""start"": 12.45, ""end"": 16.35, ""duration"": 3.9, ""letter"": ""G"", ""name"": ""Bridge""}, {""start"": 16.35, ""end"": 23.22, ""duration"": 6.87, ""letter"": ""H"", ""name"": ""Chorus""}, {""start"": 23.22, ""end"": 26.01, ""duration"": 2.79, ""letter"": ""H"", ""name"": ""Chorus""}, {""start"": 26.01, ""end"": 29.91, ""duration"": 3.9, ""letter"": ""H"", ""name"": ""Chorus""}]",
097_caldera-blue.mp3,10,Chorus(A) 0.0-2.2s | Verse(B) 2.2-3.2s | Chorus(A) 3.2-5.6s | Verse(C) 5.6-6.3s | Chorus(A) 6.3-15.4s | Chorus(A) 15.4-21.4s | Chorus(A) 21.4-23.6s | Chorus(A) 23.6-27.9s | Verse(B) 27.9-29.5s | Outro(D) 29.5-29.9s,"[{""start"": 0.0, ""end"": 2.23, ""duration"": 2.23, ""letter"": ""A"", ""name"": ""Chorus""}, {""start"": 2.23, ""end"": 3.16, ""duration"": 0.93, ""letter"": ""B"", ""name"": ""Verse""}, {""start"": 3.16, ""end"": 5.57, ""duration"": 2.41, ""letter"": ""A"", ""name"": ""Chorus""}, {""start"": 5.57, ""end"": 6.32, ""duration"": 0.74, ""letter"": ""C"", ""name"": ""Verse""}, {""start"": 6.32, ""end"": 15.42, ""duration"": 9.1, ""letter"": ""A"", ""name"": ""Chorus""}, {""start"": 15.42, ""end"": 21.36, ""duration"": 5.94, ""letter"": ""A"", ""name"": ""Chorus""}, {""start"": 21.36, ""end"": 23.59, ""duration"": 2.23, ""letter"": ""A"", ""name"": ""Chorus""}, {""start"": 23.59, ""end"": 27.86, ""duration"": 4.27, ""letter"": ""A"", ""name"": ""Chorus""}, {""start"": 27.86, ""end"": 29.54, ""duration"": 1.67, ""letter"": ""B"", ""name"": ""Verse""}, {""start"": 29.54, ""end"": 29.91, ""duration"": 0.37, ""letter"": ""D"", ""name"": ""Outro""}]",
098_nouvelle-vague.mp3,10,Intro(A) 0.0-1.9s | Chorus(B) 1.9-5.4s | Verse(C) 5.4-6.9s | Chorus(B) 6.9-8.2s | Verse(A) 8.2-14.9s | Chorus(B) 14.9-17.1s | Chorus(B) 17.1-19.7s | Chorus(B) 19.7-22.7s | Bridge(D) 22.7-26.4s | Chorus(B) 26.4-29.9s,"[{""start"": 0.0, ""end"": 1.86, ""duration"": 1.86, ""letter"": ""A"", ""name"": ""Intro""}, {""start"": 1.86, ""end"": 5.39, ""duration"": 3.53, ""letter"": ""B"", ""name"": ""Chorus""}, {""start"": 5.39, ""end"": 6.87, ""duration"": 1.49, ""letter"": ""C"", ""name"": ""Verse""}, {""start"": 6.87, ""end"": 8.17, ""duration"": 1.3, ""letter"": ""B"", ""name"": ""Chorus""}, {""start"": 8.17, ""end"": 14.86, ""duration"": 6.69, ""letter"": ""A"", ""name"": ""Verse""}, {""start"": 14.86, ""end"": 17.09, ""duration"": 2.23, ""letter"": ""B"", ""name"": ""Chorus""}, {""start"": 17.09, ""end"": 19.69, ""duration"": 2.6, ""letter"": ""B"", ""name"": ""Chorus""}, {""start"": 19.69, ""end"": 22.66, ""duration"": 2.97, ""letter"": ""B"", ""name"": ""Chorus""}, {""start"": 22.66, ""end"": 26.38, ""duration"": 3.72, ""letter"": ""D"", ""name"": ""Bridge""}, {""start"": 26.38, ""end"": 29.91, ""duration"": 3.53, ""letter"": ""B"", ""name"": ""Chorus""}]",
099_spring-rain.mp3,10,Chorus(A) 0.0-2.0s | Verse(B) 2.0-3.3s | Chorus(A) 3.3-9.3s | Verse(C) 9.3-11.2s | Chorus(A) 11.2-18.0s | Verse(B) 18.0-18.9s | Bridge(D) 18.9-19.9s | Chorus(A) 19.9-24.9s | Verse(C) 24.9-26.8s | Chorus(A) 26.8-29.9s,"[{""start"": 0.0, ""end"": 2.04, ""duration"": 2.04, ""letter"": ""A"", ""name"": ""Chorus""}, {""start"": 2.04, ""end"": 3.34, ""duration"": 1.3, ""letter"": ""B"", ""name"": ""Verse""}, {""start"": 3.34, ""end"": 9.29, ""duration"": 5.94, ""letter"": ""A"", ""name"": ""Chorus""}, {""start"": 9.29, ""end"": 11.15, ""duration"": 1.86, ""letter"": ""C"", ""name"": ""Verse""}, {""start"": 11.15, ""end"": 18.02, ""duration"": 6.87, ""letter"": ""A"", ""name"": ""Chorus""}, {""start"": 18.02, ""end"": 18.95, ""duration"": 0.93, ""letter"": ""B"", ""name"": ""Verse""}, {""start"": 18.95, ""end"": 19.88, ""duration"": 0.93, ""letter"": ""D"", ""name"": ""Bridge""}, {""start"": 19.88, ""end"": 24.89, ""duration"": 5.02, ""letter"": ""A"", ""name"": ""Chorus""}, {""start"": 24.89, ""end"": 26.75, ""duration"": 1.86, ""letter"": ""C"", ""name"": ""Verse""}, {""start"": 26.75, ""end"": 29.91, ""duration"": 3.16, ""letter"": ""A"", ""name"": ""Chorus""}]",
100_athens.mp3,10,Chorus(A) 0.0-5.4s | Chorus(A) 5.4-6.9s | Verse(B) 6.9-7.4s | Chorus(A) 7.4-9.1s | Chorus(A) 9.1-10.8s | Chorus(A) 10.8-14.9s | Chorus(A) 14.9-18.9s | Chorus(A) 18.9-21.0s | Chorus(A) 21.0-24.9s | Bridge(C) 24.9-29.9s,"[{""start"": 0.0, ""end"": 5.39, ""duration"": 5.39, ""letter"": ""A"", ""name"": ""Chorus""}, {""start"": 5.39, ""end"": 6.87, ""duration"": 1.49, ""letter"": ""A"", ""name"": ""Chorus""}, {""start"": 6.87, ""end"": 7.43, ""duration"": 0.56, ""letter"": ""B"", ""name"": ""Verse""}, {""start"": 7.43, ""end"": 9.1, ""duration"": 1.67, ""letter"": ""A"", ""name"": ""Chorus""}, {""start"": 9.1, ""end"": 10.77, ""duration"": 1.67, ""letter"": ""A"", ""name"": ""Chorus""}, {""start"": 10.77, ""end"": 14.86, ""duration"": 4.09, ""letter"": ""A"", ""name"": ""Chorus""}, {""start"": 14.86, ""end"": 18.95, ""duration"": 4.09, ""letter"": ""A"", ""name"": ""Chorus""}, {""start"": 18.95, ""end"": 20.99, ""duration"": 2.04, ""letter"": ""A"", ""name"": ""Chorus""}, {""start"": 20.99, ""end"": 24.89, ""duration"": 3.9, ""letter"": ""A"", ""name"": ""Chorus""}, {""start"": 24.89, ""end"": 29.91, ""duration"": 5.02, ""letter"": ""C"", ""name"": ""Bridge""}]",
